subtaskID,datapointID,answer
1,test_00000,0.000000;0.126382;0.237307;0.339170;0.450400;0.559117;0.667802;0.786067;0.895666;1.000000
2,test_00000,1
3,test_00000,0.466198
1,test_00001,0.000000;0.110244;0.212607;0.330485;0.446712;0.556305;0.673182;0.791374;0.902094;1.000000
2,test_00001,4
3,test_00001,0.448540
1,test_00002,0.000000;0.110122;0.223752;0.335678;0.452379;0.564914;0.670022;0.787640;0.896892;1.000000
2,test_00002,22
3,test_00002,0.453835
1,test_00003,0.000000;0.085847;0.202897;0.328366;0.440062;0.572896;0.689609;0.803886;0.920630;1.000000
2,test_00003,-1
3,test_00003,0.460792
1,test_00004,0.000000;0.110122;0.223752;0.335678;0.452379;0.564914;0.670022;0.787640;0.896892;1.000000
2,test_00004,29
3,test_00004,0.453835
1,test_00005,0.000000;0.107993;0.211837;0.317663;0.429660;0.554736;0.671413;0.776934;0.892567;1.000000
2,test_00005,5
3,test_00005,0.468145
1,test_00006,0.000000;0.110122;0.223752;0.335678;0.452379;0.564914;0.670022;0.787640;0.896892;1.000000
2,test_00006,29
3,test_00006,0.453835
1,test_00007,0.000000;0.118754;0.221097;0.340493;0.439091;0.546699;0.668492;0.792982;0.883271;1.000000
2,test_00007,-1
3,test_00007,0.503269
1,test_00008,0.000000;0.126382;0.237307;0.339170;0.450400;0.559117;0.667802;0.786067;0.895666;1.000000
2,test_00008,8
3,test_00008,0.466198
1,test_00009,0.000000;0.108090;0.225134;0.338098;0.450975;0.564338;0.677650;0.783144;0.893882;1.000000
2,test_00009,39
3,test_00009,0.461831
1,test_00010,0.000000;0.111509;0.230278;0.341604;0.444999;0.565259;0.677215;0.782219;0.887417;1.000000
2,test_00010,45
3,test_00010,0.461232
1,test_00011,0.000000;0.099711;0.224092;0.329673;0.444325;0.560609;0.663763;0.774109;0.884547;1.000000
2,test_00011,47
3,test_00011,0.468357
1,test_00012,0.000000;0.112543;0.222887;0.335288;0.444123;0.554894;0.668297;0.784907;0.893819;1.000000
2,test_00012,21
3,test_00012,0.464525
1,test_00013,0.000000;0.108090;0.225134;0.338098;0.450975;0.564338;0.677650;0.783144;0.893882;1.000000
2,test_00013,39
3,test_00013,0.461831
1,test_00014,0.000000;0.112543;0.222887;0.335288;0.444123;0.554894;0.668297;0.784907;0.893819;1.000000
2,test_00014,28
3,test_00014,0.464525
1,test_00015,0.000000;0.100031;0.212635;0.331156;0.446185;0.546073;0.639599;0.738922;0.881632;1.000000
2,test_00015,-1
3,test_00015,0.504850
1,test_00016,0.000000;0.109644;0.222634;0.336281;0.455908;0.564856;0.667504;0.773036;0.886015;1.000000
2,test_00016,19
3,test_00016,0.460897
1,test_00017,0.000000;0.104733;0.223182;0.335558;0.446220;0.549196;0.657133;0.765797;0.876724;1.000000
2,test_00017,2
3,test_00017,0.461534
1,test_00018,0.000000;0.125074;0.229828;0.338438;0.441649;0.552031;0.656407;0.776168;0.895635;1.000000
2,test_00018,18
3,test_00018,0.461987
1,test_00019,0.000000;0.110122;0.223752;0.335678;0.452379;0.564914;0.670022;0.787640;0.896892;1.000000
2,test_00019,22
3,test_00019,0.453835
1,test_00020,0.000000;0.110244;0.212607;0.330485;0.446712;0.556305;0.673182;0.791374;0.902094;1.000000
2,test_00020,4
3,test_00020,0.448540
1,test_00021,0.000000;0.111106;0.217781;0.311502;0.421680;0.539497;0.652763;0.771239;0.886831;1.000000
2,test_00021,41
3,test_00021,0.453036
1,test_00022,0.000000;0.109104;0.228837;0.341762;0.454882;0.569311;0.682016;0.776132;0.876932;1.000000
2,test_00022,10
3,test_00022,0.470734
1,test_00023,0.000000;0.091837;0.196275;0.297969;0.407560;0.523261;0.632376;0.750031;0.869829;1.000000
2,test_00023,-1
3,test_00023,0.510428
1,test_00024,0.000000;0.114098;0.274346;0.385295;0.484794;0.572137;0.683934;0.792570;0.894590;1.000000
2,test_00024,-1
3,test_00024,0.482311
1,test_00025,0.000000;0.094781;0.222891;0.333901;0.437954;0.550199;0.656469;0.772664;0.877219;1.000000
2,test_00025,43
3,test_00025,0.465892
1,test_00026,0.000000;0.122255;0.216340;0.334728;0.439366;0.550278;0.659329;0.759949;0.875147;1.000000
2,test_00026,44
3,test_00026,0.471424
1,test_00027,0.000000;0.103110;0.222392;0.325539;0.441055;0.551544;0.650121;0.764290;0.873999;1.000000
2,test_00027,38
3,test_00027,0.471962
1,test_00028,0.000000;0.093051;0.218859;0.338241;0.436888;0.549122;0.660933;0.785171;0.901551;1.000000
2,test_00028,-1
3,test_00028,0.478203
1,test_00029,0.000000;0.103110;0.222392;0.325539;0.441055;0.551544;0.650121;0.764290;0.873999;1.000000
2,test_00029,38
3,test_00029,0.471962
1,test_00030,0.000000;0.128558;0.216415;0.327590;0.404496;0.521630;0.620422;0.747635;0.893613;1.000000
2,test_00030,-1
3,test_00030,0.464110
1,test_00031,0.000000;0.099711;0.224092;0.329673;0.444325;0.560609;0.663763;0.774109;0.884547;1.000000
2,test_00031,40
3,test_00031,0.468357
1,test_00032,0.000000;0.109104;0.228837;0.341762;0.454882;0.569311;0.682016;0.776132;0.876932;1.000000
2,test_00032,10
3,test_00032,0.470734
1,test_00033,0.000000;0.116005;0.226737;0.339187;0.450510;0.565891;0.664038;0.781882;0.894745;1.000000
2,test_00033,0
3,test_00033,0.455739
1,test_00034,0.000000;0.110244;0.212607;0.330485;0.446712;0.556305;0.673182;0.791374;0.902094;1.000000
2,test_00034,46
3,test_00034,0.448540
1,test_00035,0.000000;0.104733;0.223182;0.335558;0.446220;0.549196;0.657133;0.765797;0.876724;1.000000
2,test_00035,9
3,test_00035,0.461534
1,test_00036,0.000000;0.115211;0.238332;0.346622;0.452626;0.561298;0.665504;0.778368;0.888165;1.000000
2,test_00036,30
3,test_00036,0.465629
1,test_00037,0.000000;0.112344;0.222652;0.336817;0.451486;0.562386;0.673508;0.781881;0.888285;1.000000
2,test_00037,26
3,test_00037,0.466392
1,test_00038,0.000000;0.115211;0.238332;0.346622;0.452626;0.561298;0.665504;0.778368;0.888165;1.000000
2,test_00038,30
3,test_00038,0.465629
1,test_00039,0.000000;0.104733;0.223182;0.335558;0.446220;0.549196;0.657133;0.765797;0.876724;1.000000
2,test_00039,9
3,test_00039,0.461534
1,test_00040,0.000000;0.111509;0.230278;0.341604;0.444999;0.565259;0.677215;0.782219;0.887417;1.000000
2,test_00040,3
3,test_00040,0.461232
1,test_00041,0.000000;0.112344;0.222652;0.336817;0.451486;0.562386;0.673508;0.781881;0.888285;1.000000
2,test_00041,27
3,test_00041,0.466392
1,test_00042,0.000000;0.110122;0.223752;0.335678;0.452379;0.564914;0.670022;0.787640;0.896892;1.000000
2,test_00042,22
3,test_00042,0.453835
1,test_00043,0.000000;0.109644;0.222634;0.336281;0.455908;0.564856;0.667504;0.773036;0.886015;1.000000
2,test_00043,19
3,test_00043,0.460897
1,test_00044,0.000000;0.112344;0.222652;0.336817;0.451486;0.562386;0.673508;0.781881;0.888285;1.000000
2,test_00044,27
3,test_00044,0.466392
1,test_00045,0.000000;0.084853;0.201564;0.320858;0.443740;0.555529;0.663052;0.777291;0.899549;1.000000
2,test_00045,-1
3,test_00045,0.459072
1,test_00046,0.000000;0.121354;0.239249;0.351697;0.471223;0.594049;0.695434;0.787251;0.894318;1.000000
2,test_00046,35
3,test_00046,0.473054
1,test_00047,0.000000;0.100955;0.182471;0.287483;0.394056;0.503533;0.611132;0.781701;0.909547;1.000000
2,test_00047,-1
3,test_00047,0.459646
1,test_00048,0.000000;0.109644;0.222634;0.336281;0.455908;0.564856;0.667504;0.773036;0.886015;1.000000
2,test_00048,19
3,test_00048,0.460897
1,test_00049,0.000000;0.110122;0.223752;0.335678;0.452379;0.564914;0.670022;0.787640;0.896892;1.000000
2,test_00049,29
3,test_00049,0.453835
1,test_00050,0.000000;0.103110;0.222392;0.325539;0.441055;0.551544;0.650121;0.764290;0.873999;1.000000
2,test_00050,38
3,test_00050,0.471962
1,test_00051,0.000000;0.108291;0.203228;0.327134;0.435911;0.553008;0.648623;0.771772;0.880230;1.000000
2,test_00051,-1
3,test_00051,0.490649
1,test_00052,0.000000;0.103144;0.217227;0.321420;0.438868;0.564167;0.662241;0.766911;0.893168;1.000000
2,test_00052,34
3,test_00052,0.473065
1,test_00053,0.000000;0.106449;0.210410;0.313381;0.445262;0.552002;0.684506;0.793595;0.894774;1.000000
2,test_00053,-1
3,test_00053,0.467220
1,test_00054,0.000000;0.119394;0.215663;0.322995;0.428746;0.544596;0.671583;0.781870;0.885240;1.000000
2,test_00054,6
3,test_00054,0.461496
1,test_00055,0.000000;0.096930;0.197292;0.316044;0.417298;0.550481;0.642200;0.749065;0.880259;1.000000
2,test_00055,-1
3,test_00055,0.462174
1,test_00056,0.000000;0.109104;0.228837;0.341762;0.454882;0.569311;0.682016;0.776132;0.876932;1.000000
2,test_00056,10
3,test_00056,0.470734
1,test_00057,0.000000;0.107993;0.211837;0.317663;0.429660;0.554736;0.671413;0.776934;0.892567;1.000000
2,test_00057,5
3,test_00057,0.468145
1,test_00058,0.000000;0.103110;0.222392;0.325539;0.441055;0.551544;0.650121;0.764290;0.873999;1.000000
2,test_00058,38
3,test_00058,0.471962
1,test_00059,0.000000;0.108090;0.225134;0.338098;0.450975;0.564338;0.677650;0.783144;0.893882;1.000000
2,test_00059,39
3,test_00059,0.461831
1,test_00060,0.000000;0.112344;0.222652;0.336817;0.451486;0.562386;0.673508;0.781881;0.888285;1.000000
2,test_00060,26
3,test_00060,0.466392
1,test_00061,0.000000;0.125074;0.229828;0.338438;0.441649;0.552031;0.656407;0.776168;0.895635;1.000000
2,test_00061,11
3,test_00061,0.461987
1,test_00062,0.000000;0.094781;0.222891;0.333901;0.437954;0.550199;0.656469;0.772664;0.877219;1.000000
2,test_00062,43
3,test_00062,0.465892
1,test_00063,0.000000;0.104733;0.223182;0.335558;0.446220;0.549196;0.657133;0.765797;0.876724;1.000000
2,test_00063,9
3,test_00063,0.461534
1,test_00064,0.000000;0.122255;0.216340;0.334728;0.439366;0.550278;0.659329;0.759949;0.875147;1.000000
2,test_00064,44
3,test_00064,0.471424
1,test_00065,0.000000;0.103399;0.216396;0.328856;0.442334;0.550053;0.661777;0.775465;0.879603;1.000000
2,test_00065,-1
3,test_00065,0.455345
1,test_00066,0.000000;0.126382;0.237307;0.339170;0.450400;0.559117;0.667802;0.786067;0.895666;1.000000
2,test_00066,1
3,test_00066,0.466198
1,test_00067,0.000000;0.111509;0.230278;0.341604;0.444999;0.565259;0.677215;0.782219;0.887417;1.000000
2,test_00067,3
3,test_00067,0.461232
1,test_00068,0.000000;0.112344;0.222652;0.336817;0.451486;0.562386;0.673508;0.781881;0.888285;1.000000
2,test_00068,27
3,test_00068,0.466392
1,test_00069,0.000000;0.111106;0.217781;0.311502;0.421680;0.539497;0.652763;0.771239;0.886831;1.000000
2,test_00069,41
3,test_00069,0.453036
1,test_00070,0.000000;0.111903;0.237910;0.339192;0.445735;0.571993;0.689503;0.800777;0.901593;1.000000
2,test_00070,-1
3,test_00070,0.494167
1,test_00071,0.000000;0.112344;0.222652;0.336817;0.451486;0.562386;0.673508;0.781881;0.888285;1.000000
2,test_00071,26
3,test_00071,0.466392
1,test_00072,0.000000;0.099711;0.224092;0.329673;0.444325;0.560609;0.663763;0.774109;0.884547;1.000000
2,test_00072,40
3,test_00072,0.468357
1,test_00073,0.000000;0.108090;0.225134;0.338098;0.450975;0.564338;0.677650;0.783144;0.893882;1.000000
2,test_00073,39
3,test_00073,0.461831
1,test_00074,0.000000;0.122156;0.231502;0.335384;0.454719;0.563137;0.668078;0.771007;0.895043;1.000000
2,test_00074,13
3,test_00074,0.461512
1,test_00075,0.000000;0.127546;0.238696;0.342913;0.447353;0.573164;0.669084;0.746736;0.884040;1.000000
2,test_00075,-1
3,test_00075,0.458021
1,test_00076,0.000000;0.112344;0.222652;0.336817;0.451486;0.562386;0.673508;0.781881;0.888285;1.000000
2,test_00076,27
3,test_00076,0.466392
1,test_00077,0.000000;0.109588;0.213644;0.326169;0.445755;0.561643;0.685418;0.786981;0.896842;1.000000
2,test_00077,33
3,test_00077,0.461751
1,test_00078,0.000000;0.109644;0.222634;0.336281;0.455908;0.564856;0.667504;0.773036;0.886015;1.000000
2,test_00078,12
3,test_00078,0.460897
1,test_00079,0.000000;0.094677;0.185238;0.295668;0.381181;0.511198;0.642251;0.749090;0.854652;1.000000
2,test_00079,-1
3,test_00079,0.447321
1,test_00080,0.000000;0.110244;0.212607;0.330485;0.446712;0.556305;0.673182;0.791374;0.902094;1.000000
2,test_00080,46
3,test_00080,0.448540
1,test_00081,0.000000;0.102899;0.215416;0.331586;0.425954;0.534250;0.645918;0.770041;0.903159;1.000000
2,test_00081,-1
3,test_00081,0.490950
1,test_00082,0.000000;0.060095;0.164356;0.265326;0.373570;0.498364;0.628542;0.769977;0.885718;1.000000
2,test_00082,-1
3,test_00082,0.476250
1,test_00083,0.000000;0.112344;0.222652;0.336817;0.451486;0.562386;0.673508;0.781881;0.888285;1.000000
2,test_00083,26
3,test_00083,0.466392
1,test_00084,0.000000;0.116005;0.226737;0.339187;0.450510;0.565891;0.664038;0.781882;0.894745;1.000000
2,test_00084,0
3,test_00084,0.455739
1,test_00085,0.000000;0.109104;0.228837;0.341762;0.454882;0.569311;0.682016;0.776132;0.876932;1.000000
2,test_00085,10
3,test_00085,0.470734
1,test_00086,0.000000;0.109104;0.228837;0.341762;0.454882;0.569311;0.682016;0.776132;0.876932;1.000000
2,test_00086,10
3,test_00086,0.470734
1,test_00087,0.000000;0.112344;0.222652;0.336817;0.451486;0.562386;0.673508;0.781881;0.888285;1.000000
2,test_00087,27
3,test_00087,0.466392
1,test_00088,0.000000;0.115211;0.238332;0.346622;0.452626;0.561298;0.665504;0.778368;0.888165;1.000000
2,test_00088,30
3,test_00088,0.465629
1,test_00089,0.000000;0.094863;0.234090;0.349938;0.464984;0.563334;0.668771;0.784230;0.871095;1.000000
2,test_00089,-1
3,test_00089,0.490779
1,test_00090,0.000000;0.112543;0.222887;0.335288;0.444123;0.554894;0.668297;0.784907;0.893819;1.000000
2,test_00090,28
3,test_00090,0.464525
1,test_00091,0.000000;0.115794;0.231581;0.354144;0.448354;0.575842;0.688882;0.791249;0.906808;1.000000
2,test_00091,-1
3,test_00091,0.470906
1,test_00092,0.000000;0.126382;0.237307;0.339170;0.450400;0.559117;0.667802;0.786067;0.895666;1.000000
2,test_00092,1
3,test_00092,0.466198
1,test_00093,0.000000;0.103110;0.222392;0.325539;0.441055;0.551544;0.650121;0.764290;0.873999;1.000000
2,test_00093,31
3,test_00093,0.471962
1,test_00094,0.000000;0.087179;0.208176;0.329499;0.435298;0.545580;0.653549;0.785742;0.905193;1.000000
2,test_00094,-1
3,test_00094,0.496353
1,test_00095,0.000000;0.121354;0.239249;0.351697;0.471223;0.594049;0.695434;0.787251;0.894318;1.000000
2,test_00095,35
3,test_00095,0.473054
1,test_00096,0.000000;0.125074;0.229828;0.338438;0.441649;0.552031;0.656407;0.776168;0.895635;1.000000
2,test_00096,18
3,test_00096,0.461987
1,test_00097,0.000000;0.102846;0.219057;0.287383;0.384489;0.490361;0.604350;0.734616;0.878133;1.000000
2,test_00097,-1
3,test_00097,0.458637
1,test_00098,0.000000;0.108671;0.224613;0.361501;0.488623;0.618376;0.717773;0.815892;0.914387;1.000000
2,test_00098,-1
3,test_00098,0.457834
1,test_00099,0.000000;0.104184;0.195160;0.302858;0.407683;0.516046;0.636194;0.741510;0.862234;1.000000
2,test_00099,-1
3,test_00099,0.450983
1,test_00100,0.000000;0.111106;0.217781;0.311502;0.421680;0.539497;0.652763;0.771239;0.886831;1.000000
2,test_00100,41
3,test_00100,0.453036
1,test_00101,0.000000;0.103144;0.217227;0.321420;0.438868;0.564167;0.662241;0.766911;0.893168;1.000000
2,test_00101,34
3,test_00101,0.473065
1,test_00102,0.000000;0.109075;0.233218;0.356845;0.455398;0.552931;0.640670;0.761200;0.882306;1.000000
2,test_00102,-1
3,test_00102,0.496784
1,test_00103,0.000000;0.122255;0.216340;0.334728;0.439366;0.550278;0.659329;0.759949;0.875147;1.000000
2,test_00103,44
3,test_00103,0.471424
1,test_00104,0.000000;0.103665;0.223158;0.359495;0.451950;0.564443;0.630153;0.738683;0.859033;1.000000
2,test_00104,-1
3,test_00104,0.465922
1,test_00105,0.000000;0.108090;0.225134;0.338098;0.450975;0.564338;0.677650;0.783144;0.893882;1.000000
2,test_00105,39
3,test_00105,0.461831
1,test_00106,0.000000;0.110244;0.212607;0.330485;0.446712;0.556305;0.673182;0.791374;0.902094;1.000000
2,test_00106,46
3,test_00106,0.448540
1,test_00107,0.000000;0.115211;0.238332;0.346622;0.452626;0.561298;0.665504;0.778368;0.888165;1.000000
2,test_00107,37
3,test_00107,0.465629
1,test_00108,0.000000;0.104733;0.223182;0.335558;0.446220;0.549196;0.657133;0.765797;0.876724;1.000000
2,test_00108,2
3,test_00108,0.461534
1,test_00109,0.000000;0.104733;0.223182;0.335558;0.446220;0.549196;0.657133;0.765797;0.876724;1.000000
2,test_00109,9
3,test_00109,0.461534
1,test_00110,0.000000;0.100928;0.208735;0.312632;0.434895;0.549406;0.668007;0.778746;0.894910;1.000000
2,test_00110,14
3,test_00110,0.465568
1,test_00111,0.000000;0.109588;0.213644;0.326169;0.445755;0.561643;0.685418;0.786981;0.896842;1.000000
2,test_00111,33
3,test_00111,0.461751
1,test_00112,0.000000;0.112543;0.222887;0.335288;0.444123;0.554894;0.668297;0.784907;0.893819;1.000000
2,test_00112,28
3,test_00112,0.464525
1,test_00113,0.000000;0.127762;0.227805;0.352128;0.446398;0.541630;0.670909;0.793369;0.891774;1.000000
2,test_00113,16
3,test_00113,0.440359
1,test_00114,0.000000;0.115211;0.238332;0.346622;0.452626;0.561298;0.665504;0.778368;0.888165;1.000000
2,test_00114,37
3,test_00114,0.465629
1,test_00115,0.000000;0.126382;0.237307;0.339170;0.450400;0.559117;0.667802;0.786067;0.895666;1.000000
2,test_00115,8
3,test_00115,0.466198
1,test_00116,0.000000;0.098218;0.202463;0.327482;0.453351;0.565511;0.664152;0.785788;0.893935;1.000000
2,test_00116,-1
3,test_00116,0.496175
1,test_00117,0.000000;0.111106;0.217781;0.311502;0.421680;0.539497;0.652763;0.771239;0.886831;1.000000
2,test_00117,48
3,test_00117,0.453036
1,test_00118,0.000000;0.116005;0.226737;0.339187;0.450510;0.565891;0.664038;0.781882;0.894745;1.000000
2,test_00118,0
3,test_00118,0.455739
1,test_00119,0.000000;0.112344;0.222652;0.336817;0.451486;0.562386;0.673508;0.781881;0.888285;1.000000
2,test_00119,26
3,test_00119,0.466392
1,test_00120,0.000000;0.112344;0.222652;0.336817;0.451486;0.562386;0.673508;0.781881;0.888285;1.000000
2,test_00120,20
3,test_00120,0.466392
1,test_00121,0.000000;0.114559;0.214147;0.325311;0.437686;0.547307;0.660492;0.768955;0.888859;1.000000
2,test_00121,49
3,test_00121,0.484168
1,test_00122,0.000000;0.109644;0.222634;0.336281;0.455908;0.564856;0.667504;0.773036;0.886015;1.000000
2,test_00122,19
3,test_00122,0.460897
1,test_00123,0.000000;0.114559;0.214147;0.325311;0.437686;0.547307;0.660492;0.768955;0.888859;1.000000
2,test_00123,49
3,test_00123,0.484168
1,test_00124,0.000000;0.110974;0.223773;0.337893;0.448078;0.567164;0.670585;0.771945;0.879925;1.000000
2,test_00124,36
3,test_00124,0.458080
1,test_00125,0.000000;0.110122;0.223752;0.335678;0.452379;0.564914;0.670022;0.787640;0.896892;1.000000
2,test_00125,22
3,test_00125,0.453835
1,test_00126,0.000000;0.112543;0.222887;0.335288;0.444123;0.554894;0.668297;0.784907;0.893819;1.000000
2,test_00126,28
3,test_00126,0.464525
1,test_00127,0.000000;0.111509;0.230278;0.341604;0.444999;0.565259;0.677215;0.782219;0.887417;1.000000
2,test_00127,45
3,test_00127,0.461232
1,test_00128,0.000000;0.104733;0.223182;0.335558;0.446220;0.549196;0.657133;0.765797;0.876724;1.000000
2,test_00128,2
3,test_00128,0.461534
1,test_00129,0.000000;0.112344;0.222652;0.336817;0.451486;0.562386;0.673508;0.781881;0.888285;1.000000
2,test_00129,27
3,test_00129,0.466392
1,test_00130,0.000000;0.109104;0.228837;0.341762;0.454882;0.569311;0.682016;0.776132;0.876932;1.000000
2,test_00130,17
3,test_00130,0.470734
1,test_00131,0.000000;0.116005;0.226737;0.339187;0.450510;0.565891;0.664038;0.781882;0.894745;1.000000
2,test_00131,7
3,test_00131,0.455739
1,test_00132,0.000000;0.109104;0.228837;0.341762;0.454882;0.569311;0.682016;0.776132;0.876932;1.000000
2,test_00132,17
3,test_00132,0.470734
1,test_00133,0.000000;0.109468;0.210302;0.325521;0.437154;0.552520;0.648929;0.754607;0.859731;1.000000
2,test_00133,-1
3,test_00133,0.478818
1,test_00134,0.000000;0.116005;0.226737;0.339187;0.450510;0.565891;0.664038;0.781882;0.894745;1.000000
2,test_00134,0
3,test_00134,0.455739
1,test_00135,0.000000;0.109104;0.228837;0.341762;0.454882;0.569311;0.682016;0.776132;0.876932;1.000000
2,test_00135,17
3,test_00135,0.470734
1,test_00136,0.000000;0.069986;0.209279;0.304896;0.404863;0.509274;0.596012;0.727542;0.821549;1.000000
2,test_00136,-1
3,test_00136,0.469740
1,test_00137,0.000000;0.104733;0.223182;0.335558;0.446220;0.549196;0.657133;0.765797;0.876724;1.000000
2,test_00137,2
3,test_00137,0.461534
1,test_00138,0.000000;0.116005;0.226737;0.339187;0.450510;0.565891;0.664038;0.781882;0.894745;1.000000
2,test_00138,0
3,test_00138,0.455739
1,test_00139,0.000000;0.111031;0.240704;0.338789;0.469246;0.589120;0.685193;0.777433;0.884163;1.000000
2,test_00139,-1
3,test_00139,0.463974
1,test_00140,0.000000;0.111509;0.230278;0.341604;0.444999;0.565259;0.677215;0.782219;0.887417;1.000000
2,test_00140,45
3,test_00140,0.461232
1,test_00141,0.000000;0.103144;0.217227;0.321420;0.438868;0.564167;0.662241;0.766911;0.893168;1.000000
2,test_00141,34
3,test_00141,0.473065
1,test_00142,0.000000;0.108945;0.239322;0.364544;0.482505;0.614804;0.704227;0.806978;0.887514;1.000000
2,test_00142,-1
3,test_00142,0.477467
1,test_00143,0.000000;0.103110;0.222392;0.325539;0.441055;0.551544;0.650121;0.764290;0.873999;1.000000
2,test_00143,38
3,test_00143,0.471962
1,test_00144,0.000000;0.111509;0.230278;0.341604;0.444999;0.565259;0.677215;0.782219;0.887417;1.000000
2,test_00144,3
3,test_00144,0.461232
1,test_00145,0.000000;0.108090;0.225134;0.338098;0.450975;0.564338;0.677650;0.783144;0.893882;1.000000
2,test_00145,32
3,test_00145,0.461831
1,test_00146,0.000000;0.108979;0.226804;0.333124;0.457736;0.580136;0.687342;0.800158;0.897359;1.000000
2,test_00146,-1
3,test_00146,0.499599
1,test_00147,0.000000;0.115211;0.238332;0.346622;0.452626;0.561298;0.665504;0.778368;0.888165;1.000000
2,test_00147,30
3,test_00147,0.465629
1,test_00148,0.000000;0.107565;0.222500;0.353226;0.466638;0.560996;0.647444;0.771404;0.883037;1.000000
2,test_00148,-1
3,test_00148,0.482601
1,test_00149,0.000000;0.100928;0.208735;0.312632;0.434895;0.549406;0.668007;0.778746;0.894910;1.000000
2,test_00149,14
3,test_00149,0.465568
1,test_00150,0.000000;0.115211;0.238332;0.346622;0.452626;0.561298;0.665504;0.778368;0.888165;1.000000
2,test_00150,37
3,test_00150,0.465629
1,test_00151,0.000000;0.103144;0.217227;0.321420;0.438868;0.564167;0.662241;0.766911;0.893168;1.000000
2,test_00151,34
3,test_00151,0.473065
1,test_00152,0.000000;0.110244;0.212607;0.330485;0.446712;0.556305;0.673182;0.791374;0.902094;1.000000
2,test_00152,4
3,test_00152,0.448540
1,test_00153,0.000000;0.108090;0.225134;0.338098;0.450975;0.564338;0.677650;0.783144;0.893882;1.000000
2,test_00153,39
3,test_00153,0.461831
1,test_00154,0.000000;0.090190;0.196481;0.302689;0.394268;0.542257;0.659025;0.758617;0.861877;1.000000
2,test_00154,-1
3,test_00154,0.454413
1,test_00155,0.000000;0.108090;0.225134;0.338098;0.450975;0.564338;0.677650;0.783144;0.893882;1.000000
2,test_00155,32
3,test_00155,0.461831
1,test_00156,0.000000;0.094474;0.196258;0.312209;0.421186;0.534645;0.667241;0.779792;0.879735;1.000000
2,test_00156,-1
3,test_00156,0.474885
1,test_00157,0.000000;0.102903;0.209648;0.321115;0.443984;0.541917;0.666185;0.772214;0.882395;1.000000
2,test_00157,-1
3,test_00157,0.496672
1,test_00158,0.000000;0.112344;0.222652;0.336817;0.451486;0.562386;0.673508;0.781881;0.888285;1.000000
2,test_00158,20
3,test_00158,0.466392
1,test_00159,0.000000;0.115211;0.238332;0.346622;0.452626;0.561298;0.665504;0.778368;0.888165;1.000000
2,test_00159,37
3,test_00159,0.465629
1,test_00160,0.000000;0.126382;0.237307;0.339170;0.450400;0.559117;0.667802;0.786067;0.895666;1.000000
2,test_00160,8
3,test_00160,0.466198
1,test_00161,0.000000;0.109644;0.222634;0.336281;0.455908;0.564856;0.667504;0.773036;0.886015;1.000000
2,test_00161,19
3,test_00161,0.460897
1,test_00162,0.000000;0.109644;0.222634;0.336281;0.455908;0.564856;0.667504;0.773036;0.886015;1.000000
2,test_00162,12
3,test_00162,0.460897
1,test_00163,0.000000;0.116005;0.226737;0.339187;0.450510;0.565891;0.664038;0.781882;0.894745;1.000000
2,test_00163,7
3,test_00163,0.455739
1,test_00164,0.000000;0.116005;0.226737;0.339187;0.450510;0.565891;0.664038;0.781882;0.894745;1.000000
2,test_00164,0
3,test_00164,0.455739
1,test_00165,0.000000;0.115738;0.247025;0.360637;0.464878;0.590119;0.695000;0.805661;0.899902;1.000000
2,test_00165,-1
3,test_00165,0.450672
1,test_00166,0.000000;0.127762;0.227805;0.352128;0.446398;0.541630;0.670909;0.793369;0.891774;1.000000
2,test_00166,16
3,test_00166,0.440359
1,test_00167,0.000000;0.127762;0.227805;0.352128;0.446398;0.541630;0.670909;0.793369;0.891774;1.000000
2,test_00167,16
3,test_00167,0.440359
1,test_00168,0.000000;0.114700;0.219724;0.316774;0.431817;0.532746;0.630334;0.743107;0.862439;1.000000
2,test_00168,-1
3,test_00168,0.459985
1,test_00169,0.000000;0.110244;0.212607;0.330485;0.446712;0.556305;0.673182;0.791374;0.902094;1.000000
2,test_00169,4
3,test_00169,0.448540
1,test_00170,0.000000;0.103110;0.222392;0.325539;0.441055;0.551544;0.650121;0.764290;0.873999;1.000000
2,test_00170,31
3,test_00170,0.471962
1,test_00171,0.000000;0.111106;0.217781;0.311502;0.421680;0.539497;0.652763;0.771239;0.886831;1.000000
2,test_00171,48
3,test_00171,0.453036
1,test_00172,0.000000;0.099277;0.210287;0.323415;0.429444;0.559168;0.668304;0.777405;0.888344;1.000000
2,test_00172,15
3,test_00172,0.470553
1,test_00173,0.000000;0.131054;0.230758;0.348658;0.468341;0.567362;0.689625;0.794974;0.898429;1.000000
2,test_00173,-1
3,test_00173,0.492175
1,test_00174,0.000000;0.126382;0.237307;0.339170;0.450400;0.559117;0.667802;0.786067;0.895666;1.000000
2,test_00174,1
3,test_00174,0.466198
1,test_00175,0.000000;0.127762;0.227805;0.352128;0.446398;0.541630;0.670909;0.793369;0.891774;1.000000
2,test_00175,16
3,test_00175,0.440359
1,test_00176,0.000000;0.103110;0.222392;0.325539;0.441055;0.551544;0.650121;0.764290;0.873999;1.000000
2,test_00176,38
3,test_00176,0.471962
1,test_00177,0.000000;0.102253;0.216750;0.323527;0.407751;0.516144;0.615695;0.775706;0.893959;1.000000
2,test_00177,-1
3,test_00177,0.449589
1,test_00178,0.000000;0.094781;0.222891;0.333901;0.437954;0.550199;0.656469;0.772664;0.877219;1.000000
2,test_00178,43
3,test_00178,0.465892
1,test_00179,0.000000;0.114559;0.214147;0.325311;0.437686;0.547307;0.660492;0.768955;0.888859;1.000000
2,test_00179,49
3,test_00179,0.484168
1,test_00180,0.000000;0.110974;0.223773;0.337893;0.448078;0.567164;0.670585;0.771945;0.879925;1.000000
2,test_00180,36
3,test_00180,0.458080
1,test_00181,0.000000;0.112543;0.222887;0.335288;0.444123;0.554894;0.668297;0.784907;0.893819;1.000000
2,test_00181,28
3,test_00181,0.464525
1,test_00182,0.000000;0.133508;0.245833;0.362203;0.473925;0.584778;0.702183;0.801796;0.888347;1.000000
2,test_00182,-1
3,test_00182,0.483109
1,test_00183,0.000000;0.099711;0.224092;0.329673;0.444325;0.560609;0.663763;0.774109;0.884547;1.000000
2,test_00183,40
3,test_00183,0.468357
1,test_00184,0.000000;0.108090;0.225134;0.338098;0.450975;0.564338;0.677650;0.783144;0.893882;1.000000
2,test_00184,39
3,test_00184,0.461831
1,test_00185,0.000000;0.115211;0.238332;0.346622;0.452626;0.561298;0.665504;0.778368;0.888165;1.000000
2,test_00185,37
3,test_00185,0.465629
1,test_00186,0.000000;0.112543;0.222887;0.335288;0.444123;0.554894;0.668297;0.784907;0.893819;1.000000
2,test_00186,28
3,test_00186,0.464525
1,test_00187,0.000000;0.126382;0.237307;0.339170;0.450400;0.559117;0.667802;0.786067;0.895666;1.000000
2,test_00187,8
3,test_00187,0.466198
1,test_00188,0.000000;0.112543;0.222887;0.335288;0.444123;0.554894;0.668297;0.784907;0.893819;1.000000
2,test_00188,28
3,test_00188,0.464525
1,test_00189,0.000000;0.098719;0.200060;0.303889;0.416081;0.531120;0.642404;0.750857;0.856257;1.000000
2,test_00189,-1
3,test_00189,0.476370
1,test_00190,0.000000;0.103110;0.222392;0.325539;0.441055;0.551544;0.650121;0.764290;0.873999;1.000000
2,test_00190,38
3,test_00190,0.471962
1,test_00191,0.000000;0.114559;0.214147;0.325311;0.437686;0.547307;0.660492;0.768955;0.888859;1.000000
2,test_00191,49
3,test_00191,0.484168
1,test_00192,0.000000;0.104733;0.223182;0.335558;0.446220;0.549196;0.657133;0.765797;0.876724;1.000000
2,test_00192,2
3,test_00192,0.461534
1,test_00193,0.000000;0.111509;0.230278;0.341604;0.444999;0.565259;0.677215;0.782219;0.887417;1.000000
2,test_00193,3
3,test_00193,0.461232
1,test_00194,0.000000;0.104733;0.223182;0.335558;0.446220;0.549196;0.657133;0.765797;0.876724;1.000000
2,test_00194,9
3,test_00194,0.461534
1,test_00195,0.000000;0.102855;0.212931;0.319076;0.448565;0.566242;0.682087;0.789711;0.892991;1.000000
2,test_00195,24
3,test_00195,0.474685
1,test_00196,0.000000;0.126382;0.237307;0.339170;0.450400;0.559117;0.667802;0.786067;0.895666;1.000000
2,test_00196,1
3,test_00196,0.466198
1,test_00197,0.000000;0.125074;0.229828;0.338438;0.441649;0.552031;0.656407;0.776168;0.895635;1.000000
2,test_00197,11
3,test_00197,0.461987
1,test_00198,0.000000;0.102803;0.227196;0.328739;0.430960;0.550268;0.650366;0.742921;0.869103;1.000000
2,test_00198,-1
3,test_00198,0.466214
1,test_00199,0.000000;0.127762;0.227805;0.352128;0.446398;0.541630;0.670909;0.793369;0.891774;1.000000
2,test_00199,16
3,test_00199,0.440359
1,test_00200,0.000000;0.091490;0.211124;0.313727;0.438679;0.561290;0.699754;0.790149;0.899264;1.000000
2,test_00200,-1
3,test_00200,0.474350
1,test_00201,0.000000;0.081464;0.201993;0.283538;0.389287;0.514405;0.628078;0.739142;0.881810;1.000000
2,test_00201,-1
3,test_00201,0.479951
1,test_00202,0.000000;0.103110;0.222392;0.325539;0.441055;0.551544;0.650121;0.764290;0.873999;1.000000
2,test_00202,31
3,test_00202,0.471962
1,test_00203,0.000000;0.104733;0.223182;0.335558;0.446220;0.549196;0.657133;0.765797;0.876724;1.000000
2,test_00203,2
3,test_00203,0.461534
1,test_00204,0.000000;0.099602;0.224188;0.328396;0.465135;0.559543;0.672521;0.777221;0.875176;1.000000
2,test_00204,-1
3,test_00204,0.491342
1,test_00205,0.000000;0.112344;0.222652;0.336817;0.451486;0.562386;0.673508;0.781881;0.888285;1.000000
2,test_00205,26
3,test_00205,0.466392
1,test_00206,0.000000;0.104733;0.223182;0.335558;0.446220;0.549196;0.657133;0.765797;0.876724;1.000000
2,test_00206,9
3,test_00206,0.461534
1,test_00207,0.000000;0.109588;0.213644;0.326169;0.445755;0.561643;0.685418;0.786981;0.896842;1.000000
2,test_00207,33
3,test_00207,0.461751
1,test_00208,0.000000;0.099711;0.224092;0.329673;0.444325;0.560609;0.663763;0.774109;0.884547;1.000000
2,test_00208,47
3,test_00208,0.468357
1,test_00209,0.000000;0.125074;0.229828;0.338438;0.441649;0.552031;0.656407;0.776168;0.895635;1.000000
2,test_00209,11
3,test_00209,0.461987
1,test_00210,0.000000;0.104733;0.223182;0.335558;0.446220;0.549196;0.657133;0.765797;0.876724;1.000000
2,test_00210,2
3,test_00210,0.461534
1,test_00211,0.000000;0.103110;0.222392;0.325539;0.441055;0.551544;0.650121;0.764290;0.873999;1.000000
2,test_00211,38
3,test_00211,0.471962
1,test_00212,0.000000;0.110974;0.223773;0.337893;0.448078;0.567164;0.670585;0.771945;0.879925;1.000000
2,test_00212,36
3,test_00212,0.458080
1,test_00213,0.000000;0.076229;0.158866;0.248561;0.355722;0.474539;0.606404;0.725503;0.868016;1.000000
2,test_00213,-1
3,test_00213,0.493915
1,test_00214,0.000000;0.108090;0.225134;0.338098;0.450975;0.564338;0.677650;0.783144;0.893882;1.000000
2,test_00214,39
3,test_00214,0.461831
1,test_00215,0.000000;0.122255;0.216340;0.334728;0.439366;0.550278;0.659329;0.759949;0.875147;1.000000
2,test_00215,44
3,test_00215,0.471424
1,test_00216,0.000000;0.119394;0.215663;0.322995;0.428746;0.544596;0.671583;0.781870;0.885240;1.000000
2,test_00216,6
3,test_00216,0.461496
1,test_00217,0.000000;0.103144;0.217227;0.321420;0.438868;0.564167;0.662241;0.766911;0.893168;1.000000
2,test_00217,34
3,test_00217,0.473065
1,test_00218,0.000000;0.114964;0.220915;0.327766;0.432615;0.550684;0.666925;0.787166;0.890403;1.000000
2,test_00218,23
3,test_00218,0.465188
1,test_00219,0.000000;0.113249;0.210599;0.304641;0.414569;0.557720;0.657837;0.774111;0.868008;1.000000
2,test_00219,-1
3,test_00219,0.524866
1,test_00220,0.000000;0.127762;0.227805;0.352128;0.446398;0.541630;0.670909;0.793369;0.891774;1.000000
2,test_00220,16
3,test_00220,0.440359
1,test_00221,0.000000;0.115211;0.238332;0.346622;0.452626;0.561298;0.665504;0.778368;0.888165;1.000000
2,test_00221,30
3,test_00221,0.465629
1,test_00222,0.000000;0.110122;0.223752;0.335678;0.452379;0.564914;0.670022;0.787640;0.896892;1.000000
2,test_00222,22
3,test_00222,0.453835
1,test_00223,0.000000;0.110244;0.212607;0.330485;0.446712;0.556305;0.673182;0.791374;0.902094;1.000000
2,test_00223,46
3,test_00223,0.448540
1,test_00224,0.000000;0.111509;0.230278;0.341604;0.444999;0.565259;0.677215;0.782219;0.887417;1.000000
2,test_00224,3
3,test_00224,0.461232
1,test_00225,0.000000;0.122255;0.216340;0.334728;0.439366;0.550278;0.659329;0.759949;0.875147;1.000000
2,test_00225,44
3,test_00225,0.471424
1,test_00226,0.000000;0.112543;0.222887;0.335288;0.444123;0.554894;0.668297;0.784907;0.893819;1.000000
2,test_00226,21
3,test_00226,0.464525
1,test_00227,0.000000;0.114964;0.220915;0.327766;0.432615;0.550684;0.666925;0.787166;0.890403;1.000000
2,test_00227,23
3,test_00227,0.465188
1,test_00228,0.000000;0.114559;0.214147;0.325311;0.437686;0.547307;0.660492;0.768955;0.888859;1.000000
2,test_00228,42
3,test_00228,0.484168
1,test_00229,0.000000;0.107993;0.211837;0.317663;0.429660;0.554736;0.671413;0.776934;0.892567;1.000000
2,test_00229,5
3,test_00229,0.468145
1,test_00230,0.000000;0.110974;0.223773;0.337893;0.448078;0.567164;0.670585;0.771945;0.879925;1.000000
2,test_00230,36
3,test_00230,0.458080
1,test_00231,0.000000;0.104733;0.223182;0.335558;0.446220;0.549196;0.657133;0.765797;0.876724;1.000000
2,test_00231,2
3,test_00231,0.461534
1,test_00232,0.000000;0.113755;0.234740;0.349568;0.441970;0.545597;0.651107;0.759388;0.876724;1.000000
2,test_00232,-1
3,test_00232,0.487639
1,test_00233,0.000000;0.104733;0.223182;0.335558;0.446220;0.549196;0.657133;0.765797;0.876724;1.000000
2,test_00233,9
3,test_00233,0.461534
1,test_00234,0.000000;0.109104;0.228837;0.341762;0.454882;0.569311;0.682016;0.776132;0.876932;1.000000
2,test_00234,17
3,test_00234,0.470734
1,test_00235,0.000000;0.126382;0.237307;0.339170;0.450400;0.559117;0.667802;0.786067;0.895666;1.000000
2,test_00235,1
3,test_00235,0.466198
1,test_00236,0.000000;0.109104;0.228837;0.341762;0.454882;0.569311;0.682016;0.776132;0.876932;1.000000
2,test_00236,10
3,test_00236,0.470734
1,test_00237,0.000000;0.099277;0.210287;0.323415;0.429444;0.559168;0.668304;0.777405;0.888344;1.000000
2,test_00237,15
3,test_00237,0.470553
1,test_00238,0.000000;0.108977;0.225131;0.332495;0.425101;0.522455;0.635410;0.762779;0.878474;1.000000
2,test_00238,-1
3,test_00238,0.447874
1,test_00239,0.000000;0.104733;0.223182;0.335558;0.446220;0.549196;0.657133;0.765797;0.876724;1.000000
2,test_00239,9
3,test_00239,0.461534
1,test_00240,0.000000;0.117716;0.227589;0.349899;0.462171;0.558609;0.666344;0.778432;0.889890;1.000000
2,test_00240,-1
3,test_00240,0.454022
1,test_00241,0.000000;0.116005;0.226737;0.339187;0.450510;0.565891;0.664038;0.781882;0.894745;1.000000
2,test_00241,7
3,test_00241,0.455739
1,test_00242,0.000000;0.109104;0.228837;0.341762;0.454882;0.569311;0.682016;0.776132;0.876932;1.000000
2,test_00242,17
3,test_00242,0.470734
1,test_00243,0.000000;0.091460;0.189498;0.316781;0.418461;0.555252;0.678583;0.778040;0.898090;1.000000
2,test_00243,-1
3,test_00243,0.478139
1,test_00244,0.000000;0.125074;0.229828;0.338438;0.441649;0.552031;0.656407;0.776168;0.895635;1.000000
2,test_00244,18
3,test_00244,0.461987
1,test_00245,0.000000;0.097412;0.214566;0.324011;0.443717;0.546746;0.669205;0.756785;0.864423;1.000000
2,test_00245,-1
3,test_00245,0.465629
1,test_00246,0.000000;0.112344;0.222652;0.336817;0.451486;0.562386;0.673508;0.781881;0.888285;1.000000
2,test_00246,25
3,test_00246,0.466392
1,test_00247,0.000000;0.115211;0.238332;0.346622;0.452626;0.561298;0.665504;0.778368;0.888165;1.000000
2,test_00247,30
3,test_00247,0.465629
1,test_00248,0.000000;0.108832;0.233328;0.333011;0.436497;0.545478;0.668239;0.763987;0.885886;1.000000
2,test_00248,-1
3,test_00248,0.524175
1,test_00249,0.000000;0.109588;0.213644;0.326169;0.445755;0.561643;0.685418;0.786981;0.896842;1.000000
2,test_00249,33
3,test_00249,0.461751
1,test_00250,0.000000;0.094781;0.222891;0.333901;0.437954;0.550199;0.656469;0.772664;0.877219;1.000000
2,test_00250,43
3,test_00250,0.465892
1,test_00251,0.000000;0.118805;0.236923;0.350727;0.460645;0.562101;0.656673;0.776065;0.886963;1.000000
2,test_00251,-1
3,test_00251,0.438072
1,test_00252,0.000000;0.111509;0.230278;0.341604;0.444999;0.565259;0.677215;0.782219;0.887417;1.000000
2,test_00252,3
3,test_00252,0.461232
1,test_00253,0.000000;0.115211;0.238332;0.346622;0.452626;0.561298;0.665504;0.778368;0.888165;1.000000
2,test_00253,30
3,test_00253,0.465629
1,test_00254,0.000000;0.114559;0.214147;0.325311;0.437686;0.547307;0.660492;0.768955;0.888859;1.000000
2,test_00254,49
3,test_00254,0.484168
1,test_00255,0.000000;0.112543;0.222887;0.335288;0.444123;0.554894;0.668297;0.784907;0.893819;1.000000
2,test_00255,21
3,test_00255,0.464525
1,test_00256,0.000000;0.122156;0.231502;0.335384;0.454719;0.563137;0.668078;0.771007;0.895043;1.000000
2,test_00256,13
3,test_00256,0.461512
1,test_00257,0.000000;0.116005;0.226737;0.339187;0.450510;0.565891;0.664038;0.781882;0.894745;1.000000
2,test_00257,7
3,test_00257,0.455739
1,test_00258,0.000000;0.110974;0.223773;0.337893;0.448078;0.567164;0.670585;0.771945;0.879925;1.000000
2,test_00258,36
3,test_00258,0.458080
1,test_00259,0.000000;0.104733;0.223182;0.335558;0.446220;0.549196;0.657133;0.765797;0.876724;1.000000
2,test_00259,2
3,test_00259,0.461534
1,test_00260,0.000000;0.111509;0.230278;0.341604;0.444999;0.565259;0.677215;0.782219;0.887417;1.000000
2,test_00260,3
3,test_00260,0.461232
1,test_00261,0.000000;0.109056;0.213271;0.338404;0.453979;0.559583;0.671194;0.770851;0.879637;1.000000
2,test_00261,-1
3,test_00261,0.469396
1,test_00262,0.000000;0.112543;0.222887;0.335288;0.444123;0.554894;0.668297;0.784907;0.893819;1.000000
2,test_00262,21
3,test_00262,0.464525
1,test_00263,0.000000;0.127048;0.223535;0.308750;0.416297;0.523058;0.642847;0.771018;0.875451;1.000000
2,test_00263,-1
3,test_00263,0.485880
1,test_00264,0.000000;0.115211;0.238332;0.346622;0.452626;0.561298;0.665504;0.778368;0.888165;1.000000
2,test_00264,30
3,test_00264,0.465629
1,test_00265,0.000000;0.101231;0.211105;0.307067;0.431837;0.538177;0.640919;0.778889;0.890977;1.000000
2,test_00265,-1
3,test_00265,0.463704
1,test_00266,0.000000;0.119420;0.217542;0.309590;0.412195;0.532773;0.643992;0.785445;0.883171;1.000000
2,test_00266,-1
3,test_00266,0.441036
1,test_00267,0.000000;0.116005;0.226737;0.339187;0.450510;0.565891;0.664038;0.781882;0.894745;1.000000
2,test_00267,0
3,test_00267,0.455739
1,test_00268,0.000000;0.109588;0.213644;0.326169;0.445755;0.561643;0.685418;0.786981;0.896842;1.000000
2,test_00268,33
3,test_00268,0.461751
1,test_00269,0.000000;0.126382;0.237307;0.339170;0.450400;0.559117;0.667802;0.786067;0.895666;1.000000
2,test_00269,8
3,test_00269,0.466198
1,test_00270,0.000000;0.116005;0.226737;0.339187;0.450510;0.565891;0.664038;0.781882;0.894745;1.000000
2,test_00270,7
3,test_00270,0.455739
1,test_00271,0.000000;0.109104;0.228837;0.341762;0.454882;0.569311;0.682016;0.776132;0.876932;1.000000
2,test_00271,10
3,test_00271,0.470734
1,test_00272,0.000000;0.107993;0.211837;0.317663;0.429660;0.554736;0.671413;0.776934;0.892567;1.000000
2,test_00272,5
3,test_00272,0.468145
1,test_00273,0.000000;0.116005;0.226737;0.339187;0.450510;0.565891;0.664038;0.781882;0.894745;1.000000
2,test_00273,0
3,test_00273,0.455739
1,test_00274,0.000000;0.122156;0.231502;0.335384;0.454719;0.563137;0.668078;0.771007;0.895043;1.000000
2,test_00274,13
3,test_00274,0.461512
1,test_00275,0.000000;0.123863;0.230947;0.341272;0.452150;0.556750;0.645515;0.778898;0.911079;1.000000
2,test_00275,-1
3,test_00275,0.473748
1,test_00276,0.000000;0.126382;0.237307;0.339170;0.450400;0.559117;0.667802;0.786067;0.895666;1.000000
2,test_00276,8
3,test_00276,0.466198
1,test_00277,0.000000;0.125074;0.229828;0.338438;0.441649;0.552031;0.656407;0.776168;0.895635;1.000000
2,test_00277,11
3,test_00277,0.461987
1,test_00278,0.000000;0.109644;0.222634;0.336281;0.455908;0.564856;0.667504;0.773036;0.886015;1.000000
2,test_00278,12
3,test_00278,0.460897
1,test_00279,0.000000;0.112344;0.222652;0.336817;0.451486;0.562386;0.673508;0.781881;0.888285;1.000000
2,test_00279,20
3,test_00279,0.466392
1,test_00280,0.000000;0.107993;0.211837;0.317663;0.429660;0.554736;0.671413;0.776934;0.892567;1.000000
2,test_00280,5
3,test_00280,0.468145
1,test_00281,0.000000;0.122156;0.231502;0.335384;0.454719;0.563137;0.668078;0.771007;0.895043;1.000000
2,test_00281,13
3,test_00281,0.461512
1,test_00282,0.000000;0.114559;0.214147;0.325311;0.437686;0.547307;0.660492;0.768955;0.888859;1.000000
2,test_00282,49
3,test_00282,0.484168
1,test_00283,0.000000;0.110122;0.223752;0.335678;0.452379;0.564914;0.670022;0.787640;0.896892;1.000000
2,test_00283,22
3,test_00283,0.453835
1,test_00284,0.000000;0.091911;0.221648;0.345856;0.465995;0.568607;0.680813;0.791777;0.893209;1.000000
2,test_00284,-1
3,test_00284,0.465046
1,test_00285,0.000000;0.122970;0.235686;0.331209;0.448106;0.578857;0.694835;0.799431;0.901466;1.000000
2,test_00285,-1
3,test_00285,0.472968
1,test_00286,0.000000;0.104733;0.223182;0.335558;0.446220;0.549196;0.657133;0.765797;0.876724;1.000000
2,test_00286,2
3,test_00286,0.461534
1,test_00287,0.000000;0.103144;0.217227;0.321420;0.438868;0.564167;0.662241;0.766911;0.893168;1.000000
2,test_00287,34
3,test_00287,0.473065
1,test_00288,0.000000;0.119394;0.215663;0.322995;0.428746;0.544596;0.671583;0.781870;0.885240;1.000000
2,test_00288,6
3,test_00288,0.461496
1,test_00289,0.000000;0.115288;0.238858;0.366101;0.470037;0.582266;0.678515;0.794173;0.900869;1.000000
2,test_00289,-1
3,test_00289,0.439444
1,test_00290,0.000000;0.103110;0.222392;0.325539;0.441055;0.551544;0.650121;0.764290;0.873999;1.000000
2,test_00290,38
3,test_00290,0.471962
1,test_00291,0.000000;0.099277;0.210287;0.323415;0.429444;0.559168;0.668304;0.777405;0.888344;1.000000
2,test_00291,15
3,test_00291,0.470553
1,test_00292,0.000000;0.148712;0.258011;0.384754;0.522510;0.615661;0.703198;0.783807;0.884251;1.000000
2,test_00292,-1
3,test_00292,0.459506
1,test_00293,0.000000;0.118840;0.238982;0.367713;0.474589;0.598787;0.690815;0.782024;0.885011;1.000000
2,test_00293,-1
3,test_00293,0.447290
1,test_00294,0.000000;0.103144;0.217227;0.321420;0.438868;0.564167;0.662241;0.766911;0.893168;1.000000
2,test_00294,34
3,test_00294,0.473065
1,test_00295,0.000000;0.108411;0.222505;0.340970;0.456858;0.559486;0.653823;0.765159;0.892685;1.000000
2,test_00295,-1
3,test_00295,0.461403
1,test_00296,0.000000;0.115211;0.238332;0.346622;0.452626;0.561298;0.665504;0.778368;0.888165;1.000000
2,test_00296,30
3,test_00296,0.465629
1,test_00297,0.000000;0.126382;0.237307;0.339170;0.450400;0.559117;0.667802;0.786067;0.895666;1.000000
2,test_00297,1
3,test_00297,0.466198
1,test_00298,0.000000;0.121065;0.245479;0.343795;0.431543;0.528459;0.633448;0.764587;0.886179;1.000000
2,test_00298,-1
3,test_00298,0.498225
1,test_00299,0.000000;0.119394;0.215663;0.322995;0.428746;0.544596;0.671583;0.781870;0.885240;1.000000
2,test_00299,6
3,test_00299,0.461496
1,test_00300,0.000000;0.094781;0.222891;0.333901;0.437954;0.550199;0.656469;0.772664;0.877219;1.000000
2,test_00300,43
3,test_00300,0.465892
1,test_00301,0.000000;0.109644;0.222634;0.336281;0.455908;0.564856;0.667504;0.773036;0.886015;1.000000
2,test_00301,12
3,test_00301,0.460897
1,test_00302,0.000000;0.100928;0.208735;0.312632;0.434895;0.549406;0.668007;0.778746;0.894910;1.000000
2,test_00302,14
3,test_00302,0.465568
1,test_00303,0.000000;0.100928;0.208735;0.312632;0.434895;0.549406;0.668007;0.778746;0.894910;1.000000
2,test_00303,14
3,test_00303,0.465568
1,test_00304,0.000000;0.109104;0.228837;0.341762;0.454882;0.569311;0.682016;0.776132;0.876932;1.000000
2,test_00304,10
3,test_00304,0.470734
1,test_00305,0.000000;0.103144;0.217227;0.321420;0.438868;0.564167;0.662241;0.766911;0.893168;1.000000
2,test_00305,34
3,test_00305,0.473065
1,test_00306,0.000000;0.117539;0.227719;0.332639;0.462435;0.572394;0.676562;0.794462;0.897648;1.000000
2,test_00306,-1
3,test_00306,0.499918
1,test_00307,0.000000;0.102855;0.212931;0.319076;0.448565;0.566242;0.682087;0.789711;0.892991;1.000000
2,test_00307,24
3,test_00307,0.474685
1,test_00308,0.000000;0.112543;0.222887;0.335288;0.444123;0.554894;0.668297;0.784907;0.893819;1.000000
2,test_00308,28
3,test_00308,0.464525
1,test_00309,0.000000;0.104733;0.223182;0.335558;0.446220;0.549196;0.657133;0.765797;0.876724;1.000000
2,test_00309,2
3,test_00309,0.461534
1,test_00310,0.000000;0.111509;0.230278;0.341604;0.444999;0.565259;0.677215;0.782219;0.887417;1.000000
2,test_00310,3
3,test_00310,0.461232
1,test_00311,0.000000;0.089144;0.185882;0.272530;0.395627;0.505305;0.608002;0.727997;0.856169;1.000000
2,test_00311,-1
3,test_00311,0.437396
1,test_00312,0.000000;0.092989;0.199102;0.316493;0.427355;0.537390;0.643012;0.751549;0.869152;1.000000
2,test_00312,-1
3,test_00312,0.477463
1,test_00313,0.000000;0.110244;0.212607;0.330485;0.446712;0.556305;0.673182;0.791374;0.902094;1.000000
2,test_00313,46
3,test_00313,0.448540
1,test_00314,0.000000;0.108090;0.225134;0.338098;0.450975;0.564338;0.677650;0.783144;0.893882;1.000000
2,test_00314,32
3,test_00314,0.461831
1,test_00315,0.000000;0.126382;0.237307;0.339170;0.450400;0.559117;0.667802;0.786067;0.895666;1.000000
2,test_00315,1
3,test_00315,0.466198
1,test_00316,0.000000;0.110974;0.223773;0.337893;0.448078;0.567164;0.670585;0.771945;0.879925;1.000000
2,test_00316,36
3,test_00316,0.458080
1,test_00317,0.000000;0.112543;0.222887;0.335288;0.444123;0.554894;0.668297;0.784907;0.893819;1.000000
2,test_00317,28
3,test_00317,0.464525
1,test_00318,0.000000;0.111106;0.217781;0.311502;0.421680;0.539497;0.652763;0.771239;0.886831;1.000000
2,test_00318,48
3,test_00318,0.453036
1,test_00319,0.000000;0.113187;0.219650;0.331589;0.443260;0.561762;0.686973;0.794648;0.892772;1.000000
2,test_00319,-1
3,test_00319,0.480061
1,test_00320,0.000000;0.110122;0.223752;0.335678;0.452379;0.564914;0.670022;0.787640;0.896892;1.000000
2,test_00320,29
3,test_00320,0.453835
1,test_00321,0.000000;0.126382;0.237307;0.339170;0.450400;0.559117;0.667802;0.786067;0.895666;1.000000
2,test_00321,8
3,test_00321,0.466198
1,test_00322,0.000000;0.110244;0.212607;0.330485;0.446712;0.556305;0.673182;0.791374;0.902094;1.000000
2,test_00322,4
3,test_00322,0.448540
1,test_00323,0.000000;0.127762;0.227805;0.352128;0.446398;0.541630;0.670909;0.793369;0.891774;1.000000
2,test_00323,16
3,test_00323,0.440359
1,test_00324,0.000000;0.107993;0.211837;0.317663;0.429660;0.554736;0.671413;0.776934;0.892567;1.000000
2,test_00324,5
3,test_00324,0.468145
1,test_00325,0.000000;0.102855;0.212931;0.319076;0.448565;0.566242;0.682087;0.789711;0.892991;1.000000
2,test_00325,24
3,test_00325,0.474685
1,test_00326,0.000000;0.126382;0.237307;0.339170;0.450400;0.559117;0.667802;0.786067;0.895666;1.000000
2,test_00326,8
3,test_00326,0.466198
1,test_00327,0.000000;0.111509;0.230278;0.341604;0.444999;0.565259;0.677215;0.782219;0.887417;1.000000
2,test_00327,3
3,test_00327,0.461232
1,test_00328,0.000000;0.111359;0.231669;0.346920;0.451661;0.556860;0.668782;0.786299;0.894543;1.000000
2,test_00328,-1
3,test_00328,0.454218
1,test_00329,0.000000;0.099277;0.210287;0.323415;0.429444;0.559168;0.668304;0.777405;0.888344;1.000000
2,test_00329,15
3,test_00329,0.470553
1,test_00330,0.000000;0.110122;0.223752;0.335678;0.452379;0.564914;0.670022;0.787640;0.896892;1.000000
2,test_00330,29
3,test_00330,0.453835
1,test_00331,0.000000;0.095961;0.205993;0.303082;0.412741;0.551567;0.656192;0.775922;0.877839;1.000000
2,test_00331,-1
3,test_00331,0.502299
1,test_00332,0.000000;0.085040;0.202204;0.297272;0.392060;0.499880;0.635580;0.755196;0.863346;1.000000
2,test_00332,-1
3,test_00332,0.447099
1,test_00333,0.000000;0.094781;0.222891;0.333901;0.437954;0.550199;0.656469;0.772664;0.877219;1.000000
2,test_00333,43
3,test_00333,0.465892
1,test_00334,0.000000;0.110244;0.212607;0.330485;0.446712;0.556305;0.673182;0.791374;0.902094;1.000000
2,test_00334,4
3,test_00334,0.448540
1,test_00335,0.000000;0.099277;0.210287;0.323415;0.429444;0.559168;0.668304;0.777405;0.888344;1.000000
2,test_00335,15
3,test_00335,0.470553
1,test_00336,0.000000;0.127762;0.227805;0.352128;0.446398;0.541630;0.670909;0.793369;0.891774;1.000000
2,test_00336,16
3,test_00336,0.440359
1,test_00337,0.000000;0.092095;0.210862;0.319340;0.410167;0.542337;0.649714;0.776567;0.894672;1.000000
2,test_00337,-1
3,test_00337,0.468203
1,test_00338,0.000000;0.107993;0.211837;0.317663;0.429660;0.554736;0.671413;0.776934;0.892567;1.000000
2,test_00338,5
3,test_00338,0.468145
1,test_00339,0.000000;0.110122;0.223752;0.335678;0.452379;0.564914;0.670022;0.787640;0.896892;1.000000
2,test_00339,29
3,test_00339,0.453835
1,test_00340,0.000000;0.109644;0.222634;0.336281;0.455908;0.564856;0.667504;0.773036;0.886015;1.000000
2,test_00340,12
3,test_00340,0.460897
1,test_00341,0.000000;0.106532;0.213321;0.328170;0.433820;0.564382;0.668775;0.765761;0.870720;1.000000
2,test_00341,-1
3,test_00341,0.449080
1,test_00342,0.000000;0.103144;0.217227;0.321420;0.438868;0.564167;0.662241;0.766911;0.893168;1.000000
2,test_00342,34
3,test_00342,0.473065
1,test_00343,0.000000;0.103110;0.222392;0.325539;0.441055;0.551544;0.650121;0.764290;0.873999;1.000000
2,test_00343,31
3,test_00343,0.471962
1,test_00344,0.000000;0.110122;0.223752;0.335678;0.452379;0.564914;0.670022;0.787640;0.896892;1.000000
2,test_00344,22
3,test_00344,0.453835
1,test_00345,0.000000;0.114559;0.214147;0.325311;0.437686;0.547307;0.660492;0.768955;0.888859;1.000000
2,test_00345,49
3,test_00345,0.484168
1,test_00346,0.000000;0.112344;0.222652;0.336817;0.451486;0.562386;0.673508;0.781881;0.888285;1.000000
2,test_00346,20
3,test_00346,0.466392
1,test_00347,0.000000;0.111106;0.217781;0.311502;0.421680;0.539497;0.652763;0.771239;0.886831;1.000000
2,test_00347,41
3,test_00347,0.453036
1,test_00348,0.000000;0.112543;0.222887;0.335288;0.444123;0.554894;0.668297;0.784907;0.893819;1.000000
2,test_00348,21
3,test_00348,0.464525
1,test_00349,0.000000;0.109104;0.228837;0.341762;0.454882;0.569311;0.682016;0.776132;0.876932;1.000000
2,test_00349,10
3,test_00349,0.470734
1,test_00350,0.000000;0.112344;0.222652;0.336817;0.451486;0.562386;0.673508;0.781881;0.888285;1.000000
2,test_00350,26
3,test_00350,0.466392
1,test_00351,0.000000;0.114559;0.214147;0.325311;0.437686;0.547307;0.660492;0.768955;0.888859;1.000000
2,test_00351,42
3,test_00351,0.484168
1,test_00352,0.000000;0.112344;0.222652;0.336817;0.451486;0.562386;0.673508;0.781881;0.888285;1.000000
2,test_00352,27
3,test_00352,0.466392
1,test_00353,0.000000;0.112344;0.222652;0.336817;0.451486;0.562386;0.673508;0.781881;0.888285;1.000000
2,test_00353,26
3,test_00353,0.466392
1,test_00354,0.000000;0.110122;0.223752;0.335678;0.452379;0.564914;0.670022;0.787640;0.896892;1.000000
2,test_00354,22
3,test_00354,0.453835
1,test_00355,0.000000;0.108015;0.229615;0.324151;0.438201;0.538540;0.655127;0.775766;0.872759;1.000000
2,test_00355,-1
3,test_00355,0.500993
1,test_00356,0.000000;0.110122;0.223752;0.335678;0.452379;0.564914;0.670022;0.787640;0.896892;1.000000
2,test_00356,29
3,test_00356,0.453835
1,test_00357,0.000000;0.112543;0.222887;0.335288;0.444123;0.554894;0.668297;0.784907;0.893819;1.000000
2,test_00357,28
3,test_00357,0.464525
1,test_00358,0.000000;0.114964;0.220915;0.327766;0.432615;0.550684;0.666925;0.787166;0.890403;1.000000
2,test_00358,23
3,test_00358,0.465188
1,test_00359,0.000000;0.102855;0.212931;0.319076;0.448565;0.566242;0.682087;0.789711;0.892991;1.000000
2,test_00359,24
3,test_00359,0.474685
1,test_00360,0.000000;0.126382;0.237307;0.339170;0.450400;0.559117;0.667802;0.786067;0.895666;1.000000
2,test_00360,8
3,test_00360,0.466198
1,test_00361,0.000000;0.114559;0.214147;0.325311;0.437686;0.547307;0.660492;0.768955;0.888859;1.000000
2,test_00361,42
3,test_00361,0.484168
1,test_00362,0.000000;0.112344;0.222652;0.336817;0.451486;0.562386;0.673508;0.781881;0.888285;1.000000
2,test_00362,20
3,test_00362,0.466392
1,test_00363,0.000000;0.122255;0.216340;0.334728;0.439366;0.550278;0.659329;0.759949;0.875147;1.000000
2,test_00363,44
3,test_00363,0.471424
1,test_00364,0.000000;0.110277;0.222865;0.350880;0.452256;0.542289;0.656516;0.782262;0.900250;1.000000
2,test_00364,-1
3,test_00364,0.459910
1,test_00365,0.000000;0.102072;0.200535;0.304213;0.402458;0.498388;0.616788;0.752273;0.871439;1.000000
2,test_00365,-1
3,test_00365,0.443166
1,test_00366,0.000000;0.120955;0.238387;0.380755;0.478950;0.577772;0.699667;0.819312;0.909840;1.000000
2,test_00366,-1
3,test_00366,0.438926
1,test_00367,0.000000;0.135927;0.246300;0.360463;0.460467;0.541366;0.657891;0.788617;0.903232;1.000000
2,test_00367,-1
3,test_00367,0.473167
1,test_00368,0.000000;0.114559;0.214147;0.325311;0.437686;0.547307;0.660492;0.768955;0.888859;1.000000
2,test_00368,42
3,test_00368,0.484168
1,test_00369,0.000000;0.125074;0.229828;0.338438;0.441649;0.552031;0.656407;0.776168;0.895635;1.000000
2,test_00369,11
3,test_00369,0.461987
1,test_00370,0.000000;0.114559;0.214147;0.325311;0.437686;0.547307;0.660492;0.768955;0.888859;1.000000
2,test_00370,49
3,test_00370,0.484168
1,test_00371,0.000000;0.103144;0.217227;0.321420;0.438868;0.564167;0.662241;0.766911;0.893168;1.000000
2,test_00371,34
3,test_00371,0.473065
1,test_00372,0.000000;0.088970;0.175904;0.265394;0.363309;0.505763;0.632378;0.736655;0.877797;1.000000
2,test_00372,-1
3,test_00372,0.452763
1,test_00373,0.000000;0.114559;0.214147;0.325311;0.437686;0.547307;0.660492;0.768955;0.888859;1.000000
2,test_00373,42
3,test_00373,0.484168
1,test_00374,0.000000;0.136648;0.265579;0.401735;0.501165;0.604606;0.698825;0.807960;0.913704;1.000000
2,test_00374,-1
3,test_00374,0.461033
1,test_00375,0.000000;0.112344;0.222652;0.336817;0.451486;0.562386;0.673508;0.781881;0.888285;1.000000
2,test_00375,27
3,test_00375,0.466392
1,test_00376,0.000000;0.116005;0.226737;0.339187;0.450510;0.565891;0.664038;0.781882;0.894745;1.000000
2,test_00376,0
3,test_00376,0.455739
1,test_00377,0.000000;0.116005;0.226737;0.339187;0.450510;0.565891;0.664038;0.781882;0.894745;1.000000
2,test_00377,0
3,test_00377,0.455739
1,test_00378,0.000000;0.103110;0.222392;0.325539;0.441055;0.551544;0.650121;0.764290;0.873999;1.000000
2,test_00378,31
3,test_00378,0.471962
1,test_00379,0.000000;0.099277;0.210287;0.323415;0.429444;0.559168;0.668304;0.777405;0.888344;1.000000
2,test_00379,15
3,test_00379,0.470553
1,test_00380,0.000000;0.112344;0.222652;0.336817;0.451486;0.562386;0.673508;0.781881;0.888285;1.000000
2,test_00380,27
3,test_00380,0.466392
1,test_00381,0.000000;0.125074;0.229828;0.338438;0.441649;0.552031;0.656407;0.776168;0.895635;1.000000
2,test_00381,18
3,test_00381,0.461987
1,test_00382,0.000000;0.110974;0.223773;0.337893;0.448078;0.567164;0.670585;0.771945;0.879925;1.000000
2,test_00382,36
3,test_00382,0.458080
1,test_00383,0.000000;0.121908;0.220901;0.332865;0.445681;0.561407;0.669916;0.786735;0.884315;1.000000
2,test_00383,-1
3,test_00383,0.503033
1,test_00384,0.000000;0.116005;0.226737;0.339187;0.450510;0.565891;0.664038;0.781882;0.894745;1.000000
2,test_00384,7
3,test_00384,0.455739
1,test_00385,0.000000;0.126382;0.237307;0.339170;0.450400;0.559117;0.667802;0.786067;0.895666;1.000000
2,test_00385,1
3,test_00385,0.466198
1,test_00386,0.000000;0.110122;0.223752;0.335678;0.452379;0.564914;0.670022;0.787640;0.896892;1.000000
2,test_00386,29
3,test_00386,0.453835
1,test_00387,0.000000;0.104733;0.223182;0.335558;0.446220;0.549196;0.657133;0.765797;0.876724;1.000000
2,test_00387,9
3,test_00387,0.461534
1,test_00388,0.000000;0.111106;0.217781;0.311502;0.421680;0.539497;0.652763;0.771239;0.886831;1.000000
2,test_00388,41
3,test_00388,0.453036
1,test_00389,0.000000;0.103144;0.217227;0.321420;0.438868;0.564167;0.662241;0.766911;0.893168;1.000000
2,test_00389,34
3,test_00389,0.473065
1,test_00390,0.000000;0.089925;0.184606;0.321768;0.439401;0.555095;0.656720;0.773075;0.882451;1.000000
2,test_00390,-1
3,test_00390,0.458316
1,test_00391,0.000000;0.104310;0.228985;0.337926;0.427907;0.526081;0.636928;0.758272;0.881206;1.000000
2,test_00391,-1
3,test_00391,0.457477
1,test_00392,0.000000;0.112584;0.237890;0.351018;0.454956;0.568341;0.694325;0.803380;0.899534;1.000000
2,test_00392,-1
3,test_00392,0.464956
1,test_00393,0.000000;0.114559;0.214147;0.325311;0.437686;0.547307;0.660492;0.768955;0.888859;1.000000
2,test_00393,49
3,test_00393,0.484168
1,test_00394,0.000000;0.115211;0.238332;0.346622;0.452626;0.561298;0.665504;0.778368;0.888165;1.000000
2,test_00394,37
3,test_00394,0.465629
1,test_00395,0.000000;0.116005;0.226737;0.339187;0.450510;0.565891;0.664038;0.781882;0.894745;1.000000
2,test_00395,7
3,test_00395,0.455739
1,test_00396,0.000000;0.111509;0.230278;0.341604;0.444999;0.565259;0.677215;0.782219;0.887417;1.000000
2,test_00396,45
3,test_00396,0.461232
1,test_00397,0.000000;0.113149;0.256126;0.385903;0.492730;0.603482;0.693849;0.787672;0.884721;1.000000
2,test_00397,-1
3,test_00397,0.441970
1,test_00398,0.000000;0.111106;0.217781;0.311502;0.421680;0.539497;0.652763;0.771239;0.886831;1.000000
2,test_00398,41
3,test_00398,0.453036
1,test_00399,0.000000;0.104733;0.223182;0.335558;0.446220;0.549196;0.657133;0.765797;0.876724;1.000000
2,test_00399,9
3,test_00399,0.461534
1,test_00400,0.000000;0.115211;0.238332;0.346622;0.452626;0.561298;0.665504;0.778368;0.888165;1.000000
2,test_00400,30
3,test_00400,0.465629
1,test_00401,0.000000;0.100928;0.208735;0.312632;0.434895;0.549406;0.668007;0.778746;0.894910;1.000000
2,test_00401,14
3,test_00401,0.465568
1,test_00402,0.000000;0.112344;0.222652;0.336817;0.451486;0.562386;0.673508;0.781881;0.888285;1.000000
2,test_00402,26
3,test_00402,0.466392
1,test_00403,0.000000;0.108090;0.225134;0.338098;0.450975;0.564338;0.677650;0.783144;0.893882;1.000000
2,test_00403,32
3,test_00403,0.461831
1,test_00404,0.000000;0.091210;0.205825;0.329393;0.425073;0.534329;0.656486;0.786928;0.884932;1.000000
2,test_00404,-1
3,test_00404,0.472774
1,test_00405,0.000000;0.133253;0.257991;0.356150;0.467955;0.612559;0.726645;0.812647;0.909537;1.000000
2,test_00405,-1
3,test_00405,0.494408
1,test_00406,0.000000;0.119806;0.228432;0.361251;0.463354;0.570580;0.696157;0.789940;0.885763;1.000000
2,test_00406,-1
3,test_00406,0.505309
1,test_00407,0.000000;0.128319;0.214131;0.315575;0.412308;0.526618;0.647646;0.770491;0.884315;1.000000
2,test_00407,-1
3,test_00407,0.475914
1,test_00408,0.000000;0.122255;0.216340;0.334728;0.439366;0.550278;0.659329;0.759949;0.875147;1.000000
2,test_00408,44
3,test_00408,0.471424
1,test_00409,0.000000;0.111509;0.230278;0.341604;0.444999;0.565259;0.677215;0.782219;0.887417;1.000000
2,test_00409,45
3,test_00409,0.461232
1,test_00410,0.000000;0.116426;0.232604;0.346564;0.461611;0.561904;0.653267;0.758376;0.889144;1.000000
2,test_00410,-1
3,test_00410,0.473918
1,test_00411,0.000000;0.106657;0.220583;0.358402;0.459731;0.554790;0.682431;0.813067;0.910232;1.000000
2,test_00411,-1
3,test_00411,0.466401
1,test_00412,0.000000;0.140324;0.256961;0.369992;0.469081;0.575627;0.687910;0.829522;0.918452;1.000000
2,test_00412,-1
3,test_00412,0.427786
1,test_00413,0.000000;0.109104;0.228837;0.341762;0.454882;0.569311;0.682016;0.776132;0.876932;1.000000
2,test_00413,10
3,test_00413,0.470734
1,test_00414,0.000000;0.111509;0.230278;0.341604;0.444999;0.565259;0.677215;0.782219;0.887417;1.000000
2,test_00414,45
3,test_00414,0.461232
1,test_00415,0.000000;0.112344;0.222652;0.336817;0.451486;0.562386;0.673508;0.781881;0.888285;1.000000
2,test_00415,25
3,test_00415,0.466392
1,test_00416,0.000000;0.113725;0.226155;0.335095;0.456292;0.571034;0.668809;0.764322;0.879071;1.000000
2,test_00416,-1
3,test_00416,0.489922
1,test_00417,0.000000;0.111509;0.230278;0.341604;0.444999;0.565259;0.677215;0.782219;0.887417;1.000000
2,test_00417,45
3,test_00417,0.461232
1,test_00418,0.000000;0.116005;0.226737;0.339187;0.450510;0.565891;0.664038;0.781882;0.894745;1.000000
2,test_00418,0
3,test_00418,0.455739
1,test_00419,0.000000;0.111509;0.230278;0.341604;0.444999;0.565259;0.677215;0.782219;0.887417;1.000000
2,test_00419,3
3,test_00419,0.461232
1,test_00420,0.000000;0.098280;0.201711;0.323486;0.426268;0.567286;0.708037;0.809697;0.909508;1.000000
2,test_00420,-1
3,test_00420,0.464774
1,test_00421,0.000000;0.114559;0.214147;0.325311;0.437686;0.547307;0.660492;0.768955;0.888859;1.000000
2,test_00421,49
3,test_00421,0.484168
1,test_00422,0.000000;0.094781;0.222891;0.333901;0.437954;0.550199;0.656469;0.772664;0.877219;1.000000
2,test_00422,43
3,test_00422,0.465892
1,test_00423,0.000000;0.097059;0.216476;0.318990;0.424683;0.518474;0.628649;0.770933;0.920494;1.000000
2,test_00423,-1
3,test_00423,0.500881
1,test_00424,0.000000;0.110244;0.212607;0.330485;0.446712;0.556305;0.673182;0.791374;0.902094;1.000000
2,test_00424,4
3,test_00424,0.448540
1,test_00425,0.000000;0.122255;0.216340;0.334728;0.439366;0.550278;0.659329;0.759949;0.875147;1.000000
2,test_00425,44
3,test_00425,0.471424
1,test_00426,0.000000;0.111509;0.230278;0.341604;0.444999;0.565259;0.677215;0.782219;0.887417;1.000000
2,test_00426,3
3,test_00426,0.461232
1,test_00427,0.000000;0.110900;0.208662;0.346130;0.477501;0.587986;0.702001;0.816046;0.908757;1.000000
2,test_00427,-1
3,test_00427,0.456135
1,test_00428,0.000000;0.100861;0.180562;0.281519;0.372703;0.491683;0.617542;0.756459;0.890378;1.000000
2,test_00428,-1
3,test_00428,0.444766
1,test_00429,0.000000;0.109104;0.228837;0.341762;0.454882;0.569311;0.682016;0.776132;0.876932;1.000000
2,test_00429,10
3,test_00429,0.470734
1,test_00430,0.000000;0.123202;0.230288;0.345622;0.431900;0.555741;0.659517;0.804879;0.908482;1.000000
2,test_00430,-1
3,test_00430,0.455783
1,test_00431,0.000000;0.116005;0.226737;0.339187;0.450510;0.565891;0.664038;0.781882;0.894745;1.000000
2,test_00431,0
3,test_00431,0.455739
1,test_00432,0.000000;0.119761;0.223736;0.334375;0.451826;0.561673;0.657379;0.770938;0.888794;1.000000
2,test_00432,-1
3,test_00432,0.463990
1,test_00433,0.000000;0.111106;0.217781;0.311502;0.421680;0.539497;0.652763;0.771239;0.886831;1.000000
2,test_00433,41
3,test_00433,0.453036
1,test_00434,0.000000;0.119394;0.215663;0.322995;0.428746;0.544596;0.671583;0.781870;0.885240;1.000000
2,test_00434,6
3,test_00434,0.461496
1,test_00435,0.000000;0.107993;0.211837;0.317663;0.429660;0.554736;0.671413;0.776934;0.892567;1.000000
2,test_00435,5
3,test_00435,0.468145
1,test_00436,0.000000;0.110122;0.223752;0.335678;0.452379;0.564914;0.670022;0.787640;0.896892;1.000000
2,test_00436,29
3,test_00436,0.453835
1,test_00437,0.000000;0.126382;0.237307;0.339170;0.450400;0.559117;0.667802;0.786067;0.895666;1.000000
2,test_00437,1
3,test_00437,0.466198
1,test_00438,0.000000;0.112105;0.215838;0.309561;0.417723;0.501089;0.641890;0.773310;0.881195;1.000000
2,test_00438,-1
3,test_00438,0.422637
1,test_00439,0.000000;0.111509;0.230278;0.341604;0.444999;0.565259;0.677215;0.782219;0.887417;1.000000
2,test_00439,3
3,test_00439,0.461232
1,test_00440,0.000000;0.099711;0.224092;0.329673;0.444325;0.560609;0.663763;0.774109;0.884547;1.000000
2,test_00440,40
3,test_00440,0.468357
1,test_00441,0.000000;0.122156;0.231502;0.335384;0.454719;0.563137;0.668078;0.771007;0.895043;1.000000
2,test_00441,13
3,test_00441,0.461512
1,test_00442,0.000000;0.108090;0.225134;0.338098;0.450975;0.564338;0.677650;0.783144;0.893882;1.000000
2,test_00442,39
3,test_00442,0.461831
1,test_00443,0.000000;0.115211;0.238332;0.346622;0.452626;0.561298;0.665504;0.778368;0.888165;1.000000
2,test_00443,30
3,test_00443,0.465629
1,test_00444,0.000000;0.107993;0.211837;0.317663;0.429660;0.554736;0.671413;0.776934;0.892567;1.000000
2,test_00444,5
3,test_00444,0.468145
1,test_00445,0.000000;0.107993;0.211837;0.317663;0.429660;0.554736;0.671413;0.776934;0.892567;1.000000
2,test_00445,5
3,test_00445,0.468145
1,test_00446,0.000000;0.103110;0.222392;0.325539;0.441055;0.551544;0.650121;0.764290;0.873999;1.000000
2,test_00446,38
3,test_00446,0.471962
1,test_00447,0.000000;0.103110;0.222392;0.325539;0.441055;0.551544;0.650121;0.764290;0.873999;1.000000
2,test_00447,38
3,test_00447,0.471962
1,test_00448,0.000000;0.112344;0.222652;0.336817;0.451486;0.562386;0.673508;0.781881;0.888285;1.000000
2,test_00448,27
3,test_00448,0.466392
1,test_00449,0.000000;0.104733;0.223182;0.335558;0.446220;0.549196;0.657133;0.765797;0.876724;1.000000
2,test_00449,9
3,test_00449,0.461534
1,test_00450,0.000000;0.099711;0.224092;0.329673;0.444325;0.560609;0.663763;0.774109;0.884547;1.000000
2,test_00450,47
3,test_00450,0.468357
1,test_00451,0.000000;0.112179;0.213745;0.310878;0.400117;0.524719;0.661052;0.787159;0.886122;1.000000
2,test_00451,-1
3,test_00451,0.446035
1,test_00452,0.000000;0.110122;0.223752;0.335678;0.452379;0.564914;0.670022;0.787640;0.896892;1.000000
2,test_00452,29
3,test_00452,0.453835
1,test_00453,0.000000;0.114964;0.220915;0.327766;0.432615;0.550684;0.666925;0.787166;0.890403;1.000000
2,test_00453,23
3,test_00453,0.465188
1,test_00454,0.000000;0.112543;0.222887;0.335288;0.444123;0.554894;0.668297;0.784907;0.893819;1.000000
2,test_00454,28
3,test_00454,0.464525
1,test_00455,0.000000;0.112344;0.222652;0.336817;0.451486;0.562386;0.673508;0.781881;0.888285;1.000000
2,test_00455,25
3,test_00455,0.466392
1,test_00456,0.000000;0.109104;0.228837;0.341762;0.454882;0.569311;0.682016;0.776132;0.876932;1.000000
2,test_00456,17
3,test_00456,0.470734
1,test_00457,0.000000;0.114559;0.214147;0.325311;0.437686;0.547307;0.660492;0.768955;0.888859;1.000000
2,test_00457,42
3,test_00457,0.484168
1,test_00458,0.000000;0.109104;0.228837;0.341762;0.454882;0.569311;0.682016;0.776132;0.876932;1.000000
2,test_00458,10
3,test_00458,0.470734
1,test_00459,0.000000;0.106567;0.234954;0.332941;0.448205;0.580614;0.688226;0.781500;0.884728;1.000000
2,test_00459,-1
3,test_00459,0.478457
1,test_00460,0.000000;0.095509;0.203219;0.311815;0.410650;0.521256;0.637206;0.782586;0.889537;1.000000
2,test_00460,-1
3,test_00460,0.482037
1,test_00461,0.000000;0.125074;0.229828;0.338438;0.441649;0.552031;0.656407;0.776168;0.895635;1.000000
2,test_00461,11
3,test_00461,0.461987
1,test_00462,0.000000;0.097020;0.214409;0.309634;0.406464;0.527291;0.648029;0.773165;0.892221;1.000000
2,test_00462,-1
3,test_00462,0.433371
1,test_00463,0.000000;0.096851;0.186655;0.289972;0.413624;0.502178;0.647025;0.742562;0.878802;1.000000
2,test_00463,-1
3,test_00463,0.441453
1,test_00464,0.000000;0.116005;0.226737;0.339187;0.450510;0.565891;0.664038;0.781882;0.894745;1.000000
2,test_00464,0
3,test_00464,0.455739
1,test_00465,0.000000;0.104733;0.223182;0.335558;0.446220;0.549196;0.657133;0.765797;0.876724;1.000000
2,test_00465,2
3,test_00465,0.461534
1,test_00466,0.000000;0.112344;0.222652;0.336817;0.451486;0.562386;0.673508;0.781881;0.888285;1.000000
2,test_00466,26
3,test_00466,0.466392
1,test_00467,0.000000;0.102855;0.212931;0.319076;0.448565;0.566242;0.682087;0.789711;0.892991;1.000000
2,test_00467,24
3,test_00467,0.474685
1,test_00468,0.000000;0.109644;0.222634;0.336281;0.455908;0.564856;0.667504;0.773036;0.886015;1.000000
2,test_00468,19
3,test_00468,0.460897
1,test_00469,0.000000;0.114559;0.214147;0.325311;0.437686;0.547307;0.660492;0.768955;0.888859;1.000000
2,test_00469,49
3,test_00469,0.484168
1,test_00470,0.000000;0.111106;0.217781;0.311502;0.421680;0.539497;0.652763;0.771239;0.886831;1.000000
2,test_00470,41
3,test_00470,0.453036
1,test_00471,0.000000;0.121214;0.227359;0.376293;0.495006;0.610018;0.725852;0.828940;0.921266;1.000000
2,test_00471,-1
3,test_00471,0.508578
1,test_00472,0.000000;0.114559;0.214147;0.325311;0.437686;0.547307;0.660492;0.768955;0.888859;1.000000
2,test_00472,49
3,test_00472,0.484168
1,test_00473,0.000000;0.112543;0.222887;0.335288;0.444123;0.554894;0.668297;0.784907;0.893819;1.000000
2,test_00473,21
3,test_00473,0.464525
1,test_00474,0.000000;0.111106;0.217781;0.311502;0.421680;0.539497;0.652763;0.771239;0.886831;1.000000
2,test_00474,48
3,test_00474,0.453036
1,test_00475,0.000000;0.112344;0.222652;0.336817;0.451486;0.562386;0.673508;0.781881;0.888285;1.000000
2,test_00475,26
3,test_00475,0.466392
1,test_00476,0.000000;0.111106;0.217781;0.311502;0.421680;0.539497;0.652763;0.771239;0.886831;1.000000
2,test_00476,48
3,test_00476,0.453036
1,test_00477,0.000000;0.127759;0.245950;0.346559;0.464777;0.583445;0.701889;0.793901;0.899173;1.000000
2,test_00477,-1
3,test_00477,0.467495
1,test_00478,0.000000;0.127762;0.227805;0.352128;0.446398;0.541630;0.670909;0.793369;0.891774;1.000000
2,test_00478,16
3,test_00478,0.440359
1,test_00479,0.000000;0.103170;0.184578;0.303814;0.388196;0.474498;0.629556;0.744512;0.864178;1.000000
2,test_00479,-1
3,test_00479,0.477802
1,test_00480,0.000000;0.109644;0.222634;0.336281;0.455908;0.564856;0.667504;0.773036;0.886015;1.000000
2,test_00480,12
3,test_00480,0.460897
1,test_00481,0.000000;0.110122;0.223752;0.335678;0.452379;0.564914;0.670022;0.787640;0.896892;1.000000
2,test_00481,29
3,test_00481,0.453835
1,test_00482,0.000000;0.116005;0.226737;0.339187;0.450510;0.565891;0.664038;0.781882;0.894745;1.000000
2,test_00482,0
3,test_00482,0.455739
1,test_00483,0.000000;0.110122;0.223752;0.335678;0.452379;0.564914;0.670022;0.787640;0.896892;1.000000
2,test_00483,22
3,test_00483,0.453835
1,test_00484,0.000000;0.154552;0.264515;0.374198;0.485909;0.584519;0.686366;0.782499;0.890138;1.000000
2,test_00484,-1
3,test_00484,0.477862
1,test_00485,0.000000;0.109438;0.205223;0.304125;0.413944;0.552649;0.647627;0.741073;0.845697;1.000000
2,test_00485,-1
3,test_00485,0.495314
1,test_00486,0.000000;0.103110;0.222392;0.325539;0.441055;0.551544;0.650121;0.764290;0.873999;1.000000
2,test_00486,31
3,test_00486,0.471962
1,test_00487,0.000000;0.127762;0.227805;0.352128;0.446398;0.541630;0.670909;0.793369;0.891774;1.000000
2,test_00487,16
3,test_00487,0.440359
1,test_00488,0.000000;0.127446;0.235414;0.371867;0.448709;0.521549;0.621117;0.739092;0.849401;1.000000
2,test_00488,-1
3,test_00488,0.447687
1,test_00489,0.000000;0.099277;0.210287;0.323415;0.429444;0.559168;0.668304;0.777405;0.888344;1.000000
2,test_00489,15
3,test_00489,0.470553
1,test_00490,0.000000;0.099941;0.234349;0.362336;0.461030;0.576964;0.694071;0.789867;0.894646;1.000000
2,test_00490,-1
3,test_00490,0.467971
1,test_00491,0.000000;0.125074;0.229828;0.338438;0.441649;0.552031;0.656407;0.776168;0.895635;1.000000
2,test_00491,18
3,test_00491,0.461987
1,test_00492,0.000000;0.115412;0.260839;0.379486;0.477931;0.609430;0.724580;0.805874;0.901741;1.000000
2,test_00492,-1
3,test_00492,0.444821
1,test_00493,0.000000;0.109644;0.222634;0.336281;0.455908;0.564856;0.667504;0.773036;0.886015;1.000000
2,test_00493,12
3,test_00493,0.460897
1,test_00494,0.000000;0.112344;0.222652;0.336817;0.451486;0.562386;0.673508;0.781881;0.888285;1.000000
2,test_00494,20
3,test_00494,0.466392
1,test_00495,0.000000;0.110974;0.223773;0.337893;0.448078;0.567164;0.670585;0.771945;0.879925;1.000000
2,test_00495,36
3,test_00495,0.458080
1,test_00496,0.000000;0.132231;0.232210;0.332758;0.444916;0.556132;0.662718;0.760722;0.844614;1.000000
2,test_00496,-1
3,test_00496,0.470621
1,test_00497,0.000000;0.109104;0.228837;0.341762;0.454882;0.569311;0.682016;0.776132;0.876932;1.000000
2,test_00497,10
3,test_00497,0.470734
1,test_00498,0.000000;0.099711;0.224092;0.329673;0.444325;0.560609;0.663763;0.774109;0.884547;1.000000
2,test_00498,47
3,test_00498,0.468357
1,test_00499,0.000000;0.108090;0.225134;0.338098;0.450975;0.564338;0.677650;0.783144;0.893882;1.000000
2,test_00499,39
3,test_00499,0.461831
1,test_00500,0.000000;0.116963;0.225267;0.368259;0.489162;0.600652;0.710966;0.828560;0.904702;1.000000
2,test_00500,-1
3,test_00500,0.467703
1,test_00501,0.000000;0.139264;0.255812;0.365956;0.488635;0.598798;0.697578;0.786025;0.892493;1.000000
2,test_00501,-1
3,test_00501,0.474494
1,test_00502,0.000000;0.110122;0.223752;0.335678;0.452379;0.564914;0.670022;0.787640;0.896892;1.000000
2,test_00502,22
3,test_00502,0.453835
1,test_00503,0.000000;0.104733;0.223182;0.335558;0.446220;0.549196;0.657133;0.765797;0.876724;1.000000
2,test_00503,2
3,test_00503,0.461534
1,test_00504,0.000000;0.116005;0.226737;0.339187;0.450510;0.565891;0.664038;0.781882;0.894745;1.000000
2,test_00504,7
3,test_00504,0.455739
1,test_00505,0.000000;0.102855;0.212931;0.319076;0.448565;0.566242;0.682087;0.789711;0.892991;1.000000
2,test_00505,24
3,test_00505,0.474685
1,test_00506,0.000000;0.122807;0.224065;0.353831;0.442222;0.554027;0.662030;0.757397;0.860993;1.000000
2,test_00506,-1
3,test_00506,0.450869
1,test_00507,0.000000;0.103110;0.222392;0.325539;0.441055;0.551544;0.650121;0.764290;0.873999;1.000000
2,test_00507,38
3,test_00507,0.471962
1,test_00508,0.000000;0.112543;0.222887;0.335288;0.444123;0.554894;0.668297;0.784907;0.893819;1.000000
2,test_00508,21
3,test_00508,0.464525
1,test_00509,0.000000;0.108090;0.225134;0.338098;0.450975;0.564338;0.677650;0.783144;0.893882;1.000000
2,test_00509,39
3,test_00509,0.461831
1,test_00510,0.000000;0.109104;0.228837;0.341762;0.454882;0.569311;0.682016;0.776132;0.876932;1.000000
2,test_00510,17
3,test_00510,0.470734
1,test_00511,0.000000;0.109644;0.222634;0.336281;0.455908;0.564856;0.667504;0.773036;0.886015;1.000000
2,test_00511,12
3,test_00511,0.460897
1,test_00512,0.000000;0.126382;0.237307;0.339170;0.450400;0.559117;0.667802;0.786067;0.895666;1.000000
2,test_00512,8
3,test_00512,0.466198
1,test_00513,0.000000;0.124875;0.258100;0.382760;0.496614;0.606979;0.703710;0.794118;0.899686;1.000000
2,test_00513,-1
3,test_00513,0.453088
1,test_00514,0.000000;0.104733;0.223182;0.335558;0.446220;0.549196;0.657133;0.765797;0.876724;1.000000
2,test_00514,9
3,test_00514,0.461534
1,test_00515,0.000000;0.094781;0.222891;0.333901;0.437954;0.550199;0.656469;0.772664;0.877219;1.000000
2,test_00515,43
3,test_00515,0.465892
1,test_00516,0.000000;0.106564;0.190422;0.299221;0.415046;0.509200;0.623368;0.788392;0.907205;1.000000
2,test_00516,-1
3,test_00516,0.457611
1,test_00517,0.000000;0.105517;0.232531;0.341304;0.439653;0.592918;0.680696;0.800785;0.894138;1.000000
2,test_00517,-1
3,test_00517,0.463221
1,test_00518,0.000000;0.112344;0.222652;0.336817;0.451486;0.562386;0.673508;0.781881;0.888285;1.000000
2,test_00518,27
3,test_00518,0.466392
1,test_00519,0.000000;0.110122;0.223752;0.335678;0.452379;0.564914;0.670022;0.787640;0.896892;1.000000
2,test_00519,22
3,test_00519,0.453835
1,test_00520,0.000000;0.122156;0.231502;0.335384;0.454719;0.563137;0.668078;0.771007;0.895043;1.000000
2,test_00520,13
3,test_00520,0.461512
1,test_00521,0.000000;0.112344;0.222652;0.336817;0.451486;0.562386;0.673508;0.781881;0.888285;1.000000
2,test_00521,20
3,test_00521,0.466392
1,test_00522,0.000000;0.098610;0.207167;0.308245;0.389966;0.524331;0.635129;0.756466;0.873028;1.000000
2,test_00522,-1
3,test_00522,0.476842
1,test_00523,0.000000;0.122255;0.216340;0.334728;0.439366;0.550278;0.659329;0.759949;0.875147;1.000000
2,test_00523,44
3,test_00523,0.471424
1,test_00524,0.000000;0.122255;0.216340;0.334728;0.439366;0.550278;0.659329;0.759949;0.875147;1.000000
2,test_00524,44
3,test_00524,0.471424
1,test_00525,0.000000;0.109644;0.222634;0.336281;0.455908;0.564856;0.667504;0.773036;0.886015;1.000000
2,test_00525,12
3,test_00525,0.460897
1,test_00526,0.000000;0.103110;0.222392;0.325539;0.441055;0.551544;0.650121;0.764290;0.873999;1.000000
2,test_00526,38
3,test_00526,0.471962
1,test_00527,0.000000;0.114274;0.194411;0.298601;0.388084;0.493998;0.590941;0.741366;0.873847;1.000000
2,test_00527,-1
3,test_00527,0.485683
1,test_00528,0.000000;0.125074;0.229828;0.338438;0.441649;0.552031;0.656407;0.776168;0.895635;1.000000
2,test_00528,11
3,test_00528,0.461987
1,test_00529,0.000000;0.116005;0.226737;0.339187;0.450510;0.565891;0.664038;0.781882;0.894745;1.000000
2,test_00529,7
3,test_00529,0.455739
1,test_00530,0.000000;0.112344;0.222652;0.336817;0.451486;0.562386;0.673508;0.781881;0.888285;1.000000
2,test_00530,25
3,test_00530,0.466392
1,test_00531,0.000000;0.119503;0.247100;0.333389;0.445675;0.549277;0.662051;0.771216;0.885722;1.000000
2,test_00531,-1
3,test_00531,0.467457
1,test_00532,0.000000;0.109964;0.219918;0.339506;0.456580;0.566301;0.678497;0.784933;0.899912;1.000000
2,test_00532,-1
3,test_00532,0.479195
1,test_00533,0.000000;0.128484;0.258179;0.383839;0.505926;0.603532;0.701554;0.798918;0.905724;1.000000
2,test_00533,-1
3,test_00533,0.463631
1,test_00534,0.000000;0.109862;0.232786;0.347246;0.457960;0.585902;0.697454;0.794290;0.904001;1.000000
2,test_00534,-1
3,test_00534,0.491705
1,test_00535,0.000000;0.114964;0.220915;0.327766;0.432615;0.550684;0.666925;0.787166;0.890403;1.000000
2,test_00535,23
3,test_00535,0.465188
1,test_00536,0.000000;0.107993;0.211837;0.317663;0.429660;0.554736;0.671413;0.776934;0.892567;1.000000
2,test_00536,5
3,test_00536,0.468145
1,test_00537,0.000000;0.112344;0.222652;0.336817;0.451486;0.562386;0.673508;0.781881;0.888285;1.000000
2,test_00537,26
3,test_00537,0.466392
1,test_00538,0.000000;0.103110;0.222392;0.325539;0.441055;0.551544;0.650121;0.764290;0.873999;1.000000
2,test_00538,31
3,test_00538,0.471962
1,test_00539,0.000000;0.119677;0.238641;0.326304;0.438057;0.568288;0.691618;0.799594;0.911953;1.000000
2,test_00539,-1
3,test_00539,0.459506
1,test_00540,0.000000;0.106279;0.190270;0.311915;0.421400;0.545770;0.636513;0.732626;0.843888;1.000000
2,test_00540,-1
3,test_00540,0.469983
1,test_00541,0.000000;0.115211;0.238332;0.346622;0.452626;0.561298;0.665504;0.778368;0.888165;1.000000
2,test_00541,37
3,test_00541,0.465629
1,test_00542,0.000000;0.103110;0.222392;0.325539;0.441055;0.551544;0.650121;0.764290;0.873999;1.000000
2,test_00542,31
3,test_00542,0.471962
1,test_00543,0.000000;0.112344;0.222652;0.336817;0.451486;0.562386;0.673508;0.781881;0.888285;1.000000
2,test_00543,27
3,test_00543,0.466392
1,test_00544,0.000000;0.118729;0.200125;0.311294;0.443058;0.587976;0.696137;0.799621;0.894967;1.000000
2,test_00544,-1
3,test_00544,0.455468
1,test_00545,0.000000;0.099711;0.224092;0.329673;0.444325;0.560609;0.663763;0.774109;0.884547;1.000000
2,test_00545,47
3,test_00545,0.468357
1,test_00546,0.000000;0.115211;0.238332;0.346622;0.452626;0.561298;0.665504;0.778368;0.888165;1.000000
2,test_00546,30
3,test_00546,0.465629
1,test_00547,0.000000;0.112344;0.222652;0.336817;0.451486;0.562386;0.673508;0.781881;0.888285;1.000000
2,test_00547,27
3,test_00547,0.466392
1,test_00548,0.000000;0.112344;0.222652;0.336817;0.451486;0.562386;0.673508;0.781881;0.888285;1.000000
2,test_00548,26
3,test_00548,0.466392
1,test_00549,0.000000;0.111106;0.217781;0.311502;0.421680;0.539497;0.652763;0.771239;0.886831;1.000000
2,test_00549,48
3,test_00549,0.453036
1,test_00550,0.000000;0.126382;0.237307;0.339170;0.450400;0.559117;0.667802;0.786067;0.895666;1.000000
2,test_00550,1
3,test_00550,0.466198
1,test_00551,0.000000;0.110244;0.212607;0.330485;0.446712;0.556305;0.673182;0.791374;0.902094;1.000000
2,test_00551,46
3,test_00551,0.448540
1,test_00552,0.000000;0.111106;0.217781;0.311502;0.421680;0.539497;0.652763;0.771239;0.886831;1.000000
2,test_00552,41
3,test_00552,0.453036
1,test_00553,0.000000;0.104733;0.223182;0.335558;0.446220;0.549196;0.657133;0.765797;0.876724;1.000000
2,test_00553,9
3,test_00553,0.461534
1,test_00554,0.000000;0.111106;0.217781;0.311502;0.421680;0.539497;0.652763;0.771239;0.886831;1.000000
2,test_00554,48
3,test_00554,0.453036
1,test_00555,0.000000;0.114559;0.214147;0.325311;0.437686;0.547307;0.660492;0.768955;0.888859;1.000000
2,test_00555,42
3,test_00555,0.484168
1,test_00556,0.000000;0.112543;0.222887;0.335288;0.444123;0.554894;0.668297;0.784907;0.893819;1.000000
2,test_00556,21
3,test_00556,0.464525
1,test_00557,0.000000;0.112344;0.222652;0.336817;0.451486;0.562386;0.673508;0.781881;0.888285;1.000000
2,test_00557,20
3,test_00557,0.466392
1,test_00558,0.000000;0.110974;0.223773;0.337893;0.448078;0.567164;0.670585;0.771945;0.879925;1.000000
2,test_00558,36
3,test_00558,0.458080
1,test_00559,0.000000;0.107993;0.211837;0.317663;0.429660;0.554736;0.671413;0.776934;0.892567;1.000000
2,test_00559,5
3,test_00559,0.468145
1,test_00560,0.000000;0.110244;0.212607;0.330485;0.446712;0.556305;0.673182;0.791374;0.902094;1.000000
2,test_00560,4
3,test_00560,0.448540
1,test_00561,0.000000;0.111106;0.217781;0.311502;0.421680;0.539497;0.652763;0.771239;0.886831;1.000000
2,test_00561,41
3,test_00561,0.453036
1,test_00562,0.000000;0.102060;0.207747;0.316743;0.414562;0.528589;0.638906;0.778427;0.893714;1.000000
2,test_00562,-1
3,test_00562,0.474210
1,test_00563,0.000000;0.119394;0.215663;0.322995;0.428746;0.544596;0.671583;0.781870;0.885240;1.000000
2,test_00563,6
3,test_00563,0.461496
1,test_00564,0.000000;0.111106;0.217781;0.311502;0.421680;0.539497;0.652763;0.771239;0.886831;1.000000
2,test_00564,48
3,test_00564,0.453036
1,test_00565,0.000000;0.114559;0.214147;0.325311;0.437686;0.547307;0.660492;0.768955;0.888859;1.000000
2,test_00565,49
3,test_00565,0.484168
1,test_00566,0.000000;0.102855;0.212931;0.319076;0.448565;0.566242;0.682087;0.789711;0.892991;1.000000
2,test_00566,24
3,test_00566,0.474685
1,test_00567,0.000000;0.122156;0.231502;0.335384;0.454719;0.563137;0.668078;0.771007;0.895043;1.000000
2,test_00567,13
3,test_00567,0.461512
1,test_00568,0.000000;0.105431;0.223879;0.338099;0.442667;0.557015;0.657296;0.767367;0.901181;1.000000
2,test_00568,-1
3,test_00568,0.506677
1,test_00569,0.000000;0.121977;0.231152;0.347126;0.456123;0.551362;0.663672;0.776009;0.892431;1.000000
2,test_00569,-1
3,test_00569,0.463229
1,test_00570,0.000000;0.126382;0.237307;0.339170;0.450400;0.559117;0.667802;0.786067;0.895666;1.000000
2,test_00570,1
3,test_00570,0.466198
1,test_00571,0.000000;0.111509;0.230278;0.341604;0.444999;0.565259;0.677215;0.782219;0.887417;1.000000
2,test_00571,3
3,test_00571,0.461232
1,test_00572,0.000000;0.106442;0.249666;0.393215;0.510155;0.592145;0.677482;0.772460;0.878991;1.000000
2,test_00572,-1
3,test_00572,0.438506
1,test_00573,0.000000;0.109644;0.222634;0.336281;0.455908;0.564856;0.667504;0.773036;0.886015;1.000000
2,test_00573,19
3,test_00573,0.460897
1,test_00574,0.000000;0.100928;0.208735;0.312632;0.434895;0.549406;0.668007;0.778746;0.894910;1.000000
2,test_00574,14
3,test_00574,0.465568
1,test_00575,0.000000;0.098731;0.215134;0.330825;0.445711;0.564368;0.677153;0.786519;0.884987;1.000000
2,test_00575,-1
3,test_00575,0.447511
1,test_00576,0.000000;0.111509;0.230278;0.341604;0.444999;0.565259;0.677215;0.782219;0.887417;1.000000
2,test_00576,45
3,test_00576,0.461232
1,test_00577,0.000000;0.116005;0.226737;0.339187;0.450510;0.565891;0.664038;0.781882;0.894745;1.000000
2,test_00577,7
3,test_00577,0.455739
1,test_00578,0.000000;0.113097;0.228928;0.351779;0.456577;0.581470;0.694111;0.802975;0.905502;1.000000
2,test_00578,-1
3,test_00578,0.463003
1,test_00579,0.000000;0.111106;0.217781;0.311502;0.421680;0.539497;0.652763;0.771239;0.886831;1.000000
2,test_00579,48
3,test_00579,0.453036
1,test_00580,0.000000;0.114559;0.214147;0.325311;0.437686;0.547307;0.660492;0.768955;0.888859;1.000000
2,test_00580,42
3,test_00580,0.484168
1,test_00581,0.000000;0.108090;0.225134;0.338098;0.450975;0.564338;0.677650;0.783144;0.893882;1.000000
2,test_00581,32
3,test_00581,0.461831
1,test_00582,0.000000;0.115211;0.238332;0.346622;0.452626;0.561298;0.665504;0.778368;0.888165;1.000000
2,test_00582,37
3,test_00582,0.465629
1,test_00583,0.000000;0.112344;0.222652;0.336817;0.451486;0.562386;0.673508;0.781881;0.888285;1.000000
2,test_00583,26
3,test_00583,0.466392
1,test_00584,0.000000;0.108042;0.229604;0.350843;0.443549;0.549293;0.651332;0.769680;0.886394;1.000000
2,test_00584,-1
3,test_00584,0.494089
1,test_00585,0.000000;0.109644;0.222634;0.336281;0.455908;0.564856;0.667504;0.773036;0.886015;1.000000
2,test_00585,19
3,test_00585,0.460897
1,test_00586,0.000000;0.126382;0.237307;0.339170;0.450400;0.559117;0.667802;0.786067;0.895666;1.000000
2,test_00586,8
3,test_00586,0.466198
1,test_00587,0.000000;0.112543;0.222887;0.335288;0.444123;0.554894;0.668297;0.784907;0.893819;1.000000
2,test_00587,21
3,test_00587,0.464525
1,test_00588,0.000000;0.114559;0.214147;0.325311;0.437686;0.547307;0.660492;0.768955;0.888859;1.000000
2,test_00588,42
3,test_00588,0.484168
1,test_00589,0.000000;0.101897;0.225831;0.315174;0.436571;0.543243;0.656068;0.769107;0.882636;1.000000
2,test_00589,-1
3,test_00589,0.454554
1,test_00590,0.000000;0.103144;0.217227;0.321420;0.438868;0.564167;0.662241;0.766911;0.893168;1.000000
2,test_00590,34
3,test_00590,0.473065
1,test_00591,0.000000;0.109644;0.222634;0.336281;0.455908;0.564856;0.667504;0.773036;0.886015;1.000000
2,test_00591,12
3,test_00591,0.460897
1,test_00592,0.000000;0.094872;0.212370;0.314130;0.421127;0.516575;0.630883;0.752484;0.892305;1.000000
2,test_00592,-1
3,test_00592,0.458547
1,test_00593,0.000000;0.110244;0.212607;0.330485;0.446712;0.556305;0.673182;0.791374;0.902094;1.000000
2,test_00593,4
3,test_00593,0.448540
1,test_00594,0.000000;0.103110;0.222392;0.325539;0.441055;0.551544;0.650121;0.764290;0.873999;1.000000
2,test_00594,38
3,test_00594,0.471962
1,test_00595,0.000000;0.094781;0.222891;0.333901;0.437954;0.550199;0.656469;0.772664;0.877219;1.000000
2,test_00595,43
3,test_00595,0.465892
1,test_00596,0.000000;0.122156;0.231502;0.335384;0.454719;0.563137;0.668078;0.771007;0.895043;1.000000
2,test_00596,13
3,test_00596,0.461512
1,test_00597,0.000000;0.110122;0.223752;0.335678;0.452379;0.564914;0.670022;0.787640;0.896892;1.000000
2,test_00597,29
3,test_00597,0.453835
1,test_00598,0.000000;0.094781;0.222891;0.333901;0.437954;0.550199;0.656469;0.772664;0.877219;1.000000
2,test_00598,43
3,test_00598,0.465892
1,test_00599,0.000000;0.111106;0.217781;0.311502;0.421680;0.539497;0.652763;0.771239;0.886831;1.000000
2,test_00599,48
3,test_00599,0.453036
1,test_00600,0.000000;0.109104;0.228837;0.341762;0.454882;0.569311;0.682016;0.776132;0.876932;1.000000
2,test_00600,10
3,test_00600,0.470734
1,test_00601,0.000000;0.116005;0.226737;0.339187;0.450510;0.565891;0.664038;0.781882;0.894745;1.000000
2,test_00601,7
3,test_00601,0.455739
1,test_00602,0.000000;0.125074;0.229828;0.338438;0.441649;0.552031;0.656407;0.776168;0.895635;1.000000
2,test_00602,11
3,test_00602,0.461987
1,test_00603,0.000000;0.108090;0.225134;0.338098;0.450975;0.564338;0.677650;0.783144;0.893882;1.000000
2,test_00603,32
3,test_00603,0.461831
1,test_00604,0.000000;0.103110;0.222392;0.325539;0.441055;0.551544;0.650121;0.764290;0.873999;1.000000
2,test_00604,38
3,test_00604,0.471962
1,test_00605,0.000000;0.110974;0.223773;0.337893;0.448078;0.567164;0.670585;0.771945;0.879925;1.000000
2,test_00605,36
3,test_00605,0.458080
1,test_00606,0.000000;0.129846;0.246105;0.357636;0.467063;0.588983;0.689013;0.788147;0.896758;1.000000
2,test_00606,-1
3,test_00606,0.498955
1,test_00607,0.000000;0.114414;0.208796;0.327662;0.417842;0.506583;0.625559;0.765558;0.886996;1.000000
2,test_00607,-1
3,test_00607,0.444895
1,test_00608,0.000000;0.140216;0.251899;0.356193;0.469617;0.581343;0.661582;0.768805;0.892180;1.000000
2,test_00608,-1
3,test_00608,0.487912
1,test_00609,0.000000;0.101614;0.215817;0.344156;0.424515;0.533249;0.632031;0.736595;0.861103;1.000000
2,test_00609,-1
3,test_00609,0.478733
1,test_00610,0.000000;0.114964;0.220915;0.327766;0.432615;0.550684;0.666925;0.787166;0.890403;1.000000
2,test_00610,23
3,test_00610,0.465188
1,test_00611,0.000000;0.111509;0.230278;0.341604;0.444999;0.565259;0.677215;0.782219;0.887417;1.000000
2,test_00611,3
3,test_00611,0.461232
1,test_00612,0.000000;0.121976;0.234611;0.345053;0.442339;0.548782;0.669472;0.777891;0.878758;1.000000
2,test_00612,-1
3,test_00612,0.474735
1,test_00613,0.000000;0.116005;0.226737;0.339187;0.450510;0.565891;0.664038;0.781882;0.894745;1.000000
2,test_00613,7
3,test_00613,0.455739
1,test_00614,0.000000;0.107993;0.211837;0.317663;0.429660;0.554736;0.671413;0.776934;0.892567;1.000000
2,test_00614,5
3,test_00614,0.468145
1,test_00615,0.000000;0.108090;0.225134;0.338098;0.450975;0.564338;0.677650;0.783144;0.893882;1.000000
2,test_00615,32
3,test_00615,0.461831
1,test_00616,0.000000;0.102855;0.212931;0.319076;0.448565;0.566242;0.682087;0.789711;0.892991;1.000000
2,test_00616,24
3,test_00616,0.474685
1,test_00617,0.000000;0.109104;0.228837;0.341762;0.454882;0.569311;0.682016;0.776132;0.876932;1.000000
2,test_00617,17
3,test_00617,0.470734
1,test_00618,0.000000;0.109588;0.213644;0.326169;0.445755;0.561643;0.685418;0.786981;0.896842;1.000000
2,test_00618,33
3,test_00618,0.461751
1,test_00619,0.000000;0.107993;0.211837;0.317663;0.429660;0.554736;0.671413;0.776934;0.892567;1.000000
2,test_00619,5
3,test_00619,0.468145
1,test_00620,0.000000;0.121302;0.236583;0.327853;0.420744;0.527430;0.671945;0.789283;0.897961;1.000000
2,test_00620,-1
3,test_00620,0.484569
1,test_00621,0.000000;0.111909;0.216738;0.308174;0.431255;0.538767;0.650810;0.766266;0.886169;1.000000
2,test_00621,-1
3,test_00621,0.438467
1,test_00622,0.000000;0.128005;0.232194;0.319687;0.448793;0.562528;0.652920;0.781094;0.899463;1.000000
2,test_00622,-1
3,test_00622,0.463889
1,test_00623,0.000000;0.091777;0.177889;0.272905;0.393930;0.504023;0.637880;0.773935;0.870828;1.000000
2,test_00623,-1
3,test_00623,0.508517
1,test_00624,0.000000;0.110237;0.234613;0.347509;0.458612;0.550203;0.659466;0.771346;0.877051;1.000000
2,test_00624,-1
3,test_00624,0.456172
1,test_00625,0.000000;0.125074;0.229828;0.338438;0.441649;0.552031;0.656407;0.776168;0.895635;1.000000
2,test_00625,18
3,test_00625,0.461987
1,test_00626,0.000000;0.099711;0.224092;0.329673;0.444325;0.560609;0.663763;0.774109;0.884547;1.000000
2,test_00626,40
3,test_00626,0.468357
1,test_00627,0.000000;0.090823;0.181665;0.281210;0.412971;0.534548;0.655556;0.780802;0.892939;1.000000
2,test_00627,-1
3,test_00627,0.497388
1,test_00628,0.000000;0.126382;0.237307;0.339170;0.450400;0.559117;0.667802;0.786067;0.895666;1.000000
2,test_00628,1
3,test_00628,0.466198
1,test_00629,0.000000;0.112344;0.222652;0.336817;0.451486;0.562386;0.673508;0.781881;0.888285;1.000000
2,test_00629,27
3,test_00629,0.466392
1,test_00630,0.000000;0.110244;0.212607;0.330485;0.446712;0.556305;0.673182;0.791374;0.902094;1.000000
2,test_00630,4
3,test_00630,0.448540
1,test_00631,0.000000;0.110974;0.223773;0.337893;0.448078;0.567164;0.670585;0.771945;0.879925;1.000000
2,test_00631,36
3,test_00631,0.458080
1,test_00632,0.000000;0.102855;0.212931;0.319076;0.448565;0.566242;0.682087;0.789711;0.892991;1.000000
2,test_00632,24
3,test_00632,0.474685
1,test_00633,0.000000;0.102855;0.212931;0.319076;0.448565;0.566242;0.682087;0.789711;0.892991;1.000000
2,test_00633,24
3,test_00633,0.474685
1,test_00634,0.000000;0.116005;0.226737;0.339187;0.450510;0.565891;0.664038;0.781882;0.894745;1.000000
2,test_00634,0
3,test_00634,0.455739
1,test_00635,0.000000;0.125074;0.229828;0.338438;0.441649;0.552031;0.656407;0.776168;0.895635;1.000000
2,test_00635,11
3,test_00635,0.461987
1,test_00636,0.000000;0.106915;0.225403;0.323957;0.434383;0.540317;0.670089;0.771647;0.876918;1.000000
2,test_00636,-1
3,test_00636,0.473809
1,test_00637,0.000000;0.110974;0.223773;0.337893;0.448078;0.567164;0.670585;0.771945;0.879925;1.000000
2,test_00637,36
3,test_00637,0.458080
1,test_00638,0.000000;0.106021;0.225837;0.320265;0.424147;0.554744;0.646109;0.761278;0.856662;1.000000
2,test_00638,-1
3,test_00638,0.472926
1,test_00639,0.000000;0.112543;0.222887;0.335288;0.444123;0.554894;0.668297;0.784907;0.893819;1.000000
2,test_00639,21
3,test_00639,0.464525
1,test_00640,0.000000;0.110974;0.223773;0.337893;0.448078;0.567164;0.670585;0.771945;0.879925;1.000000
2,test_00640,36
3,test_00640,0.458080
1,test_00641,0.000000;0.122021;0.241986;0.373922;0.472659;0.587041;0.673006;0.778265;0.888413;1.000000
2,test_00641,-1
3,test_00641,0.467448
1,test_00642,0.000000;0.113214;0.227122;0.365341;0.458013;0.572572;0.661500;0.771419;0.883845;1.000000
2,test_00642,-1
3,test_00642,0.457235
1,test_00643,0.000000;0.114559;0.214147;0.325311;0.437686;0.547307;0.660492;0.768955;0.888859;1.000000
2,test_00643,49
3,test_00643,0.484168
1,test_00644,0.000000;0.116005;0.226737;0.339187;0.450510;0.565891;0.664038;0.781882;0.894745;1.000000
2,test_00644,7
3,test_00644,0.455739
1,test_00645,0.000000;0.110122;0.223752;0.335678;0.452379;0.564914;0.670022;0.787640;0.896892;1.000000
2,test_00645,29
3,test_00645,0.453835
1,test_00646,0.000000;0.113220;0.236688;0.344886;0.432914;0.542863;0.655560;0.775509;0.893760;1.000000
2,test_00646,-1
3,test_00646,0.444225
1,test_00647,0.000000;0.099277;0.210287;0.323415;0.429444;0.559168;0.668304;0.777405;0.888344;1.000000
2,test_00647,15
3,test_00647,0.470553
1,test_00648,0.000000;0.112344;0.222652;0.336817;0.451486;0.562386;0.673508;0.781881;0.888285;1.000000
2,test_00648,25
3,test_00648,0.466392
1,test_00649,0.000000;0.109104;0.228837;0.341762;0.454882;0.569311;0.682016;0.776132;0.876932;1.000000
2,test_00649,10
3,test_00649,0.470734
1,test_00650,0.000000;0.107993;0.211837;0.317663;0.429660;0.554736;0.671413;0.776934;0.892567;1.000000
2,test_00650,5
3,test_00650,0.468145
1,test_00651,0.000000;0.101206;0.193599;0.329483;0.444491;0.553689;0.659724;0.772689;0.883983;1.000000
2,test_00651,-1
3,test_00651,0.487838
1,test_00652,0.000000;0.092508;0.192704;0.306130;0.419787;0.564477;0.668024;0.765262;0.870838;1.000000
2,test_00652,-1
3,test_00652,0.479693
1,test_00653,0.000000;0.103110;0.222392;0.325539;0.441055;0.551544;0.650121;0.764290;0.873999;1.000000
2,test_00653,38
3,test_00653,0.471962
1,test_00654,0.000000;0.110122;0.223752;0.335678;0.452379;0.564914;0.670022;0.787640;0.896892;1.000000
2,test_00654,29
3,test_00654,0.453835
1,test_00655,0.000000;0.112344;0.222652;0.336817;0.451486;0.562386;0.673508;0.781881;0.888285;1.000000
2,test_00655,25
3,test_00655,0.466392
1,test_00656,0.000000;0.111106;0.217781;0.311502;0.421680;0.539497;0.652763;0.771239;0.886831;1.000000
2,test_00656,41
3,test_00656,0.453036
1,test_00657,0.000000;0.121354;0.239249;0.351697;0.471223;0.594049;0.695434;0.787251;0.894318;1.000000
2,test_00657,35
3,test_00657,0.473054
1,test_00658,0.000000;0.100928;0.208735;0.312632;0.434895;0.549406;0.668007;0.778746;0.894910;1.000000
2,test_00658,14
3,test_00658,0.465568
1,test_00659,0.000000;0.116005;0.226737;0.339187;0.450510;0.565891;0.664038;0.781882;0.894745;1.000000
2,test_00659,7
3,test_00659,0.455739
1,test_00660,0.000000;0.119394;0.215663;0.322995;0.428746;0.544596;0.671583;0.781870;0.885240;1.000000
2,test_00660,6
3,test_00660,0.461496
1,test_00661,0.000000;0.109104;0.228837;0.341762;0.454882;0.569311;0.682016;0.776132;0.876932;1.000000
2,test_00661,17
3,test_00661,0.470734
1,test_00662,0.000000;0.108280;0.237170;0.345673;0.444909;0.548395;0.644826;0.741049;0.879625;1.000000
2,test_00662,-1
3,test_00662,0.455491
1,test_00663,0.000000;0.109783;0.223535;0.325961;0.465624;0.584747;0.689535;0.790153;0.894186;1.000000
2,test_00663,-1
3,test_00663,0.482938
1,test_00664,0.000000;0.104733;0.223182;0.335558;0.446220;0.549196;0.657133;0.765797;0.876724;1.000000
2,test_00664,2
3,test_00664,0.461534
1,test_00665,0.000000;0.112344;0.222652;0.336817;0.451486;0.562386;0.673508;0.781881;0.888285;1.000000
2,test_00665,20
3,test_00665,0.466392
1,test_00666,0.000000;0.096988;0.174820;0.240988;0.361829;0.477649;0.606173;0.753961;0.872457;1.000000
2,test_00666,-1
3,test_00666,0.481143
1,test_00667,0.000000;0.116005;0.226737;0.339187;0.450510;0.565891;0.664038;0.781882;0.894745;1.000000
2,test_00667,0
3,test_00667,0.455739
1,test_00668,0.000000;0.114196;0.215127;0.307167;0.410268;0.516108;0.631503;0.769165;0.887539;1.000000
2,test_00668,-1
3,test_00668,0.480468
1,test_00669,0.000000;0.080899;0.186338;0.295891;0.408756;0.535847;0.646333;0.770090;0.888553;1.000000
2,test_00669,-1
3,test_00669,0.463123
1,test_00670,0.000000;0.110353;0.218780;0.329632;0.431558;0.522801;0.621492;0.747903;0.859587;1.000000
2,test_00670,-1
3,test_00670,0.460847
1,test_00671,0.000000;0.112543;0.222887;0.335288;0.444123;0.554894;0.668297;0.784907;0.893819;1.000000
2,test_00671,21
3,test_00671,0.464525
1,test_00672,0.000000;0.112344;0.222652;0.336817;0.451486;0.562386;0.673508;0.781881;0.888285;1.000000
2,test_00672,25
3,test_00672,0.466392
1,test_00673,0.000000;0.112543;0.222887;0.335288;0.444123;0.554894;0.668297;0.784907;0.893819;1.000000
2,test_00673,21
3,test_00673,0.464525
1,test_00674,0.000000;0.108090;0.225134;0.338098;0.450975;0.564338;0.677650;0.783144;0.893882;1.000000
2,test_00674,32
3,test_00674,0.461831
1,test_00675,0.000000;0.085142;0.210753;0.341372;0.442781;0.533863;0.661030;0.770188;0.885464;1.000000
2,test_00675,-1
3,test_00675,0.452315
1,test_00676,0.000000;0.112543;0.222887;0.335288;0.444123;0.554894;0.668297;0.784907;0.893819;1.000000
2,test_00676,28
3,test_00676,0.464525
1,test_00677,0.000000;0.132093;0.240410;0.361832;0.473643;0.585263;0.691071;0.797312;0.897401;1.000000
2,test_00677,-1
3,test_00677,0.479255
1,test_00678,0.000000;0.103110;0.222392;0.325539;0.441055;0.551544;0.650121;0.764290;0.873999;1.000000
2,test_00678,31
3,test_00678,0.471962
1,test_00679,0.000000;0.111106;0.217781;0.311502;0.421680;0.539497;0.652763;0.771239;0.886831;1.000000
2,test_00679,48
3,test_00679,0.453036
1,test_00680,0.000000;0.108090;0.225134;0.338098;0.450975;0.564338;0.677650;0.783144;0.893882;1.000000
2,test_00680,32
3,test_00680,0.461831
1,test_00681,0.000000;0.119394;0.215663;0.322995;0.428746;0.544596;0.671583;0.781870;0.885240;1.000000
2,test_00681,6
3,test_00681,0.461496
1,test_00682,0.000000;0.110244;0.212607;0.330485;0.446712;0.556305;0.673182;0.791374;0.902094;1.000000
2,test_00682,4
3,test_00682,0.448540
1,test_00683,0.000000;0.094319;0.215844;0.313023;0.425878;0.529333;0.631324;0.747600;0.868626;1.000000
2,test_00683,-1
3,test_00683,0.519782
1,test_00684,0.000000;0.122156;0.231502;0.335384;0.454719;0.563137;0.668078;0.771007;0.895043;1.000000
2,test_00684,13
3,test_00684,0.461512
1,test_00685,0.000000;0.120822;0.226836;0.351060;0.458484;0.552019;0.684245;0.795998;0.901471;1.000000
2,test_00685,-1
3,test_00685,0.469758
1,test_00686,0.000000;0.112344;0.222652;0.336817;0.451486;0.562386;0.673508;0.781881;0.888285;1.000000
2,test_00686,26
3,test_00686,0.466392
1,test_00687,0.000000;0.114559;0.214147;0.325311;0.437686;0.547307;0.660492;0.768955;0.888859;1.000000
2,test_00687,42
3,test_00687,0.484168
1,test_00688,0.000000;0.099756;0.209237;0.308268;0.433491;0.548453;0.667111;0.770147;0.875025;1.000000
2,test_00688,-1
3,test_00688,0.432760
1,test_00689,0.000000;0.119394;0.215663;0.322995;0.428746;0.544596;0.671583;0.781870;0.885240;1.000000
2,test_00689,6
3,test_00689,0.461496
1,test_00690,0.000000;0.125074;0.229828;0.338438;0.441649;0.552031;0.656407;0.776168;0.895635;1.000000
2,test_00690,18
3,test_00690,0.461987
1,test_00691,0.000000;0.119394;0.215663;0.322995;0.428746;0.544596;0.671583;0.781870;0.885240;1.000000
2,test_00691,6
3,test_00691,0.461496
1,test_00692,0.000000;0.112344;0.222652;0.336817;0.451486;0.562386;0.673508;0.781881;0.888285;1.000000
2,test_00692,20
3,test_00692,0.466392
1,test_00693,0.000000;0.112344;0.222652;0.336817;0.451486;0.562386;0.673508;0.781881;0.888285;1.000000
2,test_00693,20
3,test_00693,0.466392
1,test_00694,0.000000;0.107993;0.211837;0.317663;0.429660;0.554736;0.671413;0.776934;0.892567;1.000000
2,test_00694,5
3,test_00694,0.468145
1,test_00695,0.000000;0.122255;0.216340;0.334728;0.439366;0.550278;0.659329;0.759949;0.875147;1.000000
2,test_00695,44
3,test_00695,0.471424
1,test_00696,0.000000;0.105374;0.255435;0.376192;0.486527;0.586536;0.699584;0.808246;0.902899;1.000000
2,test_00696,-1
3,test_00696,0.530423
1,test_00697,0.000000;0.118098;0.241959;0.340241;0.448094;0.564696;0.668166;0.771367;0.878230;1.000000
2,test_00697,-1
3,test_00697,0.444969
1,test_00698,0.000000;0.112344;0.222652;0.336817;0.451486;0.562386;0.673508;0.781881;0.888285;1.000000
2,test_00698,20
3,test_00698,0.466392
1,test_00699,0.000000;0.123687;0.248168;0.361043;0.466596;0.565705;0.664129;0.774392;0.897931;1.000000
2,test_00699,-1
3,test_00699,0.450635
1,test_00700,0.000000;0.096673;0.213462;0.334325;0.454149;0.557174;0.679267;0.789035;0.894306;1.000000
2,test_00700,-1
3,test_00700,0.485885
1,test_00701,0.000000;0.116005;0.226737;0.339187;0.450510;0.565891;0.664038;0.781882;0.894745;1.000000
2,test_00701,7
3,test_00701,0.455739
1,test_00702,0.000000;0.093027;0.223909;0.354262;0.472767;0.577981;0.692057;0.805437;0.898527;1.000000
2,test_00702,-1
3,test_00702,0.450179
1,test_00703,0.000000;0.112344;0.222652;0.336817;0.451486;0.562386;0.673508;0.781881;0.888285;1.000000
2,test_00703,20
3,test_00703,0.466392
1,test_00704,0.000000;0.099277;0.210287;0.323415;0.429444;0.559168;0.668304;0.777405;0.888344;1.000000
2,test_00704,15
3,test_00704,0.470553
1,test_00705,0.000000;0.110244;0.212607;0.330485;0.446712;0.556305;0.673182;0.791374;0.902094;1.000000
2,test_00705,4
3,test_00705,0.448540
1,test_00706,0.000000;0.094425;0.218304;0.342028;0.450426;0.573879;0.680538;0.805012;0.902363;1.000000
2,test_00706,-1
3,test_00706,0.458673
1,test_00707,0.000000;0.119394;0.215663;0.322995;0.428746;0.544596;0.671583;0.781870;0.885240;1.000000
2,test_00707,6
3,test_00707,0.461496
1,test_00708,0.000000;0.114964;0.220915;0.327766;0.432615;0.550684;0.666925;0.787166;0.890403;1.000000
2,test_00708,23
3,test_00708,0.465188
1,test_00709,0.000000;0.107562;0.218581;0.344534;0.474191;0.556854;0.644178;0.761890;0.875365;1.000000
2,test_00709,-1
3,test_00709,0.491586
1,test_00710,0.000000;0.121354;0.239249;0.351697;0.471223;0.594049;0.695434;0.787251;0.894318;1.000000
2,test_00710,35
3,test_00710,0.473054
1,test_00711,0.000000;0.127762;0.227805;0.352128;0.446398;0.541630;0.670909;0.793369;0.891774;1.000000
2,test_00711,16
3,test_00711,0.440359
1,test_00712,0.000000;0.112543;0.222887;0.335288;0.444123;0.554894;0.668297;0.784907;0.893819;1.000000
2,test_00712,21
3,test_00712,0.464525
1,test_00713,0.000000;0.118016;0.226011;0.348837;0.471987;0.561696;0.660082;0.770242;0.883320;1.000000
2,test_00713,-1
3,test_00713,0.462423
1,test_00714,0.000000;0.120259;0.211337;0.316662;0.437043;0.528959;0.667039;0.768149;0.880593;1.000000
2,test_00714,-1
3,test_00714,0.454164
1,test_00715,0.000000;0.114964;0.220915;0.327766;0.432615;0.550684;0.666925;0.787166;0.890403;1.000000
2,test_00715,23
3,test_00715,0.465188
1,test_00716,0.000000;0.112543;0.222887;0.335288;0.444123;0.554894;0.668297;0.784907;0.893819;1.000000
2,test_00716,21
3,test_00716,0.464525
1,test_00717,0.000000;0.103110;0.222392;0.325539;0.441055;0.551544;0.650121;0.764290;0.873999;1.000000
2,test_00717,38
3,test_00717,0.471962
1,test_00718,0.000000;0.104733;0.223182;0.335558;0.446220;0.549196;0.657133;0.765797;0.876724;1.000000
2,test_00718,9
3,test_00718,0.461534
1,test_00719,0.000000;0.110244;0.212607;0.330485;0.446712;0.556305;0.673182;0.791374;0.902094;1.000000
2,test_00719,4
3,test_00719,0.448540
1,test_00720,0.000000;0.109588;0.213644;0.326169;0.445755;0.561643;0.685418;0.786981;0.896842;1.000000
2,test_00720,33
3,test_00720,0.461751
1,test_00721,0.000000;0.122255;0.216340;0.334728;0.439366;0.550278;0.659329;0.759949;0.875147;1.000000
2,test_00721,44
3,test_00721,0.471424
1,test_00722,0.000000;0.105329;0.237848;0.335093;0.459110;0.580409;0.672660;0.772053;0.891570;1.000000
2,test_00722,-1
3,test_00722,0.475368
1,test_00723,0.000000;0.109588;0.213644;0.326169;0.445755;0.561643;0.685418;0.786981;0.896842;1.000000
2,test_00723,33
3,test_00723,0.461751
1,test_00724,0.000000;0.114559;0.214147;0.325311;0.437686;0.547307;0.660492;0.768955;0.888859;1.000000
2,test_00724,42
3,test_00724,0.484168
1,test_00725,0.000000;0.111106;0.217781;0.311502;0.421680;0.539497;0.652763;0.771239;0.886831;1.000000
2,test_00725,48
3,test_00725,0.453036
1,test_00726,0.000000;0.112344;0.222652;0.336817;0.451486;0.562386;0.673508;0.781881;0.888285;1.000000
2,test_00726,20
3,test_00726,0.466392
1,test_00727,0.000000;0.103144;0.217227;0.321420;0.438868;0.564167;0.662241;0.766911;0.893168;1.000000
2,test_00727,34
3,test_00727,0.473065
1,test_00728,0.000000;0.116005;0.226737;0.339187;0.450510;0.565891;0.664038;0.781882;0.894745;1.000000
2,test_00728,7
3,test_00728,0.455739
1,test_00729,0.000000;0.109644;0.222634;0.336281;0.455908;0.564856;0.667504;0.773036;0.886015;1.000000
2,test_00729,12
3,test_00729,0.460897
1,test_00730,0.000000;0.110244;0.212607;0.330485;0.446712;0.556305;0.673182;0.791374;0.902094;1.000000
2,test_00730,4
3,test_00730,0.448540
1,test_00731,0.000000;0.098175;0.198450;0.285105;0.394268;0.520627;0.644582;0.741872;0.870987;1.000000
2,test_00731,-1
3,test_00731,0.464823
1,test_00732,0.000000;0.107217;0.209485;0.335162;0.444843;0.566884;0.681209;0.798637;0.902224;1.000000
2,test_00732,-1
3,test_00732,0.500041
1,test_00733,0.000000;0.111106;0.217781;0.311502;0.421680;0.539497;0.652763;0.771239;0.886831;1.000000
2,test_00733,48
3,test_00733,0.453036
1,test_00734,0.000000;0.101458;0.209814;0.335071;0.446424;0.553021;0.672323;0.775761;0.877814;1.000000
2,test_00734,-1
3,test_00734,0.468493
1,test_00735,0.000000;0.093010;0.193217;0.302647;0.422644;0.526725;0.636484;0.764107;0.892703;1.000000
2,test_00735,-1
3,test_00735,0.483419
1,test_00736,0.000000;0.114964;0.220915;0.327766;0.432615;0.550684;0.666925;0.787166;0.890403;1.000000
2,test_00736,23
3,test_00736,0.465188
1,test_00737,0.000000;0.099711;0.224092;0.329673;0.444325;0.560609;0.663763;0.774109;0.884547;1.000000
2,test_00737,40
3,test_00737,0.468357
1,test_00738,0.000000;0.116156;0.231463;0.332665;0.429400;0.540526;0.687032;0.781462;0.892252;1.000000
2,test_00738,-1
3,test_00738,0.453724
1,test_00739,0.000000;0.103110;0.222392;0.325539;0.441055;0.551544;0.650121;0.764290;0.873999;1.000000
2,test_00739,31
3,test_00739,0.471962
1,test_00740,0.000000;0.110244;0.212607;0.330485;0.446712;0.556305;0.673182;0.791374;0.902094;1.000000
2,test_00740,4
3,test_00740,0.448540
1,test_00741,0.000000;0.112344;0.222652;0.336817;0.451486;0.562386;0.673508;0.781881;0.888285;1.000000
2,test_00741,26
3,test_00741,0.466392
1,test_00742,0.000000;0.112344;0.222652;0.336817;0.451486;0.562386;0.673508;0.781881;0.888285;1.000000
2,test_00742,26
3,test_00742,0.466392
1,test_00743,0.000000;0.107334;0.231568;0.318071;0.397134;0.521525;0.636915;0.726415;0.897936;1.000000
2,test_00743,-1
3,test_00743,0.446368
1,test_00744,0.000000;0.119394;0.215663;0.322995;0.428746;0.544596;0.671583;0.781870;0.885240;1.000000
2,test_00744,6
3,test_00744,0.461496
1,test_00745,0.000000;0.111509;0.230278;0.341604;0.444999;0.565259;0.677215;0.782219;0.887417;1.000000
2,test_00745,3
3,test_00745,0.461232
1,test_00746,0.000000;0.122156;0.231502;0.335384;0.454719;0.563137;0.668078;0.771007;0.895043;1.000000
2,test_00746,13
3,test_00746,0.461512
1,test_00747,0.000000;0.119448;0.248661;0.344007;0.447979;0.563954;0.676998;0.773403;0.884718;1.000000
2,test_00747,-1
3,test_00747,0.471525
1,test_00748,0.000000;0.108090;0.225134;0.338098;0.450975;0.564338;0.677650;0.783144;0.893882;1.000000
2,test_00748,39
3,test_00748,0.461831
1,test_00749,0.000000;0.114964;0.220915;0.327766;0.432615;0.550684;0.666925;0.787166;0.890403;1.000000
2,test_00749,23
3,test_00749,0.465188
1,test_00750,0.000000;0.104733;0.223182;0.335558;0.446220;0.549196;0.657133;0.765797;0.876724;1.000000
2,test_00750,2
3,test_00750,0.461534
1,test_00751,0.000000;0.115211;0.238332;0.346622;0.452626;0.561298;0.665504;0.778368;0.888165;1.000000
2,test_00751,37
3,test_00751,0.465629
1,test_00752,0.000000;0.111106;0.217781;0.311502;0.421680;0.539497;0.652763;0.771239;0.886831;1.000000
2,test_00752,41
3,test_00752,0.453036
1,test_00753,0.000000;0.104733;0.223182;0.335558;0.446220;0.549196;0.657133;0.765797;0.876724;1.000000
2,test_00753,2
3,test_00753,0.461534
1,test_00754,0.000000;0.106214;0.227572;0.354167;0.464174;0.566088;0.660525;0.777803;0.883367;1.000000
2,test_00754,-1
3,test_00754,0.454446
1,test_00755,0.000000;0.109644;0.222634;0.336281;0.455908;0.564856;0.667504;0.773036;0.886015;1.000000
2,test_00755,19
3,test_00755,0.460897
1,test_00756,0.000000;0.103144;0.217227;0.321420;0.438868;0.564167;0.662241;0.766911;0.893168;1.000000
2,test_00756,34
3,test_00756,0.473065
1,test_00757,0.000000;0.112344;0.222652;0.336817;0.451486;0.562386;0.673508;0.781881;0.888285;1.000000
2,test_00757,25
3,test_00757,0.466392
1,test_00758,0.000000;0.110122;0.223752;0.335678;0.452379;0.564914;0.670022;0.787640;0.896892;1.000000
2,test_00758,29
3,test_00758,0.453835
1,test_00759,0.000000;0.119251;0.235049;0.341381;0.458448;0.559845;0.656453;0.747023;0.872315;1.000000
2,test_00759,-1
3,test_00759,0.445081
1,test_00760,0.000000;0.109588;0.213644;0.326169;0.445755;0.561643;0.685418;0.786981;0.896842;1.000000
2,test_00760,33
3,test_00760,0.461751
1,test_00761,0.000000;0.087235;0.195544;0.321307;0.421393;0.544329;0.653762;0.773683;0.896462;1.000000
2,test_00761,-1
3,test_00761,0.470992
1,test_00762,0.000000;0.112543;0.222887;0.335288;0.444123;0.554894;0.668297;0.784907;0.893819;1.000000
2,test_00762,28
3,test_00762,0.464525
1,test_00763,0.000000;0.114559;0.214147;0.325311;0.437686;0.547307;0.660492;0.768955;0.888859;1.000000
2,test_00763,49
3,test_00763,0.484168
1,test_00764,0.000000;0.100928;0.208735;0.312632;0.434895;0.549406;0.668007;0.778746;0.894910;1.000000
2,test_00764,14
3,test_00764,0.465568
1,test_00765,0.000000;0.126382;0.237307;0.339170;0.450400;0.559117;0.667802;0.786067;0.895666;1.000000
2,test_00765,1
3,test_00765,0.466198
1,test_00766,0.000000;0.109674;0.213019;0.337872;0.435093;0.574223;0.691594;0.785023;0.885627;1.000000
2,test_00766,-1
3,test_00766,0.501028
1,test_00767,0.000000;0.109104;0.228837;0.341762;0.454882;0.569311;0.682016;0.776132;0.876932;1.000000
2,test_00767,10
3,test_00767,0.470734
1,test_00768,0.000000;0.110244;0.212607;0.330485;0.446712;0.556305;0.673182;0.791374;0.902094;1.000000
2,test_00768,4
3,test_00768,0.448540
1,test_00769,0.000000;0.122156;0.231502;0.335384;0.454719;0.563137;0.668078;0.771007;0.895043;1.000000
2,test_00769,13
3,test_00769,0.461512
1,test_00770,0.000000;0.111509;0.230278;0.341604;0.444999;0.565259;0.677215;0.782219;0.887417;1.000000
2,test_00770,45
3,test_00770,0.461232
1,test_00771,0.000000;0.112344;0.222652;0.336817;0.451486;0.562386;0.673508;0.781881;0.888285;1.000000
2,test_00771,25
3,test_00771,0.466392
1,test_00772,0.000000;0.099940;0.219364;0.323372;0.422692;0.559824;0.660528;0.789277;0.885572;1.000000
2,test_00772,-1
3,test_00772,0.465866
1,test_00773,0.000000;0.112543;0.222887;0.335288;0.444123;0.554894;0.668297;0.784907;0.893819;1.000000
2,test_00773,28
3,test_00773,0.464525
1,test_00774,0.000000;0.094559;0.237730;0.359735;0.444383;0.558168;0.659678;0.765485;0.876600;1.000000
2,test_00774,-1
3,test_00774,0.462421
1,test_00775,0.000000;0.126382;0.237307;0.339170;0.450400;0.559117;0.667802;0.786067;0.895666;1.000000
2,test_00775,8
3,test_00775,0.466198
1,test_00776,0.000000;0.122156;0.231502;0.335384;0.454719;0.563137;0.668078;0.771007;0.895043;1.000000
2,test_00776,13
3,test_00776,0.461512
1,test_00777,0.000000;0.103110;0.222392;0.325539;0.441055;0.551544;0.650121;0.764290;0.873999;1.000000
2,test_00777,31
3,test_00777,0.471962
1,test_00778,0.000000;0.115211;0.238332;0.346622;0.452626;0.561298;0.665504;0.778368;0.888165;1.000000
2,test_00778,37
3,test_00778,0.465629
1,test_00779,0.000000;0.100930;0.190773;0.298193;0.406919;0.507812;0.601181;0.762358;0.875485;1.000000
2,test_00779,-1
3,test_00779,0.472965
1,test_00780,0.000000;0.117155;0.231050;0.342857;0.440395;0.540497;0.646437;0.733320;0.867502;1.000000
2,test_00780,-1
3,test_00780,0.439768
1,test_00781,0.000000;0.099711;0.224092;0.329673;0.444325;0.560609;0.663763;0.774109;0.884547;1.000000
2,test_00781,47
3,test_00781,0.468357
1,test_00782,0.000000;0.100928;0.208735;0.312632;0.434895;0.549406;0.668007;0.778746;0.894910;1.000000
2,test_00782,14
3,test_00782,0.465568
1,test_00783,0.000000;0.115211;0.238332;0.346622;0.452626;0.561298;0.665504;0.778368;0.888165;1.000000
2,test_00783,30
3,test_00783,0.465629
1,test_00784,0.000000;0.110244;0.212607;0.330485;0.446712;0.556305;0.673182;0.791374;0.902094;1.000000
2,test_00784,46
3,test_00784,0.448540
1,test_00785,0.000000;0.114559;0.214147;0.325311;0.437686;0.547307;0.660492;0.768955;0.888859;1.000000
2,test_00785,49
3,test_00785,0.484168
1,test_00786,0.000000;0.114559;0.214147;0.325311;0.437686;0.547307;0.660492;0.768955;0.888859;1.000000
2,test_00786,49
3,test_00786,0.484168
1,test_00787,0.000000;0.099277;0.210287;0.323415;0.429444;0.559168;0.668304;0.777405;0.888344;1.000000
2,test_00787,15
3,test_00787,0.470553
1,test_00788,0.000000;0.111509;0.230278;0.341604;0.444999;0.565259;0.677215;0.782219;0.887417;1.000000
2,test_00788,3
3,test_00788,0.461232
1,test_00789,0.000000;0.083463;0.182910;0.275155;0.399920;0.519169;0.629901;0.735790;0.875865;1.000000
2,test_00789,-1
3,test_00789,0.477069
1,test_00790,0.000000;0.108090;0.225134;0.338098;0.450975;0.564338;0.677650;0.783144;0.893882;1.000000
2,test_00790,32
3,test_00790,0.461831
1,test_00791,0.000000;0.109644;0.222634;0.336281;0.455908;0.564856;0.667504;0.773036;0.886015;1.000000
2,test_00791,19
3,test_00791,0.460897
1,test_00792,0.000000;0.116005;0.226737;0.339187;0.450510;0.565891;0.664038;0.781882;0.894745;1.000000
2,test_00792,0
3,test_00792,0.455739
1,test_00793,0.000000;0.127762;0.227805;0.352128;0.446398;0.541630;0.670909;0.793369;0.891774;1.000000
2,test_00793,16
3,test_00793,0.440359
1,test_00794,0.000000;0.124813;0.250009;0.382951;0.483045;0.592925;0.708152;0.808155;0.914810;1.000000
2,test_00794,-1
3,test_00794,0.459330
1,test_00795,0.000000;0.126382;0.237307;0.339170;0.450400;0.559117;0.667802;0.786067;0.895666;1.000000
2,test_00795,8
3,test_00795,0.466198
1,test_00796,0.000000;0.135577;0.235294;0.348496;0.443658;0.549814;0.651410;0.791931;0.899626;1.000000
2,test_00796,-1
3,test_00796,0.510961
1,test_00797,0.000000;0.113817;0.230870;0.352518;0.464915;0.598609;0.693723;0.792584;0.898819;1.000000
2,test_00797,-1
3,test_00797,0.437938
1,test_00798,0.000000;0.104733;0.223182;0.335558;0.446220;0.549196;0.657133;0.765797;0.876724;1.000000
2,test_00798,9
3,test_00798,0.461534
1,test_00799,0.000000;0.104733;0.223182;0.335558;0.446220;0.549196;0.657133;0.765797;0.876724;1.000000
2,test_00799,9
3,test_00799,0.461534
1,test_00800,0.000000;0.103110;0.222392;0.325539;0.441055;0.551544;0.650121;0.764290;0.873999;1.000000
2,test_00800,38
3,test_00800,0.471962
1,test_00801,0.000000;0.103110;0.222392;0.325539;0.441055;0.551544;0.650121;0.764290;0.873999;1.000000
2,test_00801,31
3,test_00801,0.471962
1,test_00802,0.000000;0.103110;0.222392;0.325539;0.441055;0.551544;0.650121;0.764290;0.873999;1.000000
2,test_00802,38
3,test_00802,0.471962
1,test_00803,0.000000;0.119394;0.215663;0.322995;0.428746;0.544596;0.671583;0.781870;0.885240;1.000000
2,test_00803,6
3,test_00803,0.461496
1,test_00804,0.000000;0.115026;0.240439;0.322721;0.457807;0.573981;0.679031;0.790537;0.901596;1.000000
2,test_00804,-1
3,test_00804,0.441619
1,test_00805,0.000000;0.111106;0.217781;0.311502;0.421680;0.539497;0.652763;0.771239;0.886831;1.000000
2,test_00805,48
3,test_00805,0.453036
1,test_00806,0.000000;0.109104;0.228837;0.341762;0.454882;0.569311;0.682016;0.776132;0.876932;1.000000
2,test_00806,17
3,test_00806,0.470734
1,test_00807,0.000000;0.127762;0.227805;0.352128;0.446398;0.541630;0.670909;0.793369;0.891774;1.000000
2,test_00807,16
3,test_00807,0.440359
1,test_00808,0.000000;0.094781;0.222891;0.333901;0.437954;0.550199;0.656469;0.772664;0.877219;1.000000
2,test_00808,43
3,test_00808,0.465892
1,test_00809,0.000000;0.099711;0.224092;0.329673;0.444325;0.560609;0.663763;0.774109;0.884547;1.000000
2,test_00809,40
3,test_00809,0.468357
1,test_00810,0.000000;0.099277;0.210287;0.323415;0.429444;0.559168;0.668304;0.777405;0.888344;1.000000
2,test_00810,15
3,test_00810,0.470553
1,test_00811,0.000000;0.102987;0.227389;0.339961;0.410398;0.533624;0.640214;0.769641;0.894223;1.000000
2,test_00811,-1
3,test_00811,0.455212
1,test_00812,0.000000;0.103144;0.217227;0.321420;0.438868;0.564167;0.662241;0.766911;0.893168;1.000000
2,test_00812,34
3,test_00812,0.473065
1,test_00813,0.000000;0.110244;0.212607;0.330485;0.446712;0.556305;0.673182;0.791374;0.902094;1.000000
2,test_00813,46
3,test_00813,0.448540
1,test_00814,0.000000;0.110122;0.223752;0.335678;0.452379;0.564914;0.670022;0.787640;0.896892;1.000000
2,test_00814,29
3,test_00814,0.453835
1,test_00815,0.000000;0.109644;0.222634;0.336281;0.455908;0.564856;0.667504;0.773036;0.886015;1.000000
2,test_00815,19
3,test_00815,0.460897
1,test_00816,0.000000;0.111509;0.230278;0.341604;0.444999;0.565259;0.677215;0.782219;0.887417;1.000000
2,test_00816,3
3,test_00816,0.461232
1,test_00817,0.000000;0.112344;0.222652;0.336817;0.451486;0.562386;0.673508;0.781881;0.888285;1.000000
2,test_00817,20
3,test_00817,0.466392
1,test_00818,0.000000;0.114559;0.214147;0.325311;0.437686;0.547307;0.660492;0.768955;0.888859;1.000000
2,test_00818,42
3,test_00818,0.484168
1,test_00819,0.000000;0.110122;0.223752;0.335678;0.452379;0.564914;0.670022;0.787640;0.896892;1.000000
2,test_00819,22
3,test_00819,0.453835
1,test_00820,0.000000;0.110244;0.212607;0.330485;0.446712;0.556305;0.673182;0.791374;0.902094;1.000000
2,test_00820,4
3,test_00820,0.448540
1,test_00821,0.000000;0.108090;0.225134;0.338098;0.450975;0.564338;0.677650;0.783144;0.893882;1.000000
2,test_00821,32
3,test_00821,0.461831
1,test_00822,0.000000;0.150247;0.278855;0.379037;0.480933;0.584923;0.689385;0.797270;0.907337;1.000000
2,test_00822,-1
3,test_00822,0.472731
1,test_00823,0.000000;0.115092;0.207007;0.307874;0.418707;0.544359;0.653907;0.781788;0.878407;1.000000
2,test_00823,-1
3,test_00823,0.478515
1,test_00824,0.000000;0.103144;0.217227;0.321420;0.438868;0.564167;0.662241;0.766911;0.893168;1.000000
2,test_00824,34
3,test_00824,0.473065
1,test_00825,0.000000;0.100928;0.208735;0.312632;0.434895;0.549406;0.668007;0.778746;0.894910;1.000000
2,test_00825,14
3,test_00825,0.465568
1,test_00826,0.000000;0.128527;0.255734;0.384889;0.497753;0.601966;0.713231;0.804967;0.894435;1.000000
2,test_00826,-1
3,test_00826,0.489753
1,test_00827,0.000000;0.111106;0.217781;0.311502;0.421680;0.539497;0.652763;0.771239;0.886831;1.000000
2,test_00827,48
3,test_00827,0.453036
1,test_00828,0.000000;0.111106;0.217781;0.311502;0.421680;0.539497;0.652763;0.771239;0.886831;1.000000
2,test_00828,48
3,test_00828,0.453036
1,test_00829,0.000000;0.104733;0.223182;0.335558;0.446220;0.549196;0.657133;0.765797;0.876724;1.000000
2,test_00829,9
3,test_00829,0.461534
1,test_00830,0.000000;0.089282;0.231297;0.354062;0.472323;0.571024;0.677885;0.816844;0.906359;1.000000
2,test_00830,-1
3,test_00830,0.456363
1,test_00831,0.000000;0.112344;0.222652;0.336817;0.451486;0.562386;0.673508;0.781881;0.888285;1.000000
2,test_00831,27
3,test_00831,0.466392
1,test_00832,0.000000;0.112543;0.222887;0.335288;0.444123;0.554894;0.668297;0.784907;0.893819;1.000000
2,test_00832,21
3,test_00832,0.464525
1,test_00833,0.000000;0.101344;0.223563;0.334164;0.433718;0.547184;0.649441;0.776818;0.884095;1.000000
2,test_00833,-1
3,test_00833,0.443495
1,test_00834,0.000000;0.109588;0.213644;0.326169;0.445755;0.561643;0.685418;0.786981;0.896842;1.000000
2,test_00834,33
3,test_00834,0.461751
1,test_00835,0.000000;0.109644;0.222634;0.336281;0.455908;0.564856;0.667504;0.773036;0.886015;1.000000
2,test_00835,12
3,test_00835,0.460897
1,test_00836,0.000000;0.112344;0.222652;0.336817;0.451486;0.562386;0.673508;0.781881;0.888285;1.000000
2,test_00836,27
3,test_00836,0.466392
1,test_00837,0.000000;0.109588;0.213644;0.326169;0.445755;0.561643;0.685418;0.786981;0.896842;1.000000
2,test_00837,33
3,test_00837,0.461751
1,test_00838,0.000000;0.102855;0.212931;0.319076;0.448565;0.566242;0.682087;0.789711;0.892991;1.000000
2,test_00838,24
3,test_00838,0.474685
1,test_00839,0.000000;0.127762;0.227805;0.352128;0.446398;0.541630;0.670909;0.793369;0.891774;1.000000
2,test_00839,16
3,test_00839,0.440359
1,test_00840,0.000000;0.121354;0.239249;0.351697;0.471223;0.594049;0.695434;0.787251;0.894318;1.000000
2,test_00840,35
3,test_00840,0.473054
1,test_00841,0.000000;0.096851;0.206840;0.329577;0.432786;0.539407;0.661384;0.768375;0.897940;1.000000
2,test_00841,-1
3,test_00841,0.461886
1,test_00842,0.000000;0.104427;0.223913;0.342152;0.440780;0.557806;0.652766;0.763140;0.893251;1.000000
2,test_00842,-1
3,test_00842,0.480735
1,test_00843,0.000000;0.102855;0.212931;0.319076;0.448565;0.566242;0.682087;0.789711;0.892991;1.000000
2,test_00843,24
3,test_00843,0.474685
1,test_00844,0.000000;0.115211;0.238332;0.346622;0.452626;0.561298;0.665504;0.778368;0.888165;1.000000
2,test_00844,30
3,test_00844,0.465629
1,test_00845,0.000000;0.119394;0.215663;0.322995;0.428746;0.544596;0.671583;0.781870;0.885240;1.000000
2,test_00845,6
3,test_00845,0.461496
1,test_00846,0.000000;0.110974;0.223773;0.337893;0.448078;0.567164;0.670585;0.771945;0.879925;1.000000
2,test_00846,36
3,test_00846,0.458080
1,test_00847,0.000000;0.125074;0.229828;0.338438;0.441649;0.552031;0.656407;0.776168;0.895635;1.000000
2,test_00847,18
3,test_00847,0.461987
1,test_00848,0.000000;0.104733;0.223182;0.335558;0.446220;0.549196;0.657133;0.765797;0.876724;1.000000
2,test_00848,2
3,test_00848,0.461534
1,test_00849,0.000000;0.104076;0.208897;0.300849;0.413610;0.519543;0.620344;0.723105;0.835450;1.000000
2,test_00849,-1
3,test_00849,0.479151
1,test_00850,0.000000;0.112543;0.222887;0.335288;0.444123;0.554894;0.668297;0.784907;0.893819;1.000000
2,test_00850,21
3,test_00850,0.464525
1,test_00851,0.000000;0.125074;0.229828;0.338438;0.441649;0.552031;0.656407;0.776168;0.895635;1.000000
2,test_00851,11
3,test_00851,0.461987
1,test_00852,0.000000;0.109644;0.222634;0.336281;0.455908;0.564856;0.667504;0.773036;0.886015;1.000000
2,test_00852,12
3,test_00852,0.460897
1,test_00853,0.000000;0.112543;0.222887;0.335288;0.444123;0.554894;0.668297;0.784907;0.893819;1.000000
2,test_00853,28
3,test_00853,0.464525
1,test_00854,0.000000;0.099711;0.224092;0.329673;0.444325;0.560609;0.663763;0.774109;0.884547;1.000000
2,test_00854,47
3,test_00854,0.468357
1,test_00855,0.000000;0.112543;0.222887;0.335288;0.444123;0.554894;0.668297;0.784907;0.893819;1.000000
2,test_00855,28
3,test_00855,0.464525
1,test_00856,0.000000;0.111509;0.230278;0.341604;0.444999;0.565259;0.677215;0.782219;0.887417;1.000000
2,test_00856,3
3,test_00856,0.461232
1,test_00857,0.000000;0.111106;0.217781;0.311502;0.421680;0.539497;0.652763;0.771239;0.886831;1.000000
2,test_00857,48
3,test_00857,0.453036
1,test_00858,0.000000;0.103167;0.216723;0.320900;0.428726;0.530300;0.649126;0.761483;0.885333;1.000000
2,test_00858,-1
3,test_00858,0.461891
1,test_00859,0.000000;0.112543;0.222887;0.335288;0.444123;0.554894;0.668297;0.784907;0.893819;1.000000
2,test_00859,28
3,test_00859,0.464525
1,test_00860,0.000000;0.098886;0.182768;0.295538;0.421749;0.534415;0.651238;0.765732;0.881229;1.000000
2,test_00860,-1
3,test_00860,0.434602
1,test_00861,0.000000;0.109104;0.228837;0.341762;0.454882;0.569311;0.682016;0.776132;0.876932;1.000000
2,test_00861,17
3,test_00861,0.470734
1,test_00862,0.000000;0.108090;0.225134;0.338098;0.450975;0.564338;0.677650;0.783144;0.893882;1.000000
2,test_00862,39
3,test_00862,0.461831
1,test_00863,0.000000;0.125074;0.229828;0.338438;0.441649;0.552031;0.656407;0.776168;0.895635;1.000000
2,test_00863,11
3,test_00863,0.461987
1,test_00864,0.000000;0.103110;0.222392;0.325539;0.441055;0.551544;0.650121;0.764290;0.873999;1.000000
2,test_00864,31
3,test_00864,0.471962
1,test_00865,0.000000;0.111106;0.217781;0.311502;0.421680;0.539497;0.652763;0.771239;0.886831;1.000000
2,test_00865,41
3,test_00865,0.453036
1,test_00866,0.000000;0.111061;0.203322;0.346840;0.477172;0.579405;0.674556;0.778657;0.887051;1.000000
2,test_00866,-1
3,test_00866,0.464763
1,test_00867,0.000000;0.114941;0.221729;0.344950;0.468519;0.572268;0.683800;0.790094;0.902385;1.000000
2,test_00867,-1
3,test_00867,0.483884
1,test_00868,0.000000;0.094781;0.222891;0.333901;0.437954;0.550199;0.656469;0.772664;0.877219;1.000000
2,test_00868,43
3,test_00868,0.465892
1,test_00869,0.000000;0.110244;0.212607;0.330485;0.446712;0.556305;0.673182;0.791374;0.902094;1.000000
2,test_00869,46
3,test_00869,0.448540
1,test_00870,0.000000;0.109644;0.222634;0.336281;0.455908;0.564856;0.667504;0.773036;0.886015;1.000000
2,test_00870,12
3,test_00870,0.460897
1,test_00871,0.000000;0.115927;0.238899;0.351887;0.462738;0.578614;0.703206;0.800138;0.901566;1.000000
2,test_00871,-1
3,test_00871,0.510971
1,test_00872,0.000000;0.114727;0.209056;0.294607;0.435782;0.545779;0.650103;0.785227;0.892407;1.000000
2,test_00872,-1
3,test_00872,0.476356
1,test_00873,0.000000;0.126382;0.237307;0.339170;0.450400;0.559117;0.667802;0.786067;0.895666;1.000000
2,test_00873,8
3,test_00873,0.466198
1,test_00874,0.000000;0.099711;0.224092;0.329673;0.444325;0.560609;0.663763;0.774109;0.884547;1.000000
2,test_00874,40
3,test_00874,0.468357
1,test_00875,0.000000;0.094781;0.222891;0.333901;0.437954;0.550199;0.656469;0.772664;0.877219;1.000000
2,test_00875,43
3,test_00875,0.465892
1,test_00876,0.000000;0.116065;0.239561;0.352844;0.471294;0.570699;0.688072;0.794098;0.889152;1.000000
2,test_00876,-1
3,test_00876,0.494119
1,test_00877,0.000000;0.108090;0.225134;0.338098;0.450975;0.564338;0.677650;0.783144;0.893882;1.000000
2,test_00877,39
3,test_00877,0.461831
1,test_00878,0.000000;0.104733;0.223182;0.335558;0.446220;0.549196;0.657133;0.765797;0.876724;1.000000
2,test_00878,2
3,test_00878,0.461534
1,test_00879,0.000000;0.108090;0.225134;0.338098;0.450975;0.564338;0.677650;0.783144;0.893882;1.000000
2,test_00879,39
3,test_00879,0.461831
1,test_00880,0.000000;0.121354;0.239249;0.351697;0.471223;0.594049;0.695434;0.787251;0.894318;1.000000
2,test_00880,35
3,test_00880,0.473054
1,test_00881,0.000000;0.112344;0.222652;0.336817;0.451486;0.562386;0.673508;0.781881;0.888285;1.000000
2,test_00881,25
3,test_00881,0.466392
1,test_00882,0.000000;0.111106;0.217781;0.311502;0.421680;0.539497;0.652763;0.771239;0.886831;1.000000
2,test_00882,48
3,test_00882,0.453036
1,test_00883,0.000000;0.110122;0.223752;0.335678;0.452379;0.564914;0.670022;0.787640;0.896892;1.000000
2,test_00883,22
3,test_00883,0.453835
1,test_00884,0.000000;0.099711;0.224092;0.329673;0.444325;0.560609;0.663763;0.774109;0.884547;1.000000
2,test_00884,47
3,test_00884,0.468357
1,test_00885,0.000000;0.103144;0.217227;0.321420;0.438868;0.564167;0.662241;0.766911;0.893168;1.000000
2,test_00885,34
3,test_00885,0.473065
1,test_00886,0.000000;0.109644;0.222634;0.336281;0.455908;0.564856;0.667504;0.773036;0.886015;1.000000
2,test_00886,19
3,test_00886,0.460897
1,test_00887,0.000000;0.099711;0.224092;0.329673;0.444325;0.560609;0.663763;0.774109;0.884547;1.000000
2,test_00887,47
3,test_00887,0.468357
1,test_00888,0.000000;0.125074;0.229828;0.338438;0.441649;0.552031;0.656407;0.776168;0.895635;1.000000
2,test_00888,11
3,test_00888,0.461987
1,test_00889,0.000000;0.099711;0.224092;0.329673;0.444325;0.560609;0.663763;0.774109;0.884547;1.000000
2,test_00889,47
3,test_00889,0.468357
1,test_00890,0.000000;0.122156;0.231502;0.335384;0.454719;0.563137;0.668078;0.771007;0.895043;1.000000
2,test_00890,13
3,test_00890,0.461512
1,test_00891,0.000000;0.107993;0.211837;0.317663;0.429660;0.554736;0.671413;0.776934;0.892567;1.000000
2,test_00891,5
3,test_00891,0.468145
1,test_00892,0.000000;0.127762;0.227805;0.352128;0.446398;0.541630;0.670909;0.793369;0.891774;1.000000
2,test_00892,16
3,test_00892,0.440359
1,test_00893,0.000000;0.119394;0.215663;0.322995;0.428746;0.544596;0.671583;0.781870;0.885240;1.000000
2,test_00893,6
3,test_00893,0.461496
1,test_00894,0.000000;0.074525;0.181381;0.278041;0.385674;0.524225;0.634546;0.752967;0.855755;1.000000
2,test_00894,-1
3,test_00894,0.528901
1,test_00895,0.000000;0.109588;0.213644;0.326169;0.445755;0.561643;0.685418;0.786981;0.896842;1.000000
2,test_00895,33
3,test_00895,0.461751
1,test_00896,0.000000;0.122255;0.216340;0.334728;0.439366;0.550278;0.659329;0.759949;0.875147;1.000000
2,test_00896,44
3,test_00896,0.471424
1,test_00897,0.000000;0.125074;0.229828;0.338438;0.441649;0.552031;0.656407;0.776168;0.895635;1.000000
2,test_00897,11
3,test_00897,0.461987
1,test_00898,0.000000;0.126382;0.237307;0.339170;0.450400;0.559117;0.667802;0.786067;0.895666;1.000000
2,test_00898,1
3,test_00898,0.466198
1,test_00899,0.000000;0.125074;0.229828;0.338438;0.441649;0.552031;0.656407;0.776168;0.895635;1.000000
2,test_00899,18
3,test_00899,0.461987
1,test_00900,0.000000;0.107205;0.222596;0.333985;0.457069;0.586476;0.687120;0.787639;0.888115;1.000000
2,test_00900,-1
3,test_00900,0.470205
1,test_00901,0.000000;0.126382;0.237307;0.339170;0.450400;0.559117;0.667802;0.786067;0.895666;1.000000
2,test_00901,1
3,test_00901,0.466198
1,test_00902,0.000000;0.108090;0.225134;0.338098;0.450975;0.564338;0.677650;0.783144;0.893882;1.000000
2,test_00902,39
3,test_00902,0.461831
1,test_00903,0.000000;0.093864;0.191920;0.284115;0.426119;0.543639;0.663535;0.775396;0.881852;1.000000
2,test_00903,-1
3,test_00903,0.478520
1,test_00904,0.000000;0.112543;0.222887;0.335288;0.444123;0.554894;0.668297;0.784907;0.893819;1.000000
2,test_00904,28
3,test_00904,0.464525
1,test_00905,0.000000;0.110244;0.212607;0.330485;0.446712;0.556305;0.673182;0.791374;0.902094;1.000000
2,test_00905,46
3,test_00905,0.448540
1,test_00906,0.000000;0.125386;0.257041;0.370502;0.485942;0.592502;0.680443;0.772918;0.869091;1.000000
2,test_00906,-1
3,test_00906,0.512382
1,test_00907,0.000000;0.116005;0.226737;0.339187;0.450510;0.565891;0.664038;0.781882;0.894745;1.000000
2,test_00907,0
3,test_00907,0.455739
1,test_00908,0.000000;0.112344;0.222652;0.336817;0.451486;0.562386;0.673508;0.781881;0.888285;1.000000
2,test_00908,27
3,test_00908,0.466392
1,test_00909,0.000000;0.108090;0.225134;0.338098;0.450975;0.564338;0.677650;0.783144;0.893882;1.000000
2,test_00909,39
3,test_00909,0.461831
1,test_00910,0.000000;0.125074;0.229828;0.338438;0.441649;0.552031;0.656407;0.776168;0.895635;1.000000
2,test_00910,11
3,test_00910,0.461987
1,test_00911,0.000000;0.112344;0.222652;0.336817;0.451486;0.562386;0.673508;0.781881;0.888285;1.000000
2,test_00911,20
3,test_00911,0.466392
1,test_00912,0.000000;0.115211;0.238332;0.346622;0.452626;0.561298;0.665504;0.778368;0.888165;1.000000
2,test_00912,37
3,test_00912,0.465629
1,test_00913,0.000000;0.106753;0.189902;0.291496;0.410067;0.563516;0.669314;0.792250;0.901871;1.000000
2,test_00913,-1
3,test_00913,0.502438
1,test_00914,0.000000;0.108090;0.225134;0.338098;0.450975;0.564338;0.677650;0.783144;0.893882;1.000000
2,test_00914,32
3,test_00914,0.461831
1,test_00915,0.000000;0.095230;0.186992;0.276451;0.396504;0.517914;0.628447;0.741675;0.869626;1.000000
2,test_00915,-1
3,test_00915,0.459893
1,test_00916,0.000000;0.099711;0.224092;0.329673;0.444325;0.560609;0.663763;0.774109;0.884547;1.000000
2,test_00916,47
3,test_00916,0.468357
1,test_00917,0.000000;0.113656;0.231286;0.334513;0.434205;0.557464;0.639803;0.754238;0.889560;1.000000
2,test_00917,-1
3,test_00917,0.464141
1,test_00918,0.000000;0.125074;0.229828;0.338438;0.441649;0.552031;0.656407;0.776168;0.895635;1.000000
2,test_00918,11
3,test_00918,0.461987
1,test_00919,0.000000;0.110122;0.223752;0.335678;0.452379;0.564914;0.670022;0.787640;0.896892;1.000000
2,test_00919,29
3,test_00919,0.453835
1,test_00920,0.000000;0.111509;0.230278;0.341604;0.444999;0.565259;0.677215;0.782219;0.887417;1.000000
2,test_00920,3
3,test_00920,0.461232
1,test_00921,0.000000;0.107215;0.198729;0.322383;0.410263;0.513944;0.625769;0.729640;0.878345;1.000000
2,test_00921,-1
3,test_00921,0.460349
1,test_00922,0.000000;0.122255;0.216340;0.334728;0.439366;0.550278;0.659329;0.759949;0.875147;1.000000
2,test_00922,44
3,test_00922,0.471424
1,test_00923,0.000000;0.112543;0.222887;0.335288;0.444123;0.554894;0.668297;0.784907;0.893819;1.000000
2,test_00923,28
3,test_00923,0.464525
1,test_00924,0.000000;0.110974;0.223773;0.337893;0.448078;0.567164;0.670585;0.771945;0.879925;1.000000
2,test_00924,36
3,test_00924,0.458080
1,test_00925,0.000000;0.125074;0.229828;0.338438;0.441649;0.552031;0.656407;0.776168;0.895635;1.000000
2,test_00925,11
3,test_00925,0.461987
1,test_00926,0.000000;0.104733;0.223182;0.335558;0.446220;0.549196;0.657133;0.765797;0.876724;1.000000
2,test_00926,9
3,test_00926,0.461534
1,test_00927,0.000000;0.109104;0.228837;0.341762;0.454882;0.569311;0.682016;0.776132;0.876932;1.000000
2,test_00927,17
3,test_00927,0.470734
1,test_00928,0.000000;0.109104;0.228837;0.341762;0.454882;0.569311;0.682016;0.776132;0.876932;1.000000
2,test_00928,17
3,test_00928,0.470734
1,test_00929,0.000000;0.112344;0.222652;0.336817;0.451486;0.562386;0.673508;0.781881;0.888285;1.000000
2,test_00929,27
3,test_00929,0.466392
1,test_00930,0.000000;0.115211;0.238332;0.346622;0.452626;0.561298;0.665504;0.778368;0.888165;1.000000
2,test_00930,37
3,test_00930,0.465629
1,test_00931,0.000000;0.094781;0.222891;0.333901;0.437954;0.550199;0.656469;0.772664;0.877219;1.000000
2,test_00931,43
3,test_00931,0.465892
1,test_00932,0.000000;0.104733;0.223182;0.335558;0.446220;0.549196;0.657133;0.765797;0.876724;1.000000
2,test_00932,9
3,test_00932,0.461534
1,test_00933,0.000000;0.115211;0.238332;0.346622;0.452626;0.561298;0.665504;0.778368;0.888165;1.000000
2,test_00933,30
3,test_00933,0.465629
1,test_00934,0.000000;0.108090;0.225134;0.338098;0.450975;0.564338;0.677650;0.783144;0.893882;1.000000
2,test_00934,32
3,test_00934,0.461831
1,test_00935,0.000000;0.112344;0.222652;0.336817;0.451486;0.562386;0.673508;0.781881;0.888285;1.000000
2,test_00935,25
3,test_00935,0.466392
1,test_00936,0.000000;0.125074;0.229828;0.338438;0.441649;0.552031;0.656407;0.776168;0.895635;1.000000
2,test_00936,18
3,test_00936,0.461987
1,test_00937,0.000000;0.111509;0.230278;0.341604;0.444999;0.565259;0.677215;0.782219;0.887417;1.000000
2,test_00937,3
3,test_00937,0.461232
1,test_00938,0.000000;0.126382;0.237307;0.339170;0.450400;0.559117;0.667802;0.786067;0.895666;1.000000
2,test_00938,1
3,test_00938,0.466198
1,test_00939,0.000000;0.111106;0.217781;0.311502;0.421680;0.539497;0.652763;0.771239;0.886831;1.000000
2,test_00939,41
3,test_00939,0.453036
1,test_00940,0.000000;0.109644;0.222634;0.336281;0.455908;0.564856;0.667504;0.773036;0.886015;1.000000
2,test_00940,19
3,test_00940,0.460897
1,test_00941,0.000000;0.109644;0.222634;0.336281;0.455908;0.564856;0.667504;0.773036;0.886015;1.000000
2,test_00941,19
3,test_00941,0.460897
1,test_00942,0.000000;0.115211;0.238332;0.346622;0.452626;0.561298;0.665504;0.778368;0.888165;1.000000
2,test_00942,37
3,test_00942,0.465629
1,test_00943,0.000000;0.098816;0.200558;0.297786;0.405610;0.533271;0.633453;0.766785;0.874839;1.000000
2,test_00943,-1
3,test_00943,0.457967
1,test_00944,0.000000;0.112344;0.222652;0.336817;0.451486;0.562386;0.673508;0.781881;0.888285;1.000000
2,test_00944,25
3,test_00944,0.466392
1,test_00945,0.000000;0.118476;0.227530;0.352167;0.461757;0.592843;0.707422;0.815318;0.914808;1.000000
2,test_00945,-1
3,test_00945,0.452741
1,test_00946,0.000000;0.099711;0.224092;0.329673;0.444325;0.560609;0.663763;0.774109;0.884547;1.000000
2,test_00946,40
3,test_00946,0.468357
1,test_00947,0.000000;0.105748;0.208854;0.314526;0.442613;0.547693;0.666451;0.786714;0.891494;1.000000
2,test_00947,-1
3,test_00947,0.471865
1,test_00948,0.000000;0.125074;0.229828;0.338438;0.441649;0.552031;0.656407;0.776168;0.895635;1.000000
2,test_00948,11
3,test_00948,0.461987
1,test_00949,0.000000;0.122255;0.216340;0.334728;0.439366;0.550278;0.659329;0.759949;0.875147;1.000000
2,test_00949,44
3,test_00949,0.471424
1,test_00950,0.000000;0.112344;0.222652;0.336817;0.451486;0.562386;0.673508;0.781881;0.888285;1.000000
2,test_00950,25
3,test_00950,0.466392
1,test_00951,0.000000;0.111106;0.217781;0.311502;0.421680;0.539497;0.652763;0.771239;0.886831;1.000000
2,test_00951,48
3,test_00951,0.453036
1,test_00952,0.000000;0.126382;0.237307;0.339170;0.450400;0.559117;0.667802;0.786067;0.895666;1.000000
2,test_00952,8
3,test_00952,0.466198
1,test_00953,0.000000;0.109104;0.228837;0.341762;0.454882;0.569311;0.682016;0.776132;0.876932;1.000000
2,test_00953,17
3,test_00953,0.470734
1,test_00954,0.000000;0.112543;0.222887;0.335288;0.444123;0.554894;0.668297;0.784907;0.893819;1.000000
2,test_00954,21
3,test_00954,0.464525
1,test_00955,0.000000;0.122156;0.231502;0.335384;0.454719;0.563137;0.668078;0.771007;0.895043;1.000000
2,test_00955,13
3,test_00955,0.461512
1,test_00956,0.000000;0.110122;0.223752;0.335678;0.452379;0.564914;0.670022;0.787640;0.896892;1.000000
2,test_00956,22
3,test_00956,0.453835
1,test_00957,0.000000;0.108090;0.225134;0.338098;0.450975;0.564338;0.677650;0.783144;0.893882;1.000000
2,test_00957,39
3,test_00957,0.461831
1,test_00958,0.000000;0.114559;0.214147;0.325311;0.437686;0.547307;0.660492;0.768955;0.888859;1.000000
2,test_00958,49
3,test_00958,0.484168
1,test_00959,0.000000;0.100928;0.208735;0.312632;0.434895;0.549406;0.668007;0.778746;0.894910;1.000000
2,test_00959,14
3,test_00959,0.465568
1,test_00960,0.000000;0.109104;0.228837;0.341762;0.454882;0.569311;0.682016;0.776132;0.876932;1.000000
2,test_00960,17
3,test_00960,0.470734
1,test_00961,0.000000;0.137402;0.257291;0.385283;0.491855;0.582718;0.688378;0.787561;0.885266;1.000000
2,test_00961,-1
3,test_00961,0.503130
1,test_00962,0.000000;0.099277;0.210287;0.323415;0.429444;0.559168;0.668304;0.777405;0.888344;1.000000
2,test_00962,15
3,test_00962,0.470553
1,test_00963,0.000000;0.134738;0.236975;0.345388;0.452906;0.546465;0.643942;0.760310;0.873401;1.000000
2,test_00963,-1
3,test_00963,0.461391
1,test_00964,0.000000;0.124664;0.257801;0.360135;0.467299;0.590905;0.699220;0.793833;0.899592;1.000000
2,test_00964,-1
3,test_00964,0.466908
1,test_00965,0.000000;0.110244;0.212607;0.330485;0.446712;0.556305;0.673182;0.791374;0.902094;1.000000
2,test_00965,4
3,test_00965,0.448540
1,test_00966,0.000000;0.098486;0.244865;0.360912;0.459013;0.593448;0.680153;0.770243;0.873022;1.000000
2,test_00966,-1
3,test_00966,0.468932
1,test_00967,0.000000;0.122156;0.231502;0.335384;0.454719;0.563137;0.668078;0.771007;0.895043;1.000000
2,test_00967,13
3,test_00967,0.461512
1,test_00968,0.000000;0.146179;0.257986;0.383044;0.486504;0.600660;0.695171;0.819211;0.900356;1.000000
2,test_00968,-1
3,test_00968,0.440170
1,test_00969,0.000000;0.126382;0.237307;0.339170;0.450400;0.559117;0.667802;0.786067;0.895666;1.000000
2,test_00969,8
3,test_00969,0.466198
1,test_00970,0.000000;0.122255;0.216340;0.334728;0.439366;0.550278;0.659329;0.759949;0.875147;1.000000
2,test_00970,44
3,test_00970,0.471424
1,test_00971,0.000000;0.107903;0.215106;0.336887;0.459605;0.582383;0.695972;0.805790;0.896056;1.000000
2,test_00971,-1
3,test_00971,0.491556
1,test_00972,0.000000;0.094781;0.222891;0.333901;0.437954;0.550199;0.656469;0.772664;0.877219;1.000000
2,test_00972,43
3,test_00972,0.465892
1,test_00973,0.000000;0.110244;0.212607;0.330485;0.446712;0.556305;0.673182;0.791374;0.902094;1.000000
2,test_00973,4
3,test_00973,0.448540
1,test_00974,0.000000;0.114964;0.220915;0.327766;0.432615;0.550684;0.666925;0.787166;0.890403;1.000000
2,test_00974,23
3,test_00974,0.465188
1,test_00975,0.000000;0.089648;0.202256;0.304645;0.425055;0.529537;0.641702;0.763361;0.889196;1.000000
2,test_00975,-1
3,test_00975,0.432055
1,test_00976,0.000000;0.108090;0.225134;0.338098;0.450975;0.564338;0.677650;0.783144;0.893882;1.000000
2,test_00976,32
3,test_00976,0.461831
1,test_00977,0.000000;0.115211;0.238332;0.346622;0.452626;0.561298;0.665504;0.778368;0.888165;1.000000
2,test_00977,30
3,test_00977,0.465629
1,test_00978,0.000000;0.114964;0.220915;0.327766;0.432615;0.550684;0.666925;0.787166;0.890403;1.000000
2,test_00978,23
3,test_00978,0.465188
1,test_00979,0.000000;0.122255;0.216340;0.334728;0.439366;0.550278;0.659329;0.759949;0.875147;1.000000
2,test_00979,44
3,test_00979,0.471424
1,test_00980,0.000000;0.099277;0.210287;0.323415;0.429444;0.559168;0.668304;0.777405;0.888344;1.000000
2,test_00980,15
3,test_00980,0.470553
1,test_00981,0.000000;0.110244;0.212607;0.330485;0.446712;0.556305;0.673182;0.791374;0.902094;1.000000
2,test_00981,46
3,test_00981,0.448540
1,test_00982,0.000000;0.103110;0.222392;0.325539;0.441055;0.551544;0.650121;0.764290;0.873999;1.000000
2,test_00982,38
3,test_00982,0.471962
1,test_00983,0.000000;0.111106;0.217781;0.311502;0.421680;0.539497;0.652763;0.771239;0.886831;1.000000
2,test_00983,41
3,test_00983,0.453036
1,test_00984,0.000000;0.126382;0.237307;0.339170;0.450400;0.559117;0.667802;0.786067;0.895666;1.000000
2,test_00984,8
3,test_00984,0.466198
1,test_00985,0.000000;0.085045;0.205801;0.320943;0.446463;0.552879;0.679261;0.779011;0.886344;1.000000
2,test_00985,-1
3,test_00985,0.445152
1,test_00986,0.000000;0.131711;0.256742;0.391603;0.479089;0.594016;0.697322;0.811016;0.901099;1.000000
2,test_00986,-1
3,test_00986,0.494251
1,test_00987,0.000000;0.103144;0.217227;0.321420;0.438868;0.564167;0.662241;0.766911;0.893168;1.000000
2,test_00987,34
3,test_00987,0.473065
1,test_00988,0.000000;0.109168;0.226610;0.329033;0.460392;0.578789;0.666393;0.768712;0.877750;1.000000
2,test_00988,-1
3,test_00988,0.444860
1,test_00989,0.000000;0.115211;0.238332;0.346622;0.452626;0.561298;0.665504;0.778368;0.888165;1.000000
2,test_00989,37
3,test_00989,0.465629
1,test_00990,0.000000;0.099711;0.224092;0.329673;0.444325;0.560609;0.663763;0.774109;0.884547;1.000000
2,test_00990,40
3,test_00990,0.468357
1,test_00991,0.000000;0.113187;0.210629;0.319473;0.445965;0.565881;0.690961;0.786508;0.894342;1.000000
2,test_00991,-1
3,test_00991,0.442653
1,test_00992,0.000000;0.115211;0.238332;0.346622;0.452626;0.561298;0.665504;0.778368;0.888165;1.000000
2,test_00992,37
3,test_00992,0.465629
1,test_00993,0.000000;0.111509;0.230278;0.341604;0.444999;0.565259;0.677215;0.782219;0.887417;1.000000
2,test_00993,45
3,test_00993,0.461232
1,test_00994,0.000000;0.112543;0.222887;0.335288;0.444123;0.554894;0.668297;0.784907;0.893819;1.000000
2,test_00994,28
3,test_00994,0.464525
1,test_00995,0.000000;0.102855;0.212931;0.319076;0.448565;0.566242;0.682087;0.789711;0.892991;1.000000
2,test_00995,24
3,test_00995,0.474685
1,test_00996,0.000000;0.114559;0.214147;0.325311;0.437686;0.547307;0.660492;0.768955;0.888859;1.000000
2,test_00996,49
3,test_00996,0.484168
1,test_00997,0.000000;0.112344;0.222652;0.336817;0.451486;0.562386;0.673508;0.781881;0.888285;1.000000
2,test_00997,26
3,test_00997,0.466392
1,test_00998,0.000000;0.111509;0.230278;0.341604;0.444999;0.565259;0.677215;0.782219;0.887417;1.000000
2,test_00998,3
3,test_00998,0.461232
1,test_00999,0.000000;0.103110;0.222392;0.325539;0.441055;0.551544;0.650121;0.764290;0.873999;1.000000
2,test_00999,38
3,test_00999,0.471962
1,test_01000,0.000000;0.114964;0.220915;0.327766;0.432615;0.550684;0.666925;0.787166;0.890403;1.000000
2,test_01000,23
3,test_01000,0.465188
1,test_01001,0.000000;0.133716;0.263968;0.374762;0.476391;0.580162;0.695964;0.795276;0.896798;1.000000
2,test_01001,-1
3,test_01001,0.434598
1,test_01002,0.000000;0.110974;0.223773;0.337893;0.448078;0.567164;0.670585;0.771945;0.879925;1.000000
2,test_01002,36
3,test_01002,0.458080
1,test_01003,0.000000;0.111509;0.230278;0.341604;0.444999;0.565259;0.677215;0.782219;0.887417;1.000000
2,test_01003,45
3,test_01003,0.461232
1,test_01004,0.000000;0.109588;0.213644;0.326169;0.445755;0.561643;0.685418;0.786981;0.896842;1.000000
2,test_01004,33
3,test_01004,0.461751
1,test_01005,0.000000;0.109644;0.222634;0.336281;0.455908;0.564856;0.667504;0.773036;0.886015;1.000000
2,test_01005,12
3,test_01005,0.460897
1,test_01006,0.000000;0.110244;0.212607;0.330485;0.446712;0.556305;0.673182;0.791374;0.902094;1.000000
2,test_01006,46
3,test_01006,0.448540
1,test_01007,0.000000;0.108090;0.225134;0.338098;0.450975;0.564338;0.677650;0.783144;0.893882;1.000000
2,test_01007,32
3,test_01007,0.461831
1,test_01008,0.000000;0.111106;0.217781;0.311502;0.421680;0.539497;0.652763;0.771239;0.886831;1.000000
2,test_01008,48
3,test_01008,0.453036
1,test_01009,0.000000;0.110403;0.218466;0.329240;0.438078;0.566712;0.682771;0.785655;0.887791;1.000000
2,test_01009,-1
3,test_01009,0.452679
1,test_01010,0.000000;0.112344;0.222652;0.336817;0.451486;0.562386;0.673508;0.781881;0.888285;1.000000
2,test_01010,26
3,test_01010,0.466392
1,test_01011,0.000000;0.112344;0.222652;0.336817;0.451486;0.562386;0.673508;0.781881;0.888285;1.000000
2,test_01011,26
3,test_01011,0.466392
1,test_01012,0.000000;0.110122;0.223752;0.335678;0.452379;0.564914;0.670022;0.787640;0.896892;1.000000
2,test_01012,29
3,test_01012,0.453835
1,test_01013,0.000000;0.108090;0.225134;0.338098;0.450975;0.564338;0.677650;0.783144;0.893882;1.000000
2,test_01013,32
3,test_01013,0.461831
1,test_01014,0.000000;0.096173;0.206453;0.312531;0.422572;0.514784;0.615496;0.737095;0.870002;1.000000
2,test_01014,-1
3,test_01014,0.491682
1,test_01015,0.000000;0.115211;0.238332;0.346622;0.452626;0.561298;0.665504;0.778368;0.888165;1.000000
2,test_01015,37
3,test_01015,0.465629
1,test_01016,0.000000;0.115211;0.238332;0.346622;0.452626;0.561298;0.665504;0.778368;0.888165;1.000000
2,test_01016,37
3,test_01016,0.465629
1,test_01017,0.000000;0.112344;0.222652;0.336817;0.451486;0.562386;0.673508;0.781881;0.888285;1.000000
2,test_01017,25
3,test_01017,0.466392
1,test_01018,0.000000;0.112543;0.222887;0.335288;0.444123;0.554894;0.668297;0.784907;0.893819;1.000000
2,test_01018,21
3,test_01018,0.464525
1,test_01019,0.000000;0.108090;0.225134;0.338098;0.450975;0.564338;0.677650;0.783144;0.893882;1.000000
2,test_01019,32
3,test_01019,0.461831
1,test_01020,0.000000;0.095086;0.220664;0.335760;0.442684;0.551514;0.666607;0.781531;0.892325;1.000000
2,test_01020,-1
3,test_01020,0.465488
1,test_01021,0.000000;0.109588;0.213644;0.326169;0.445755;0.561643;0.685418;0.786981;0.896842;1.000000
2,test_01021,33
3,test_01021,0.461751
1,test_01022,0.000000;0.109588;0.213644;0.326169;0.445755;0.561643;0.685418;0.786981;0.896842;1.000000
2,test_01022,33
3,test_01022,0.461751
1,test_01023,0.000000;0.106551;0.210407;0.318918;0.428163;0.535728;0.639537;0.763161;0.869587;1.000000
2,test_01023,-1
3,test_01023,0.460259
1,test_01024,0.000000;0.105793;0.213178;0.319417;0.424283;0.541077;0.661615;0.770271;0.879340;1.000000
2,test_01024,-1
3,test_01024,0.462073
1,test_01025,0.000000;0.110122;0.223752;0.335678;0.452379;0.564914;0.670022;0.787640;0.896892;1.000000
2,test_01025,22
3,test_01025,0.453835
1,test_01026,0.000000;0.108017;0.250493;0.373814;0.474125;0.612121;0.706740;0.816767;0.903687;1.000000
2,test_01026,-1
3,test_01026,0.456082
1,test_01027,0.000000;0.100928;0.208735;0.312632;0.434895;0.549406;0.668007;0.778746;0.894910;1.000000
2,test_01027,14
3,test_01027,0.465568
1,test_01028,0.000000;0.114722;0.230296;0.340179;0.461904;0.588132;0.680531;0.786297;0.863319;1.000000
2,test_01028,-1
3,test_01028,0.458349
1,test_01029,0.000000;0.121354;0.239249;0.351697;0.471223;0.594049;0.695434;0.787251;0.894318;1.000000
2,test_01029,35
3,test_01029,0.473054
1,test_01030,0.000000;0.123922;0.254177;0.376185;0.487734;0.614475;0.709623;0.799935;0.916103;1.000000
2,test_01030,-1
3,test_01030,0.460964
1,test_01031,0.000000;0.112344;0.222652;0.336817;0.451486;0.562386;0.673508;0.781881;0.888285;1.000000
2,test_01031,20
3,test_01031,0.466392
1,test_01032,0.000000;0.127762;0.227805;0.352128;0.446398;0.541630;0.670909;0.793369;0.891774;1.000000
2,test_01032,16
3,test_01032,0.440359
1,test_01033,0.000000;0.109644;0.222634;0.336281;0.455908;0.564856;0.667504;0.773036;0.886015;1.000000
2,test_01033,12
3,test_01033,0.460897
1,test_01034,0.000000;0.108659;0.214591;0.330171;0.458758;0.568629;0.667135;0.781114;0.876701;1.000000
2,test_01034,-1
3,test_01034,0.485645
1,test_01035,0.000000;0.104733;0.223182;0.335558;0.446220;0.549196;0.657133;0.765797;0.876724;1.000000
2,test_01035,2
3,test_01035,0.461534
1,test_01036,0.000000;0.112543;0.222887;0.335288;0.444123;0.554894;0.668297;0.784907;0.893819;1.000000
2,test_01036,21
3,test_01036,0.464525
1,test_01037,0.000000;0.126382;0.237307;0.339170;0.450400;0.559117;0.667802;0.786067;0.895666;1.000000
2,test_01037,8
3,test_01037,0.466198
1,test_01038,0.000000;0.122156;0.231502;0.335384;0.454719;0.563137;0.668078;0.771007;0.895043;1.000000
2,test_01038,13
3,test_01038,0.461512
1,test_01039,0.000000;0.111509;0.230278;0.341604;0.444999;0.565259;0.677215;0.782219;0.887417;1.000000
2,test_01039,45
3,test_01039,0.461232
1,test_01040,0.000000;0.122255;0.216340;0.334728;0.439366;0.550278;0.659329;0.759949;0.875147;1.000000
2,test_01040,44
3,test_01040,0.471424
1,test_01041,0.000000;0.108286;0.207122;0.315473;0.428572;0.505440;0.598717;0.720265;0.851908;1.000000
2,test_01041,-1
3,test_01041,0.476295
1,test_01042,0.000000;0.121354;0.239249;0.351697;0.471223;0.594049;0.695434;0.787251;0.894318;1.000000
2,test_01042,35
3,test_01042,0.473054
1,test_01043,0.000000;0.108090;0.225134;0.338098;0.450975;0.564338;0.677650;0.783144;0.893882;1.000000
2,test_01043,32
3,test_01043,0.461831
1,test_01044,0.000000;0.114964;0.220915;0.327766;0.432615;0.550684;0.666925;0.787166;0.890403;1.000000
2,test_01044,23
3,test_01044,0.465188
1,test_01045,0.000000;0.108395;0.201486;0.311017;0.415752;0.540538;0.646128;0.752956;0.887196;1.000000
2,test_01045,-1
3,test_01045,0.477687
1,test_01046,0.000000;0.118880;0.245084;0.352334;0.468520;0.582650;0.699819;0.792532;0.908309;1.000000
2,test_01046,-1
3,test_01046,0.455040
1,test_01047,0.000000;0.122255;0.216340;0.334728;0.439366;0.550278;0.659329;0.759949;0.875147;1.000000
2,test_01047,44
3,test_01047,0.471424
1,test_01048,0.000000;0.119394;0.215663;0.322995;0.428746;0.544596;0.671583;0.781870;0.885240;1.000000
2,test_01048,6
3,test_01048,0.461496
1,test_01049,0.000000;0.112344;0.222652;0.336817;0.451486;0.562386;0.673508;0.781881;0.888285;1.000000
2,test_01049,27
3,test_01049,0.466392
1,test_01050,0.000000;0.110244;0.212607;0.330485;0.446712;0.556305;0.673182;0.791374;0.902094;1.000000
2,test_01050,4
3,test_01050,0.448540
1,test_01051,0.000000;0.119394;0.215663;0.322995;0.428746;0.544596;0.671583;0.781870;0.885240;1.000000
2,test_01051,6
3,test_01051,0.461496
1,test_01052,0.000000;0.108090;0.225134;0.338098;0.450975;0.564338;0.677650;0.783144;0.893882;1.000000
2,test_01052,32
3,test_01052,0.461831
1,test_01053,0.000000;0.125334;0.223612;0.333693;0.454763;0.564956;0.671009;0.768720;0.885476;1.000000
2,test_01053,-1
3,test_01053,0.505441
1,test_01054,0.000000;0.114559;0.214147;0.325311;0.437686;0.547307;0.660492;0.768955;0.888859;1.000000
2,test_01054,49
3,test_01054,0.484168
1,test_01055,0.000000;0.107993;0.211837;0.317663;0.429660;0.554736;0.671413;0.776934;0.892567;1.000000
2,test_01055,5
3,test_01055,0.468145
1,test_01056,0.000000;0.094787;0.224464;0.332215;0.443725;0.562388;0.667403;0.799932;0.893700;1.000000
2,test_01056,-1
3,test_01056,0.470714
1,test_01057,0.000000;0.110244;0.212607;0.330485;0.446712;0.556305;0.673182;0.791374;0.902094;1.000000
2,test_01057,46
3,test_01057,0.448540
1,test_01058,0.000000;0.111106;0.217781;0.311502;0.421680;0.539497;0.652763;0.771239;0.886831;1.000000
2,test_01058,41
3,test_01058,0.453036
1,test_01059,0.000000;0.119394;0.215663;0.322995;0.428746;0.544596;0.671583;0.781870;0.885240;1.000000
2,test_01059,6
3,test_01059,0.461496
1,test_01060,0.000000;0.109644;0.222634;0.336281;0.455908;0.564856;0.667504;0.773036;0.886015;1.000000
2,test_01060,19
3,test_01060,0.460897
1,test_01061,0.000000;0.094781;0.222891;0.333901;0.437954;0.550199;0.656469;0.772664;0.877219;1.000000
2,test_01061,43
3,test_01061,0.465892
1,test_01062,0.000000;0.104744;0.205157;0.323983;0.437749;0.576634;0.674984;0.791418;0.882682;1.000000
2,test_01062,-1
3,test_01062,0.482007
1,test_01063,0.000000;0.094781;0.222891;0.333901;0.437954;0.550199;0.656469;0.772664;0.877219;1.000000
2,test_01063,43
3,test_01063,0.465892
1,test_01064,0.000000;0.110122;0.223752;0.335678;0.452379;0.564914;0.670022;0.787640;0.896892;1.000000
2,test_01064,29
3,test_01064,0.453835
1,test_01065,0.000000;0.112344;0.222652;0.336817;0.451486;0.562386;0.673508;0.781881;0.888285;1.000000
2,test_01065,27
3,test_01065,0.466392
1,test_01066,0.000000;0.110107;0.215017;0.337145;0.445914;0.551414;0.660891;0.765432;0.878088;1.000000
2,test_01066,-1
3,test_01066,0.504097
1,test_01067,0.000000;0.140219;0.249631;0.339521;0.426416;0.533421;0.646771;0.755331;0.877335;1.000000
2,test_01067,-1
3,test_01067,0.474928
1,test_01068,0.000000;0.122255;0.216340;0.334728;0.439366;0.550278;0.659329;0.759949;0.875147;1.000000
2,test_01068,44
3,test_01068,0.471424
1,test_01069,0.000000;0.099711;0.224092;0.329673;0.444325;0.560609;0.663763;0.774109;0.884547;1.000000
2,test_01069,40
3,test_01069,0.468357
1,test_01070,0.000000;0.110122;0.223752;0.335678;0.452379;0.564914;0.670022;0.787640;0.896892;1.000000
2,test_01070,29
3,test_01070,0.453835
1,test_01071,0.000000;0.109644;0.222634;0.336281;0.455908;0.564856;0.667504;0.773036;0.886015;1.000000
2,test_01071,12
3,test_01071,0.460897
1,test_01072,0.000000;0.103110;0.222392;0.325539;0.441055;0.551544;0.650121;0.764290;0.873999;1.000000
2,test_01072,38
3,test_01072,0.471962
1,test_01073,0.000000;0.109104;0.228837;0.341762;0.454882;0.569311;0.682016;0.776132;0.876932;1.000000
2,test_01073,10
3,test_01073,0.470734
1,test_01074,0.000000;0.101894;0.210393;0.292512;0.408772;0.530203;0.671969;0.785793;0.877815;1.000000
2,test_01074,-1
3,test_01074,0.490884
1,test_01075,0.000000;0.105665;0.264629;0.368761;0.471815;0.554064;0.659699;0.766741;0.862885;1.000000
2,test_01075,-1
3,test_01075,0.467746
1,test_01076,0.000000;0.109644;0.222634;0.336281;0.455908;0.564856;0.667504;0.773036;0.886015;1.000000
2,test_01076,12
3,test_01076,0.460897
1,test_01077,0.000000;0.109104;0.228837;0.341762;0.454882;0.569311;0.682016;0.776132;0.876932;1.000000
2,test_01077,10
3,test_01077,0.470734
1,test_01078,0.000000;0.111106;0.217781;0.311502;0.421680;0.539497;0.652763;0.771239;0.886831;1.000000
2,test_01078,48
3,test_01078,0.453036
1,test_01079,0.000000;0.079897;0.181131;0.305412;0.410334;0.547911;0.654969;0.766900;0.873276;1.000000
2,test_01079,-1
3,test_01079,0.482329
1,test_01080,0.000000;0.109482;0.202704;0.344500;0.485552;0.603844;0.708558;0.805346;0.904651;1.000000
2,test_01080,-1
3,test_01080,0.462985
1,test_01081,0.000000;0.104733;0.223182;0.335558;0.446220;0.549196;0.657133;0.765797;0.876724;1.000000
2,test_01081,2
3,test_01081,0.461534
1,test_01082,0.000000;0.108746;0.215883;0.322629;0.433339;0.532676;0.663038;0.793540;0.901728;1.000000
2,test_01082,-1
3,test_01082,0.470496
1,test_01083,0.000000;0.119394;0.215663;0.322995;0.428746;0.544596;0.671583;0.781870;0.885240;1.000000
2,test_01083,6
3,test_01083,0.461496
1,test_01084,0.000000;0.122156;0.231502;0.335384;0.454719;0.563137;0.668078;0.771007;0.895043;1.000000
2,test_01084,13
3,test_01084,0.461512
1,test_01085,0.000000;0.111106;0.217781;0.311502;0.421680;0.539497;0.652763;0.771239;0.886831;1.000000
2,test_01085,48
3,test_01085,0.453036
1,test_01086,0.000000;0.094781;0.222891;0.333901;0.437954;0.550199;0.656469;0.772664;0.877219;1.000000
2,test_01086,43
3,test_01086,0.465892
1,test_01087,0.000000;0.125074;0.229828;0.338438;0.441649;0.552031;0.656407;0.776168;0.895635;1.000000
2,test_01087,11
3,test_01087,0.461987
1,test_01088,0.000000;0.112543;0.222887;0.335288;0.444123;0.554894;0.668297;0.784907;0.893819;1.000000
2,test_01088,21
3,test_01088,0.464525
1,test_01089,0.000000;0.102855;0.212931;0.319076;0.448565;0.566242;0.682087;0.789711;0.892991;1.000000
2,test_01089,24
3,test_01089,0.474685
1,test_01090,0.000000;0.111552;0.200847;0.299146;0.441034;0.548390;0.662943;0.785938;0.888587;1.000000
2,test_01090,-1
3,test_01090,0.481418
1,test_01091,0.000000;0.112543;0.222887;0.335288;0.444123;0.554894;0.668297;0.784907;0.893819;1.000000
2,test_01091,28
3,test_01091,0.464525
1,test_01092,0.000000;0.116005;0.226737;0.339187;0.450510;0.565891;0.664038;0.781882;0.894745;1.000000
2,test_01092,7
3,test_01092,0.455739
1,test_01093,0.000000;0.135000;0.269564;0.375532;0.488920;0.600230;0.695199;0.801654;0.904112;1.000000
2,test_01093,-1
3,test_01093,0.469520
1,test_01094,0.000000;0.092908;0.196701;0.303857;0.431487;0.540779;0.632205;0.753837;0.876240;1.000000
2,test_01094,-1
3,test_01094,0.458084
1,test_01095,0.000000;0.104733;0.223182;0.335558;0.446220;0.549196;0.657133;0.765797;0.876724;1.000000
2,test_01095,2
3,test_01095,0.461534
1,test_01096,0.000000;0.109104;0.228837;0.341762;0.454882;0.569311;0.682016;0.776132;0.876932;1.000000
2,test_01096,17
3,test_01096,0.470734
1,test_01097,0.000000;0.112071;0.244656;0.339885;0.454875;0.572328;0.688693;0.802968;0.904933;1.000000
2,test_01097,-1
3,test_01097,0.476323
1,test_01098,0.000000;0.123373;0.251281;0.345364;0.440902;0.558286;0.660895;0.777753;0.894545;1.000000
2,test_01098,-1
3,test_01098,0.479415
1,test_01099,0.000000;0.133187;0.262345;0.345309;0.429991;0.525963;0.628589;0.740033;0.888341;1.000000
2,test_01099,-1
3,test_01099,0.445499
1,test_01100,0.000000;0.123248;0.245602;0.370478;0.481392;0.574297;0.692876;0.777545;0.886486;1.000000
2,test_01100,-1
3,test_01100,0.484280
1,test_01101,0.000000;0.109588;0.213644;0.326169;0.445755;0.561643;0.685418;0.786981;0.896842;1.000000
2,test_01101,33
3,test_01101,0.461751
1,test_01102,0.000000;0.106218;0.268392;0.390126;0.512087;0.633584;0.724777;0.814619;0.914021;1.000000
2,test_01102,-1
3,test_01102,0.521716
1,test_01103,0.000000;0.098528;0.219270;0.325472;0.455057;0.556369;0.653636;0.767887;0.888259;1.000000
2,test_01103,-1
3,test_01103,0.482151
1,test_01104,0.000000;0.099711;0.224092;0.329673;0.444325;0.560609;0.663763;0.774109;0.884547;1.000000
2,test_01104,40
3,test_01104,0.468357
1,test_01105,0.000000;0.111509;0.230278;0.341604;0.444999;0.565259;0.677215;0.782219;0.887417;1.000000
2,test_01105,3
3,test_01105,0.461232
1,test_01106,0.000000;0.114964;0.220915;0.327766;0.432615;0.550684;0.666925;0.787166;0.890403;1.000000
2,test_01106,23
3,test_01106,0.465188
1,test_01107,0.000000;0.128060;0.250054;0.364499;0.450278;0.557107;0.653978;0.737478;0.908867;1.000000
2,test_01107,-1
3,test_01107,0.452100
1,test_01108,0.000000;0.111106;0.217781;0.311502;0.421680;0.539497;0.652763;0.771239;0.886831;1.000000
2,test_01108,48
3,test_01108,0.453036
1,test_01109,0.000000;0.111106;0.217781;0.311502;0.421680;0.539497;0.652763;0.771239;0.886831;1.000000
2,test_01109,41
3,test_01109,0.453036
1,test_01110,0.000000;0.114559;0.214147;0.325311;0.437686;0.547307;0.660492;0.768955;0.888859;1.000000
2,test_01110,42
3,test_01110,0.484168
1,test_01111,0.000000;0.125074;0.229828;0.338438;0.441649;0.552031;0.656407;0.776168;0.895635;1.000000
2,test_01111,11
3,test_01111,0.461987
1,test_01112,0.000000;0.112344;0.222652;0.336817;0.451486;0.562386;0.673508;0.781881;0.888285;1.000000
2,test_01112,26
3,test_01112,0.466392
1,test_01113,0.000000;0.115661;0.238230;0.343763;0.467129;0.581424;0.686090;0.790159;0.875299;1.000000
2,test_01113,-1
3,test_01113,0.486701
1,test_01114,0.000000;0.121354;0.239249;0.351697;0.471223;0.594049;0.695434;0.787251;0.894318;1.000000
2,test_01114,35
3,test_01114,0.473054
1,test_01115,0.000000;0.115211;0.238332;0.346622;0.452626;0.561298;0.665504;0.778368;0.888165;1.000000
2,test_01115,37
3,test_01115,0.465629
1,test_01116,0.000000;0.110244;0.212607;0.330485;0.446712;0.556305;0.673182;0.791374;0.902094;1.000000
2,test_01116,4
3,test_01116,0.448540
1,test_01117,0.000000;0.103110;0.222392;0.325539;0.441055;0.551544;0.650121;0.764290;0.873999;1.000000
2,test_01117,38
3,test_01117,0.471962
1,test_01118,0.000000;0.104733;0.223182;0.335558;0.446220;0.549196;0.657133;0.765797;0.876724;1.000000
2,test_01118,2
3,test_01118,0.461534
1,test_01119,0.000000;0.112344;0.222652;0.336817;0.451486;0.562386;0.673508;0.781881;0.888285;1.000000
2,test_01119,27
3,test_01119,0.466392
1,test_01120,0.000000;0.115211;0.238332;0.346622;0.452626;0.561298;0.665504;0.778368;0.888165;1.000000
2,test_01120,37
3,test_01120,0.465629
1,test_01121,0.000000;0.119196;0.241811;0.349150;0.443470;0.555513;0.666722;0.800917;0.890279;1.000000
2,test_01121,-1
3,test_01121,0.455460
1,test_01122,0.000000;0.126382;0.237307;0.339170;0.450400;0.559117;0.667802;0.786067;0.895666;1.000000
2,test_01122,8
3,test_01122,0.466198
1,test_01123,0.000000;0.121354;0.239249;0.351697;0.471223;0.594049;0.695434;0.787251;0.894318;1.000000
2,test_01123,35
3,test_01123,0.473054
1,test_01124,0.000000;0.141360;0.289057;0.399716;0.498445;0.580156;0.674598;0.756848;0.880528;1.000000
2,test_01124,-1
3,test_01124,0.463568
1,test_01125,0.000000;0.112543;0.222887;0.335288;0.444123;0.554894;0.668297;0.784907;0.893819;1.000000
2,test_01125,21
3,test_01125,0.464525
1,test_01126,0.000000;0.099711;0.224092;0.329673;0.444325;0.560609;0.663763;0.774109;0.884547;1.000000
2,test_01126,47
3,test_01126,0.468357
1,test_01127,0.000000;0.116005;0.226737;0.339187;0.450510;0.565891;0.664038;0.781882;0.894745;1.000000
2,test_01127,0
3,test_01127,0.455739
1,test_01128,0.000000;0.110122;0.223752;0.335678;0.452379;0.564914;0.670022;0.787640;0.896892;1.000000
2,test_01128,22
3,test_01128,0.453835
1,test_01129,0.000000;0.114559;0.214147;0.325311;0.437686;0.547307;0.660492;0.768955;0.888859;1.000000
2,test_01129,49
3,test_01129,0.484168
1,test_01130,0.000000;0.097453;0.229833;0.342227;0.461440;0.569475;0.670153;0.773480;0.888647;1.000000
2,test_01130,-1
3,test_01130,0.478138
1,test_01131,0.000000;0.097542;0.235858;0.355715;0.463709;0.577951;0.683472;0.795568;0.901224;1.000000
2,test_01131,-1
3,test_01131,0.470024
1,test_01132,0.000000;0.110122;0.223752;0.335678;0.452379;0.564914;0.670022;0.787640;0.896892;1.000000
2,test_01132,22
3,test_01132,0.453835
1,test_01133,0.000000;0.116005;0.226737;0.339187;0.450510;0.565891;0.664038;0.781882;0.894745;1.000000
2,test_01133,0
3,test_01133,0.455739
1,test_01134,0.000000;0.122156;0.231502;0.335384;0.454719;0.563137;0.668078;0.771007;0.895043;1.000000
2,test_01134,13
3,test_01134,0.461512
1,test_01135,0.000000;0.106164;0.227142;0.317669;0.420360;0.536792;0.672391;0.778534;0.878329;1.000000
2,test_01135,-1
3,test_01135,0.468418
1,test_01136,0.000000;0.104733;0.223182;0.335558;0.446220;0.549196;0.657133;0.765797;0.876724;1.000000
2,test_01136,9
3,test_01136,0.461534
1,test_01137,0.000000;0.114559;0.214147;0.325311;0.437686;0.547307;0.660492;0.768955;0.888859;1.000000
2,test_01137,42
3,test_01137,0.484168
1,test_01138,0.000000;0.114964;0.220915;0.327766;0.432615;0.550684;0.666925;0.787166;0.890403;1.000000
2,test_01138,23
3,test_01138,0.465188
1,test_01139,0.000000;0.115211;0.238332;0.346622;0.452626;0.561298;0.665504;0.778368;0.888165;1.000000
2,test_01139,30
3,test_01139,0.465629
1,test_01140,0.000000;0.110122;0.223752;0.335678;0.452379;0.564914;0.670022;0.787640;0.896892;1.000000
2,test_01140,29
3,test_01140,0.453835
1,test_01141,0.000000;0.093972;0.200584;0.312275;0.395573;0.518760;0.643651;0.757652;0.867016;1.000000
2,test_01141,-1
3,test_01141,0.444471
1,test_01142,0.000000;0.122156;0.231502;0.335384;0.454719;0.563137;0.668078;0.771007;0.895043;1.000000
2,test_01142,13
3,test_01142,0.461512
1,test_01143,0.000000;0.112344;0.222652;0.336817;0.451486;0.562386;0.673508;0.781881;0.888285;1.000000
2,test_01143,27
3,test_01143,0.466392
1,test_01144,0.000000;0.111106;0.217781;0.311502;0.421680;0.539497;0.652763;0.771239;0.886831;1.000000
2,test_01144,48
3,test_01144,0.453036
1,test_01145,0.000000;0.126382;0.237307;0.339170;0.450400;0.559117;0.667802;0.786067;0.895666;1.000000
2,test_01145,1
3,test_01145,0.466198
1,test_01146,0.000000;0.109644;0.222634;0.336281;0.455908;0.564856;0.667504;0.773036;0.886015;1.000000
2,test_01146,19
3,test_01146,0.460897
1,test_01147,0.000000;0.102898;0.186602;0.304517;0.420759;0.531009;0.681558;0.796345;0.901435;1.000000
2,test_01147,-1
3,test_01147,0.464731
1,test_01148,0.000000;0.104733;0.223182;0.335558;0.446220;0.549196;0.657133;0.765797;0.876724;1.000000
2,test_01148,9
3,test_01148,0.461534
1,test_01149,0.000000;0.096656;0.206586;0.318672;0.414765;0.531828;0.628556;0.746780;0.873159;1.000000
2,test_01149,-1
3,test_01149,0.469162
1,test_01150,0.000000;0.094781;0.222891;0.333901;0.437954;0.550199;0.656469;0.772664;0.877219;1.000000
2,test_01150,43
3,test_01150,0.465892
1,test_01151,0.000000;0.107993;0.211837;0.317663;0.429660;0.554736;0.671413;0.776934;0.892567;1.000000
2,test_01151,5
3,test_01151,0.468145
1,test_01152,0.000000;0.099277;0.210287;0.323415;0.429444;0.559168;0.668304;0.777405;0.888344;1.000000
2,test_01152,15
3,test_01152,0.470553
1,test_01153,0.000000;0.114559;0.214147;0.325311;0.437686;0.547307;0.660492;0.768955;0.888859;1.000000
2,test_01153,49
3,test_01153,0.484168
1,test_01154,0.000000;0.114559;0.214147;0.325311;0.437686;0.547307;0.660492;0.768955;0.888859;1.000000
2,test_01154,49
3,test_01154,0.484168
1,test_01155,0.000000;0.118725;0.242881;0.353629;0.461525;0.562966;0.699936;0.808603;0.923200;1.000000
2,test_01155,-1
3,test_01155,0.537567
1,test_01156,0.000000;0.106639;0.213777;0.306826;0.408322;0.500452;0.646833;0.777914;0.905056;1.000000
2,test_01156,-1
3,test_01156,0.464402
1,test_01157,0.000000;0.110244;0.212607;0.330485;0.446712;0.556305;0.673182;0.791374;0.902094;1.000000
2,test_01157,46
3,test_01157,0.448540
1,test_01158,0.000000;0.099711;0.224092;0.329673;0.444325;0.560609;0.663763;0.774109;0.884547;1.000000
2,test_01158,47
3,test_01158,0.468357
1,test_01159,0.000000;0.116672;0.227746;0.362733;0.474690;0.571949;0.667839;0.788641;0.895514;1.000000
2,test_01159,-1
3,test_01159,0.463852
1,test_01160,0.000000;0.115211;0.238332;0.346622;0.452626;0.561298;0.665504;0.778368;0.888165;1.000000
2,test_01160,37
3,test_01160,0.465629
1,test_01161,0.000000;0.112344;0.222652;0.336817;0.451486;0.562386;0.673508;0.781881;0.888285;1.000000
2,test_01161,20
3,test_01161,0.466392
1,test_01162,0.000000;0.111509;0.230278;0.341604;0.444999;0.565259;0.677215;0.782219;0.887417;1.000000
2,test_01162,3
3,test_01162,0.461232
1,test_01163,0.000000;0.111106;0.217781;0.311502;0.421680;0.539497;0.652763;0.771239;0.886831;1.000000
2,test_01163,41
3,test_01163,0.453036
1,test_01164,0.000000;0.115645;0.223568;0.330098;0.442668;0.551000;0.654694;0.774582;0.885568;1.000000
2,test_01164,-1
3,test_01164,0.444021
1,test_01165,0.000000;0.112543;0.222887;0.335288;0.444123;0.554894;0.668297;0.784907;0.893819;1.000000
2,test_01165,28
3,test_01165,0.464525
1,test_01166,0.000000;0.109644;0.222634;0.336281;0.455908;0.564856;0.667504;0.773036;0.886015;1.000000
2,test_01166,12
3,test_01166,0.460897
1,test_01167,0.000000;0.112344;0.222652;0.336817;0.451486;0.562386;0.673508;0.781881;0.888285;1.000000
2,test_01167,25
3,test_01167,0.466392
1,test_01168,0.000000;0.108089;0.202721;0.322955;0.439105;0.559281;0.646337;0.720675;0.853102;1.000000
2,test_01168,-1
3,test_01168,0.469918
1,test_01169,0.000000;0.116311;0.226848;0.353878;0.464663;0.562986;0.678817;0.788671;0.905543;1.000000
2,test_01169,-1
3,test_01169,0.478133
1,test_01170,0.000000;0.103144;0.217227;0.321420;0.438868;0.564167;0.662241;0.766911;0.893168;1.000000
2,test_01170,34
3,test_01170,0.473065
1,test_01171,0.000000;0.112543;0.222887;0.335288;0.444123;0.554894;0.668297;0.784907;0.893819;1.000000
2,test_01171,21
3,test_01171,0.464525
1,test_01172,0.000000;0.125967;0.245956;0.344591;0.451801;0.577269;0.688308;0.799775;0.897437;1.000000
2,test_01172,-1
3,test_01172,0.475233
1,test_01173,0.000000;0.110122;0.223752;0.335678;0.452379;0.564914;0.670022;0.787640;0.896892;1.000000
2,test_01173,29
3,test_01173,0.453835
1,test_01174,0.000000;0.107993;0.211837;0.317663;0.429660;0.554736;0.671413;0.776934;0.892567;1.000000
2,test_01174,5
3,test_01174,0.468145
1,test_01175,0.000000;0.193270;0.302004;0.403517;0.499603;0.609492;0.692330;0.798771;0.888303;1.000000
2,test_01175,-1
3,test_01175,0.453550
1,test_01176,0.000000;0.122156;0.231502;0.335384;0.454719;0.563137;0.668078;0.771007;0.895043;1.000000
2,test_01176,13
3,test_01176,0.461512
1,test_01177,0.000000;0.097440;0.202069;0.318388;0.415385;0.526801;0.638616;0.767392;0.906649;1.000000
2,test_01177,-1
3,test_01177,0.440944
1,test_01178,0.000000;0.119394;0.215663;0.322995;0.428746;0.544596;0.671583;0.781870;0.885240;1.000000
2,test_01178,6
3,test_01178,0.461496
1,test_01179,0.000000;0.115211;0.238332;0.346622;0.452626;0.561298;0.665504;0.778368;0.888165;1.000000
2,test_01179,37
3,test_01179,0.465629
1,test_01180,0.000000;0.105565;0.233145;0.349510;0.465915;0.576519;0.685915;0.780440;0.880874;1.000000
2,test_01180,-1
3,test_01180,0.474304
1,test_01181,0.000000;0.108090;0.225134;0.338098;0.450975;0.564338;0.677650;0.783144;0.893882;1.000000
2,test_01181,39
3,test_01181,0.461831
1,test_01182,0.000000;0.107993;0.211837;0.317663;0.429660;0.554736;0.671413;0.776934;0.892567;1.000000
2,test_01182,5
3,test_01182,0.468145
1,test_01183,0.000000;0.094781;0.222891;0.333901;0.437954;0.550199;0.656469;0.772664;0.877219;1.000000
2,test_01183,43
3,test_01183,0.465892
1,test_01184,0.000000;0.106491;0.237335;0.354537;0.467540;0.557957;0.665468;0.790738;0.904470;1.000000
2,test_01184,-1
3,test_01184,0.501178
1,test_01185,0.000000;0.114559;0.214147;0.325311;0.437686;0.547307;0.660492;0.768955;0.888859;1.000000
2,test_01185,42
3,test_01185,0.484168
1,test_01186,0.000000;0.110244;0.212607;0.330485;0.446712;0.556305;0.673182;0.791374;0.902094;1.000000
2,test_01186,4
3,test_01186,0.448540
1,test_01187,0.000000;0.112344;0.222652;0.336817;0.451486;0.562386;0.673508;0.781881;0.888285;1.000000
2,test_01187,26
3,test_01187,0.466392
1,test_01188,0.000000;0.111549;0.252804;0.367318;0.472423;0.582419;0.678483;0.785042;0.891350;1.000000
2,test_01188,-1
3,test_01188,0.432269
1,test_01189,0.000000;0.105681;0.202925;0.312449;0.403390;0.543680;0.654056;0.787559;0.893362;1.000000
2,test_01189,-1
3,test_01189,0.443943
1,test_01190,0.000000;0.122266;0.239978;0.344789;0.451063;0.590515;0.704213;0.817683;0.911583;1.000000
2,test_01190,-1
3,test_01190,0.464702
1,test_01191,0.000000;0.110122;0.223752;0.335678;0.452379;0.564914;0.670022;0.787640;0.896892;1.000000
2,test_01191,29
3,test_01191,0.453835
1,test_01192,0.000000;0.125074;0.229828;0.338438;0.441649;0.552031;0.656407;0.776168;0.895635;1.000000
2,test_01192,11
3,test_01192,0.461987
1,test_01193,0.000000;0.108090;0.225134;0.338098;0.450975;0.564338;0.677650;0.783144;0.893882;1.000000
2,test_01193,39
3,test_01193,0.461831
1,test_01194,0.000000;0.110974;0.223773;0.337893;0.448078;0.567164;0.670585;0.771945;0.879925;1.000000
2,test_01194,36
3,test_01194,0.458080
1,test_01195,0.000000;0.111106;0.217781;0.311502;0.421680;0.539497;0.652763;0.771239;0.886831;1.000000
2,test_01195,48
3,test_01195,0.453036
1,test_01196,0.000000;0.085169;0.199244;0.302238;0.413699;0.524710;0.633499;0.777904;0.867146;1.000000
2,test_01196,-1
3,test_01196,0.489134
1,test_01197,0.000000;0.121354;0.239249;0.351697;0.471223;0.594049;0.695434;0.787251;0.894318;1.000000
2,test_01197,35
3,test_01197,0.473054
1,test_01198,0.000000;0.099711;0.224092;0.329673;0.444325;0.560609;0.663763;0.774109;0.884547;1.000000
2,test_01198,40
3,test_01198,0.468357
1,test_01199,0.000000;0.110122;0.223752;0.335678;0.452379;0.564914;0.670022;0.787640;0.896892;1.000000
2,test_01199,22
3,test_01199,0.453835
1,test_01200,0.000000;0.100928;0.208735;0.312632;0.434895;0.549406;0.668007;0.778746;0.894910;1.000000
2,test_01200,14
3,test_01200,0.465568
1,test_01201,0.000000;0.102855;0.212931;0.319076;0.448565;0.566242;0.682087;0.789711;0.892991;1.000000
2,test_01201,24
3,test_01201,0.474685
1,test_01202,0.000000;0.109588;0.213644;0.326169;0.445755;0.561643;0.685418;0.786981;0.896842;1.000000
2,test_01202,33
3,test_01202,0.461751
1,test_01203,0.000000;0.114964;0.220915;0.327766;0.432615;0.550684;0.666925;0.787166;0.890403;1.000000
2,test_01203,23
3,test_01203,0.465188
1,test_01204,0.000000;0.100928;0.208735;0.312632;0.434895;0.549406;0.668007;0.778746;0.894910;1.000000
2,test_01204,14
3,test_01204,0.465568
1,test_01205,0.000000;0.102855;0.212931;0.319076;0.448565;0.566242;0.682087;0.789711;0.892991;1.000000
2,test_01205,24
3,test_01205,0.474685
1,test_01206,0.000000;0.110974;0.223773;0.337893;0.448078;0.567164;0.670585;0.771945;0.879925;1.000000
2,test_01206,36
3,test_01206,0.458080
1,test_01207,0.000000;0.111509;0.230278;0.341604;0.444999;0.565259;0.677215;0.782219;0.887417;1.000000
2,test_01207,3
3,test_01207,0.461232
1,test_01208,0.000000;0.107993;0.211837;0.317663;0.429660;0.554736;0.671413;0.776934;0.892567;1.000000
2,test_01208,5
3,test_01208,0.468145
1,test_01209,0.000000;0.126382;0.237307;0.339170;0.450400;0.559117;0.667802;0.786067;0.895666;1.000000
2,test_01209,8
3,test_01209,0.466198
1,test_01210,0.000000;0.111509;0.230278;0.341604;0.444999;0.565259;0.677215;0.782219;0.887417;1.000000
2,test_01210,45
3,test_01210,0.461232
1,test_01211,0.000000;0.118804;0.222022;0.325076;0.411180;0.531520;0.645009;0.759073;0.879354;1.000000
2,test_01211,-1
3,test_01211,0.475913
1,test_01212,0.000000;0.112543;0.222887;0.335288;0.444123;0.554894;0.668297;0.784907;0.893819;1.000000
2,test_01212,28
3,test_01212,0.464525
1,test_01213,0.000000;0.106103;0.188466;0.347388;0.460207;0.567356;0.679517;0.791623;0.903983;1.000000
2,test_01213,-1
3,test_01213,0.463702
1,test_01214,0.000000;0.109588;0.213644;0.326169;0.445755;0.561643;0.685418;0.786981;0.896842;1.000000
2,test_01214,33
3,test_01214,0.461751
1,test_01215,0.000000;0.116284;0.236886;0.370414;0.493532;0.606439;0.724020;0.815341;0.918339;1.000000
2,test_01215,-1
3,test_01215,0.416854
1,test_01216,0.000000;0.109588;0.213644;0.326169;0.445755;0.561643;0.685418;0.786981;0.896842;1.000000
2,test_01216,33
3,test_01216,0.461751
1,test_01217,0.000000;0.110122;0.223752;0.335678;0.452379;0.564914;0.670022;0.787640;0.896892;1.000000
2,test_01217,22
3,test_01217,0.453835
1,test_01218,0.000000;0.105648;0.231676;0.316348;0.431655;0.531133;0.638511;0.736914;0.861744;1.000000
2,test_01218,-1
3,test_01218,0.445876
1,test_01219,0.000000;0.148873;0.264693;0.365818;0.484689;0.603836;0.703270;0.817125;0.899997;1.000000
2,test_01219,-1
3,test_01219,0.485771
1,test_01220,0.000000;0.133587;0.226750;0.363242;0.480857;0.600507;0.711650;0.818336;0.916920;1.000000
2,test_01220,-1
3,test_01220,0.451127
1,test_01221,0.000000;0.121354;0.239249;0.351697;0.471223;0.594049;0.695434;0.787251;0.894318;1.000000
2,test_01221,35
3,test_01221,0.473054
1,test_01222,0.000000;0.112344;0.222652;0.336817;0.451486;0.562386;0.673508;0.781881;0.888285;1.000000
2,test_01222,27
3,test_01222,0.466392
1,test_01223,0.000000;0.110122;0.223752;0.335678;0.452379;0.564914;0.670022;0.787640;0.896892;1.000000
2,test_01223,29
3,test_01223,0.453835
1,test_01224,0.000000;0.108090;0.225134;0.338098;0.450975;0.564338;0.677650;0.783144;0.893882;1.000000
2,test_01224,39
3,test_01224,0.461831
1,test_01225,0.000000;0.091997;0.232679;0.322704;0.443419;0.544613;0.669075;0.773996;0.895682;1.000000
2,test_01225,-1
3,test_01225,0.445464
1,test_01226,0.000000;0.112344;0.222652;0.336817;0.451486;0.562386;0.673508;0.781881;0.888285;1.000000
2,test_01226,25
3,test_01226,0.466392
1,test_01227,0.000000;0.122156;0.231502;0.335384;0.454719;0.563137;0.668078;0.771007;0.895043;1.000000
2,test_01227,13
3,test_01227,0.461512
1,test_01228,0.000000;0.110244;0.212607;0.330485;0.446712;0.556305;0.673182;0.791374;0.902094;1.000000
2,test_01228,4
3,test_01228,0.448540
1,test_01229,0.000000;0.122255;0.216340;0.334728;0.439366;0.550278;0.659329;0.759949;0.875147;1.000000
2,test_01229,44
3,test_01229,0.471424
1,test_01230,0.000000;0.099711;0.224092;0.329673;0.444325;0.560609;0.663763;0.774109;0.884547;1.000000
2,test_01230,40
3,test_01230,0.468357
1,test_01231,0.000000;0.108404;0.211672;0.297252;0.405116;0.529908;0.655865;0.760892;0.883457;1.000000
2,test_01231,-1
3,test_01231,0.486115
1,test_01232,0.000000;0.099739;0.232821;0.363794;0.472771;0.572507;0.669114;0.789600;0.892858;1.000000
2,test_01232,-1
3,test_01232,0.461290
1,test_01233,0.000000;0.111509;0.230278;0.341604;0.444999;0.565259;0.677215;0.782219;0.887417;1.000000
2,test_01233,3
3,test_01233,0.461232
1,test_01234,0.000000;0.104733;0.223182;0.335558;0.446220;0.549196;0.657133;0.765797;0.876724;1.000000
2,test_01234,2
3,test_01234,0.461534
1,test_01235,0.000000;0.102855;0.212931;0.319076;0.448565;0.566242;0.682087;0.789711;0.892991;1.000000
2,test_01235,24
3,test_01235,0.474685
1,test_01236,0.000000;0.127762;0.227805;0.352128;0.446398;0.541630;0.670909;0.793369;0.891774;1.000000
2,test_01236,16
3,test_01236,0.440359
1,test_01237,0.000000;0.110244;0.212607;0.330485;0.446712;0.556305;0.673182;0.791374;0.902094;1.000000
2,test_01237,46
3,test_01237,0.448540
1,test_01238,0.000000;0.111106;0.217781;0.311502;0.421680;0.539497;0.652763;0.771239;0.886831;1.000000
2,test_01238,41
3,test_01238,0.453036
1,test_01239,0.000000;0.109104;0.228837;0.341762;0.454882;0.569311;0.682016;0.776132;0.876932;1.000000
2,test_01239,10
3,test_01239,0.470734
1,test_01240,0.000000;0.116005;0.226737;0.339187;0.450510;0.565891;0.664038;0.781882;0.894745;1.000000
2,test_01240,7
3,test_01240,0.455739
1,test_01241,0.000000;0.110122;0.223752;0.335678;0.452379;0.564914;0.670022;0.787640;0.896892;1.000000
2,test_01241,22
3,test_01241,0.453835
1,test_01242,0.000000;0.126382;0.237307;0.339170;0.450400;0.559117;0.667802;0.786067;0.895666;1.000000
2,test_01242,8
3,test_01242,0.466198
1,test_01243,0.000000;0.107515;0.212931;0.335643;0.432190;0.576378;0.696775;0.790110;0.891337;1.000000
2,test_01243,-1
3,test_01243,0.470885
1,test_01244,0.000000;0.116005;0.226737;0.339187;0.450510;0.565891;0.664038;0.781882;0.894745;1.000000
2,test_01244,7
3,test_01244,0.455739
1,test_01245,0.000000;0.108090;0.225134;0.338098;0.450975;0.564338;0.677650;0.783144;0.893882;1.000000
2,test_01245,32
3,test_01245,0.461831
1,test_01246,0.000000;0.115881;0.207848;0.319658;0.414822;0.522576;0.661538;0.773298;0.880694;1.000000
2,test_01246,-1
3,test_01246,0.485786
1,test_01247,0.000000;0.104733;0.223182;0.335558;0.446220;0.549196;0.657133;0.765797;0.876724;1.000000
2,test_01247,2
3,test_01247,0.461534
1,test_01248,0.000000;0.116005;0.226737;0.339187;0.450510;0.565891;0.664038;0.781882;0.894745;1.000000
2,test_01248,7
3,test_01248,0.455739
1,test_01249,0.000000;0.109588;0.213644;0.326169;0.445755;0.561643;0.685418;0.786981;0.896842;1.000000
2,test_01249,33
3,test_01249,0.461751
1,test_01250,0.000000;0.117331;0.219406;0.344390;0.453532;0.543239;0.660070;0.765092;0.884171;1.000000
2,test_01250,-1
3,test_01250,0.470038
1,test_01251,0.000000;0.098920;0.207458;0.337459;0.453992;0.566149;0.674267;0.784030;0.889973;1.000000
2,test_01251,-1
3,test_01251,0.446158
1,test_01252,0.000000;0.100928;0.208735;0.312632;0.434895;0.549406;0.668007;0.778746;0.894910;1.000000
2,test_01252,14
3,test_01252,0.465568
1,test_01253,0.000000;0.109644;0.222634;0.336281;0.455908;0.564856;0.667504;0.773036;0.886015;1.000000
2,test_01253,12
3,test_01253,0.460897
1,test_01254,0.000000;0.099277;0.210287;0.323415;0.429444;0.559168;0.668304;0.777405;0.888344;1.000000
2,test_01254,15
3,test_01254,0.470553
1,test_01255,0.000000;0.143051;0.243514;0.388274;0.490154;0.572792;0.668819;0.782704;0.889727;1.000000
2,test_01255,-1
3,test_01255,0.494441
1,test_01256,0.000000;0.087250;0.189280;0.286897;0.421911;0.520257;0.637939;0.762902;0.890019;1.000000
2,test_01256,-1
3,test_01256,0.483536
1,test_01257,0.000000;0.121354;0.239249;0.351697;0.471223;0.594049;0.695434;0.787251;0.894318;1.000000
2,test_01257,35
3,test_01257,0.473054
1,test_01258,0.000000;0.100521;0.225337;0.341407;0.430364;0.546244;0.630298;0.727097;0.860651;1.000000
2,test_01258,-1
3,test_01258,0.451878
1,test_01259,0.000000;0.102398;0.226926;0.336890;0.439535;0.550550;0.675933;0.792721;0.888614;1.000000
2,test_01259,-1
3,test_01259,0.493775
1,test_01260,0.000000;0.109644;0.222634;0.336281;0.455908;0.564856;0.667504;0.773036;0.886015;1.000000
2,test_01260,19
3,test_01260,0.460897
1,test_01261,0.000000;0.109588;0.213644;0.326169;0.445755;0.561643;0.685418;0.786981;0.896842;1.000000
2,test_01261,33
3,test_01261,0.461751
1,test_01262,0.000000;0.109104;0.228837;0.341762;0.454882;0.569311;0.682016;0.776132;0.876932;1.000000
2,test_01262,17
3,test_01262,0.470734
1,test_01263,0.000000;0.103110;0.222392;0.325539;0.441055;0.551544;0.650121;0.764290;0.873999;1.000000
2,test_01263,31
3,test_01263,0.471962
1,test_01264,0.000000;0.094781;0.222891;0.333901;0.437954;0.550199;0.656469;0.772664;0.877219;1.000000
2,test_01264,43
3,test_01264,0.465892
1,test_01265,0.000000;0.112344;0.222652;0.336817;0.451486;0.562386;0.673508;0.781881;0.888285;1.000000
2,test_01265,20
3,test_01265,0.466392
1,test_01266,0.000000;0.108090;0.225134;0.338098;0.450975;0.564338;0.677650;0.783144;0.893882;1.000000
2,test_01266,39
3,test_01266,0.461831
1,test_01267,0.000000;0.126382;0.237307;0.339170;0.450400;0.559117;0.667802;0.786067;0.895666;1.000000
2,test_01267,8
3,test_01267,0.466198
1,test_01268,0.000000;0.115211;0.238332;0.346622;0.452626;0.561298;0.665504;0.778368;0.888165;1.000000
2,test_01268,37
3,test_01268,0.465629
1,test_01269,0.000000;0.114044;0.224095;0.336344;0.449776;0.529725;0.639236;0.758431;0.859766;1.000000
2,test_01269,-1
3,test_01269,0.485246
1,test_01270,0.000000;0.109104;0.228837;0.341762;0.454882;0.569311;0.682016;0.776132;0.876932;1.000000
2,test_01270,17
3,test_01270,0.470734
1,test_01271,0.000000;0.099711;0.224092;0.329673;0.444325;0.560609;0.663763;0.774109;0.884547;1.000000
2,test_01271,47
3,test_01271,0.468357
1,test_01272,0.000000;0.114964;0.220915;0.327766;0.432615;0.550684;0.666925;0.787166;0.890403;1.000000
2,test_01272,23
3,test_01272,0.465188
1,test_01273,0.000000;0.117833;0.223735;0.325286;0.428701;0.528060;0.657994;0.794431;0.904829;1.000000
2,test_01273,-1
3,test_01273,0.457691
1,test_01274,0.000000;0.103110;0.222392;0.325539;0.441055;0.551544;0.650121;0.764290;0.873999;1.000000
2,test_01274,38
3,test_01274,0.471962
1,test_01275,0.000000;0.104161;0.226672;0.314402;0.414223;0.526169;0.649789;0.755418;0.869694;1.000000
2,test_01275,-1
3,test_01275,0.469011
1,test_01276,0.000000;0.102855;0.212931;0.319076;0.448565;0.566242;0.682087;0.789711;0.892991;1.000000
2,test_01276,24
3,test_01276,0.474685
1,test_01277,0.000000;0.108090;0.225134;0.338098;0.450975;0.564338;0.677650;0.783144;0.893882;1.000000
2,test_01277,39
3,test_01277,0.461831
1,test_01278,0.000000;0.100928;0.208735;0.312632;0.434895;0.549406;0.668007;0.778746;0.894910;1.000000
2,test_01278,14
3,test_01278,0.465568
1,test_01279,0.000000;0.115211;0.238332;0.346622;0.452626;0.561298;0.665504;0.778368;0.888165;1.000000
2,test_01279,37
3,test_01279,0.465629
1,test_01280,0.000000;0.115211;0.238332;0.346622;0.452626;0.561298;0.665504;0.778368;0.888165;1.000000
2,test_01280,30
3,test_01280,0.465629
1,test_01281,0.000000;0.125074;0.229828;0.338438;0.441649;0.552031;0.656407;0.776168;0.895635;1.000000
2,test_01281,11
3,test_01281,0.461987
1,test_01282,0.000000;0.111358;0.239952;0.360977;0.449492;0.567806;0.662838;0.774757;0.881070;1.000000
2,test_01282,-1
3,test_01282,0.457423
1,test_01283,0.000000;0.115211;0.238332;0.346622;0.452626;0.561298;0.665504;0.778368;0.888165;1.000000
2,test_01283,37
3,test_01283,0.465629
1,test_01284,0.000000;0.113161;0.233114;0.360143;0.460203;0.562437;0.688760;0.784147;0.900784;1.000000
2,test_01284,-1
3,test_01284,0.469116
1,test_01285,0.000000;0.111106;0.217781;0.311502;0.421680;0.539497;0.652763;0.771239;0.886831;1.000000
2,test_01285,41
3,test_01285,0.453036
1,test_01286,0.000000;0.114559;0.214147;0.325311;0.437686;0.547307;0.660492;0.768955;0.888859;1.000000
2,test_01286,42
3,test_01286,0.484168
1,test_01287,0.000000;0.089019;0.201855;0.332617;0.427290;0.544366;0.664189;0.793236;0.889520;1.000000
2,test_01287,-1
3,test_01287,0.442687
1,test_01288,0.000000;0.110122;0.223752;0.335678;0.452379;0.564914;0.670022;0.787640;0.896892;1.000000
2,test_01288,22
3,test_01288,0.453835
1,test_01289,0.000000;0.131416;0.252802;0.359707;0.469801;0.568758;0.700776;0.798384;0.898228;1.000000
2,test_01289,-1
3,test_01289,0.476992
1,test_01290,0.000000;0.126112;0.264729;0.373616;0.484185;0.618336;0.722990;0.825594;0.912508;1.000000
2,test_01290,-1
3,test_01290,0.438907
1,test_01291,0.000000;0.099711;0.224092;0.329673;0.444325;0.560609;0.663763;0.774109;0.884547;1.000000
2,test_01291,47
3,test_01291,0.468357
1,test_01292,0.000000;0.098069;0.220073;0.323230;0.446719;0.548709;0.653544;0.749603;0.874193;1.000000
2,test_01292,-1
3,test_01292,0.483087
1,test_01293,0.000000;0.111106;0.217781;0.311502;0.421680;0.539497;0.652763;0.771239;0.886831;1.000000
2,test_01293,48
3,test_01293,0.453036
1,test_01294,0.000000;0.107993;0.211837;0.317663;0.429660;0.554736;0.671413;0.776934;0.892567;1.000000
2,test_01294,5
3,test_01294,0.468145
1,test_01295,0.000000;0.106116;0.243809;0.364082;0.464438;0.559995;0.671398;0.782167;0.885371;1.000000
2,test_01295,-1
3,test_01295,0.495050
1,test_01296,0.000000;0.114559;0.214147;0.325311;0.437686;0.547307;0.660492;0.768955;0.888859;1.000000
2,test_01296,49
3,test_01296,0.484168
1,test_01297,0.000000;0.115211;0.238332;0.346622;0.452626;0.561298;0.665504;0.778368;0.888165;1.000000
2,test_01297,37
3,test_01297,0.465629
1,test_01298,0.000000;0.125074;0.229828;0.338438;0.441649;0.552031;0.656407;0.776168;0.895635;1.000000
2,test_01298,18
3,test_01298,0.461987
1,test_01299,0.000000;0.108618;0.210756;0.325607;0.416291;0.540404;0.657317;0.743631;0.894236;1.000000
2,test_01299,-1
3,test_01299,0.446354
1,test_01300,0.000000;0.083402;0.209673;0.321000;0.403219;0.523115;0.644153;0.756343;0.868419;1.000000
2,test_01300,-1
3,test_01300,0.450337
1,test_01301,0.000000;0.112344;0.222652;0.336817;0.451486;0.562386;0.673508;0.781881;0.888285;1.000000
2,test_01301,27
3,test_01301,0.466392
1,test_01302,0.000000;0.147441;0.262144;0.366959;0.465765;0.562917;0.659663;0.776501;0.867069;1.000000
2,test_01302,-1
3,test_01302,0.464135
1,test_01303,0.000000;0.109644;0.222634;0.336281;0.455908;0.564856;0.667504;0.773036;0.886015;1.000000
2,test_01303,19
3,test_01303,0.460897
1,test_01304,0.000000;0.111509;0.230278;0.341604;0.444999;0.565259;0.677215;0.782219;0.887417;1.000000
2,test_01304,3
3,test_01304,0.461232
1,test_01305,0.000000;0.101482;0.221251;0.314775;0.419282;0.540026;0.643204;0.756919;0.891573;1.000000
2,test_01305,-1
3,test_01305,0.461629
1,test_01306,0.000000;0.104733;0.223182;0.335558;0.446220;0.549196;0.657133;0.765797;0.876724;1.000000
2,test_01306,2
3,test_01306,0.461534
1,test_01307,0.000000;0.110244;0.212607;0.330485;0.446712;0.556305;0.673182;0.791374;0.902094;1.000000
2,test_01307,46
3,test_01307,0.448540
1,test_01308,0.000000;0.132155;0.231957;0.366153;0.455182;0.572498;0.685464;0.799818;0.905863;1.000000
2,test_01308,-1
3,test_01308,0.465110
1,test_01309,0.000000;0.115211;0.238332;0.346622;0.452626;0.561298;0.665504;0.778368;0.888165;1.000000
2,test_01309,37
3,test_01309,0.465629
1,test_01310,0.000000;0.114559;0.214147;0.325311;0.437686;0.547307;0.660492;0.768955;0.888859;1.000000
2,test_01310,49
3,test_01310,0.484168
1,test_01311,0.000000;0.109588;0.213644;0.326169;0.445755;0.561643;0.685418;0.786981;0.896842;1.000000
2,test_01311,33
3,test_01311,0.461751
1,test_01312,0.000000;0.112543;0.222887;0.335288;0.444123;0.554894;0.668297;0.784907;0.893819;1.000000
2,test_01312,28
3,test_01312,0.464525
1,test_01313,0.000000;0.111509;0.230278;0.341604;0.444999;0.565259;0.677215;0.782219;0.887417;1.000000
2,test_01313,45
3,test_01313,0.461232
1,test_01314,0.000000;0.101202;0.216210;0.333017;0.445758;0.558028;0.678062;0.797717;0.899539;1.000000
2,test_01314,-1
3,test_01314,0.457191
1,test_01315,0.000000;0.127762;0.227805;0.352128;0.446398;0.541630;0.670909;0.793369;0.891774;1.000000
2,test_01315,16
3,test_01315,0.440359
1,test_01316,0.000000;0.110244;0.212607;0.330485;0.446712;0.556305;0.673182;0.791374;0.902094;1.000000
2,test_01316,4
3,test_01316,0.448540
1,test_01317,0.000000;0.120032;0.219087;0.333777;0.427092;0.540894;0.636739;0.759445;0.888269;1.000000
2,test_01317,-1
3,test_01317,0.470055
1,test_01318,0.000000;0.124505;0.243897;0.367605;0.462846;0.573860;0.676212;0.783862;0.882453;1.000000
2,test_01318,-1
3,test_01318,0.476737
1,test_01319,0.000000;0.114964;0.220915;0.327766;0.432615;0.550684;0.666925;0.787166;0.890403;1.000000
2,test_01319,23
3,test_01319,0.465188
1,test_01320,0.000000;0.093622;0.210893;0.316415;0.423724;0.559793;0.674531;0.783276;0.882496;1.000000
2,test_01320,-1
3,test_01320,0.462423
1,test_01321,0.000000;0.112543;0.222887;0.335288;0.444123;0.554894;0.668297;0.784907;0.893819;1.000000
2,test_01321,28
3,test_01321,0.464525
1,test_01322,0.000000;0.111106;0.217781;0.311502;0.421680;0.539497;0.652763;0.771239;0.886831;1.000000
2,test_01322,41
3,test_01322,0.453036
1,test_01323,0.000000;0.112344;0.222652;0.336817;0.451486;0.562386;0.673508;0.781881;0.888285;1.000000
2,test_01323,20
3,test_01323,0.466392
1,test_01324,0.000000;0.104733;0.223182;0.335558;0.446220;0.549196;0.657133;0.765797;0.876724;1.000000
2,test_01324,9
3,test_01324,0.461534
1,test_01325,0.000000;0.112685;0.219660;0.335545;0.430864;0.536529;0.673833;0.807879;0.891571;1.000000
2,test_01325,-1
3,test_01325,0.455520
1,test_01326,0.000000;0.102855;0.212931;0.319076;0.448565;0.566242;0.682087;0.789711;0.892991;1.000000
2,test_01326,24
3,test_01326,0.474685
1,test_01327,0.000000;0.111106;0.217781;0.311502;0.421680;0.539497;0.652763;0.771239;0.886831;1.000000
2,test_01327,41
3,test_01327,0.453036
1,test_01328,0.000000;0.111509;0.230278;0.341604;0.444999;0.565259;0.677215;0.782219;0.887417;1.000000
2,test_01328,45
3,test_01328,0.461232
1,test_01329,0.000000;0.117436;0.227305;0.345602;0.458929;0.567914;0.670988;0.766981;0.875513;1.000000
2,test_01329,-1
3,test_01329,0.484225
1,test_01330,0.000000;0.116005;0.226737;0.339187;0.450510;0.565891;0.664038;0.781882;0.894745;1.000000
2,test_01330,7
3,test_01330,0.455739
1,test_01331,0.000000;0.094781;0.222891;0.333901;0.437954;0.550199;0.656469;0.772664;0.877219;1.000000
2,test_01331,43
3,test_01331,0.465892
1,test_01332,0.000000;0.110974;0.223773;0.337893;0.448078;0.567164;0.670585;0.771945;0.879925;1.000000
2,test_01332,36
3,test_01332,0.458080
1,test_01333,0.000000;0.112543;0.222887;0.335288;0.444123;0.554894;0.668297;0.784907;0.893819;1.000000
2,test_01333,28
3,test_01333,0.464525
1,test_01334,0.000000;0.107993;0.211837;0.317663;0.429660;0.554736;0.671413;0.776934;0.892567;1.000000
2,test_01334,5
3,test_01334,0.468145
1,test_01335,0.000000;0.121042;0.231147;0.343799;0.437293;0.531844;0.671003;0.782648;0.885902;1.000000
2,test_01335,-1
3,test_01335,0.505794
1,test_01336,0.000000;0.091421;0.219150;0.307514;0.421593;0.543452;0.655668;0.769906;0.893810;1.000000
2,test_01336,-1
3,test_01336,0.474297
1,test_01337,0.000000;0.123362;0.223953;0.315293;0.448651;0.560852;0.665042;0.765986;0.887686;1.000000
2,test_01337,-1
3,test_01337,0.444154
1,test_01338,0.000000;0.111509;0.230278;0.341604;0.444999;0.565259;0.677215;0.782219;0.887417;1.000000
2,test_01338,3
3,test_01338,0.461232
1,test_01339,0.000000;0.099398;0.188649;0.331438;0.447185;0.562155;0.653281;0.777954;0.899623;1.000000
2,test_01339,-1
3,test_01339,0.442493
1,test_01340,0.000000;0.128737;0.261178;0.373230;0.488342;0.586795;0.694453;0.793221;0.899321;1.000000
2,test_01340,-1
3,test_01340,0.453251
1,test_01341,0.000000;0.103144;0.217227;0.321420;0.438868;0.564167;0.662241;0.766911;0.893168;1.000000
2,test_01341,34
3,test_01341,0.473065
1,test_01342,0.000000;0.114964;0.220915;0.327766;0.432615;0.550684;0.666925;0.787166;0.890403;1.000000
2,test_01342,23
3,test_01342,0.465188
1,test_01343,0.000000;0.102668;0.208396;0.299817;0.409569;0.519586;0.636827;0.760567;0.871602;1.000000
2,test_01343,-1
3,test_01343,0.464438
1,test_01344,0.000000;0.126382;0.237307;0.339170;0.450400;0.559117;0.667802;0.786067;0.895666;1.000000
2,test_01344,1
3,test_01344,0.466198
1,test_01345,0.000000;0.110550;0.231128;0.347838;0.459310;0.581422;0.707024;0.814506;0.889811;1.000000
2,test_01345,-1
3,test_01345,0.457664
1,test_01346,0.000000;0.114559;0.214147;0.325311;0.437686;0.547307;0.660492;0.768955;0.888859;1.000000
2,test_01346,42
3,test_01346,0.484168
1,test_01347,0.000000;0.100928;0.208735;0.312632;0.434895;0.549406;0.668007;0.778746;0.894910;1.000000
2,test_01347,14
3,test_01347,0.465568
1,test_01348,0.000000;0.104733;0.223182;0.335558;0.446220;0.549196;0.657133;0.765797;0.876724;1.000000
2,test_01348,9
3,test_01348,0.461534
1,test_01349,0.000000;0.111106;0.217781;0.311502;0.421680;0.539497;0.652763;0.771239;0.886831;1.000000
2,test_01349,48
3,test_01349,0.453036
1,test_01350,0.000000;0.108090;0.225134;0.338098;0.450975;0.564338;0.677650;0.783144;0.893882;1.000000
2,test_01350,32
3,test_01350,0.461831
1,test_01351,0.000000;0.103110;0.222392;0.325539;0.441055;0.551544;0.650121;0.764290;0.873999;1.000000
2,test_01351,38
3,test_01351,0.471962
1,test_01352,0.000000;0.104733;0.223182;0.335558;0.446220;0.549196;0.657133;0.765797;0.876724;1.000000
2,test_01352,2
3,test_01352,0.461534
1,test_01353,0.000000;0.111106;0.217781;0.311502;0.421680;0.539497;0.652763;0.771239;0.886831;1.000000
2,test_01353,41
3,test_01353,0.453036
1,test_01354,0.000000;0.085206;0.190352;0.275772;0.365143;0.473307;0.596007;0.724947;0.837004;1.000000
2,test_01354,-1
3,test_01354,0.475078
1,test_01355,0.000000;0.109644;0.222634;0.336281;0.455908;0.564856;0.667504;0.773036;0.886015;1.000000
2,test_01355,12
3,test_01355,0.460897
1,test_01356,0.000000;0.096992;0.201150;0.298424;0.398314;0.509812;0.643241;0.731251;0.859512;1.000000
2,test_01356,-1
3,test_01356,0.473639
1,test_01357,0.000000;0.112344;0.222652;0.336817;0.451486;0.562386;0.673508;0.781881;0.888285;1.000000
2,test_01357,25
3,test_01357,0.466392
1,test_01358,0.000000;0.125074;0.229828;0.338438;0.441649;0.552031;0.656407;0.776168;0.895635;1.000000
2,test_01358,11
3,test_01358,0.461987
1,test_01359,0.000000;0.116005;0.226737;0.339187;0.450510;0.565891;0.664038;0.781882;0.894745;1.000000
2,test_01359,7
3,test_01359,0.455739
1,test_01360,0.000000;0.099277;0.210287;0.323415;0.429444;0.559168;0.668304;0.777405;0.888344;1.000000
2,test_01360,15
3,test_01360,0.470553
1,test_01361,0.000000;0.112344;0.222652;0.336817;0.451486;0.562386;0.673508;0.781881;0.888285;1.000000
2,test_01361,25
3,test_01361,0.466392
1,test_01362,0.000000;0.115211;0.238332;0.346622;0.452626;0.561298;0.665504;0.778368;0.888165;1.000000
2,test_01362,30
3,test_01362,0.465629
1,test_01363,0.000000;0.103110;0.222392;0.325539;0.441055;0.551544;0.650121;0.764290;0.873999;1.000000
2,test_01363,38
3,test_01363,0.471962
1,test_01364,0.000000;0.119394;0.215663;0.322995;0.428746;0.544596;0.671583;0.781870;0.885240;1.000000
2,test_01364,6
3,test_01364,0.461496
1,test_01365,0.000000;0.124201;0.224003;0.320487;0.436710;0.546527;0.650653;0.753603;0.871998;1.000000
2,test_01365,-1
3,test_01365,0.481057
1,test_01366,0.000000;0.113566;0.222769;0.340194;0.440414;0.550244;0.646148;0.748453;0.888680;1.000000
2,test_01366,-1
3,test_01366,0.447337
1,test_01367,0.000000;0.113641;0.220309;0.318331;0.418885;0.526942;0.640068;0.738376;0.881837;1.000000
2,test_01367,-1
3,test_01367,0.469674
1,test_01368,0.000000;0.099277;0.210287;0.323415;0.429444;0.559168;0.668304;0.777405;0.888344;1.000000
2,test_01368,15
3,test_01368,0.470553
1,test_01369,0.000000;0.107626;0.225780;0.325926;0.435302;0.544896;0.654255;0.770566;0.872244;1.000000
2,test_01369,-1
3,test_01369,0.469029
1,test_01370,0.000000;0.112543;0.222887;0.335288;0.444123;0.554894;0.668297;0.784907;0.893819;1.000000
2,test_01370,28
3,test_01370,0.464525
1,test_01371,0.000000;0.108090;0.225134;0.338098;0.450975;0.564338;0.677650;0.783144;0.893882;1.000000
2,test_01371,39
3,test_01371,0.461831
1,test_01372,0.000000;0.103110;0.222392;0.325539;0.441055;0.551544;0.650121;0.764290;0.873999;1.000000
2,test_01372,38
3,test_01372,0.471962
1,test_01373,0.000000;0.127762;0.227805;0.352128;0.446398;0.541630;0.670909;0.793369;0.891774;1.000000
2,test_01373,16
3,test_01373,0.440359
1,test_01374,0.000000;0.107993;0.211837;0.317663;0.429660;0.554736;0.671413;0.776934;0.892567;1.000000
2,test_01374,5
3,test_01374,0.468145
1,test_01375,0.000000;0.107993;0.211837;0.317663;0.429660;0.554736;0.671413;0.776934;0.892567;1.000000
2,test_01375,5
3,test_01375,0.468145
1,test_01376,0.000000;0.115211;0.238332;0.346622;0.452626;0.561298;0.665504;0.778368;0.888165;1.000000
2,test_01376,37
3,test_01376,0.465629
1,test_01377,0.000000;0.115003;0.243364;0.349088;0.450664;0.567019;0.689889;0.792137;0.891035;1.000000
2,test_01377,-1
3,test_01377,0.480658
1,test_01378,0.000000;0.110730;0.247181;0.341860;0.438014;0.563864;0.652721;0.772246;0.887611;1.000000
2,test_01378,-1
3,test_01378,0.435901
1,test_01379,0.000000;0.085619;0.190049;0.323934;0.418767;0.555689;0.652112;0.772490;0.872488;1.000000
2,test_01379,-1
3,test_01379,0.462547
1,test_01380,0.000000;0.131089;0.243902;0.341693;0.439574;0.544693;0.649147;0.768195;0.885404;1.000000
2,test_01380,-1
3,test_01380,0.486792
1,test_01381,0.000000;0.103750;0.198558;0.306400;0.430007;0.536914;0.656495;0.789408;0.901818;1.000000
2,test_01381,-1
3,test_01381,0.455914
1,test_01382,0.000000;0.112344;0.222652;0.336817;0.451486;0.562386;0.673508;0.781881;0.888285;1.000000
2,test_01382,25
3,test_01382,0.466392
1,test_01383,0.000000;0.112344;0.222652;0.336817;0.451486;0.562386;0.673508;0.781881;0.888285;1.000000
2,test_01383,25
3,test_01383,0.466392
1,test_01384,0.000000;0.114964;0.220915;0.327766;0.432615;0.550684;0.666925;0.787166;0.890403;1.000000
2,test_01384,23
3,test_01384,0.465188
1,test_01385,0.000000;0.126382;0.237307;0.339170;0.450400;0.559117;0.667802;0.786067;0.895666;1.000000
2,test_01385,8
3,test_01385,0.466198
1,test_01386,0.000000;0.104733;0.223182;0.335558;0.446220;0.549196;0.657133;0.765797;0.876724;1.000000
2,test_01386,9
3,test_01386,0.461534
1,test_01387,0.000000;0.099711;0.224092;0.329673;0.444325;0.560609;0.663763;0.774109;0.884547;1.000000
2,test_01387,47
3,test_01387,0.468357
1,test_01388,0.000000;0.103110;0.222392;0.325539;0.441055;0.551544;0.650121;0.764290;0.873999;1.000000
2,test_01388,31
3,test_01388,0.471962
1,test_01389,0.000000;0.108090;0.225134;0.338098;0.450975;0.564338;0.677650;0.783144;0.893882;1.000000
2,test_01389,32
3,test_01389,0.461831
1,test_01390,0.000000;0.125074;0.229828;0.338438;0.441649;0.552031;0.656407;0.776168;0.895635;1.000000
2,test_01390,11
3,test_01390,0.461987
1,test_01391,0.000000;0.127762;0.227805;0.352128;0.446398;0.541630;0.670909;0.793369;0.891774;1.000000
2,test_01391,16
3,test_01391,0.440359
1,test_01392,0.000000;0.114559;0.214147;0.325311;0.437686;0.547307;0.660492;0.768955;0.888859;1.000000
2,test_01392,42
3,test_01392,0.484168
1,test_01393,0.000000;0.124066;0.255115;0.379274;0.488779;0.594276;0.691105;0.775177;0.885288;1.000000
2,test_01393,-1
3,test_01393,0.528433
1,test_01394,0.000000;0.115211;0.238332;0.346622;0.452626;0.561298;0.665504;0.778368;0.888165;1.000000
2,test_01394,30
3,test_01394,0.465629
1,test_01395,0.000000;0.101451;0.222211;0.354694;0.483024;0.607363;0.702015;0.800987;0.900255;1.000000
2,test_01395,-1
3,test_01395,0.467423
1,test_01396,0.000000;0.104733;0.223182;0.335558;0.446220;0.549196;0.657133;0.765797;0.876724;1.000000
2,test_01396,2
3,test_01396,0.461534
1,test_01397,0.000000;0.109104;0.228837;0.341762;0.454882;0.569311;0.682016;0.776132;0.876932;1.000000
2,test_01397,17
3,test_01397,0.470734
1,test_01398,0.000000;0.110122;0.223752;0.335678;0.452379;0.564914;0.670022;0.787640;0.896892;1.000000
2,test_01398,22
3,test_01398,0.453835
1,test_01399,0.000000;0.114559;0.214147;0.325311;0.437686;0.547307;0.660492;0.768955;0.888859;1.000000
2,test_01399,42
3,test_01399,0.484168
1,test_01400,0.000000;0.112344;0.222652;0.336817;0.451486;0.562386;0.673508;0.781881;0.888285;1.000000
2,test_01400,27
3,test_01400,0.466392
1,test_01401,0.000000;0.111106;0.217781;0.311502;0.421680;0.539497;0.652763;0.771239;0.886831;1.000000
2,test_01401,41
3,test_01401,0.453036
1,test_01402,0.000000;0.110244;0.212607;0.330485;0.446712;0.556305;0.673182;0.791374;0.902094;1.000000
2,test_01402,4
3,test_01402,0.448540
1,test_01403,0.000000;0.108252;0.194506;0.298240;0.414927;0.535723;0.637723;0.749389;0.864761;1.000000
2,test_01403,-1
3,test_01403,0.485877
1,test_01404,0.000000;0.109588;0.213644;0.326169;0.445755;0.561643;0.685418;0.786981;0.896842;1.000000
2,test_01404,33
3,test_01404,0.461751
1,test_01405,0.000000;0.109588;0.213644;0.326169;0.445755;0.561643;0.685418;0.786981;0.896842;1.000000
2,test_01405,33
3,test_01405,0.461751
1,test_01406,0.000000;0.114964;0.220915;0.327766;0.432615;0.550684;0.666925;0.787166;0.890403;1.000000
2,test_01406,23
3,test_01406,0.465188
1,test_01407,0.000000;0.112344;0.222652;0.336817;0.451486;0.562386;0.673508;0.781881;0.888285;1.000000
2,test_01407,27
3,test_01407,0.466392
1,test_01408,0.000000;0.103110;0.222392;0.325539;0.441055;0.551544;0.650121;0.764290;0.873999;1.000000
2,test_01408,31
3,test_01408,0.471962
1,test_01409,0.000000;0.109588;0.213644;0.326169;0.445755;0.561643;0.685418;0.786981;0.896842;1.000000
2,test_01409,33
3,test_01409,0.461751
1,test_01410,0.000000;0.116005;0.226737;0.339187;0.450510;0.565891;0.664038;0.781882;0.894745;1.000000
2,test_01410,7
3,test_01410,0.455739
1,test_01411,0.000000;0.110244;0.212607;0.330485;0.446712;0.556305;0.673182;0.791374;0.902094;1.000000
2,test_01411,4
3,test_01411,0.448540
1,test_01412,0.000000;0.103110;0.222392;0.325539;0.441055;0.551544;0.650121;0.764290;0.873999;1.000000
2,test_01412,38
3,test_01412,0.471962
1,test_01413,0.000000;0.112344;0.222652;0.336817;0.451486;0.562386;0.673508;0.781881;0.888285;1.000000
2,test_01413,27
3,test_01413,0.466392
1,test_01414,0.000000;0.115211;0.238332;0.346622;0.452626;0.561298;0.665504;0.778368;0.888165;1.000000
2,test_01414,30
3,test_01414,0.465629
1,test_01415,0.000000;0.110122;0.223752;0.335678;0.452379;0.564914;0.670022;0.787640;0.896892;1.000000
2,test_01415,29
3,test_01415,0.453835
1,test_01416,0.000000;0.119394;0.215663;0.322995;0.428746;0.544596;0.671583;0.781870;0.885240;1.000000
2,test_01416,6
3,test_01416,0.461496
1,test_01417,0.000000;0.110122;0.223752;0.335678;0.452379;0.564914;0.670022;0.787640;0.896892;1.000000
2,test_01417,29
3,test_01417,0.453835
1,test_01418,0.000000;0.114559;0.214147;0.325311;0.437686;0.547307;0.660492;0.768955;0.888859;1.000000
2,test_01418,49
3,test_01418,0.484168
1,test_01419,0.000000;0.130655;0.237932;0.334292;0.440717;0.535432;0.639437;0.730710;0.865218;1.000000
2,test_01419,-1
3,test_01419,0.492405
1,test_01420,0.000000;0.117483;0.213941;0.358544;0.474380;0.572757;0.685878;0.764715;0.877165;1.000000
2,test_01420,-1
3,test_01420,0.511201
1,test_01421,0.000000;0.104733;0.223182;0.335558;0.446220;0.549196;0.657133;0.765797;0.876724;1.000000
2,test_01421,9
3,test_01421,0.461534
1,test_01422,0.000000;0.109588;0.213644;0.326169;0.445755;0.561643;0.685418;0.786981;0.896842;1.000000
2,test_01422,33
3,test_01422,0.461751
1,test_01423,0.000000;0.125074;0.229828;0.338438;0.441649;0.552031;0.656407;0.776168;0.895635;1.000000
2,test_01423,18
3,test_01423,0.461987
1,test_01424,0.000000;0.114559;0.214147;0.325311;0.437686;0.547307;0.660492;0.768955;0.888859;1.000000
2,test_01424,42
3,test_01424,0.484168
1,test_01425,0.000000;0.125074;0.229828;0.338438;0.441649;0.552031;0.656407;0.776168;0.895635;1.000000
2,test_01425,18
3,test_01425,0.461987
1,test_01426,0.000000;0.109644;0.222634;0.336281;0.455908;0.564856;0.667504;0.773036;0.886015;1.000000
2,test_01426,19
3,test_01426,0.460897
1,test_01427,0.000000;0.102855;0.212931;0.319076;0.448565;0.566242;0.682087;0.789711;0.892991;1.000000
2,test_01427,24
3,test_01427,0.474685
1,test_01428,0.000000;0.094781;0.222891;0.333901;0.437954;0.550199;0.656469;0.772664;0.877219;1.000000
2,test_01428,43
3,test_01428,0.465892
1,test_01429,0.000000;0.125074;0.229828;0.338438;0.441649;0.552031;0.656407;0.776168;0.895635;1.000000
2,test_01429,18
3,test_01429,0.461987
1,test_01430,0.000000;0.110122;0.223752;0.335678;0.452379;0.564914;0.670022;0.787640;0.896892;1.000000
2,test_01430,22
3,test_01430,0.453835
1,test_01431,0.000000;0.112344;0.222652;0.336817;0.451486;0.562386;0.673508;0.781881;0.888285;1.000000
2,test_01431,25
3,test_01431,0.466392
1,test_01432,0.000000;0.109370;0.201221;0.312391;0.416869;0.518669;0.621818;0.761413;0.892285;1.000000
2,test_01432,-1
3,test_01432,0.415629
1,test_01433,0.000000;0.126382;0.237307;0.339170;0.450400;0.559117;0.667802;0.786067;0.895666;1.000000
2,test_01433,1
3,test_01433,0.466198
1,test_01434,0.000000;0.112543;0.222887;0.335288;0.444123;0.554894;0.668297;0.784907;0.893819;1.000000
2,test_01434,28
3,test_01434,0.464525
1,test_01435,0.000000;0.109644;0.222634;0.336281;0.455908;0.564856;0.667504;0.773036;0.886015;1.000000
2,test_01435,12
3,test_01435,0.460897
1,test_01436,0.000000;0.121354;0.239249;0.351697;0.471223;0.594049;0.695434;0.787251;0.894318;1.000000
2,test_01436,35
3,test_01436,0.473054
1,test_01437,0.000000;0.111145;0.201513;0.304413;0.423484;0.542986;0.653988;0.776987;0.890865;1.000000
2,test_01437,-1
3,test_01437,0.452382
1,test_01438,0.000000;0.102855;0.212931;0.319076;0.448565;0.566242;0.682087;0.789711;0.892991;1.000000
2,test_01438,24
3,test_01438,0.474685
1,test_01439,0.000000;0.106115;0.213193;0.339853;0.442001;0.554650;0.676535;0.794955;0.886135;1.000000
2,test_01439,-1
3,test_01439,0.466924
1,test_01440,0.000000;0.110244;0.212607;0.330485;0.446712;0.556305;0.673182;0.791374;0.902094;1.000000
2,test_01440,4
3,test_01440,0.448540
1,test_01441,0.000000;0.108090;0.225134;0.338098;0.450975;0.564338;0.677650;0.783144;0.893882;1.000000
2,test_01441,39
3,test_01441,0.461831
1,test_01442,0.000000;0.099711;0.224092;0.329673;0.444325;0.560609;0.663763;0.774109;0.884547;1.000000
2,test_01442,47
3,test_01442,0.468357
1,test_01443,0.000000;0.091883;0.196519;0.314893;0.430941;0.535920;0.665041;0.772590;0.891202;1.000000
2,test_01443,-1
3,test_01443,0.475989
1,test_01444,0.000000;0.099711;0.224092;0.329673;0.444325;0.560609;0.663763;0.774109;0.884547;1.000000
2,test_01444,47
3,test_01444,0.468357
1,test_01445,0.000000;0.127762;0.227805;0.352128;0.446398;0.541630;0.670909;0.793369;0.891774;1.000000
2,test_01445,16
3,test_01445,0.440359
1,test_01446,0.000000;0.099711;0.224092;0.329673;0.444325;0.560609;0.663763;0.774109;0.884547;1.000000
2,test_01446,47
3,test_01446,0.468357
1,test_01447,0.000000;0.103110;0.222392;0.325539;0.441055;0.551544;0.650121;0.764290;0.873999;1.000000
2,test_01447,31
3,test_01447,0.471962
1,test_01448,0.000000;0.120168;0.238171;0.353078;0.474428;0.568894;0.685966;0.801385;0.897624;1.000000
2,test_01448,-1
3,test_01448,0.458705
1,test_01449,0.000000;0.126382;0.237307;0.339170;0.450400;0.559117;0.667802;0.786067;0.895666;1.000000
2,test_01449,8
3,test_01449,0.466198
1,test_01450,0.000000;0.125074;0.229828;0.338438;0.441649;0.552031;0.656407;0.776168;0.895635;1.000000
2,test_01450,18
3,test_01450,0.461987
1,test_01451,0.000000;0.109588;0.213644;0.326169;0.445755;0.561643;0.685418;0.786981;0.896842;1.000000
2,test_01451,33
3,test_01451,0.461751
1,test_01452,0.000000;0.115211;0.238332;0.346622;0.452626;0.561298;0.665504;0.778368;0.888165;1.000000
2,test_01452,37
3,test_01452,0.465629
1,test_01453,0.000000;0.112543;0.222887;0.335288;0.444123;0.554894;0.668297;0.784907;0.893819;1.000000
2,test_01453,28
3,test_01453,0.464525
1,test_01454,0.000000;0.108377;0.205805;0.323950;0.471135;0.581343;0.672889;0.778525;0.887741;1.000000
2,test_01454,-1
3,test_01454,0.487085
1,test_01455,0.000000;0.110974;0.223773;0.337893;0.448078;0.567164;0.670585;0.771945;0.879925;1.000000
2,test_01455,36
3,test_01455,0.458080
1,test_01456,0.000000;0.100928;0.208735;0.312632;0.434895;0.549406;0.668007;0.778746;0.894910;1.000000
2,test_01456,14
3,test_01456,0.465568
1,test_01457,0.000000;0.122156;0.231502;0.335384;0.454719;0.563137;0.668078;0.771007;0.895043;1.000000
2,test_01457,13
3,test_01457,0.461512
1,test_01458,0.000000;0.099711;0.224092;0.329673;0.444325;0.560609;0.663763;0.774109;0.884547;1.000000
2,test_01458,47
3,test_01458,0.468357
1,test_01459,0.000000;0.111106;0.217781;0.311502;0.421680;0.539497;0.652763;0.771239;0.886831;1.000000
2,test_01459,41
3,test_01459,0.453036
1,test_01460,0.000000;0.115211;0.238332;0.346622;0.452626;0.561298;0.665504;0.778368;0.888165;1.000000
2,test_01460,30
3,test_01460,0.465629
1,test_01461,0.000000;0.122156;0.231502;0.335384;0.454719;0.563137;0.668078;0.771007;0.895043;1.000000
2,test_01461,13
3,test_01461,0.461512
1,test_01462,0.000000;0.109644;0.222634;0.336281;0.455908;0.564856;0.667504;0.773036;0.886015;1.000000
2,test_01462,19
3,test_01462,0.460897
1,test_01463,0.000000;0.111509;0.230278;0.341604;0.444999;0.565259;0.677215;0.782219;0.887417;1.000000
2,test_01463,45
3,test_01463,0.461232
1,test_01464,0.000000;0.112344;0.222652;0.336817;0.451486;0.562386;0.673508;0.781881;0.888285;1.000000
2,test_01464,27
3,test_01464,0.466392
1,test_01465,0.000000;0.112626;0.217513;0.333640;0.449025;0.549178;0.651676;0.749177;0.892479;1.000000
2,test_01465,-1
3,test_01465,0.485787
1,test_01466,0.000000;0.091649;0.197587;0.311713;0.411422;0.560216;0.682875;0.782612;0.876731;1.000000
2,test_01466,-1
3,test_01466,0.439399
1,test_01467,0.000000;0.112344;0.222652;0.336817;0.451486;0.562386;0.673508;0.781881;0.888285;1.000000
2,test_01467,25
3,test_01467,0.466392
1,test_01468,0.000000;0.127762;0.227805;0.352128;0.446398;0.541630;0.670909;0.793369;0.891774;1.000000
2,test_01468,16
3,test_01468,0.440359
1,test_01469,0.000000;0.099277;0.210287;0.323415;0.429444;0.559168;0.668304;0.777405;0.888344;1.000000
2,test_01469,15
3,test_01469,0.470553
1,test_01470,0.000000;0.119394;0.215663;0.322995;0.428746;0.544596;0.671583;0.781870;0.885240;1.000000
2,test_01470,6
3,test_01470,0.461496
1,test_01471,0.000000;0.103110;0.222392;0.325539;0.441055;0.551544;0.650121;0.764290;0.873999;1.000000
2,test_01471,31
3,test_01471,0.471962
1,test_01472,0.000000;0.112344;0.222652;0.336817;0.451486;0.562386;0.673508;0.781881;0.888285;1.000000
2,test_01472,20
3,test_01472,0.466392
1,test_01473,0.000000;0.104733;0.223182;0.335558;0.446220;0.549196;0.657133;0.765797;0.876724;1.000000
2,test_01473,9
3,test_01473,0.461534
1,test_01474,0.000000;0.112543;0.222887;0.335288;0.444123;0.554894;0.668297;0.784907;0.893819;1.000000
2,test_01474,28
3,test_01474,0.464525
1,test_01475,0.000000;0.099711;0.224092;0.329673;0.444325;0.560609;0.663763;0.774109;0.884547;1.000000
2,test_01475,40
3,test_01475,0.468357
1,test_01476,0.000000;0.111106;0.217781;0.311502;0.421680;0.539497;0.652763;0.771239;0.886831;1.000000
2,test_01476,48
3,test_01476,0.453036
1,test_01477,0.000000;0.121919;0.227710;0.337442;0.447477;0.570336;0.665197;0.769040;0.886443;1.000000
2,test_01477,-1
3,test_01477,0.457910
1,test_01478,0.000000;0.116005;0.226737;0.339187;0.450510;0.565891;0.664038;0.781882;0.894745;1.000000
2,test_01478,0
3,test_01478,0.455739
1,test_01479,0.000000;0.111509;0.230278;0.341604;0.444999;0.565259;0.677215;0.782219;0.887417;1.000000
2,test_01479,3
3,test_01479,0.461232
1,test_01480,0.000000;0.138477;0.229463;0.339717;0.463791;0.579502;0.679248;0.798449;0.898466;1.000000
2,test_01480,-1
3,test_01480,0.449175
1,test_01481,0.000000;0.102855;0.212931;0.319076;0.448565;0.566242;0.682087;0.789711;0.892991;1.000000
2,test_01481,24
3,test_01481,0.474685
1,test_01482,0.000000;0.122156;0.231502;0.335384;0.454719;0.563137;0.668078;0.771007;0.895043;1.000000
2,test_01482,13
3,test_01482,0.461512
1,test_01483,0.000000;0.112543;0.222887;0.335288;0.444123;0.554894;0.668297;0.784907;0.893819;1.000000
2,test_01483,21
3,test_01483,0.464525
1,test_01484,0.000000;0.125074;0.229828;0.338438;0.441649;0.552031;0.656407;0.776168;0.895635;1.000000
2,test_01484,11
3,test_01484,0.461987
1,test_01485,0.000000;0.123142;0.253513;0.340968;0.465111;0.577189;0.669037;0.807575;0.911480;1.000000
2,test_01485,-1
3,test_01485,0.452087
1,test_01486,0.000000;0.109104;0.228837;0.341762;0.454882;0.569311;0.682016;0.776132;0.876932;1.000000
2,test_01486,10
3,test_01486,0.470734
1,test_01487,0.000000;0.108090;0.225134;0.338098;0.450975;0.564338;0.677650;0.783144;0.893882;1.000000
2,test_01487,32
3,test_01487,0.461831
1,test_01488,0.000000;0.114236;0.239876;0.350989;0.481400;0.597445;0.712883;0.804785;0.895549;1.000000
2,test_01488,-1
3,test_01488,0.477914
1,test_01489,0.000000;0.125074;0.229828;0.338438;0.441649;0.552031;0.656407;0.776168;0.895635;1.000000
2,test_01489,18
3,test_01489,0.461987
1,test_01490,0.000000;0.094781;0.222891;0.333901;0.437954;0.550199;0.656469;0.772664;0.877219;1.000000
2,test_01490,43
3,test_01490,0.465892
1,test_01491,0.000000;0.104733;0.223182;0.335558;0.446220;0.549196;0.657133;0.765797;0.876724;1.000000
2,test_01491,9
3,test_01491,0.461534
1,test_01492,0.000000;0.122156;0.231502;0.335384;0.454719;0.563137;0.668078;0.771007;0.895043;1.000000
2,test_01492,13
3,test_01492,0.461512
1,test_01493,0.000000;0.126382;0.237307;0.339170;0.450400;0.559117;0.667802;0.786067;0.895666;1.000000
2,test_01493,1
3,test_01493,0.466198
1,test_01494,0.000000;0.127762;0.227805;0.352128;0.446398;0.541630;0.670909;0.793369;0.891774;1.000000
2,test_01494,16
3,test_01494,0.440359
1,test_01495,0.000000;0.093058;0.186498;0.287307;0.404642;0.492636;0.615501;0.734798;0.879963;1.000000
2,test_01495,-1
3,test_01495,0.531707
1,test_01496,0.000000;0.122255;0.216340;0.334728;0.439366;0.550278;0.659329;0.759949;0.875147;1.000000
2,test_01496,44
3,test_01496,0.471424
1,test_01497,0.000000;0.108090;0.225134;0.338098;0.450975;0.564338;0.677650;0.783144;0.893882;1.000000
2,test_01497,39
3,test_01497,0.461831
1,test_01498,0.000000;0.125074;0.229828;0.338438;0.441649;0.552031;0.656407;0.776168;0.895635;1.000000
2,test_01498,18
3,test_01498,0.461987
1,test_01499,0.000000;0.110244;0.212607;0.330485;0.446712;0.556305;0.673182;0.791374;0.902094;1.000000
2,test_01499,4
3,test_01499,0.448540
1,test_01500,0.000000;0.109985;0.227329;0.338631;0.438943;0.559327;0.687644;0.794558;0.901808;1.000000
2,test_01500,-1
3,test_01500,0.490543
1,test_01501,0.000000;0.110244;0.212607;0.330485;0.446712;0.556305;0.673182;0.791374;0.902094;1.000000
2,test_01501,46
3,test_01501,0.448540
1,test_01502,0.000000;0.075486;0.188016;0.302278;0.389020;0.486908;0.615079;0.733696;0.855762;1.000000
2,test_01502,-1
3,test_01502,0.442943
1,test_01503,0.000000;0.109644;0.222634;0.336281;0.455908;0.564856;0.667504;0.773036;0.886015;1.000000
2,test_01503,19
3,test_01503,0.460897
1,test_01504,0.000000;0.112344;0.222652;0.336817;0.451486;0.562386;0.673508;0.781881;0.888285;1.000000
2,test_01504,27
3,test_01504,0.466392
1,test_01505,0.000000;0.109104;0.228837;0.341762;0.454882;0.569311;0.682016;0.776132;0.876932;1.000000
2,test_01505,10
3,test_01505,0.470734
1,test_01506,0.000000;0.109104;0.228837;0.341762;0.454882;0.569311;0.682016;0.776132;0.876932;1.000000
2,test_01506,10
3,test_01506,0.470734
1,test_01507,0.000000;0.112344;0.222652;0.336817;0.451486;0.562386;0.673508;0.781881;0.888285;1.000000
2,test_01507,27
3,test_01507,0.466392
1,test_01508,0.000000;0.110122;0.223752;0.335678;0.452379;0.564914;0.670022;0.787640;0.896892;1.000000
2,test_01508,29
3,test_01508,0.453835
1,test_01509,0.000000;0.104733;0.223182;0.335558;0.446220;0.549196;0.657133;0.765797;0.876724;1.000000
2,test_01509,9
3,test_01509,0.461534
1,test_01510,0.000000;0.122255;0.216340;0.334728;0.439366;0.550278;0.659329;0.759949;0.875147;1.000000
2,test_01510,44
3,test_01510,0.471424
1,test_01511,0.000000;0.110974;0.223773;0.337893;0.448078;0.567164;0.670585;0.771945;0.879925;1.000000
2,test_01511,36
3,test_01511,0.458080
1,test_01512,0.000000;0.110122;0.223752;0.335678;0.452379;0.564914;0.670022;0.787640;0.896892;1.000000
2,test_01512,29
3,test_01512,0.453835
1,test_01513,0.000000;0.114559;0.214147;0.325311;0.437686;0.547307;0.660492;0.768955;0.888859;1.000000
2,test_01513,49
3,test_01513,0.484168
1,test_01514,0.000000;0.112344;0.222652;0.336817;0.451486;0.562386;0.673508;0.781881;0.888285;1.000000
2,test_01514,25
3,test_01514,0.466392
1,test_01515,0.000000;0.112344;0.222652;0.336817;0.451486;0.562386;0.673508;0.781881;0.888285;1.000000
2,test_01515,26
3,test_01515,0.466392
1,test_01516,0.000000;0.109588;0.213644;0.326169;0.445755;0.561643;0.685418;0.786981;0.896842;1.000000
2,test_01516,33
3,test_01516,0.461751
1,test_01517,0.000000;0.134228;0.245836;0.346777;0.476904;0.605752;0.694008;0.797985;0.900109;1.000000
2,test_01517,-1
3,test_01517,0.481902
1,test_01518,0.000000;0.112344;0.222652;0.336817;0.451486;0.562386;0.673508;0.781881;0.888285;1.000000
2,test_01518,25
3,test_01518,0.466392
1,test_01519,0.000000;0.116005;0.226737;0.339187;0.450510;0.565891;0.664038;0.781882;0.894745;1.000000
2,test_01519,7
3,test_01519,0.455739
1,test_01520,0.000000;0.097834;0.230672;0.343612;0.446356;0.554172;0.666504;0.784734;0.903351;1.000000
2,test_01520,-1
3,test_01520,0.479554
1,test_01521,0.000000;0.121789;0.232839;0.343452;0.435574;0.554672;0.656412;0.780108;0.890291;1.000000
2,test_01521,-1
3,test_01521,0.461935
1,test_01522,0.000000;0.099711;0.224092;0.329673;0.444325;0.560609;0.663763;0.774109;0.884547;1.000000
2,test_01522,40
3,test_01522,0.468357
1,test_01523,0.000000;0.114559;0.214147;0.325311;0.437686;0.547307;0.660492;0.768955;0.888859;1.000000
2,test_01523,42
3,test_01523,0.484168
1,test_01524,0.000000;0.114559;0.214147;0.325311;0.437686;0.547307;0.660492;0.768955;0.888859;1.000000
2,test_01524,49
3,test_01524,0.484168
1,test_01525,0.000000;0.109104;0.228837;0.341762;0.454882;0.569311;0.682016;0.776132;0.876932;1.000000
2,test_01525,10
3,test_01525,0.470734
1,test_01526,0.000000;0.114559;0.214147;0.325311;0.437686;0.547307;0.660492;0.768955;0.888859;1.000000
2,test_01526,49
3,test_01526,0.484168
1,test_01527,0.000000;0.119394;0.215663;0.322995;0.428746;0.544596;0.671583;0.781870;0.885240;1.000000
2,test_01527,6
3,test_01527,0.461496
1,test_01528,0.000000;0.108090;0.225134;0.338098;0.450975;0.564338;0.677650;0.783144;0.893882;1.000000
2,test_01528,39
3,test_01528,0.461831
1,test_01529,0.000000;0.099711;0.224092;0.329673;0.444325;0.560609;0.663763;0.774109;0.884547;1.000000
2,test_01529,40
3,test_01529,0.468357
1,test_01530,0.000000;0.122156;0.231502;0.335384;0.454719;0.563137;0.668078;0.771007;0.895043;1.000000
2,test_01530,13
3,test_01530,0.461512
1,test_01531,0.000000;0.119394;0.215663;0.322995;0.428746;0.544596;0.671583;0.781870;0.885240;1.000000
2,test_01531,6
3,test_01531,0.461496
1,test_01532,0.000000;0.109644;0.222634;0.336281;0.455908;0.564856;0.667504;0.773036;0.886015;1.000000
2,test_01532,19
3,test_01532,0.460897
1,test_01533,0.000000;0.100928;0.208735;0.312632;0.434895;0.549406;0.668007;0.778746;0.894910;1.000000
2,test_01533,14
3,test_01533,0.465568
1,test_01534,0.000000;0.127762;0.227805;0.352128;0.446398;0.541630;0.670909;0.793369;0.891774;1.000000
2,test_01534,16
3,test_01534,0.440359
1,test_01535,0.000000;0.103110;0.222392;0.325539;0.441055;0.551544;0.650121;0.764290;0.873999;1.000000
2,test_01535,31
3,test_01535,0.471962
1,test_01536,0.000000;0.108090;0.225134;0.338098;0.450975;0.564338;0.677650;0.783144;0.893882;1.000000
2,test_01536,32
3,test_01536,0.461831
1,test_01537,0.000000;0.099277;0.210287;0.323415;0.429444;0.559168;0.668304;0.777405;0.888344;1.000000
2,test_01537,15
3,test_01537,0.470553
1,test_01538,0.000000;0.100213;0.240783;0.329363;0.417022;0.527104;0.663943;0.768308;0.881835;1.000000
2,test_01538,-1
3,test_01538,0.451954
1,test_01539,0.000000;0.099277;0.210287;0.323415;0.429444;0.559168;0.668304;0.777405;0.888344;1.000000
2,test_01539,15
3,test_01539,0.470553
1,test_01540,0.000000;0.114559;0.214147;0.325311;0.437686;0.547307;0.660492;0.768955;0.888859;1.000000
2,test_01540,42
3,test_01540,0.484168
1,test_01541,0.000000;0.111106;0.217781;0.311502;0.421680;0.539497;0.652763;0.771239;0.886831;1.000000
2,test_01541,41
3,test_01541,0.453036
1,test_01542,0.000000;0.116005;0.226737;0.339187;0.450510;0.565891;0.664038;0.781882;0.894745;1.000000
2,test_01542,7
3,test_01542,0.455739
1,test_01543,0.000000;0.123062;0.208007;0.338969;0.449644;0.613072;0.701543;0.800342;0.896288;1.000000
2,test_01543,-1
3,test_01543,0.470795
1,test_01544,0.000000;0.099277;0.210287;0.323415;0.429444;0.559168;0.668304;0.777405;0.888344;1.000000
2,test_01544,15
3,test_01544,0.470553
1,test_01545,0.000000;0.114057;0.223872;0.319011;0.453253;0.573581;0.666883;0.774733;0.887200;1.000000
2,test_01545,-1
3,test_01545,0.439425
1,test_01546,0.000000;0.099711;0.224092;0.329673;0.444325;0.560609;0.663763;0.774109;0.884547;1.000000
2,test_01546,40
3,test_01546,0.468357
1,test_01547,0.000000;0.126382;0.237307;0.339170;0.450400;0.559117;0.667802;0.786067;0.895666;1.000000
2,test_01547,8
3,test_01547,0.466198
1,test_01548,0.000000;0.110244;0.212607;0.330485;0.446712;0.556305;0.673182;0.791374;0.902094;1.000000
2,test_01548,46
3,test_01548,0.448540
1,test_01549,0.000000;0.109737;0.213555;0.344542;0.438266;0.535958;0.636051;0.742478;0.853617;1.000000
2,test_01549,-1
3,test_01549,0.423971
1,test_01550,0.000000;0.104733;0.223182;0.335558;0.446220;0.549196;0.657133;0.765797;0.876724;1.000000
2,test_01550,2
3,test_01550,0.461534
1,test_01551,0.000000;0.121354;0.239249;0.351697;0.471223;0.594049;0.695434;0.787251;0.894318;1.000000
2,test_01551,35
3,test_01551,0.473054
1,test_01552,0.000000;0.126382;0.237307;0.339170;0.450400;0.559117;0.667802;0.786067;0.895666;1.000000
2,test_01552,1
3,test_01552,0.466198
1,test_01553,0.000000;0.096773;0.208367;0.284514;0.419041;0.526201;0.637573;0.756240;0.890101;1.000000
2,test_01553,-1
3,test_01553,0.442786
1,test_01554,0.000000;0.111106;0.217781;0.311502;0.421680;0.539497;0.652763;0.771239;0.886831;1.000000
2,test_01554,48
3,test_01554,0.453036
1,test_01555,0.000000;0.111106;0.217781;0.311502;0.421680;0.539497;0.652763;0.771239;0.886831;1.000000
2,test_01555,48
3,test_01555,0.453036
1,test_01556,0.000000;0.094781;0.222891;0.333901;0.437954;0.550199;0.656469;0.772664;0.877219;1.000000
2,test_01556,43
3,test_01556,0.465892
1,test_01557,0.000000;0.117988;0.225226;0.337713;0.454225;0.570743;0.695735;0.817297;0.911456;1.000000
2,test_01557,-1
3,test_01557,0.485780
1,test_01558,0.000000;0.112344;0.222652;0.336817;0.451486;0.562386;0.673508;0.781881;0.888285;1.000000
2,test_01558,25
3,test_01558,0.466392
1,test_01559,0.000000;0.110244;0.212607;0.330485;0.446712;0.556305;0.673182;0.791374;0.902094;1.000000
2,test_01559,46
3,test_01559,0.448540
1,test_01560,0.000000;0.107993;0.211837;0.317663;0.429660;0.554736;0.671413;0.776934;0.892567;1.000000
2,test_01560,5
3,test_01560,0.468145
1,test_01561,0.000000;0.115211;0.238332;0.346622;0.452626;0.561298;0.665504;0.778368;0.888165;1.000000
2,test_01561,37
3,test_01561,0.465629
1,test_01562,0.000000;0.109180;0.226126;0.341707;0.430976;0.543229;0.674347;0.768221;0.894619;1.000000
2,test_01562,-1
3,test_01562,0.462640
1,test_01563,0.000000;0.111106;0.217781;0.311502;0.421680;0.539497;0.652763;0.771239;0.886831;1.000000
2,test_01563,48
3,test_01563,0.453036
1,test_01564,0.000000;0.110244;0.212607;0.330485;0.446712;0.556305;0.673182;0.791374;0.902094;1.000000
2,test_01564,46
3,test_01564,0.448540
1,test_01565,0.000000;0.099711;0.224092;0.329673;0.444325;0.560609;0.663763;0.774109;0.884547;1.000000
2,test_01565,40
3,test_01565,0.468357
1,test_01566,0.000000;0.111509;0.230278;0.341604;0.444999;0.565259;0.677215;0.782219;0.887417;1.000000
2,test_01566,3
3,test_01566,0.461232
1,test_01567,0.000000;0.100071;0.187254;0.320037;0.420113;0.548720;0.652911;0.787240;0.883706;1.000000
2,test_01567,-1
3,test_01567,0.476581
1,test_01568,0.000000;0.122255;0.216340;0.334728;0.439366;0.550278;0.659329;0.759949;0.875147;1.000000
2,test_01568,44
3,test_01568,0.471424
1,test_01569,0.000000;0.100928;0.208735;0.312632;0.434895;0.549406;0.668007;0.778746;0.894910;1.000000
2,test_01569,14
3,test_01569,0.465568
1,test_01570,0.000000;0.104733;0.223182;0.335558;0.446220;0.549196;0.657133;0.765797;0.876724;1.000000
2,test_01570,2
3,test_01570,0.461534
1,test_01571,0.000000;0.132009;0.249424;0.373892;0.465998;0.582331;0.688421;0.811495;0.916214;1.000000
2,test_01571,-1
3,test_01571,0.451091
1,test_01572,0.000000;0.100531;0.203056;0.303021;0.400444;0.520785;0.631742;0.755079;0.868534;1.000000
2,test_01572,-1
3,test_01572,0.478987
1,test_01573,0.000000;0.116268;0.205026;0.310114;0.405677;0.511183;0.639331;0.757030;0.875120;1.000000
2,test_01573,-1
3,test_01573,0.452675
1,test_01574,0.000000;0.109218;0.204096;0.315738;0.413575;0.528856;0.659472;0.771879;0.866628;1.000000
2,test_01574,-1
3,test_01574,0.470038
1,test_01575,0.000000;0.108090;0.225134;0.338098;0.450975;0.564338;0.677650;0.783144;0.893882;1.000000
2,test_01575,39
3,test_01575,0.461831
1,test_01576,0.000000;0.123938;0.227291;0.351014;0.452029;0.547578;0.668663;0.783167;0.871177;1.000000
2,test_01576,-1
3,test_01576,0.454160
1,test_01577,0.000000;0.116005;0.226737;0.339187;0.450510;0.565891;0.664038;0.781882;0.894745;1.000000
2,test_01577,7
3,test_01577,0.455739
1,test_01578,0.000000;0.103110;0.222392;0.325539;0.441055;0.551544;0.650121;0.764290;0.873999;1.000000
2,test_01578,38
3,test_01578,0.471962
1,test_01579,0.000000;0.109588;0.213644;0.326169;0.445755;0.561643;0.685418;0.786981;0.896842;1.000000
2,test_01579,33
3,test_01579,0.461751
1,test_01580,0.000000;0.110244;0.212607;0.330485;0.446712;0.556305;0.673182;0.791374;0.902094;1.000000
2,test_01580,4
3,test_01580,0.448540
1,test_01581,0.000000;0.107510;0.234164;0.344779;0.429934;0.577050;0.682761;0.777063;0.903355;1.000000
2,test_01581,-1
3,test_01581,0.452800
1,test_01582,0.000000;0.130025;0.251001;0.356690;0.469265;0.572914;0.669217;0.800389;0.880435;1.000000
2,test_01582,-1
3,test_01582,0.468529
1,test_01583,0.000000;0.112344;0.222652;0.336817;0.451486;0.562386;0.673508;0.781881;0.888285;1.000000
2,test_01583,20
3,test_01583,0.466392
1,test_01584,0.000000;0.104733;0.223182;0.335558;0.446220;0.549196;0.657133;0.765797;0.876724;1.000000
2,test_01584,9
3,test_01584,0.461534
1,test_01585,0.000000;0.109588;0.213644;0.326169;0.445755;0.561643;0.685418;0.786981;0.896842;1.000000
2,test_01585,33
3,test_01585,0.461751
1,test_01586,0.000000;0.114559;0.214147;0.325311;0.437686;0.547307;0.660492;0.768955;0.888859;1.000000
2,test_01586,42
3,test_01586,0.484168
1,test_01587,0.000000;0.126382;0.237307;0.339170;0.450400;0.559117;0.667802;0.786067;0.895666;1.000000
2,test_01587,8
3,test_01587,0.466198
1,test_01588,0.000000;0.119876;0.239268;0.356635;0.465104;0.568548;0.665363;0.775951;0.887918;1.000000
2,test_01588,-1
3,test_01588,0.453094
1,test_01589,0.000000;0.099711;0.224092;0.329673;0.444325;0.560609;0.663763;0.774109;0.884547;1.000000
2,test_01589,40
3,test_01589,0.468357
1,test_01590,0.000000;0.103110;0.222392;0.325539;0.441055;0.551544;0.650121;0.764290;0.873999;1.000000
2,test_01590,31
3,test_01590,0.471962
1,test_01591,0.000000;0.102855;0.212931;0.319076;0.448565;0.566242;0.682087;0.789711;0.892991;1.000000
2,test_01591,24
3,test_01591,0.474685
1,test_01592,0.000000;0.094781;0.222891;0.333901;0.437954;0.550199;0.656469;0.772664;0.877219;1.000000
2,test_01592,43
3,test_01592,0.465892
1,test_01593,0.000000;0.111509;0.230278;0.341604;0.444999;0.565259;0.677215;0.782219;0.887417;1.000000
2,test_01593,45
3,test_01593,0.461232
1,test_01594,0.000000;0.115211;0.238332;0.346622;0.452626;0.561298;0.665504;0.778368;0.888165;1.000000
2,test_01594,37
3,test_01594,0.465629
1,test_01595,0.000000;0.125074;0.229828;0.338438;0.441649;0.552031;0.656407;0.776168;0.895635;1.000000
2,test_01595,18
3,test_01595,0.461987
1,test_01596,0.000000;0.099277;0.210287;0.323415;0.429444;0.559168;0.668304;0.777405;0.888344;1.000000
2,test_01596,15
3,test_01596,0.470553
1,test_01597,0.000000;0.098950;0.235004;0.345564;0.469536;0.575892;0.666236;0.766636;0.887292;1.000000
2,test_01597,-1
3,test_01597,0.447352
1,test_01598,0.000000;0.117311;0.232026;0.352721;0.458320;0.561064;0.650740;0.750324;0.860646;1.000000
2,test_01598,-1
3,test_01598,0.461906
1,test_01599,0.000000;0.126382;0.237307;0.339170;0.450400;0.559117;0.667802;0.786067;0.895666;1.000000
2,test_01599,1
3,test_01599,0.466198
1,test_01600,0.000000;0.125074;0.229828;0.338438;0.441649;0.552031;0.656407;0.776168;0.895635;1.000000
2,test_01600,18
3,test_01600,0.461987
1,test_01601,0.000000;0.122255;0.216340;0.334728;0.439366;0.550278;0.659329;0.759949;0.875147;1.000000
2,test_01601,44
3,test_01601,0.471424
1,test_01602,0.000000;0.109644;0.222634;0.336281;0.455908;0.564856;0.667504;0.773036;0.886015;1.000000
2,test_01602,19
3,test_01602,0.460897
1,test_01603,0.000000;0.109104;0.228837;0.341762;0.454882;0.569311;0.682016;0.776132;0.876932;1.000000
2,test_01603,17
3,test_01603,0.470734
1,test_01604,0.000000;0.110244;0.212607;0.330485;0.446712;0.556305;0.673182;0.791374;0.902094;1.000000
2,test_01604,4
3,test_01604,0.448540
1,test_01605,0.000000;0.112344;0.222652;0.336817;0.451486;0.562386;0.673508;0.781881;0.888285;1.000000
2,test_01605,26
3,test_01605,0.466392
1,test_01606,0.000000;0.090760;0.198907;0.306520;0.418332;0.548452;0.655599;0.774894;0.884743;1.000000
2,test_01606,-1
3,test_01606,0.447789
1,test_01607,0.000000;0.116005;0.226737;0.339187;0.450510;0.565891;0.664038;0.781882;0.894745;1.000000
2,test_01607,0
3,test_01607,0.455739
1,test_01608,0.000000;0.102650;0.192615;0.304468;0.408758;0.517575;0.637885;0.767882;0.875327;1.000000
2,test_01608,-1
3,test_01608,0.522814
1,test_01609,0.000000;0.112344;0.222652;0.336817;0.451486;0.562386;0.673508;0.781881;0.888285;1.000000
2,test_01609,25
3,test_01609,0.466392
1,test_01610,0.000000;0.114559;0.214147;0.325311;0.437686;0.547307;0.660492;0.768955;0.888859;1.000000
2,test_01610,42
3,test_01610,0.484168
1,test_01611,0.000000;0.100928;0.208735;0.312632;0.434895;0.549406;0.668007;0.778746;0.894910;1.000000
2,test_01611,14
3,test_01611,0.465568
1,test_01612,0.000000;0.102855;0.212931;0.319076;0.448565;0.566242;0.682087;0.789711;0.892991;1.000000
2,test_01612,24
3,test_01612,0.474685
1,test_01613,0.000000;0.110122;0.223752;0.335678;0.452379;0.564914;0.670022;0.787640;0.896892;1.000000
2,test_01613,22
3,test_01613,0.453835
1,test_01614,0.000000;0.099711;0.224092;0.329673;0.444325;0.560609;0.663763;0.774109;0.884547;1.000000
2,test_01614,40
3,test_01614,0.468357
1,test_01615,0.000000;0.110244;0.212607;0.330485;0.446712;0.556305;0.673182;0.791374;0.902094;1.000000
2,test_01615,4
3,test_01615,0.448540
1,test_01616,0.000000;0.121354;0.239249;0.351697;0.471223;0.594049;0.695434;0.787251;0.894318;1.000000
2,test_01616,35
3,test_01616,0.473054
1,test_01617,0.000000;0.126382;0.237307;0.339170;0.450400;0.559117;0.667802;0.786067;0.895666;1.000000
2,test_01617,8
3,test_01617,0.466198
1,test_01618,0.000000;0.111509;0.230278;0.341604;0.444999;0.565259;0.677215;0.782219;0.887417;1.000000
2,test_01618,45
3,test_01618,0.461232
1,test_01619,0.000000;0.109588;0.213644;0.326169;0.445755;0.561643;0.685418;0.786981;0.896842;1.000000
2,test_01619,33
3,test_01619,0.461751
1,test_01620,0.000000;0.094781;0.222891;0.333901;0.437954;0.550199;0.656469;0.772664;0.877219;1.000000
2,test_01620,43
3,test_01620,0.465892
1,test_01621,0.000000;0.110643;0.194364;0.342337;0.477702;0.567198;0.716525;0.821166;0.921295;1.000000
2,test_01621,-1
3,test_01621,0.471531
1,test_01622,0.000000;0.110244;0.212607;0.330485;0.446712;0.556305;0.673182;0.791374;0.902094;1.000000
2,test_01622,46
3,test_01622,0.448540
1,test_01623,0.000000;0.103110;0.222392;0.325539;0.441055;0.551544;0.650121;0.764290;0.873999;1.000000
2,test_01623,31
3,test_01623,0.471962
1,test_01624,0.000000;0.112006;0.225688;0.320820;0.431909;0.553752;0.662438;0.772156;0.880013;1.000000
2,test_01624,-1
3,test_01624,0.460407
1,test_01625,0.000000;0.112344;0.222652;0.336817;0.451486;0.562386;0.673508;0.781881;0.888285;1.000000
2,test_01625,27
3,test_01625,0.466392
1,test_01626,0.000000;0.109104;0.228837;0.341762;0.454882;0.569311;0.682016;0.776132;0.876932;1.000000
2,test_01626,17
3,test_01626,0.470734
1,test_01627,0.000000;0.108647;0.217240;0.334016;0.475916;0.592870;0.700964;0.803950;0.900834;1.000000
2,test_01627,-1
3,test_01627,0.486928
1,test_01628,0.000000;0.109104;0.228837;0.341762;0.454882;0.569311;0.682016;0.776132;0.876932;1.000000
2,test_01628,10
3,test_01628,0.470734
1,test_01629,0.000000;0.103110;0.222392;0.325539;0.441055;0.551544;0.650121;0.764290;0.873999;1.000000
2,test_01629,38
3,test_01629,0.471962
1,test_01630,0.000000;0.125074;0.229828;0.338438;0.441649;0.552031;0.656407;0.776168;0.895635;1.000000
2,test_01630,11
3,test_01630,0.461987
1,test_01631,0.000000;0.123340;0.218210;0.336463;0.427945;0.530696;0.633160;0.736821;0.850944;1.000000
2,test_01631,-1
3,test_01631,0.484107
1,test_01632,0.000000;0.093968;0.207929;0.290019;0.389032;0.507800;0.645376;0.770076;0.882623;1.000000
2,test_01632,-1
3,test_01632,0.473913
1,test_01633,0.000000;0.111509;0.230278;0.341604;0.444999;0.565259;0.677215;0.782219;0.887417;1.000000
2,test_01633,3
3,test_01633,0.461232
1,test_01634,0.000000;0.104733;0.223182;0.335558;0.446220;0.549196;0.657133;0.765797;0.876724;1.000000
2,test_01634,9
3,test_01634,0.461534
1,test_01635,0.000000;0.108664;0.227603;0.342090;0.466123;0.563788;0.665179;0.749317;0.867241;1.000000
2,test_01635,-1
3,test_01635,0.478378
1,test_01636,0.000000;0.102855;0.212931;0.319076;0.448565;0.566242;0.682087;0.789711;0.892991;1.000000
2,test_01636,24
3,test_01636,0.474685
1,test_01637,0.000000;0.108724;0.220479;0.326180;0.463500;0.576320;0.680408;0.787182;0.878873;1.000000
2,test_01637,-1
3,test_01637,0.464645
1,test_01638,0.000000;0.126382;0.237307;0.339170;0.450400;0.559117;0.667802;0.786067;0.895666;1.000000
2,test_01638,1
3,test_01638,0.466198
1,test_01639,0.000000;0.105119;0.206031;0.301032;0.420213;0.536004;0.671673;0.790526;0.898998;1.000000
2,test_01639,-1
3,test_01639,0.450318
1,test_01640,0.000000;0.104733;0.223182;0.335558;0.446220;0.549196;0.657133;0.765797;0.876724;1.000000
2,test_01640,9
3,test_01640,0.461534
1,test_01641,0.000000;0.103110;0.222392;0.325539;0.441055;0.551544;0.650121;0.764290;0.873999;1.000000
2,test_01641,38
3,test_01641,0.471962
1,test_01642,0.000000;0.116005;0.226737;0.339187;0.450510;0.565891;0.664038;0.781882;0.894745;1.000000
2,test_01642,0
3,test_01642,0.455739
1,test_01643,0.000000;0.104102;0.196466;0.318504;0.461693;0.572931;0.680135;0.772475;0.896390;1.000000
2,test_01643,-1
3,test_01643,0.443952
1,test_01644,0.000000;0.091628;0.183387;0.295254;0.418483;0.541976;0.633246;0.741644;0.873352;1.000000
2,test_01644,-1
3,test_01644,0.476234
1,test_01645,0.000000;0.103110;0.222392;0.325539;0.441055;0.551544;0.650121;0.764290;0.873999;1.000000
2,test_01645,31
3,test_01645,0.471962
1,test_01646,0.000000;0.127252;0.267578;0.396557;0.480996;0.580094;0.686176;0.793715;0.897065;1.000000
2,test_01646,-1
3,test_01646,0.433827
1,test_01647,0.000000;0.102855;0.212931;0.319076;0.448565;0.566242;0.682087;0.789711;0.892991;1.000000
2,test_01647,24
3,test_01647,0.474685
1,test_01648,0.000000;0.115211;0.238332;0.346622;0.452626;0.561298;0.665504;0.778368;0.888165;1.000000
2,test_01648,30
3,test_01648,0.465629
1,test_01649,0.000000;0.114559;0.214147;0.325311;0.437686;0.547307;0.660492;0.768955;0.888859;1.000000
2,test_01649,49
3,test_01649,0.484168
1,test_01650,0.000000;0.099277;0.210287;0.323415;0.429444;0.559168;0.668304;0.777405;0.888344;1.000000
2,test_01650,15
3,test_01650,0.470553
1,test_01651,0.000000;0.109588;0.213644;0.326169;0.445755;0.561643;0.685418;0.786981;0.896842;1.000000
2,test_01651,33
3,test_01651,0.461751
1,test_01652,0.000000;0.085236;0.192407;0.319363;0.429157;0.554173;0.660397;0.776519;0.912296;1.000000
2,test_01652,-1
3,test_01652,0.481346
1,test_01653,0.000000;0.108090;0.225134;0.338098;0.450975;0.564338;0.677650;0.783144;0.893882;1.000000
2,test_01653,32
3,test_01653,0.461831
1,test_01654,0.000000;0.125074;0.229828;0.338438;0.441649;0.552031;0.656407;0.776168;0.895635;1.000000
2,test_01654,11
3,test_01654,0.461987
1,test_01655,0.000000;0.099277;0.210287;0.323415;0.429444;0.559168;0.668304;0.777405;0.888344;1.000000
2,test_01655,15
3,test_01655,0.470553
1,test_01656,0.000000;0.107993;0.211837;0.317663;0.429660;0.554736;0.671413;0.776934;0.892567;1.000000
2,test_01656,5
3,test_01656,0.468145
1,test_01657,0.000000;0.099711;0.224092;0.329673;0.444325;0.560609;0.663763;0.774109;0.884547;1.000000
2,test_01657,47
3,test_01657,0.468357
1,test_01658,0.000000;0.112344;0.222652;0.336817;0.451486;0.562386;0.673508;0.781881;0.888285;1.000000
2,test_01658,27
3,test_01658,0.466392
1,test_01659,0.000000;0.102180;0.212085;0.307595;0.421765;0.521731;0.639736;0.737396;0.870907;1.000000
2,test_01659,-1
3,test_01659,0.467696
1,test_01660,0.000000;0.119394;0.215663;0.322995;0.428746;0.544596;0.671583;0.781870;0.885240;1.000000
2,test_01660,6
3,test_01660,0.461496
1,test_01661,0.000000;0.122156;0.231502;0.335384;0.454719;0.563137;0.668078;0.771007;0.895043;1.000000
2,test_01661,13
3,test_01661,0.461512
1,test_01662,0.000000;0.114803;0.248197;0.346757;0.456412;0.558175;0.671054;0.773270;0.886778;1.000000
2,test_01662,-1
3,test_01662,0.502658
1,test_01663,0.000000;0.105731;0.216942;0.321821;0.428960;0.563182;0.686727;0.804302;0.908114;1.000000
2,test_01663,-1
3,test_01663,0.494370
1,test_01664,0.000000;0.112344;0.222652;0.336817;0.451486;0.562386;0.673508;0.781881;0.888285;1.000000
2,test_01664,27
3,test_01664,0.466392
1,test_01665,0.000000;0.120478;0.225240;0.343629;0.476321;0.569396;0.663436;0.782746;0.873906;1.000000
2,test_01665,-1
3,test_01665,0.466352
1,test_01666,0.000000;0.112344;0.222652;0.336817;0.451486;0.562386;0.673508;0.781881;0.888285;1.000000
2,test_01666,27
3,test_01666,0.466392
1,test_01667,0.000000;0.112344;0.222652;0.336817;0.451486;0.562386;0.673508;0.781881;0.888285;1.000000
2,test_01667,20
3,test_01667,0.466392
1,test_01668,0.000000;0.115211;0.238332;0.346622;0.452626;0.561298;0.665504;0.778368;0.888165;1.000000
2,test_01668,30
3,test_01668,0.465629
1,test_01669,0.000000;0.111106;0.217781;0.311502;0.421680;0.539497;0.652763;0.771239;0.886831;1.000000
2,test_01669,48
3,test_01669,0.453036
1,test_01670,0.000000;0.112344;0.222652;0.336817;0.451486;0.562386;0.673508;0.781881;0.888285;1.000000
2,test_01670,25
3,test_01670,0.466392
1,test_01671,0.000000;0.108090;0.225134;0.338098;0.450975;0.564338;0.677650;0.783144;0.893882;1.000000
2,test_01671,32
3,test_01671,0.461831
1,test_01672,0.000000;0.121354;0.239249;0.351697;0.471223;0.594049;0.695434;0.787251;0.894318;1.000000
2,test_01672,35
3,test_01672,0.473054
1,test_01673,0.000000;0.111509;0.230278;0.341604;0.444999;0.565259;0.677215;0.782219;0.887417;1.000000
2,test_01673,3
3,test_01673,0.461232
1,test_01674,0.000000;0.103144;0.217227;0.321420;0.438868;0.564167;0.662241;0.766911;0.893168;1.000000
2,test_01674,34
3,test_01674,0.473065
1,test_01675,0.000000;0.135536;0.248659;0.356295;0.465419;0.577273;0.674198;0.780708;0.873098;1.000000
2,test_01675,-1
3,test_01675,0.493630
1,test_01676,0.000000;0.107993;0.211837;0.317663;0.429660;0.554736;0.671413;0.776934;0.892567;1.000000
2,test_01676,5
3,test_01676,0.468145
1,test_01677,0.000000;0.095022;0.208440;0.318063;0.430565;0.546889;0.655320;0.783164;0.894528;1.000000
2,test_01677,-1
3,test_01677,0.483198
1,test_01678,0.000000;0.079301;0.167625;0.265156;0.369216;0.486378;0.616460;0.743782;0.891938;1.000000
2,test_01678,-1
3,test_01678,0.499069
1,test_01679,0.000000;0.109644;0.222634;0.336281;0.455908;0.564856;0.667504;0.773036;0.886015;1.000000
2,test_01679,12
3,test_01679,0.460897
1,test_01680,0.000000;0.108090;0.225134;0.338098;0.450975;0.564338;0.677650;0.783144;0.893882;1.000000
2,test_01680,32
3,test_01680,0.461831
1,test_01681,0.000000;0.126382;0.237307;0.339170;0.450400;0.559117;0.667802;0.786067;0.895666;1.000000
2,test_01681,1
3,test_01681,0.466198
1,test_01682,0.000000;0.127762;0.227805;0.352128;0.446398;0.541630;0.670909;0.793369;0.891774;1.000000
2,test_01682,16
3,test_01682,0.440359
1,test_01683,0.000000;0.094348;0.218627;0.328681;0.430195;0.541694;0.639458;0.750593;0.856797;1.000000
2,test_01683,-1
3,test_01683,0.426743
1,test_01684,0.000000;0.111106;0.217781;0.311502;0.421680;0.539497;0.652763;0.771239;0.886831;1.000000
2,test_01684,48
3,test_01684,0.453036
1,test_01685,0.000000;0.112344;0.222652;0.336817;0.451486;0.562386;0.673508;0.781881;0.888285;1.000000
2,test_01685,20
3,test_01685,0.466392
1,test_01686,0.000000;0.112344;0.222652;0.336817;0.451486;0.562386;0.673508;0.781881;0.888285;1.000000
2,test_01686,20
3,test_01686,0.466392
1,test_01687,0.000000;0.103981;0.227968;0.367599;0.459143;0.574521;0.678931;0.786210;0.903232;1.000000
2,test_01687,-1
3,test_01687,0.494983
1,test_01688,0.000000;0.110122;0.223752;0.335678;0.452379;0.564914;0.670022;0.787640;0.896892;1.000000
2,test_01688,29
3,test_01688,0.453835
1,test_01689,0.000000;0.096939;0.204651;0.305748;0.416427;0.555340;0.678275;0.776596;0.882550;1.000000
2,test_01689,-1
3,test_01689,0.513640
1,test_01690,0.000000;0.112344;0.222652;0.336817;0.451486;0.562386;0.673508;0.781881;0.888285;1.000000
2,test_01690,25
3,test_01690,0.466392
1,test_01691,0.000000;0.114964;0.220915;0.327766;0.432615;0.550684;0.666925;0.787166;0.890403;1.000000
2,test_01691,23
3,test_01691,0.465188
1,test_01692,0.000000;0.091177;0.207834;0.340902;0.453897;0.563958;0.674262;0.796435;0.883138;1.000000
2,test_01692,-1
3,test_01692,0.487945
1,test_01693,0.000000;0.109463;0.230892;0.322065;0.426299;0.505172;0.595875;0.705004;0.810116;1.000000
2,test_01693,-1
3,test_01693,0.433004
1,test_01694,0.000000;0.111106;0.217781;0.311502;0.421680;0.539497;0.652763;0.771239;0.886831;1.000000
2,test_01694,48
3,test_01694,0.453036
1,test_01695,0.000000;0.126382;0.237307;0.339170;0.450400;0.559117;0.667802;0.786067;0.895666;1.000000
2,test_01695,1
3,test_01695,0.466198
1,test_01696,0.000000;0.102855;0.212931;0.319076;0.448565;0.566242;0.682087;0.789711;0.892991;1.000000
2,test_01696,24
3,test_01696,0.474685
1,test_01697,0.000000;0.102855;0.212931;0.319076;0.448565;0.566242;0.682087;0.789711;0.892991;1.000000
2,test_01697,24
3,test_01697,0.474685
1,test_01698,0.000000;0.126382;0.237307;0.339170;0.450400;0.559117;0.667802;0.786067;0.895666;1.000000
2,test_01698,1
3,test_01698,0.466198
1,test_01699,0.000000;0.102855;0.212931;0.319076;0.448565;0.566242;0.682087;0.789711;0.892991;1.000000
2,test_01699,24
3,test_01699,0.474685
1,test_01700,0.000000;0.103110;0.222392;0.325539;0.441055;0.551544;0.650121;0.764290;0.873999;1.000000
2,test_01700,38
3,test_01700,0.471962
1,test_01701,0.000000;0.122255;0.216340;0.334728;0.439366;0.550278;0.659329;0.759949;0.875147;1.000000
2,test_01701,44
3,test_01701,0.471424
1,test_01702,0.000000;0.092151;0.187684;0.303211;0.421129;0.535845;0.652059;0.768579;0.890160;1.000000
2,test_01702,-1
3,test_01702,0.487074
1,test_01703,0.000000;0.127762;0.227805;0.352128;0.446398;0.541630;0.670909;0.793369;0.891774;1.000000
2,test_01703,16
3,test_01703,0.440359
1,test_01704,0.000000;0.126382;0.237307;0.339170;0.450400;0.559117;0.667802;0.786067;0.895666;1.000000
2,test_01704,1
3,test_01704,0.466198
1,test_01705,0.000000;0.166272;0.284888;0.423248;0.522564;0.605298;0.689967;0.783574;0.895020;1.000000
2,test_01705,-1
3,test_01705,0.483269
1,test_01706,0.000000;0.114559;0.214147;0.325311;0.437686;0.547307;0.660492;0.768955;0.888859;1.000000
2,test_01706,42
3,test_01706,0.484168
1,test_01707,0.000000;0.112543;0.222887;0.335288;0.444123;0.554894;0.668297;0.784907;0.893819;1.000000
2,test_01707,28
3,test_01707,0.464525
1,test_01708,0.000000;0.118865;0.233128;0.338409;0.437424;0.574882;0.673894;0.756617;0.879344;1.000000
2,test_01708,-1
3,test_01708,0.474111
1,test_01709,0.000000;0.118907;0.230304;0.353195;0.470546;0.563651;0.673682;0.788507;0.887306;1.000000
2,test_01709,-1
3,test_01709,0.487354
1,test_01710,0.000000;0.115211;0.238332;0.346622;0.452626;0.561298;0.665504;0.778368;0.888165;1.000000
2,test_01710,37
3,test_01710,0.465629
1,test_01711,0.000000;0.110661;0.214651;0.316548;0.440306;0.560542;0.681344;0.792260;0.896764;1.000000
2,test_01711,-1
3,test_01711,0.449335
1,test_01712,0.000000;0.122255;0.216340;0.334728;0.439366;0.550278;0.659329;0.759949;0.875147;1.000000
2,test_01712,44
3,test_01712,0.471424
1,test_01713,0.000000;0.122255;0.216340;0.334728;0.439366;0.550278;0.659329;0.759949;0.875147;1.000000
2,test_01713,44
3,test_01713,0.471424
1,test_01714,0.000000;0.112543;0.222887;0.335288;0.444123;0.554894;0.668297;0.784907;0.893819;1.000000
2,test_01714,21
3,test_01714,0.464525
1,test_01715,0.000000;0.099711;0.224092;0.329673;0.444325;0.560609;0.663763;0.774109;0.884547;1.000000
2,test_01715,40
3,test_01715,0.468357
1,test_01716,0.000000;0.107993;0.211837;0.317663;0.429660;0.554736;0.671413;0.776934;0.892567;1.000000
2,test_01716,5
3,test_01716,0.468145
1,test_01717,0.000000;0.110244;0.212607;0.330485;0.446712;0.556305;0.673182;0.791374;0.902094;1.000000
2,test_01717,4
3,test_01717,0.448540
1,test_01718,0.000000;0.114964;0.220915;0.327766;0.432615;0.550684;0.666925;0.787166;0.890403;1.000000
2,test_01718,23
3,test_01718,0.465188
1,test_01719,0.000000;0.114964;0.220915;0.327766;0.432615;0.550684;0.666925;0.787166;0.890403;1.000000
2,test_01719,23
3,test_01719,0.465188
1,test_01720,0.000000;0.117464;0.224012;0.316025;0.426299;0.528035;0.656838;0.770090;0.887433;1.000000
2,test_01720,-1
3,test_01720,0.486733
1,test_01721,0.000000;0.112344;0.222652;0.336817;0.451486;0.562386;0.673508;0.781881;0.888285;1.000000
2,test_01721,27
3,test_01721,0.466392
1,test_01722,0.000000;0.108090;0.225134;0.338098;0.450975;0.564338;0.677650;0.783144;0.893882;1.000000
2,test_01722,32
3,test_01722,0.461831
1,test_01723,0.000000;0.123437;0.251668;0.354144;0.475932;0.601844;0.706234;0.821240;0.909058;1.000000
2,test_01723,-1
3,test_01723,0.467491
1,test_01724,0.000000;0.111106;0.217781;0.311502;0.421680;0.539497;0.652763;0.771239;0.886831;1.000000
2,test_01724,41
3,test_01724,0.453036
1,test_01725,0.000000;0.109588;0.213644;0.326169;0.445755;0.561643;0.685418;0.786981;0.896842;1.000000
2,test_01725,33
3,test_01725,0.461751
1,test_01726,0.000000;0.111106;0.217781;0.311502;0.421680;0.539497;0.652763;0.771239;0.886831;1.000000
2,test_01726,41
3,test_01726,0.453036
1,test_01727,0.000000;0.114964;0.220915;0.327766;0.432615;0.550684;0.666925;0.787166;0.890403;1.000000
2,test_01727,23
3,test_01727,0.465188
1,test_01728,0.000000;0.099711;0.224092;0.329673;0.444325;0.560609;0.663763;0.774109;0.884547;1.000000
2,test_01728,40
3,test_01728,0.468357
1,test_01729,0.000000;0.112543;0.222887;0.335288;0.444123;0.554894;0.668297;0.784907;0.893819;1.000000
2,test_01729,28
3,test_01729,0.464525
1,test_01730,0.000000;0.104733;0.223182;0.335558;0.446220;0.549196;0.657133;0.765797;0.876724;1.000000
2,test_01730,2
3,test_01730,0.461534
1,test_01731,0.000000;0.122255;0.216340;0.334728;0.439366;0.550278;0.659329;0.759949;0.875147;1.000000
2,test_01731,44
3,test_01731,0.471424
1,test_01732,0.000000;0.112108;0.194685;0.295770;0.401990;0.509661;0.617413;0.732750;0.862690;1.000000
2,test_01732,-1
3,test_01732,0.452061
1,test_01733,0.000000;0.122156;0.231502;0.335384;0.454719;0.563137;0.668078;0.771007;0.895043;1.000000
2,test_01733,13
3,test_01733,0.461512
1,test_01734,0.000000;0.127762;0.227805;0.352128;0.446398;0.541630;0.670909;0.793369;0.891774;1.000000
2,test_01734,16
3,test_01734,0.440359
1,test_01735,0.000000;0.100928;0.208735;0.312632;0.434895;0.549406;0.668007;0.778746;0.894910;1.000000
2,test_01735,14
3,test_01735,0.465568
1,test_01736,0.000000;0.110974;0.223773;0.337893;0.448078;0.567164;0.670585;0.771945;0.879925;1.000000
2,test_01736,36
3,test_01736,0.458080
1,test_01737,0.000000;0.112534;0.202005;0.285047;0.389410;0.515986;0.640209;0.747303;0.887240;1.000000
2,test_01737,-1
3,test_01737,0.470869
1,test_01738,0.000000;0.099711;0.224092;0.329673;0.444325;0.560609;0.663763;0.774109;0.884547;1.000000
2,test_01738,40
3,test_01738,0.468357
1,test_01739,0.000000;0.099711;0.224092;0.329673;0.444325;0.560609;0.663763;0.774109;0.884547;1.000000
2,test_01739,47
3,test_01739,0.468357
1,test_01740,0.000000;0.101486;0.193259;0.316932;0.427403;0.552749;0.671321;0.769538;0.882221;1.000000
2,test_01740,-1
3,test_01740,0.494982
1,test_01741,0.000000;0.114559;0.214147;0.325311;0.437686;0.547307;0.660492;0.768955;0.888859;1.000000
2,test_01741,49
3,test_01741,0.484168
1,test_01742,0.000000;0.121354;0.239249;0.351697;0.471223;0.594049;0.695434;0.787251;0.894318;1.000000
2,test_01742,35
3,test_01742,0.473054
1,test_01743,0.000000;0.126382;0.237307;0.339170;0.450400;0.559117;0.667802;0.786067;0.895666;1.000000
2,test_01743,1
3,test_01743,0.466198
1,test_01744,0.000000;0.112543;0.222887;0.335288;0.444123;0.554894;0.668297;0.784907;0.893819;1.000000
2,test_01744,28
3,test_01744,0.464525
1,test_01745,0.000000;0.111509;0.230278;0.341604;0.444999;0.565259;0.677215;0.782219;0.887417;1.000000
2,test_01745,3
3,test_01745,0.461232
1,test_01746,0.000000;0.111509;0.230278;0.341604;0.444999;0.565259;0.677215;0.782219;0.887417;1.000000
2,test_01746,3
3,test_01746,0.461232
1,test_01747,0.000000;0.112344;0.222652;0.336817;0.451486;0.562386;0.673508;0.781881;0.888285;1.000000
2,test_01747,20
3,test_01747,0.466392
1,test_01748,0.000000;0.094781;0.222891;0.333901;0.437954;0.550199;0.656469;0.772664;0.877219;1.000000
2,test_01748,43
3,test_01748,0.465892
1,test_01749,0.000000;0.110244;0.212607;0.330485;0.446712;0.556305;0.673182;0.791374;0.902094;1.000000
2,test_01749,4
3,test_01749,0.448540
1,test_01750,0.000000;0.123978;0.255438;0.346738;0.464807;0.593038;0.691732;0.790821;0.892862;1.000000
2,test_01750,-1
3,test_01750,0.422925
1,test_01751,0.000000;0.127762;0.227805;0.352128;0.446398;0.541630;0.670909;0.793369;0.891774;1.000000
2,test_01751,16
3,test_01751,0.440359
1,test_01752,0.000000;0.105666;0.234418;0.329902;0.447140;0.610876;0.688888;0.787054;0.893254;1.000000
2,test_01752,-1
3,test_01752,0.416737
1,test_01753,0.000000;0.099711;0.224092;0.329673;0.444325;0.560609;0.663763;0.774109;0.884547;1.000000
2,test_01753,40
3,test_01753,0.468357
1,test_01754,0.000000;0.112543;0.222887;0.335288;0.444123;0.554894;0.668297;0.784907;0.893819;1.000000
2,test_01754,21
3,test_01754,0.464525
1,test_01755,0.000000;0.111509;0.230278;0.341604;0.444999;0.565259;0.677215;0.782219;0.887417;1.000000
2,test_01755,3
3,test_01755,0.461232
1,test_01756,0.000000;0.126382;0.237307;0.339170;0.450400;0.559117;0.667802;0.786067;0.895666;1.000000
2,test_01756,1
3,test_01756,0.466198
1,test_01757,0.000000;0.099277;0.210287;0.323415;0.429444;0.559168;0.668304;0.777405;0.888344;1.000000
2,test_01757,15
3,test_01757,0.470553
1,test_01758,0.000000;0.094781;0.222891;0.333901;0.437954;0.550199;0.656469;0.772664;0.877219;1.000000
2,test_01758,43
3,test_01758,0.465892
1,test_01759,0.000000;0.109588;0.213644;0.326169;0.445755;0.561643;0.685418;0.786981;0.896842;1.000000
2,test_01759,33
3,test_01759,0.461751
1,test_01760,0.000000;0.116005;0.226737;0.339187;0.450510;0.565891;0.664038;0.781882;0.894745;1.000000
2,test_01760,7
3,test_01760,0.455739
1,test_01761,0.000000;0.108090;0.225134;0.338098;0.450975;0.564338;0.677650;0.783144;0.893882;1.000000
2,test_01761,32
3,test_01761,0.461831
1,test_01762,0.000000;0.116005;0.226737;0.339187;0.450510;0.565891;0.664038;0.781882;0.894745;1.000000
2,test_01762,7
3,test_01762,0.455739
1,test_01763,0.000000;0.108712;0.200197;0.303995;0.416788;0.542770;0.654250;0.762701;0.884853;1.000000
2,test_01763,-1
3,test_01763,0.463904
1,test_01764,0.000000;0.109104;0.228837;0.341762;0.454882;0.569311;0.682016;0.776132;0.876932;1.000000
2,test_01764,10
3,test_01764,0.470734
1,test_01765,0.000000;0.115211;0.238332;0.346622;0.452626;0.561298;0.665504;0.778368;0.888165;1.000000
2,test_01765,30
3,test_01765,0.465629
1,test_01766,0.000000;0.108090;0.225134;0.338098;0.450975;0.564338;0.677650;0.783144;0.893882;1.000000
2,test_01766,32
3,test_01766,0.461831
1,test_01767,0.000000;0.121354;0.239249;0.351697;0.471223;0.594049;0.695434;0.787251;0.894318;1.000000
2,test_01767,35
3,test_01767,0.473054
1,test_01768,0.000000;0.115211;0.238332;0.346622;0.452626;0.561298;0.665504;0.778368;0.888165;1.000000
2,test_01768,37
3,test_01768,0.465629
1,test_01769,0.000000;0.111509;0.230278;0.341604;0.444999;0.565259;0.677215;0.782219;0.887417;1.000000
2,test_01769,3
3,test_01769,0.461232
1,test_01770,0.000000;0.109104;0.228837;0.341762;0.454882;0.569311;0.682016;0.776132;0.876932;1.000000
2,test_01770,10
3,test_01770,0.470734
1,test_01771,0.000000;0.114559;0.214147;0.325311;0.437686;0.547307;0.660492;0.768955;0.888859;1.000000
2,test_01771,49
3,test_01771,0.484168
1,test_01772,0.000000;0.125490;0.273035;0.378425;0.479073;0.580616;0.682834;0.797080;0.898983;1.000000
2,test_01772,-1
3,test_01772,0.434734
1,test_01773,0.000000;0.110122;0.223752;0.335678;0.452379;0.564914;0.670022;0.787640;0.896892;1.000000
2,test_01773,29
3,test_01773,0.453835
1,test_01774,0.000000;0.097398;0.229250;0.340103;0.423215;0.530242;0.660775;0.761064;0.879431;1.000000
2,test_01774,-1
3,test_01774,0.477660
1,test_01775,0.000000;0.107993;0.211837;0.317663;0.429660;0.554736;0.671413;0.776934;0.892567;1.000000
2,test_01775,5
3,test_01775,0.468145
1,test_01776,0.000000;0.110974;0.223773;0.337893;0.448078;0.567164;0.670585;0.771945;0.879925;1.000000
2,test_01776,36
3,test_01776,0.458080
1,test_01777,0.000000;0.110122;0.223752;0.335678;0.452379;0.564914;0.670022;0.787640;0.896892;1.000000
2,test_01777,29
3,test_01777,0.453835
1,test_01778,0.000000;0.121354;0.239249;0.351697;0.471223;0.594049;0.695434;0.787251;0.894318;1.000000
2,test_01778,35
3,test_01778,0.473054
1,test_01779,0.000000;0.110974;0.223773;0.337893;0.448078;0.567164;0.670585;0.771945;0.879925;1.000000
2,test_01779,36
3,test_01779,0.458080
1,test_01780,0.000000;0.109104;0.228837;0.341762;0.454882;0.569311;0.682016;0.776132;0.876932;1.000000
2,test_01780,17
3,test_01780,0.470734
1,test_01781,0.000000;0.108090;0.225134;0.338098;0.450975;0.564338;0.677650;0.783144;0.893882;1.000000
2,test_01781,39
3,test_01781,0.461831
1,test_01782,0.000000;0.091959;0.215709;0.316044;0.411885;0.528550;0.648067;0.776811;0.891118;1.000000
2,test_01782,-1
3,test_01782,0.454215
1,test_01783,0.000000;0.119182;0.222921;0.351427;0.459034;0.549227;0.705440;0.798279;0.896222;1.000000
2,test_01783,-1
3,test_01783,0.444462
1,test_01784,0.000000;0.108090;0.225134;0.338098;0.450975;0.564338;0.677650;0.783144;0.893882;1.000000
2,test_01784,32
3,test_01784,0.461831
1,test_01785,0.000000;0.086035;0.182480;0.275203;0.372232;0.492532;0.659212;0.770628;0.869448;1.000000
2,test_01785,-1
3,test_01785,0.462179
1,test_01786,0.000000;0.118783;0.221404;0.320503;0.400043;0.510678;0.651038;0.761957;0.887934;1.000000
2,test_01786,-1
3,test_01786,0.526855
1,test_01787,0.000000;0.112344;0.222652;0.336817;0.451486;0.562386;0.673508;0.781881;0.888285;1.000000
2,test_01787,26
3,test_01787,0.466392
1,test_01788,0.000000;0.125074;0.229828;0.338438;0.441649;0.552031;0.656407;0.776168;0.895635;1.000000
2,test_01788,11
3,test_01788,0.461987
1,test_01789,0.000000;0.111509;0.230278;0.341604;0.444999;0.565259;0.677215;0.782219;0.887417;1.000000
2,test_01789,45
3,test_01789,0.461232
1,test_01790,0.000000;0.109104;0.228837;0.341762;0.454882;0.569311;0.682016;0.776132;0.876932;1.000000
2,test_01790,17
3,test_01790,0.470734
1,test_01791,0.000000;0.094781;0.222891;0.333901;0.437954;0.550199;0.656469;0.772664;0.877219;1.000000
2,test_01791,43
3,test_01791,0.465892
1,test_01792,0.000000;0.112543;0.222887;0.335288;0.444123;0.554894;0.668297;0.784907;0.893819;1.000000
2,test_01792,28
3,test_01792,0.464525
1,test_01793,0.000000;0.103110;0.222392;0.325539;0.441055;0.551544;0.650121;0.764290;0.873999;1.000000
2,test_01793,31
3,test_01793,0.471962
1,test_01794,0.000000;0.100928;0.208735;0.312632;0.434895;0.549406;0.668007;0.778746;0.894910;1.000000
2,test_01794,14
3,test_01794,0.465568
1,test_01795,0.000000;0.112344;0.222652;0.336817;0.451486;0.562386;0.673508;0.781881;0.888285;1.000000
2,test_01795,26
3,test_01795,0.466392
1,test_01796,0.000000;0.100928;0.208735;0.312632;0.434895;0.549406;0.668007;0.778746;0.894910;1.000000
2,test_01796,14
3,test_01796,0.465568
1,test_01797,0.000000;0.102855;0.212931;0.319076;0.448565;0.566242;0.682087;0.789711;0.892991;1.000000
2,test_01797,24
3,test_01797,0.474685
1,test_01798,0.000000;0.126804;0.224369;0.324686;0.400917;0.506945;0.629375;0.743698;0.879419;1.000000
2,test_01798,-1
3,test_01798,0.447966
1,test_01799,0.000000;0.112543;0.222887;0.335288;0.444123;0.554894;0.668297;0.784907;0.893819;1.000000
2,test_01799,21
3,test_01799,0.464525
1,test_01800,0.000000;0.110974;0.223773;0.337893;0.448078;0.567164;0.670585;0.771945;0.879925;1.000000
2,test_01800,36
3,test_01800,0.458080
1,test_01801,0.000000;0.110244;0.212607;0.330485;0.446712;0.556305;0.673182;0.791374;0.902094;1.000000
2,test_01801,46
3,test_01801,0.448540
1,test_01802,0.000000;0.111509;0.230278;0.341604;0.444999;0.565259;0.677215;0.782219;0.887417;1.000000
2,test_01802,3
3,test_01802,0.461232
1,test_01803,0.000000;0.112344;0.222652;0.336817;0.451486;0.562386;0.673508;0.781881;0.888285;1.000000
2,test_01803,20
3,test_01803,0.466392
1,test_01804,0.000000;0.125074;0.229828;0.338438;0.441649;0.552031;0.656407;0.776168;0.895635;1.000000
2,test_01804,18
3,test_01804,0.461987
1,test_01805,0.000000;0.099277;0.210287;0.323415;0.429444;0.559168;0.668304;0.777405;0.888344;1.000000
2,test_01805,15
3,test_01805,0.470553
1,test_01806,0.000000;0.112543;0.222887;0.335288;0.444123;0.554894;0.668297;0.784907;0.893819;1.000000
2,test_01806,21
3,test_01806,0.464525
1,test_01807,0.000000;0.068021;0.172093;0.283392;0.390427;0.499106;0.633726;0.769379;0.881695;1.000000
2,test_01807,-1
3,test_01807,0.431410
1,test_01808,0.000000;0.099548;0.207555;0.299025;0.391290;0.506341;0.614671;0.754745;0.875457;1.000000
2,test_01808,-1
3,test_01808,0.451887
1,test_01809,0.000000;0.109109;0.234165;0.357786;0.472093;0.568457;0.663061;0.766183;0.905036;1.000000
2,test_01809,-1
3,test_01809,0.449855
1,test_01810,0.000000;0.099711;0.224092;0.329673;0.444325;0.560609;0.663763;0.774109;0.884547;1.000000
2,test_01810,40
3,test_01810,0.468357
1,test_01811,0.000000;0.114311;0.196742;0.298215;0.396220;0.492082;0.608570;0.731296;0.873581;1.000000
2,test_01811,-1
3,test_01811,0.488086
1,test_01812,0.000000;0.116005;0.226737;0.339187;0.450510;0.565891;0.664038;0.781882;0.894745;1.000000
2,test_01812,0
3,test_01812,0.455739
1,test_01813,0.000000;0.112543;0.222887;0.335288;0.444123;0.554894;0.668297;0.784907;0.893819;1.000000
2,test_01813,21
3,test_01813,0.464525
1,test_01814,0.000000;0.112344;0.222652;0.336817;0.451486;0.562386;0.673508;0.781881;0.888285;1.000000
2,test_01814,27
3,test_01814,0.466392
1,test_01815,0.000000;0.103110;0.222392;0.325539;0.441055;0.551544;0.650121;0.764290;0.873999;1.000000
2,test_01815,38
3,test_01815,0.471962
1,test_01816,0.000000;0.112543;0.222887;0.335288;0.444123;0.554894;0.668297;0.784907;0.893819;1.000000
2,test_01816,21
3,test_01816,0.464525
1,test_01817,0.000000;0.109104;0.228837;0.341762;0.454882;0.569311;0.682016;0.776132;0.876932;1.000000
2,test_01817,17
3,test_01817,0.470734
1,test_01818,0.000000;0.126382;0.237307;0.339170;0.450400;0.559117;0.667802;0.786067;0.895666;1.000000
2,test_01818,8
3,test_01818,0.466198
1,test_01819,0.000000;0.110122;0.223752;0.335678;0.452379;0.564914;0.670022;0.787640;0.896892;1.000000
2,test_01819,22
3,test_01819,0.453835
1,test_01820,0.000000;0.122255;0.216340;0.334728;0.439366;0.550278;0.659329;0.759949;0.875147;1.000000
2,test_01820,44
3,test_01820,0.471424
1,test_01821,0.000000;0.109644;0.222634;0.336281;0.455908;0.564856;0.667504;0.773036;0.886015;1.000000
2,test_01821,12
3,test_01821,0.460897
1,test_01822,0.000000;0.110122;0.223752;0.335678;0.452379;0.564914;0.670022;0.787640;0.896892;1.000000
2,test_01822,29
3,test_01822,0.453835
1,test_01823,0.000000;0.104733;0.223182;0.335558;0.446220;0.549196;0.657133;0.765797;0.876724;1.000000
2,test_01823,9
3,test_01823,0.461534
1,test_01824,0.000000;0.131994;0.268363;0.385571;0.484829;0.612139;0.708395;0.806950;0.896664;1.000000
2,test_01824,-1
3,test_01824,0.461231
1,test_01825,0.000000;0.122255;0.216340;0.334728;0.439366;0.550278;0.659329;0.759949;0.875147;1.000000
2,test_01825,44
3,test_01825,0.471424
1,test_01826,0.000000;0.103144;0.217227;0.321420;0.438868;0.564167;0.662241;0.766911;0.893168;1.000000
2,test_01826,34
3,test_01826,0.473065
1,test_01827,0.000000;0.109644;0.222634;0.336281;0.455908;0.564856;0.667504;0.773036;0.886015;1.000000
2,test_01827,19
3,test_01827,0.460897
1,test_01828,0.000000;0.112344;0.222652;0.336817;0.451486;0.562386;0.673508;0.781881;0.888285;1.000000
2,test_01828,25
3,test_01828,0.466392
1,test_01829,0.000000;0.111106;0.217781;0.311502;0.421680;0.539497;0.652763;0.771239;0.886831;1.000000
2,test_01829,41
3,test_01829,0.453036
1,test_01830,0.000000;0.116005;0.226737;0.339187;0.450510;0.565891;0.664038;0.781882;0.894745;1.000000
2,test_01830,7
3,test_01830,0.455739
1,test_01831,0.000000;0.119394;0.215663;0.322995;0.428746;0.544596;0.671583;0.781870;0.885240;1.000000
2,test_01831,6
3,test_01831,0.461496
1,test_01832,0.000000;0.103110;0.222392;0.325539;0.441055;0.551544;0.650121;0.764290;0.873999;1.000000
2,test_01832,38
3,test_01832,0.471962
1,test_01833,0.000000;0.112897;0.197421;0.306611;0.423273;0.569462;0.699664;0.827466;0.919883;1.000000
2,test_01833,-1
3,test_01833,0.488281
1,test_01834,0.000000;0.115211;0.238332;0.346622;0.452626;0.561298;0.665504;0.778368;0.888165;1.000000
2,test_01834,30
3,test_01834,0.465629
1,test_01835,0.000000;0.110244;0.212607;0.330485;0.446712;0.556305;0.673182;0.791374;0.902094;1.000000
2,test_01835,4
3,test_01835,0.448540
1,test_01836,0.000000;0.109644;0.222634;0.336281;0.455908;0.564856;0.667504;0.773036;0.886015;1.000000
2,test_01836,19
3,test_01836,0.460897
1,test_01837,0.000000;0.112543;0.222887;0.335288;0.444123;0.554894;0.668297;0.784907;0.893819;1.000000
2,test_01837,28
3,test_01837,0.464525
1,test_01838,0.000000;0.109644;0.222634;0.336281;0.455908;0.564856;0.667504;0.773036;0.886015;1.000000
2,test_01838,19
3,test_01838,0.460897
1,test_01839,0.000000;0.094243;0.199869;0.330558;0.462610;0.574458;0.675425;0.757727;0.880091;1.000000
2,test_01839,-1
3,test_01839,0.451540
1,test_01840,0.000000;0.111509;0.230278;0.341604;0.444999;0.565259;0.677215;0.782219;0.887417;1.000000
2,test_01840,3
3,test_01840,0.461232
1,test_01841,0.000000;0.122255;0.216340;0.334728;0.439366;0.550278;0.659329;0.759949;0.875147;1.000000
2,test_01841,44
3,test_01841,0.471424
1,test_01842,0.000000;0.118795;0.225523;0.308236;0.405831;0.517192;0.644117;0.741905;0.863574;1.000000
2,test_01842,-1
3,test_01842,0.464339
1,test_01843,0.000000;0.125074;0.229828;0.338438;0.441649;0.552031;0.656407;0.776168;0.895635;1.000000
2,test_01843,18
3,test_01843,0.461987
1,test_01844,0.000000;0.112543;0.222887;0.335288;0.444123;0.554894;0.668297;0.784907;0.893819;1.000000
2,test_01844,21
3,test_01844,0.464525
1,test_01845,0.000000;0.114559;0.214147;0.325311;0.437686;0.547307;0.660492;0.768955;0.888859;1.000000
2,test_01845,49
3,test_01845,0.484168
1,test_01846,0.000000;0.099711;0.224092;0.329673;0.444325;0.560609;0.663763;0.774109;0.884547;1.000000
2,test_01846,40
3,test_01846,0.468357
1,test_01847,0.000000;0.109644;0.222634;0.336281;0.455908;0.564856;0.667504;0.773036;0.886015;1.000000
2,test_01847,19
3,test_01847,0.460897
1,test_01848,0.000000;0.125074;0.229828;0.338438;0.441649;0.552031;0.656407;0.776168;0.895635;1.000000
2,test_01848,11
3,test_01848,0.461987
1,test_01849,0.000000;0.103110;0.222392;0.325539;0.441055;0.551544;0.650121;0.764290;0.873999;1.000000
2,test_01849,31
3,test_01849,0.471962
1,test_01850,0.000000;0.112344;0.222652;0.336817;0.451486;0.562386;0.673508;0.781881;0.888285;1.000000
2,test_01850,26
3,test_01850,0.466392
1,test_01851,0.000000;0.119126;0.228621;0.365775;0.458988;0.581367;0.684337;0.805705;0.901613;1.000000
2,test_01851,-1
3,test_01851,0.452267
1,test_01852,0.000000;0.108090;0.225134;0.338098;0.450975;0.564338;0.677650;0.783144;0.893882;1.000000
2,test_01852,39
3,test_01852,0.461831
1,test_01853,0.000000;0.109104;0.228837;0.341762;0.454882;0.569311;0.682016;0.776132;0.876932;1.000000
2,test_01853,10
3,test_01853,0.470734
1,test_01854,0.000000;0.111106;0.217781;0.311502;0.421680;0.539497;0.652763;0.771239;0.886831;1.000000
2,test_01854,41
3,test_01854,0.453036
1,test_01855,0.000000;0.111508;0.228769;0.351947;0.431910;0.512003;0.623412;0.737711;0.887477;1.000000
2,test_01855,-1
3,test_01855,0.515009
1,test_01856,0.000000;0.091224;0.212339;0.318999;0.427684;0.527686;0.627761;0.729294;0.873808;1.000000
2,test_01856,-1
3,test_01856,0.476933
1,test_01857,0.000000;0.103110;0.222392;0.325539;0.441055;0.551544;0.650121;0.764290;0.873999;1.000000
2,test_01857,31
3,test_01857,0.471962
1,test_01858,0.000000;0.114559;0.214147;0.325311;0.437686;0.547307;0.660492;0.768955;0.888859;1.000000
2,test_01858,42
3,test_01858,0.484168
1,test_01859,0.000000;0.112344;0.222652;0.336817;0.451486;0.562386;0.673508;0.781881;0.888285;1.000000
2,test_01859,20
3,test_01859,0.466392
1,test_01860,0.000000;0.102855;0.212931;0.319076;0.448565;0.566242;0.682087;0.789711;0.892991;1.000000
2,test_01860,24
3,test_01860,0.474685
1,test_01861,0.000000;0.112344;0.222652;0.336817;0.451486;0.562386;0.673508;0.781881;0.888285;1.000000
2,test_01861,27
3,test_01861,0.466392
1,test_01862,0.000000;0.134799;0.242198;0.354852;0.459151;0.557062;0.640110;0.766041;0.882080;1.000000
2,test_01862,-1
3,test_01862,0.467341
1,test_01863,0.000000;0.110244;0.212607;0.330485;0.446712;0.556305;0.673182;0.791374;0.902094;1.000000
2,test_01863,4
3,test_01863,0.448540
1,test_01864,0.000000;0.110631;0.203970;0.300148;0.391740;0.522328;0.650608;0.777582;0.900323;1.000000
2,test_01864,-1
3,test_01864,0.439195
1,test_01865,0.000000;0.111509;0.230278;0.341604;0.444999;0.565259;0.677215;0.782219;0.887417;1.000000
2,test_01865,3
3,test_01865,0.461232
1,test_01866,0.000000;0.127762;0.227805;0.352128;0.446398;0.541630;0.670909;0.793369;0.891774;1.000000
2,test_01866,16
3,test_01866,0.440359
1,test_01867,0.000000;0.116005;0.226737;0.339187;0.450510;0.565891;0.664038;0.781882;0.894745;1.000000
2,test_01867,7
3,test_01867,0.455739
1,test_01868,0.000000;0.110244;0.212607;0.330485;0.446712;0.556305;0.673182;0.791374;0.902094;1.000000
2,test_01868,4
3,test_01868,0.448540
1,test_01869,0.000000;0.110122;0.223752;0.335678;0.452379;0.564914;0.670022;0.787640;0.896892;1.000000
2,test_01869,29
3,test_01869,0.453835
1,test_01870,0.000000;0.122156;0.231502;0.335384;0.454719;0.563137;0.668078;0.771007;0.895043;1.000000
2,test_01870,13
3,test_01870,0.461512
1,test_01871,0.000000;0.085345;0.194179;0.303121;0.428423;0.572508;0.687200;0.771485;0.885643;1.000000
2,test_01871,-1
3,test_01871,0.474676
1,test_01872,0.000000;0.103110;0.222392;0.325539;0.441055;0.551544;0.650121;0.764290;0.873999;1.000000
2,test_01872,38
3,test_01872,0.471962
1,test_01873,0.000000;0.103110;0.222392;0.325539;0.441055;0.551544;0.650121;0.764290;0.873999;1.000000
2,test_01873,31
3,test_01873,0.471962
1,test_01874,0.000000;0.116005;0.226737;0.339187;0.450510;0.565891;0.664038;0.781882;0.894745;1.000000
2,test_01874,0
3,test_01874,0.455739
1,test_01875,0.000000;0.104733;0.223182;0.335558;0.446220;0.549196;0.657133;0.765797;0.876724;1.000000
2,test_01875,2
3,test_01875,0.461534
1,test_01876,0.000000;0.103110;0.222392;0.325539;0.441055;0.551544;0.650121;0.764290;0.873999;1.000000
2,test_01876,31
3,test_01876,0.471962
1,test_01877,0.000000;0.114964;0.220915;0.327766;0.432615;0.550684;0.666925;0.787166;0.890403;1.000000
2,test_01877,23
3,test_01877,0.465188
1,test_01878,0.000000;0.114964;0.220915;0.327766;0.432615;0.550684;0.666925;0.787166;0.890403;1.000000
2,test_01878,23
3,test_01878,0.465188
1,test_01879,0.000000;0.104733;0.223182;0.335558;0.446220;0.549196;0.657133;0.765797;0.876724;1.000000
2,test_01879,2
3,test_01879,0.461534
1,test_01880,0.000000;0.103110;0.222392;0.325539;0.441055;0.551544;0.650121;0.764290;0.873999;1.000000
2,test_01880,38
3,test_01880,0.471962
1,test_01881,0.000000;0.104733;0.223182;0.335558;0.446220;0.549196;0.657133;0.765797;0.876724;1.000000
2,test_01881,2
3,test_01881,0.461534
1,test_01882,0.000000;0.116005;0.226737;0.339187;0.450510;0.565891;0.664038;0.781882;0.894745;1.000000
2,test_01882,7
3,test_01882,0.455739
1,test_01883,0.000000;0.102238;0.206944;0.350875;0.455676;0.562228;0.649490;0.783891;0.890490;1.000000
2,test_01883,-1
3,test_01883,0.428555
1,test_01884,0.000000;0.122255;0.216340;0.334728;0.439366;0.550278;0.659329;0.759949;0.875147;1.000000
2,test_01884,44
3,test_01884,0.471424
1,test_01885,0.000000;0.103144;0.217227;0.321420;0.438868;0.564167;0.662241;0.766911;0.893168;1.000000
2,test_01885,34
3,test_01885,0.473065
1,test_01886,0.000000;0.132910;0.251838;0.348103;0.452449;0.564976;0.664972;0.791794;0.895518;1.000000
2,test_01886,-1
3,test_01886,0.448316
1,test_01887,0.000000;0.088947;0.178940;0.291473;0.385629;0.491157;0.613751;0.708784;0.836902;1.000000
2,test_01887,-1
3,test_01887,0.437354
1,test_01888,0.000000;0.126382;0.237307;0.339170;0.450400;0.559117;0.667802;0.786067;0.895666;1.000000
2,test_01888,8
3,test_01888,0.466198
1,test_01889,0.000000;0.080978;0.168321;0.285010;0.402411;0.511433;0.620242;0.742528;0.876135;1.000000
2,test_01889,-1
3,test_01889,0.460388
1,test_01890,0.000000;0.125074;0.229828;0.338438;0.441649;0.552031;0.656407;0.776168;0.895635;1.000000
2,test_01890,18
3,test_01890,0.461987
1,test_01891,0.000000;0.110706;0.198313;0.299133;0.427375;0.552315;0.663704;0.772065;0.905797;1.000000
2,test_01891,-1
3,test_01891,0.431995
1,test_01892,0.000000;0.112344;0.222652;0.336817;0.451486;0.562386;0.673508;0.781881;0.888285;1.000000
2,test_01892,26
3,test_01892,0.466392
1,test_01893,0.000000;0.103144;0.217227;0.321420;0.438868;0.564167;0.662241;0.766911;0.893168;1.000000
2,test_01893,34
3,test_01893,0.473065
1,test_01894,0.000000;0.115211;0.238332;0.346622;0.452626;0.561298;0.665504;0.778368;0.888165;1.000000
2,test_01894,30
3,test_01894,0.465629
1,test_01895,0.000000;0.114559;0.214147;0.325311;0.437686;0.547307;0.660492;0.768955;0.888859;1.000000
2,test_01895,49
3,test_01895,0.484168
1,test_01896,0.000000;0.110974;0.223773;0.337893;0.448078;0.567164;0.670585;0.771945;0.879925;1.000000
2,test_01896,36
3,test_01896,0.458080
1,test_01897,0.000000;0.103970;0.205685;0.316321;0.411304;0.533930;0.642133;0.777350;0.891527;1.000000
2,test_01897,-1
3,test_01897,0.500141
1,test_01898,0.000000;0.114964;0.220915;0.327766;0.432615;0.550684;0.666925;0.787166;0.890403;1.000000
2,test_01898,23
3,test_01898,0.465188
1,test_01899,0.000000;0.110244;0.212607;0.330485;0.446712;0.556305;0.673182;0.791374;0.902094;1.000000
2,test_01899,46
3,test_01899,0.448540
1,test_01900,0.000000;0.094561;0.189788;0.301244;0.401517;0.537187;0.622948;0.771628;0.886514;1.000000
2,test_01900,-1
3,test_01900,0.442746
1,test_01901,0.000000;0.110904;0.214260;0.307756;0.392252;0.490063;0.606735;0.722624;0.877957;1.000000
2,test_01901,-1
3,test_01901,0.492481
1,test_01902,0.000000;0.115211;0.238332;0.346622;0.452626;0.561298;0.665504;0.778368;0.888165;1.000000
2,test_01902,30
3,test_01902,0.465629
1,test_01903,0.000000;0.111106;0.217781;0.311502;0.421680;0.539497;0.652763;0.771239;0.886831;1.000000
2,test_01903,48
3,test_01903,0.453036
1,test_01904,0.000000;0.109588;0.213644;0.326169;0.445755;0.561643;0.685418;0.786981;0.896842;1.000000
2,test_01904,33
3,test_01904,0.461751
1,test_01905,0.000000;0.123099;0.227708;0.345643;0.426469;0.530187;0.662758;0.767589;0.880844;1.000000
2,test_01905,-1
3,test_01905,0.506969
1,test_01906,0.000000;0.109644;0.222634;0.336281;0.455908;0.564856;0.667504;0.773036;0.886015;1.000000
2,test_01906,12
3,test_01906,0.460897
1,test_01907,0.000000;0.111106;0.217781;0.311502;0.421680;0.539497;0.652763;0.771239;0.886831;1.000000
2,test_01907,48
3,test_01907,0.453036
1,test_01908,0.000000;0.120310;0.235107;0.338150;0.438980;0.556244;0.666534;0.786617;0.881554;1.000000
2,test_01908,-1
3,test_01908,0.420704
1,test_01909,0.000000;0.110244;0.212607;0.330485;0.446712;0.556305;0.673182;0.791374;0.902094;1.000000
2,test_01909,46
3,test_01909,0.448540
1,test_01910,0.000000;0.103144;0.217227;0.321420;0.438868;0.564167;0.662241;0.766911;0.893168;1.000000
2,test_01910,34
3,test_01910,0.473065
1,test_01911,0.000000;0.114559;0.214147;0.325311;0.437686;0.547307;0.660492;0.768955;0.888859;1.000000
2,test_01911,49
3,test_01911,0.484168
1,test_01912,0.000000;0.099711;0.224092;0.329673;0.444325;0.560609;0.663763;0.774109;0.884547;1.000000
2,test_01912,40
3,test_01912,0.468357
1,test_01913,0.000000;0.105745;0.218831;0.346951;0.462697;0.582674;0.688761;0.825877;0.915112;1.000000
2,test_01913,-1
3,test_01913,0.472238
1,test_01914,0.000000;0.122156;0.231502;0.335384;0.454719;0.563137;0.668078;0.771007;0.895043;1.000000
2,test_01914,13
3,test_01914,0.461512
1,test_01915,0.000000;0.101757;0.229238;0.330073;0.429725;0.520352;0.602197;0.746001;0.865246;1.000000
2,test_01915,-1
3,test_01915,0.488885
1,test_01916,0.000000;0.118464;0.238766;0.375981;0.480641;0.569368;0.691145;0.801487;0.897983;1.000000
2,test_01916,-1
3,test_01916,0.465477
1,test_01917,0.000000;0.103110;0.222392;0.325539;0.441055;0.551544;0.650121;0.764290;0.873999;1.000000
2,test_01917,31
3,test_01917,0.471962
1,test_01918,0.000000;0.122156;0.231502;0.335384;0.454719;0.563137;0.668078;0.771007;0.895043;1.000000
2,test_01918,13
3,test_01918,0.461512
1,test_01919,0.000000;0.123168;0.219723;0.313114;0.421750;0.540474;0.655447;0.777042;0.877550;1.000000
2,test_01919,-1
3,test_01919,0.463971
1,test_01920,0.000000;0.114964;0.220915;0.327766;0.432615;0.550684;0.666925;0.787166;0.890403;1.000000
2,test_01920,23
3,test_01920,0.465188
1,test_01921,0.000000;0.121354;0.239249;0.351697;0.471223;0.594049;0.695434;0.787251;0.894318;1.000000
2,test_01921,35
3,test_01921,0.473054
1,test_01922,0.000000;0.103144;0.217227;0.321420;0.438868;0.564167;0.662241;0.766911;0.893168;1.000000
2,test_01922,34
3,test_01922,0.473065
1,test_01923,0.000000;0.109644;0.222634;0.336281;0.455908;0.564856;0.667504;0.773036;0.886015;1.000000
2,test_01923,19
3,test_01923,0.460897
1,test_01924,0.000000;0.102855;0.212931;0.319076;0.448565;0.566242;0.682087;0.789711;0.892991;1.000000
2,test_01924,24
3,test_01924,0.474685
1,test_01925,0.000000;0.109104;0.228837;0.341762;0.454882;0.569311;0.682016;0.776132;0.876932;1.000000
2,test_01925,17
3,test_01925,0.470734
1,test_01926,0.000000;0.103110;0.222392;0.325539;0.441055;0.551544;0.650121;0.764290;0.873999;1.000000
2,test_01926,38
3,test_01926,0.471962
1,test_01927,0.000000;0.112344;0.222652;0.336817;0.451486;0.562386;0.673508;0.781881;0.888285;1.000000
2,test_01927,27
3,test_01927,0.466392
1,test_01928,0.000000;0.104733;0.223182;0.335558;0.446220;0.549196;0.657133;0.765797;0.876724;1.000000
2,test_01928,2
3,test_01928,0.461534
1,test_01929,0.000000;0.115738;0.211584;0.333372;0.447655;0.556992;0.678904;0.802492;0.901116;1.000000
2,test_01929,-1
3,test_01929,0.512060
1,test_01930,0.000000;0.116962;0.203995;0.356801;0.457858;0.579383;0.694833;0.806788;0.909053;1.000000
2,test_01930,-1
3,test_01930,0.459920
1,test_01931,0.000000;0.099530;0.210564;0.325945;0.449302;0.573392;0.658507;0.768544;0.874346;1.000000
2,test_01931,-1
3,test_01931,0.430602
1,test_01932,0.000000;0.100928;0.208735;0.312632;0.434895;0.549406;0.668007;0.778746;0.894910;1.000000
2,test_01932,14
3,test_01932,0.465568
1,test_01933,0.000000;0.102855;0.212931;0.319076;0.448565;0.566242;0.682087;0.789711;0.892991;1.000000
2,test_01933,24
3,test_01933,0.474685
1,test_01934,0.000000;0.121573;0.199572;0.277456;0.370917;0.478125;0.618910;0.738323;0.848982;1.000000
2,test_01934,-1
3,test_01934,0.506250
1,test_01935,0.000000;0.099711;0.224092;0.329673;0.444325;0.560609;0.663763;0.774109;0.884547;1.000000
2,test_01935,47
3,test_01935,0.468357
1,test_01936,0.000000;0.125383;0.256319;0.360936;0.467755;0.577278;0.698675;0.811216;0.898136;1.000000
2,test_01936,-1
3,test_01936,0.482588
1,test_01937,0.000000;0.112543;0.222887;0.335288;0.444123;0.554894;0.668297;0.784907;0.893819;1.000000
2,test_01937,21
3,test_01937,0.464525
1,test_01938,0.000000;0.108090;0.225134;0.338098;0.450975;0.564338;0.677650;0.783144;0.893882;1.000000
2,test_01938,32
3,test_01938,0.461831
1,test_01939,0.000000;0.111106;0.217781;0.311502;0.421680;0.539497;0.652763;0.771239;0.886831;1.000000
2,test_01939,41
3,test_01939,0.453036
1,test_01940,0.000000;0.096162;0.193247;0.316837;0.440325;0.596374;0.696711;0.805069;0.898417;1.000000
2,test_01940,-1
3,test_01940,0.462739
1,test_01941,0.000000;0.160618;0.309413;0.423858;0.509140;0.602450;0.701073;0.795268;0.897319;1.000000
2,test_01941,-1
3,test_01941,0.461519
1,test_01942,0.000000;0.110974;0.223773;0.337893;0.448078;0.567164;0.670585;0.771945;0.879925;1.000000
2,test_01942,36
3,test_01942,0.458080
1,test_01943,0.000000;0.109644;0.222634;0.336281;0.455908;0.564856;0.667504;0.773036;0.886015;1.000000
2,test_01943,19
3,test_01943,0.460897
1,test_01944,0.000000;0.109644;0.222634;0.336281;0.455908;0.564856;0.667504;0.773036;0.886015;1.000000
2,test_01944,19
3,test_01944,0.460897
1,test_01945,0.000000;0.109388;0.211712;0.335134;0.425178;0.516857;0.645738;0.773837;0.875892;1.000000
2,test_01945,-1
3,test_01945,0.470453
1,test_01946,0.000000;0.122255;0.216340;0.334728;0.439366;0.550278;0.659329;0.759949;0.875147;1.000000
2,test_01946,44
3,test_01946,0.471424
1,test_01947,0.000000;0.112344;0.222652;0.336817;0.451486;0.562386;0.673508;0.781881;0.888285;1.000000
2,test_01947,26
3,test_01947,0.466392
1,test_01948,0.000000;0.112344;0.222652;0.336817;0.451486;0.562386;0.673508;0.781881;0.888285;1.000000
2,test_01948,27
3,test_01948,0.466392
1,test_01949,0.000000;0.100587;0.237948;0.354945;0.481758;0.584797;0.707403;0.806187;0.905209;1.000000
2,test_01949,-1
3,test_01949,0.431128
1,test_01950,0.000000;0.103144;0.217227;0.321420;0.438868;0.564167;0.662241;0.766911;0.893168;1.000000
2,test_01950,34
3,test_01950,0.473065
1,test_01951,0.000000;0.112344;0.222652;0.336817;0.451486;0.562386;0.673508;0.781881;0.888285;1.000000
2,test_01951,27
3,test_01951,0.466392
1,test_01952,0.000000;0.108090;0.225134;0.338098;0.450975;0.564338;0.677650;0.783144;0.893882;1.000000
2,test_01952,32
3,test_01952,0.461831
1,test_01953,0.000000;0.111106;0.217781;0.311502;0.421680;0.539497;0.652763;0.771239;0.886831;1.000000
2,test_01953,48
3,test_01953,0.453036
1,test_01954,0.000000;0.096494;0.209831;0.306734;0.405416;0.508501;0.628516;0.735125;0.861743;1.000000
2,test_01954,-1
3,test_01954,0.457741
1,test_01955,0.000000;0.123081;0.278262;0.369447;0.454049;0.578884;0.683728;0.783791;0.889005;1.000000
2,test_01955,-1
3,test_01955,0.442049
1,test_01956,0.000000;0.143454;0.230076;0.354115;0.462347;0.567684;0.671881;0.805474;0.916593;1.000000
2,test_01956,-1
3,test_01956,0.480711
1,test_01957,0.000000;0.127762;0.227805;0.352128;0.446398;0.541630;0.670909;0.793369;0.891774;1.000000
2,test_01957,16
3,test_01957,0.440359
1,test_01958,0.000000;0.103110;0.222392;0.325539;0.441055;0.551544;0.650121;0.764290;0.873999;1.000000
2,test_01958,38
3,test_01958,0.471962
1,test_01959,0.000000;0.122255;0.216340;0.334728;0.439366;0.550278;0.659329;0.759949;0.875147;1.000000
2,test_01959,44
3,test_01959,0.471424
1,test_01960,0.000000;0.112543;0.222887;0.335288;0.444123;0.554894;0.668297;0.784907;0.893819;1.000000
2,test_01960,28
3,test_01960,0.464525
1,test_01961,0.000000;0.082313;0.231306;0.346487;0.468389;0.580240;0.693808;0.788671;0.869638;1.000000
2,test_01961,-1
3,test_01961,0.497490
1,test_01962,0.000000;0.103144;0.217227;0.321420;0.438868;0.564167;0.662241;0.766911;0.893168;1.000000
2,test_01962,34
3,test_01962,0.473065
1,test_01963,0.000000;0.114559;0.214147;0.325311;0.437686;0.547307;0.660492;0.768955;0.888859;1.000000
2,test_01963,49
3,test_01963,0.484168
1,test_01964,0.000000;0.111509;0.230278;0.341604;0.444999;0.565259;0.677215;0.782219;0.887417;1.000000
2,test_01964,45
3,test_01964,0.461232
1,test_01965,0.000000;0.109644;0.222634;0.336281;0.455908;0.564856;0.667504;0.773036;0.886015;1.000000
2,test_01965,12
3,test_01965,0.460897
1,test_01966,0.000000;0.102934;0.205439;0.305534;0.423130;0.546310;0.663296;0.770222;0.894242;1.000000
2,test_01966,-1
3,test_01966,0.514922
1,test_01967,0.000000;0.153006;0.267108;0.371878;0.462127;0.566176;0.665212;0.790805;0.902596;1.000000
2,test_01967,-1
3,test_01967,0.445752
1,test_01968,0.000000;0.118976;0.220672;0.355038;0.475181;0.589124;0.688318;0.781304;0.890745;1.000000
2,test_01968,-1
3,test_01968,0.490640
1,test_01969,0.000000;0.126382;0.237307;0.339170;0.450400;0.559117;0.667802;0.786067;0.895666;1.000000
2,test_01969,1
3,test_01969,0.466198
1,test_01970,0.000000;0.121354;0.239249;0.351697;0.471223;0.594049;0.695434;0.787251;0.894318;1.000000
2,test_01970,35
3,test_01970,0.473054
1,test_01971,0.000000;0.116005;0.226737;0.339187;0.450510;0.565891;0.664038;0.781882;0.894745;1.000000
2,test_01971,0
3,test_01971,0.455739
1,test_01972,0.000000;0.119694;0.220685;0.355957;0.450625;0.559536;0.662878;0.780456;0.897190;1.000000
2,test_01972,-1
3,test_01972,0.482671
1,test_01973,0.000000;0.104733;0.223182;0.335558;0.446220;0.549196;0.657133;0.765797;0.876724;1.000000
2,test_01973,2
3,test_01973,0.461534
1,test_01974,0.000000;0.112630;0.213547;0.328909;0.435454;0.553309;0.660233;0.785683;0.896366;1.000000
2,test_01974,-1
3,test_01974,0.481094
1,test_01975,0.000000;0.116005;0.226737;0.339187;0.450510;0.565891;0.664038;0.781882;0.894745;1.000000
2,test_01975,0
3,test_01975,0.455739
1,test_01976,0.000000;0.088199;0.202113;0.319314;0.458432;0.564747;0.680673;0.797109;0.900288;1.000000
2,test_01976,-1
3,test_01976,0.482180
1,test_01977,0.000000;0.111509;0.230278;0.341604;0.444999;0.565259;0.677215;0.782219;0.887417;1.000000
2,test_01977,45
3,test_01977,0.461232
1,test_01978,0.000000;0.122566;0.237483;0.332823;0.429902;0.542763;0.646645;0.760438;0.894823;1.000000
2,test_01978,-1
3,test_01978,0.476981
1,test_01979,0.000000;0.107993;0.211837;0.317663;0.429660;0.554736;0.671413;0.776934;0.892567;1.000000
2,test_01979,5
3,test_01979,0.468145
1,test_01980,0.000000;0.095979;0.194852;0.299324;0.415810;0.533910;0.655143;0.757246;0.876560;1.000000
2,test_01980,-1
3,test_01980,0.479107
1,test_01981,0.000000;0.111106;0.217781;0.311502;0.421680;0.539497;0.652763;0.771239;0.886831;1.000000
2,test_01981,41
3,test_01981,0.453036
1,test_01982,0.000000;0.097190;0.222326;0.301746;0.421721;0.564080;0.670133;0.799992;0.910481;1.000000
2,test_01982,-1
3,test_01982,0.460490
1,test_01983,0.000000;0.100928;0.208735;0.312632;0.434895;0.549406;0.668007;0.778746;0.894910;1.000000
2,test_01983,14
3,test_01983,0.465568
1,test_01984,0.000000;0.119951;0.233739;0.363835;0.469465;0.603940;0.712479;0.800159;0.890854;1.000000
2,test_01984,-1
3,test_01984,0.470357
1,test_01985,0.000000;0.112344;0.222652;0.336817;0.451486;0.562386;0.673508;0.781881;0.888285;1.000000
2,test_01985,27
3,test_01985,0.466392
1,test_01986,0.000000;0.109644;0.222634;0.336281;0.455908;0.564856;0.667504;0.773036;0.886015;1.000000
2,test_01986,19
3,test_01986,0.460897
1,test_01987,0.000000;0.125074;0.229828;0.338438;0.441649;0.552031;0.656407;0.776168;0.895635;1.000000
2,test_01987,11
3,test_01987,0.461987
1,test_01988,0.000000;0.126382;0.237307;0.339170;0.450400;0.559117;0.667802;0.786067;0.895666;1.000000
2,test_01988,1
3,test_01988,0.466198
1,test_01989,0.000000;0.111509;0.230278;0.341604;0.444999;0.565259;0.677215;0.782219;0.887417;1.000000
2,test_01989,45
3,test_01989,0.461232
1,test_01990,0.000000;0.119714;0.247521;0.352587;0.455568;0.555873;0.674074;0.776409;0.877237;1.000000
2,test_01990,-1
3,test_01990,0.475905
1,test_01991,0.000000;0.107993;0.211837;0.317663;0.429660;0.554736;0.671413;0.776934;0.892567;1.000000
2,test_01991,5
3,test_01991,0.468145
1,test_01992,0.000000;0.127762;0.227805;0.352128;0.446398;0.541630;0.670909;0.793369;0.891774;1.000000
2,test_01992,16
3,test_01992,0.440359
1,test_01993,0.000000;0.127762;0.227805;0.352128;0.446398;0.541630;0.670909;0.793369;0.891774;1.000000
2,test_01993,16
3,test_01993,0.440359
1,test_01994,0.000000;0.114559;0.214147;0.325311;0.437686;0.547307;0.660492;0.768955;0.888859;1.000000
2,test_01994,49
3,test_01994,0.484168
1,test_01995,0.000000;0.109104;0.228837;0.341762;0.454882;0.569311;0.682016;0.776132;0.876932;1.000000
2,test_01995,17
3,test_01995,0.470734
1,test_01996,0.000000;0.121295;0.225921;0.354317;0.468226;0.584194;0.698583;0.806875;0.900663;1.000000
2,test_01996,-1
3,test_01996,0.456513
1,test_01997,0.000000;0.103144;0.217227;0.321420;0.438868;0.564167;0.662241;0.766911;0.893168;1.000000
2,test_01997,34
3,test_01997,0.473065
1,test_01998,0.000000;0.111509;0.230278;0.341604;0.444999;0.565259;0.677215;0.782219;0.887417;1.000000
2,test_01998,3
3,test_01998,0.461232
1,test_01999,0.000000;0.109104;0.228837;0.341762;0.454882;0.569311;0.682016;0.776132;0.876932;1.000000
2,test_01999,10
3,test_01999,0.470734
1,test_02000,0.000000;0.121199;0.247914;0.376852;0.486245;0.585124;0.692852;0.797087;0.894735;1.000000
2,test_02000,-1
3,test_02000,0.474705
1,test_02001,0.000000;0.112543;0.222887;0.335288;0.444123;0.554894;0.668297;0.784907;0.893819;1.000000
2,test_02001,21
3,test_02001,0.464525
1,test_02002,0.000000;0.104733;0.223182;0.335558;0.446220;0.549196;0.657133;0.765797;0.876724;1.000000
2,test_02002,2
3,test_02002,0.461534
1,test_02003,0.000000;0.099711;0.224092;0.329673;0.444325;0.560609;0.663763;0.774109;0.884547;1.000000
2,test_02003,47
3,test_02003,0.468357
1,test_02004,0.000000;0.109644;0.222634;0.336281;0.455908;0.564856;0.667504;0.773036;0.886015;1.000000
2,test_02004,12
3,test_02004,0.460897
1,test_02005,0.000000;0.114559;0.214147;0.325311;0.437686;0.547307;0.660492;0.768955;0.888859;1.000000
2,test_02005,49
3,test_02005,0.484168
1,test_02006,0.000000;0.094781;0.222891;0.333901;0.437954;0.550199;0.656469;0.772664;0.877219;1.000000
2,test_02006,43
3,test_02006,0.465892
1,test_02007,0.000000;0.110122;0.223752;0.335678;0.452379;0.564914;0.670022;0.787640;0.896892;1.000000
2,test_02007,29
3,test_02007,0.453835
1,test_02008,0.000000;0.128895;0.259618;0.373294;0.467451;0.575476;0.685692;0.771226;0.879879;1.000000
2,test_02008,-1
3,test_02008,0.466453
1,test_02009,0.000000;0.099711;0.224092;0.329673;0.444325;0.560609;0.663763;0.774109;0.884547;1.000000
2,test_02009,40
3,test_02009,0.468357
1,test_02010,0.000000;0.112344;0.222652;0.336817;0.451486;0.562386;0.673508;0.781881;0.888285;1.000000
2,test_02010,20
3,test_02010,0.466392
1,test_02011,0.000000;0.112344;0.222652;0.336817;0.451486;0.562386;0.673508;0.781881;0.888285;1.000000
2,test_02011,27
3,test_02011,0.466392
1,test_02012,0.000000;0.110974;0.223773;0.337893;0.448078;0.567164;0.670585;0.771945;0.879925;1.000000
2,test_02012,36
3,test_02012,0.458080
1,test_02013,0.000000;0.110244;0.212607;0.330485;0.446712;0.556305;0.673182;0.791374;0.902094;1.000000
2,test_02013,46
3,test_02013,0.448540
1,test_02014,0.000000;0.108090;0.225134;0.338098;0.450975;0.564338;0.677650;0.783144;0.893882;1.000000
2,test_02014,39
3,test_02014,0.461831
1,test_02015,0.000000;0.112344;0.222652;0.336817;0.451486;0.562386;0.673508;0.781881;0.888285;1.000000
2,test_02015,25
3,test_02015,0.466392
1,test_02016,0.000000;0.113455;0.224473;0.324944;0.463911;0.564826;0.660584;0.764574;0.877912;1.000000
2,test_02016,-1
3,test_02016,0.451502
1,test_02017,0.000000;0.112344;0.222652;0.336817;0.451486;0.562386;0.673508;0.781881;0.888285;1.000000
2,test_02017,26
3,test_02017,0.466392
1,test_02018,0.000000;0.122255;0.216340;0.334728;0.439366;0.550278;0.659329;0.759949;0.875147;1.000000
2,test_02018,44
3,test_02018,0.471424
1,test_02019,0.000000;0.116005;0.226737;0.339187;0.450510;0.565891;0.664038;0.781882;0.894745;1.000000
2,test_02019,0
3,test_02019,0.455739
1,test_02020,0.000000;0.110974;0.223773;0.337893;0.448078;0.567164;0.670585;0.771945;0.879925;1.000000
2,test_02020,36
3,test_02020,0.458080
1,test_02021,0.000000;0.111106;0.217781;0.311502;0.421680;0.539497;0.652763;0.771239;0.886831;1.000000
2,test_02021,41
3,test_02021,0.453036
1,test_02022,0.000000;0.094781;0.222891;0.333901;0.437954;0.550199;0.656469;0.772664;0.877219;1.000000
2,test_02022,43
3,test_02022,0.465892
1,test_02023,0.000000;0.125074;0.229828;0.338438;0.441649;0.552031;0.656407;0.776168;0.895635;1.000000
2,test_02023,11
3,test_02023,0.461987
1,test_02024,0.000000;0.122255;0.216340;0.334728;0.439366;0.550278;0.659329;0.759949;0.875147;1.000000
2,test_02024,44
3,test_02024,0.471424
1,test_02025,0.000000;0.112543;0.222887;0.335288;0.444123;0.554894;0.668297;0.784907;0.893819;1.000000
2,test_02025,21
3,test_02025,0.464525
1,test_02026,0.000000;0.121354;0.239249;0.351697;0.471223;0.594049;0.695434;0.787251;0.894318;1.000000
2,test_02026,35
3,test_02026,0.473054
1,test_02027,0.000000;0.126382;0.237307;0.339170;0.450400;0.559117;0.667802;0.786067;0.895666;1.000000
2,test_02027,8
3,test_02027,0.466198
1,test_02028,0.000000;0.099711;0.224092;0.329673;0.444325;0.560609;0.663763;0.774109;0.884547;1.000000
2,test_02028,40
3,test_02028,0.468357
1,test_02029,0.000000;0.112344;0.222652;0.336817;0.451486;0.562386;0.673508;0.781881;0.888285;1.000000
2,test_02029,27
3,test_02029,0.466392
1,test_02030,0.000000;0.114559;0.214147;0.325311;0.437686;0.547307;0.660492;0.768955;0.888859;1.000000
2,test_02030,49
3,test_02030,0.484168
1,test_02031,0.000000;0.127762;0.227805;0.352128;0.446398;0.541630;0.670909;0.793369;0.891774;1.000000
2,test_02031,16
3,test_02031,0.440359
1,test_02032,0.000000;0.110974;0.223773;0.337893;0.448078;0.567164;0.670585;0.771945;0.879925;1.000000
2,test_02032,36
3,test_02032,0.458080
1,test_02033,0.000000;0.108090;0.225134;0.338098;0.450975;0.564338;0.677650;0.783144;0.893882;1.000000
2,test_02033,39
3,test_02033,0.461831
1,test_02034,0.000000;0.126382;0.237307;0.339170;0.450400;0.559117;0.667802;0.786067;0.895666;1.000000
2,test_02034,1
3,test_02034,0.466198
1,test_02035,0.000000;0.104733;0.223182;0.335558;0.446220;0.549196;0.657133;0.765797;0.876724;1.000000
2,test_02035,9
3,test_02035,0.461534
1,test_02036,0.000000;0.109104;0.228837;0.341762;0.454882;0.569311;0.682016;0.776132;0.876932;1.000000
2,test_02036,17
3,test_02036,0.470734
1,test_02037,0.000000;0.112543;0.222887;0.335288;0.444123;0.554894;0.668297;0.784907;0.893819;1.000000
2,test_02037,28
3,test_02037,0.464525
1,test_02038,0.000000;0.109644;0.222634;0.336281;0.455908;0.564856;0.667504;0.773036;0.886015;1.000000
2,test_02038,12
3,test_02038,0.460897
1,test_02039,0.000000;0.094781;0.222891;0.333901;0.437954;0.550199;0.656469;0.772664;0.877219;1.000000
2,test_02039,43
3,test_02039,0.465892
1,test_02040,0.000000;0.142176;0.259679;0.400462;0.489126;0.595367;0.691707;0.793195;0.886357;1.000000
2,test_02040,-1
3,test_02040,0.459348
1,test_02041,0.000000;0.112543;0.222887;0.335288;0.444123;0.554894;0.668297;0.784907;0.893819;1.000000
2,test_02041,28
3,test_02041,0.464525
1,test_02042,0.000000;0.117878;0.225605;0.336496;0.464085;0.554675;0.650911;0.737980;0.877466;1.000000
2,test_02042,-1
3,test_02042,0.466920
1,test_02043,0.000000;0.103110;0.222392;0.325539;0.441055;0.551544;0.650121;0.764290;0.873999;1.000000
2,test_02043,38
3,test_02043,0.471962
1,test_02044,0.000000;0.109104;0.228837;0.341762;0.454882;0.569311;0.682016;0.776132;0.876932;1.000000
2,test_02044,17
3,test_02044,0.470734
1,test_02045,0.000000;0.110777;0.231017;0.341935;0.449706;0.582496;0.675094;0.782512;0.903065;1.000000
2,test_02045,-1
3,test_02045,0.432734
1,test_02046,0.000000;0.115211;0.238332;0.346622;0.452626;0.561298;0.665504;0.778368;0.888165;1.000000
2,test_02046,30
3,test_02046,0.465629
1,test_02047,0.000000;0.114964;0.220915;0.327766;0.432615;0.550684;0.666925;0.787166;0.890403;1.000000
2,test_02047,23
3,test_02047,0.465188
1,test_02048,0.000000;0.114964;0.220915;0.327766;0.432615;0.550684;0.666925;0.787166;0.890403;1.000000
2,test_02048,23
3,test_02048,0.465188
1,test_02049,0.000000;0.109104;0.228837;0.341762;0.454882;0.569311;0.682016;0.776132;0.876932;1.000000
2,test_02049,10
3,test_02049,0.470734
1,test_02050,0.000000;0.122156;0.231502;0.335384;0.454719;0.563137;0.668078;0.771007;0.895043;1.000000
2,test_02050,13
3,test_02050,0.461512
1,test_02051,0.000000;0.122255;0.216340;0.334728;0.439366;0.550278;0.659329;0.759949;0.875147;1.000000
2,test_02051,44
3,test_02051,0.471424
1,test_02052,0.000000;0.094781;0.222891;0.333901;0.437954;0.550199;0.656469;0.772664;0.877219;1.000000
2,test_02052,43
3,test_02052,0.465892
1,test_02053,0.000000;0.104733;0.223182;0.335558;0.446220;0.549196;0.657133;0.765797;0.876724;1.000000
2,test_02053,2
3,test_02053,0.461534
1,test_02054,0.000000;0.111106;0.217781;0.311502;0.421680;0.539497;0.652763;0.771239;0.886831;1.000000
2,test_02054,41
3,test_02054,0.453036
1,test_02055,0.000000;0.126382;0.237307;0.339170;0.450400;0.559117;0.667802;0.786067;0.895666;1.000000
2,test_02055,1
3,test_02055,0.466198
1,test_02056,0.000000;0.109588;0.213644;0.326169;0.445755;0.561643;0.685418;0.786981;0.896842;1.000000
2,test_02056,33
3,test_02056,0.461751
1,test_02057,0.000000;0.114559;0.214147;0.325311;0.437686;0.547307;0.660492;0.768955;0.888859;1.000000
2,test_02057,49
3,test_02057,0.484168
1,test_02058,0.000000;0.094367;0.188755;0.265856;0.368728;0.491350;0.608217;0.721389;0.865480;1.000000
2,test_02058,-1
3,test_02058,0.498121
1,test_02059,0.000000;0.099725;0.243487;0.323729;0.452912;0.568074;0.684080;0.756272;0.876972;1.000000
2,test_02059,-1
3,test_02059,0.469484
1,test_02060,0.000000;0.122156;0.231502;0.335384;0.454719;0.563137;0.668078;0.771007;0.895043;1.000000
2,test_02060,13
3,test_02060,0.461512
1,test_02061,0.000000;0.112344;0.222652;0.336817;0.451486;0.562386;0.673508;0.781881;0.888285;1.000000
2,test_02061,20
3,test_02061,0.466392
1,test_02062,0.000000;0.100928;0.208735;0.312632;0.434895;0.549406;0.668007;0.778746;0.894910;1.000000
2,test_02062,14
3,test_02062,0.465568
1,test_02063,0.000000;0.125074;0.229828;0.338438;0.441649;0.552031;0.656407;0.776168;0.895635;1.000000
2,test_02063,18
3,test_02063,0.461987
1,test_02064,0.000000;0.115211;0.238332;0.346622;0.452626;0.561298;0.665504;0.778368;0.888165;1.000000
2,test_02064,30
3,test_02064,0.465629
1,test_02065,0.000000;0.116005;0.226737;0.339187;0.450510;0.565891;0.664038;0.781882;0.894745;1.000000
2,test_02065,7
3,test_02065,0.455739
1,test_02066,0.000000;0.099711;0.224092;0.329673;0.444325;0.560609;0.663763;0.774109;0.884547;1.000000
2,test_02066,40
3,test_02066,0.468357
1,test_02067,0.000000;0.094781;0.222891;0.333901;0.437954;0.550199;0.656469;0.772664;0.877219;1.000000
2,test_02067,43
3,test_02067,0.465892
1,test_02068,0.000000;0.110974;0.223773;0.337893;0.448078;0.567164;0.670585;0.771945;0.879925;1.000000
2,test_02068,36
3,test_02068,0.458080
1,test_02069,0.000000;0.114964;0.220915;0.327766;0.432615;0.550684;0.666925;0.787166;0.890403;1.000000
2,test_02069,23
3,test_02069,0.465188
1,test_02070,0.000000;0.108090;0.225134;0.338098;0.450975;0.564338;0.677650;0.783144;0.893882;1.000000
2,test_02070,32
3,test_02070,0.461831
1,test_02071,0.000000;0.114964;0.220915;0.327766;0.432615;0.550684;0.666925;0.787166;0.890403;1.000000
2,test_02071,23
3,test_02071,0.465188
1,test_02072,0.000000;0.100928;0.208735;0.312632;0.434895;0.549406;0.668007;0.778746;0.894910;1.000000
2,test_02072,14
3,test_02072,0.465568
1,test_02073,0.000000;0.126382;0.237307;0.339170;0.450400;0.559117;0.667802;0.786067;0.895666;1.000000
2,test_02073,1
3,test_02073,0.466198
1,test_02074,0.000000;0.122255;0.216340;0.334728;0.439366;0.550278;0.659329;0.759949;0.875147;1.000000
2,test_02074,44
3,test_02074,0.471424
1,test_02075,0.000000;0.104733;0.223182;0.335558;0.446220;0.549196;0.657133;0.765797;0.876724;1.000000
2,test_02075,2
3,test_02075,0.461534
1,test_02076,0.000000;0.115211;0.238332;0.346622;0.452626;0.561298;0.665504;0.778368;0.888165;1.000000
2,test_02076,37
3,test_02076,0.465629
1,test_02077,0.000000;0.115211;0.238332;0.346622;0.452626;0.561298;0.665504;0.778368;0.888165;1.000000
2,test_02077,37
3,test_02077,0.465629
1,test_02078,0.000000;0.110122;0.223752;0.335678;0.452379;0.564914;0.670022;0.787640;0.896892;1.000000
2,test_02078,22
3,test_02078,0.453835
1,test_02079,0.000000;0.096455;0.193770;0.301010;0.419074;0.552284;0.657377;0.777028;0.900306;1.000000
2,test_02079,-1
3,test_02079,0.456615
1,test_02080,0.000000;0.122414;0.259130;0.374209;0.477927;0.578443;0.685452;0.787378;0.892101;1.000000
2,test_02080,-1
3,test_02080,0.439900
1,test_02081,0.000000;0.114964;0.220915;0.327766;0.432615;0.550684;0.666925;0.787166;0.890403;1.000000
2,test_02081,23
3,test_02081,0.465188
1,test_02082,0.000000;0.116005;0.226737;0.339187;0.450510;0.565891;0.664038;0.781882;0.894745;1.000000
2,test_02082,0
3,test_02082,0.455739
1,test_02083,0.000000;0.125074;0.229828;0.338438;0.441649;0.552031;0.656407;0.776168;0.895635;1.000000
2,test_02083,18
3,test_02083,0.461987
1,test_02084,0.000000;0.109644;0.222634;0.336281;0.455908;0.564856;0.667504;0.773036;0.886015;1.000000
2,test_02084,12
3,test_02084,0.460897
1,test_02085,0.000000;0.099277;0.210287;0.323415;0.429444;0.559168;0.668304;0.777405;0.888344;1.000000
2,test_02085,15
3,test_02085,0.470553
1,test_02086,0.000000;0.103110;0.222392;0.325539;0.441055;0.551544;0.650121;0.764290;0.873999;1.000000
2,test_02086,31
3,test_02086,0.471962
1,test_02087,0.000000;0.130592;0.220761;0.349392;0.467641;0.568477;0.687391;0.778430;0.894449;1.000000
2,test_02087,-1
3,test_02087,0.457963
1,test_02088,0.000000;0.115012;0.228722;0.332693;0.435854;0.548204;0.667461;0.762226;0.873432;1.000000
2,test_02088,-1
3,test_02088,0.451059
1,test_02089,0.000000;0.126382;0.237307;0.339170;0.450400;0.559117;0.667802;0.786067;0.895666;1.000000
2,test_02089,1
3,test_02089,0.466198
1,test_02090,0.000000;0.104733;0.223182;0.335558;0.446220;0.549196;0.657133;0.765797;0.876724;1.000000
2,test_02090,2
3,test_02090,0.461534
1,test_02091,0.000000;0.104455;0.205387;0.310892;0.429646;0.556999;0.642980;0.768619;0.887982;1.000000
2,test_02091,-1
3,test_02091,0.463486
1,test_02092,0.000000;0.103144;0.217227;0.321420;0.438868;0.564167;0.662241;0.766911;0.893168;1.000000
2,test_02092,34
3,test_02092,0.473065
1,test_02093,0.000000;0.116337;0.207362;0.287490;0.417548;0.545562;0.649165;0.761835;0.871415;1.000000
2,test_02093,-1
3,test_02093,0.471698
1,test_02094,0.000000;0.112543;0.222887;0.335288;0.444123;0.554894;0.668297;0.784907;0.893819;1.000000
2,test_02094,21
3,test_02094,0.464525
1,test_02095,0.000000;0.114833;0.226618;0.341297;0.434954;0.543953;0.642808;0.745619;0.882511;1.000000
2,test_02095,-1
3,test_02095,0.437338
1,test_02096,0.000000;0.110244;0.212607;0.330485;0.446712;0.556305;0.673182;0.791374;0.902094;1.000000
2,test_02096,4
3,test_02096,0.448540
1,test_02097,0.000000;0.110974;0.223773;0.337893;0.448078;0.567164;0.670585;0.771945;0.879925;1.000000
2,test_02097,36
3,test_02097,0.458080
1,test_02098,0.000000;0.125074;0.229828;0.338438;0.441649;0.552031;0.656407;0.776168;0.895635;1.000000
2,test_02098,18
3,test_02098,0.461987
1,test_02099,0.000000;0.108151;0.232291;0.345431;0.449372;0.587349;0.693398;0.779254;0.888538;1.000000
2,test_02099,-1
3,test_02099,0.477700
1,test_02100,0.000000;0.110122;0.223752;0.335678;0.452379;0.564914;0.670022;0.787640;0.896892;1.000000
2,test_02100,22
3,test_02100,0.453835
1,test_02101,0.000000;0.116005;0.226737;0.339187;0.450510;0.565891;0.664038;0.781882;0.894745;1.000000
2,test_02101,0
3,test_02101,0.455739
1,test_02102,0.000000;0.100928;0.208735;0.312632;0.434895;0.549406;0.668007;0.778746;0.894910;1.000000
2,test_02102,14
3,test_02102,0.465568
1,test_02103,0.000000;0.102855;0.212931;0.319076;0.448565;0.566242;0.682087;0.789711;0.892991;1.000000
2,test_02103,24
3,test_02103,0.474685
1,test_02104,0.000000;0.109700;0.222766;0.337463;0.426072;0.538840;0.653614;0.775309;0.891914;1.000000
2,test_02104,-1
3,test_02104,0.470407
1,test_02105,0.000000;0.108090;0.225134;0.338098;0.450975;0.564338;0.677650;0.783144;0.893882;1.000000
2,test_02105,32
3,test_02105,0.461831
1,test_02106,0.000000;0.108090;0.225134;0.338098;0.450975;0.564338;0.677650;0.783144;0.893882;1.000000
2,test_02106,39
3,test_02106,0.461831
1,test_02107,0.000000;0.112543;0.222887;0.335288;0.444123;0.554894;0.668297;0.784907;0.893819;1.000000
2,test_02107,28
3,test_02107,0.464525
1,test_02108,0.000000;0.114559;0.214147;0.325311;0.437686;0.547307;0.660492;0.768955;0.888859;1.000000
2,test_02108,49
3,test_02108,0.484168
1,test_02109,0.000000;0.105300;0.227080;0.318507;0.441409;0.550361;0.667694;0.764708;0.886880;1.000000
2,test_02109,-1
3,test_02109,0.464777
1,test_02110,0.000000;0.119394;0.215663;0.322995;0.428746;0.544596;0.671583;0.781870;0.885240;1.000000
2,test_02110,6
3,test_02110,0.461496
1,test_02111,0.000000;0.109644;0.222634;0.336281;0.455908;0.564856;0.667504;0.773036;0.886015;1.000000
2,test_02111,19
3,test_02111,0.460897
1,test_02112,0.000000;0.109104;0.228837;0.341762;0.454882;0.569311;0.682016;0.776132;0.876932;1.000000
2,test_02112,10
3,test_02112,0.470734
1,test_02113,0.000000;0.099711;0.224092;0.329673;0.444325;0.560609;0.663763;0.774109;0.884547;1.000000
2,test_02113,40
3,test_02113,0.468357
1,test_02114,0.000000;0.107993;0.211837;0.317663;0.429660;0.554736;0.671413;0.776934;0.892567;1.000000
2,test_02114,5
3,test_02114,0.468145
1,test_02115,0.000000;0.121704;0.224741;0.353980;0.462133;0.575687;0.678426;0.793841;0.902190;1.000000
2,test_02115,-1
3,test_02115,0.454431
1,test_02116,0.000000;0.111509;0.230278;0.341604;0.444999;0.565259;0.677215;0.782219;0.887417;1.000000
2,test_02116,3
3,test_02116,0.461232
1,test_02117,0.000000;0.094781;0.222891;0.333901;0.437954;0.550199;0.656469;0.772664;0.877219;1.000000
2,test_02117,43
3,test_02117,0.465892
1,test_02118,0.000000;0.109644;0.222634;0.336281;0.455908;0.564856;0.667504;0.773036;0.886015;1.000000
2,test_02118,19
3,test_02118,0.460897
1,test_02119,0.000000;0.099277;0.210287;0.323415;0.429444;0.559168;0.668304;0.777405;0.888344;1.000000
2,test_02119,15
3,test_02119,0.470553
1,test_02120,0.000000;0.116005;0.226737;0.339187;0.450510;0.565891;0.664038;0.781882;0.894745;1.000000
2,test_02120,7
3,test_02120,0.455739
1,test_02121,0.000000;0.094781;0.222891;0.333901;0.437954;0.550199;0.656469;0.772664;0.877219;1.000000
2,test_02121,43
3,test_02121,0.465892
1,test_02122,0.000000;0.109644;0.222634;0.336281;0.455908;0.564856;0.667504;0.773036;0.886015;1.000000
2,test_02122,19
3,test_02122,0.460897
1,test_02123,0.000000;0.094781;0.222891;0.333901;0.437954;0.550199;0.656469;0.772664;0.877219;1.000000
2,test_02123,43
3,test_02123,0.465892
1,test_02124,0.000000;0.118586;0.234043;0.366098;0.483500;0.593435;0.689086;0.796082;0.906709;1.000000
2,test_02124,-1
3,test_02124,0.424244
1,test_02125,0.000000;0.115211;0.238332;0.346622;0.452626;0.561298;0.665504;0.778368;0.888165;1.000000
2,test_02125,37
3,test_02125,0.465629
1,test_02126,0.000000;0.110244;0.212607;0.330485;0.446712;0.556305;0.673182;0.791374;0.902094;1.000000
2,test_02126,4
3,test_02126,0.448540
1,test_02127,0.000000;0.094781;0.222891;0.333901;0.437954;0.550199;0.656469;0.772664;0.877219;1.000000
2,test_02127,43
3,test_02127,0.465892
1,test_02128,0.000000;0.100928;0.208735;0.312632;0.434895;0.549406;0.668007;0.778746;0.894910;1.000000
2,test_02128,14
3,test_02128,0.465568
1,test_02129,0.000000;0.103110;0.222392;0.325539;0.441055;0.551544;0.650121;0.764290;0.873999;1.000000
2,test_02129,31
3,test_02129,0.471962
1,test_02130,0.000000;0.102292;0.209650;0.311092;0.404211;0.531329;0.635871;0.751331;0.866609;1.000000
2,test_02130,-1
3,test_02130,0.446934
1,test_02131,0.000000;0.110974;0.223773;0.337893;0.448078;0.567164;0.670585;0.771945;0.879925;1.000000
2,test_02131,36
3,test_02131,0.458080
1,test_02132,0.000000;0.111509;0.230278;0.341604;0.444999;0.565259;0.677215;0.782219;0.887417;1.000000
2,test_02132,45
3,test_02132,0.461232
1,test_02133,0.000000;0.098909;0.204691;0.299656;0.420112;0.524131;0.627520;0.743956;0.860773;1.000000
2,test_02133,-1
3,test_02133,0.499282
1,test_02134,0.000000;0.122255;0.216340;0.334728;0.439366;0.550278;0.659329;0.759949;0.875147;1.000000
2,test_02134,44
3,test_02134,0.471424
1,test_02135,0.000000;0.103110;0.222392;0.325539;0.441055;0.551544;0.650121;0.764290;0.873999;1.000000
2,test_02135,38
3,test_02135,0.471962
1,test_02136,0.000000;0.126382;0.237307;0.339170;0.450400;0.559117;0.667802;0.786067;0.895666;1.000000
2,test_02136,1
3,test_02136,0.466198
1,test_02137,0.000000;0.095542;0.208367;0.309167;0.428689;0.525620;0.652449;0.772512;0.899158;1.000000
2,test_02137,-1
3,test_02137,0.468781
1,test_02138,0.000000;0.078534;0.214042;0.314954;0.408943;0.491001;0.602567;0.708087;0.831620;1.000000
2,test_02138,-1
3,test_02138,0.444166
1,test_02139,0.000000;0.114559;0.214147;0.325311;0.437686;0.547307;0.660492;0.768955;0.888859;1.000000
2,test_02139,42
3,test_02139,0.484168
1,test_02140,0.000000;0.103144;0.217227;0.321420;0.438868;0.564167;0.662241;0.766911;0.893168;1.000000
2,test_02140,34
3,test_02140,0.473065
1,test_02141,0.000000;0.111509;0.230278;0.341604;0.444999;0.565259;0.677215;0.782219;0.887417;1.000000
2,test_02141,3
3,test_02141,0.461232
1,test_02142,0.000000;0.108090;0.225134;0.338098;0.450975;0.564338;0.677650;0.783144;0.893882;1.000000
2,test_02142,39
3,test_02142,0.461831
1,test_02143,0.000000;0.115211;0.238332;0.346622;0.452626;0.561298;0.665504;0.778368;0.888165;1.000000
2,test_02143,30
3,test_02143,0.465629
1,test_02144,0.000000;0.102855;0.212931;0.319076;0.448565;0.566242;0.682087;0.789711;0.892991;1.000000
2,test_02144,24
3,test_02144,0.474685
1,test_02145,0.000000;0.112543;0.222887;0.335288;0.444123;0.554894;0.668297;0.784907;0.893819;1.000000
2,test_02145,21
3,test_02145,0.464525
1,test_02146,0.000000;0.122156;0.231502;0.335384;0.454719;0.563137;0.668078;0.771007;0.895043;1.000000
2,test_02146,13
3,test_02146,0.461512
1,test_02147,0.000000;0.114559;0.214147;0.325311;0.437686;0.547307;0.660492;0.768955;0.888859;1.000000
2,test_02147,49
3,test_02147,0.484168
1,test_02148,0.000000;0.094781;0.222891;0.333901;0.437954;0.550199;0.656469;0.772664;0.877219;1.000000
2,test_02148,43
3,test_02148,0.465892
1,test_02149,0.000000;0.115144;0.250021;0.352594;0.464651;0.552082;0.660934;0.762986;0.856192;1.000000
2,test_02149,-1
3,test_02149,0.480948
1,test_02150,0.000000;0.094781;0.222891;0.333901;0.437954;0.550199;0.656469;0.772664;0.877219;1.000000
2,test_02150,43
3,test_02150,0.465892
1,test_02151,0.000000;0.100928;0.208735;0.312632;0.434895;0.549406;0.668007;0.778746;0.894910;1.000000
2,test_02151,14
3,test_02151,0.465568
1,test_02152,0.000000;0.094781;0.222891;0.333901;0.437954;0.550199;0.656469;0.772664;0.877219;1.000000
2,test_02152,43
3,test_02152,0.465892
1,test_02153,0.000000;0.125074;0.229828;0.338438;0.441649;0.552031;0.656407;0.776168;0.895635;1.000000
2,test_02153,11
3,test_02153,0.461987
1,test_02154,0.000000;0.114964;0.220915;0.327766;0.432615;0.550684;0.666925;0.787166;0.890403;1.000000
2,test_02154,23
3,test_02154,0.465188
1,test_02155,0.000000;0.108090;0.225134;0.338098;0.450975;0.564338;0.677650;0.783144;0.893882;1.000000
2,test_02155,32
3,test_02155,0.461831
1,test_02156,0.000000;0.115211;0.238332;0.346622;0.452626;0.561298;0.665504;0.778368;0.888165;1.000000
2,test_02156,37
3,test_02156,0.465629
1,test_02157,0.000000;0.099711;0.224092;0.329673;0.444325;0.560609;0.663763;0.774109;0.884547;1.000000
2,test_02157,40
3,test_02157,0.468357
1,test_02158,0.000000;0.104733;0.223182;0.335558;0.446220;0.549196;0.657133;0.765797;0.876724;1.000000
2,test_02158,9
3,test_02158,0.461534
1,test_02159,0.000000;0.110122;0.223752;0.335678;0.452379;0.564914;0.670022;0.787640;0.896892;1.000000
2,test_02159,22
3,test_02159,0.453835
1,test_02160,0.000000;0.099711;0.224092;0.329673;0.444325;0.560609;0.663763;0.774109;0.884547;1.000000
2,test_02160,40
3,test_02160,0.468357
1,test_02161,0.000000;0.114559;0.214147;0.325311;0.437686;0.547307;0.660492;0.768955;0.888859;1.000000
2,test_02161,49
3,test_02161,0.484168
1,test_02162,0.000000;0.109807;0.237943;0.333614;0.428864;0.525004;0.637055;0.758788;0.864765;1.000000
2,test_02162,-1
3,test_02162,0.470411
1,test_02163,0.000000;0.092967;0.211220;0.329188;0.444938;0.565940;0.700561;0.800422;0.887321;1.000000
2,test_02163,-1
3,test_02163,0.448125
1,test_02164,0.000000;0.109588;0.213644;0.326169;0.445755;0.561643;0.685418;0.786981;0.896842;1.000000
2,test_02164,33
3,test_02164,0.461751
1,test_02165,0.000000;0.110974;0.223773;0.337893;0.448078;0.567164;0.670585;0.771945;0.879925;1.000000
2,test_02165,36
3,test_02165,0.458080
1,test_02166,0.000000;0.109104;0.228837;0.341762;0.454882;0.569311;0.682016;0.776132;0.876932;1.000000
2,test_02166,10
3,test_02166,0.470734
1,test_02167,0.000000;0.112543;0.222887;0.335288;0.444123;0.554894;0.668297;0.784907;0.893819;1.000000
2,test_02167,21
3,test_02167,0.464525
1,test_02168,0.000000;0.112543;0.222887;0.335288;0.444123;0.554894;0.668297;0.784907;0.893819;1.000000
2,test_02168,21
3,test_02168,0.464525
1,test_02169,0.000000;0.110122;0.223752;0.335678;0.452379;0.564914;0.670022;0.787640;0.896892;1.000000
2,test_02169,29
3,test_02169,0.453835
1,test_02170,0.000000;0.125074;0.229828;0.338438;0.441649;0.552031;0.656407;0.776168;0.895635;1.000000
2,test_02170,11
3,test_02170,0.461987
1,test_02171,0.000000;0.119394;0.215663;0.322995;0.428746;0.544596;0.671583;0.781870;0.885240;1.000000
2,test_02171,6
3,test_02171,0.461496
1,test_02172,0.000000;0.116005;0.226737;0.339187;0.450510;0.565891;0.664038;0.781882;0.894745;1.000000
2,test_02172,0
3,test_02172,0.455739
1,test_02173,0.000000;0.107993;0.211837;0.317663;0.429660;0.554736;0.671413;0.776934;0.892567;1.000000
2,test_02173,5
3,test_02173,0.468145
1,test_02174,0.000000;0.121354;0.239249;0.351697;0.471223;0.594049;0.695434;0.787251;0.894318;1.000000
2,test_02174,35
3,test_02174,0.473054
1,test_02175,0.000000;0.123576;0.265784;0.397223;0.498359;0.609029;0.726938;0.804747;0.895418;1.000000
2,test_02175,-1
3,test_02175,0.474244
1,test_02176,0.000000;0.099277;0.210287;0.323415;0.429444;0.559168;0.668304;0.777405;0.888344;1.000000
2,test_02176,15
3,test_02176,0.470553
1,test_02177,0.000000;0.109644;0.222634;0.336281;0.455908;0.564856;0.667504;0.773036;0.886015;1.000000
2,test_02177,12
3,test_02177,0.460897
1,test_02178,0.000000;0.111106;0.217781;0.311502;0.421680;0.539497;0.652763;0.771239;0.886831;1.000000
2,test_02178,48
3,test_02178,0.453036
1,test_02179,0.000000;0.112344;0.222652;0.336817;0.451486;0.562386;0.673508;0.781881;0.888285;1.000000
2,test_02179,26
3,test_02179,0.466392
1,test_02180,0.000000;0.110122;0.223752;0.335678;0.452379;0.564914;0.670022;0.787640;0.896892;1.000000
2,test_02180,22
3,test_02180,0.453835
1,test_02181,0.000000;0.138699;0.260267;0.353777;0.439265;0.541056;0.655272;0.782933;0.882947;1.000000
2,test_02181,-1
3,test_02181,0.465877
1,test_02182,0.000000;0.111106;0.217781;0.311502;0.421680;0.539497;0.652763;0.771239;0.886831;1.000000
2,test_02182,41
3,test_02182,0.453036
1,test_02183,0.000000;0.099277;0.210287;0.323415;0.429444;0.559168;0.668304;0.777405;0.888344;1.000000
2,test_02183,15
3,test_02183,0.470553
1,test_02184,0.000000;0.108090;0.225134;0.338098;0.450975;0.564338;0.677650;0.783144;0.893882;1.000000
2,test_02184,32
3,test_02184,0.461831
1,test_02185,0.000000;0.097563;0.210026;0.300093;0.406691;0.524745;0.651142;0.765148;0.869727;1.000000
2,test_02185,-1
3,test_02185,0.476906
1,test_02186,0.000000;0.110974;0.223773;0.337893;0.448078;0.567164;0.670585;0.771945;0.879925;1.000000
2,test_02186,36
3,test_02186,0.458080
1,test_02187,0.000000;0.112543;0.222887;0.335288;0.444123;0.554894;0.668297;0.784907;0.893819;1.000000
2,test_02187,28
3,test_02187,0.464525
1,test_02188,0.000000;0.110122;0.223752;0.335678;0.452379;0.564914;0.670022;0.787640;0.896892;1.000000
2,test_02188,29
3,test_02188,0.453835
1,test_02189,0.000000;0.120000;0.239561;0.382546;0.515838;0.606468;0.711917;0.799828;0.895841;1.000000
2,test_02189,-1
3,test_02189,0.469197
1,test_02190,0.000000;0.104733;0.223182;0.335558;0.446220;0.549196;0.657133;0.765797;0.876724;1.000000
2,test_02190,2
3,test_02190,0.461534
1,test_02191,0.000000;0.122156;0.231502;0.335384;0.454719;0.563137;0.668078;0.771007;0.895043;1.000000
2,test_02191,13
3,test_02191,0.461512
1,test_02192,0.000000;0.108090;0.225134;0.338098;0.450975;0.564338;0.677650;0.783144;0.893882;1.000000
2,test_02192,32
3,test_02192,0.461831
1,test_02193,0.000000;0.088339;0.195344;0.316720;0.445709;0.558051;0.659920;0.778974;0.899923;1.000000
2,test_02193,-1
3,test_02193,0.449881
1,test_02194,0.000000;0.111106;0.217781;0.311502;0.421680;0.539497;0.652763;0.771239;0.886831;1.000000
2,test_02194,48
3,test_02194,0.453036
1,test_02195,0.000000;0.095566;0.214413;0.314341;0.424000;0.537433;0.648803;0.752490;0.877932;1.000000
2,test_02195,-1
3,test_02195,0.505418
1,test_02196,0.000000;0.099711;0.224092;0.329673;0.444325;0.560609;0.663763;0.774109;0.884547;1.000000
2,test_02196,40
3,test_02196,0.468357
1,test_02197,0.000000;0.112786;0.241391;0.335225;0.444236;0.536153;0.652840;0.768104;0.905090;1.000000
2,test_02197,-1
3,test_02197,0.458283
1,test_02198,0.000000;0.099277;0.210287;0.323415;0.429444;0.559168;0.668304;0.777405;0.888344;1.000000
2,test_02198,15
3,test_02198,0.470553
1,test_02199,0.000000;0.108090;0.225134;0.338098;0.450975;0.564338;0.677650;0.783144;0.893882;1.000000
2,test_02199,32
3,test_02199,0.461831
1,test_02200,0.000000;0.099277;0.210287;0.323415;0.429444;0.559168;0.668304;0.777405;0.888344;1.000000
2,test_02200,15
3,test_02200,0.470553
1,test_02201,0.000000;0.112344;0.222652;0.336817;0.451486;0.562386;0.673508;0.781881;0.888285;1.000000
2,test_02201,20
3,test_02201,0.466392
1,test_02202,0.000000;0.112887;0.222008;0.327916;0.446273;0.550152;0.642723;0.761214;0.884322;1.000000
2,test_02202,-1
3,test_02202,0.480397
1,test_02203,0.000000;0.108090;0.225134;0.338098;0.450975;0.564338;0.677650;0.783144;0.893882;1.000000
2,test_02203,39
3,test_02203,0.461831
1,test_02204,0.000000;0.094781;0.222891;0.333901;0.437954;0.550199;0.656469;0.772664;0.877219;1.000000
2,test_02204,43
3,test_02204,0.465892
1,test_02205,0.000000;0.103885;0.226594;0.322582;0.453939;0.571043;0.684242;0.776994;0.888372;1.000000
2,test_02205,-1
3,test_02205,0.454634
1,test_02206,0.000000;0.111509;0.230278;0.341604;0.444999;0.565259;0.677215;0.782219;0.887417;1.000000
2,test_02206,45
3,test_02206,0.461232
1,test_02207,0.000000;0.103110;0.222392;0.325539;0.441055;0.551544;0.650121;0.764290;0.873999;1.000000
2,test_02207,38
3,test_02207,0.471962
1,test_02208,0.000000;0.125074;0.229828;0.338438;0.441649;0.552031;0.656407;0.776168;0.895635;1.000000
2,test_02208,18
3,test_02208,0.461987
1,test_02209,0.000000;0.108090;0.225134;0.338098;0.450975;0.564338;0.677650;0.783144;0.893882;1.000000
2,test_02209,32
3,test_02209,0.461831
1,test_02210,0.000000;0.115211;0.238332;0.346622;0.452626;0.561298;0.665504;0.778368;0.888165;1.000000
2,test_02210,30
3,test_02210,0.465629
1,test_02211,0.000000;0.111106;0.217781;0.311502;0.421680;0.539497;0.652763;0.771239;0.886831;1.000000
2,test_02211,41
3,test_02211,0.453036
1,test_02212,0.000000;0.102147;0.217498;0.313640;0.388046;0.488792;0.587193;0.693195;0.871271;1.000000
2,test_02212,-1
3,test_02212,0.465351
1,test_02213,0.000000;0.111509;0.230278;0.341604;0.444999;0.565259;0.677215;0.782219;0.887417;1.000000
2,test_02213,3
3,test_02213,0.461232
1,test_02214,0.000000;0.120431;0.245230;0.354102;0.455662;0.559263;0.672633;0.782886;0.892971;1.000000
2,test_02214,-1
3,test_02214,0.480462
1,test_02215,0.000000;0.092651;0.210538;0.294249;0.398635;0.529759;0.653788;0.775411;0.890141;1.000000
2,test_02215,-1
3,test_02215,0.483466
1,test_02216,0.000000;0.111106;0.217781;0.311502;0.421680;0.539497;0.652763;0.771239;0.886831;1.000000
2,test_02216,41
3,test_02216,0.453036
1,test_02217,0.000000;0.113335;0.203392;0.303305;0.405693;0.520742;0.630092;0.767007;0.867586;1.000000
2,test_02217,-1
3,test_02217,0.486265
1,test_02218,0.000000;0.103199;0.199246;0.336855;0.460389;0.573884;0.702035;0.796625;0.893033;1.000000
2,test_02218,-1
3,test_02218,0.459715
1,test_02219,0.000000;0.115211;0.238332;0.346622;0.452626;0.561298;0.665504;0.778368;0.888165;1.000000
2,test_02219,37
3,test_02219,0.465629
1,test_02220,0.000000;0.103110;0.222392;0.325539;0.441055;0.551544;0.650121;0.764290;0.873999;1.000000
2,test_02220,38
3,test_02220,0.471962
1,test_02221,0.000000;0.097196;0.228735;0.340964;0.441501;0.554790;0.655810;0.767563;0.880318;1.000000
2,test_02221,-1
3,test_02221,0.464231
1,test_02222,0.000000;0.104992;0.216244;0.320643;0.441947;0.560453;0.652295;0.781161;0.903206;1.000000
2,test_02222,-1
3,test_02222,0.484120
1,test_02223,0.000000;0.116005;0.226737;0.339187;0.450510;0.565891;0.664038;0.781882;0.894745;1.000000
2,test_02223,7
3,test_02223,0.455739
1,test_02224,0.000000;0.110122;0.223752;0.335678;0.452379;0.564914;0.670022;0.787640;0.896892;1.000000
2,test_02224,29
3,test_02224,0.453835
1,test_02225,0.000000;0.125074;0.229828;0.338438;0.441649;0.552031;0.656407;0.776168;0.895635;1.000000
2,test_02225,11
3,test_02225,0.461987
1,test_02226,0.000000;0.113741;0.227155;0.348265;0.448782;0.560996;0.660780;0.757975;0.870034;1.000000
2,test_02226,-1
3,test_02226,0.465732
1,test_02227,0.000000;0.112344;0.222652;0.336817;0.451486;0.562386;0.673508;0.781881;0.888285;1.000000
2,test_02227,25
3,test_02227,0.466392
1,test_02228,0.000000;0.116005;0.226737;0.339187;0.450510;0.565891;0.664038;0.781882;0.894745;1.000000
2,test_02228,0
3,test_02228,0.455739
1,test_02229,0.000000;0.109104;0.228837;0.341762;0.454882;0.569311;0.682016;0.776132;0.876932;1.000000
2,test_02229,10
3,test_02229,0.470734
1,test_02230,0.000000;0.108090;0.225134;0.338098;0.450975;0.564338;0.677650;0.783144;0.893882;1.000000
2,test_02230,39
3,test_02230,0.461831
1,test_02231,0.000000;0.102855;0.212931;0.319076;0.448565;0.566242;0.682087;0.789711;0.892991;1.000000
2,test_02231,24
3,test_02231,0.474685
1,test_02232,0.000000;0.114559;0.214147;0.325311;0.437686;0.547307;0.660492;0.768955;0.888859;1.000000
2,test_02232,49
3,test_02232,0.484168
1,test_02233,0.000000;0.122156;0.231502;0.335384;0.454719;0.563137;0.668078;0.771007;0.895043;1.000000
2,test_02233,13
3,test_02233,0.461512
1,test_02234,0.000000;0.121354;0.239249;0.351697;0.471223;0.594049;0.695434;0.787251;0.894318;1.000000
2,test_02234,35
3,test_02234,0.473054
1,test_02235,0.000000;0.122156;0.231502;0.335384;0.454719;0.563137;0.668078;0.771007;0.895043;1.000000
2,test_02235,13
3,test_02235,0.461512
1,test_02236,0.000000;0.112344;0.222652;0.336817;0.451486;0.562386;0.673508;0.781881;0.888285;1.000000
2,test_02236,25
3,test_02236,0.466392
1,test_02237,0.000000;0.099711;0.224092;0.329673;0.444325;0.560609;0.663763;0.774109;0.884547;1.000000
2,test_02237,47
3,test_02237,0.468357
1,test_02238,0.000000;0.099711;0.224092;0.329673;0.444325;0.560609;0.663763;0.774109;0.884547;1.000000
2,test_02238,47
3,test_02238,0.468357
1,test_02239,0.000000;0.125074;0.229828;0.338438;0.441649;0.552031;0.656407;0.776168;0.895635;1.000000
2,test_02239,18
3,test_02239,0.461987
1,test_02240,0.000000;0.101512;0.228560;0.355413;0.484043;0.591519;0.690601;0.795735;0.911581;1.000000
2,test_02240,-1
3,test_02240,0.504336
1,test_02241,0.000000;0.111509;0.230278;0.341604;0.444999;0.565259;0.677215;0.782219;0.887417;1.000000
2,test_02241,45
3,test_02241,0.461232
1,test_02242,0.000000;0.109644;0.222634;0.336281;0.455908;0.564856;0.667504;0.773036;0.886015;1.000000
2,test_02242,12
3,test_02242,0.460897
1,test_02243,0.000000;0.111106;0.217781;0.311502;0.421680;0.539497;0.652763;0.771239;0.886831;1.000000
2,test_02243,48
3,test_02243,0.453036
1,test_02244,0.000000;0.107993;0.211837;0.317663;0.429660;0.554736;0.671413;0.776934;0.892567;1.000000
2,test_02244,5
3,test_02244,0.468145
1,test_02245,0.000000;0.110122;0.223752;0.335678;0.452379;0.564914;0.670022;0.787640;0.896892;1.000000
2,test_02245,29
3,test_02245,0.453835
1,test_02246,0.000000;0.102855;0.212931;0.319076;0.448565;0.566242;0.682087;0.789711;0.892991;1.000000
2,test_02246,24
3,test_02246,0.474685
1,test_02247,0.000000;0.112417;0.251945;0.354173;0.468765;0.574045;0.685402;0.768631;0.879632;1.000000
2,test_02247,-1
3,test_02247,0.474424
1,test_02248,0.000000;0.083240;0.194331;0.293220;0.419227;0.547537;0.659595;0.778176;0.894435;1.000000
2,test_02248,-1
3,test_02248,0.450371
1,test_02249,0.000000;0.094781;0.222891;0.333901;0.437954;0.550199;0.656469;0.772664;0.877219;1.000000
2,test_02249,43
3,test_02249,0.465892
1,test_02250,0.000000;0.125074;0.229828;0.338438;0.441649;0.552031;0.656407;0.776168;0.895635;1.000000
2,test_02250,11
3,test_02250,0.461987
1,test_02251,0.000000;0.106425;0.211317;0.307905;0.421948;0.539574;0.651563;0.769803;0.890428;1.000000
2,test_02251,-1
3,test_02251,0.478710
1,test_02252,0.000000;0.109104;0.228837;0.341762;0.454882;0.569311;0.682016;0.776132;0.876932;1.000000
2,test_02252,17
3,test_02252,0.470734
1,test_02253,0.000000;0.121354;0.239249;0.351697;0.471223;0.594049;0.695434;0.787251;0.894318;1.000000
2,test_02253,35
3,test_02253,0.473054
1,test_02254,0.000000;0.151181;0.277463;0.391262;0.495940;0.587233;0.675338;0.776911;0.884916;1.000000
2,test_02254,-1
3,test_02254,0.472638
1,test_02255,0.000000;0.099261;0.215988;0.334647;0.449191;0.540127;0.690165;0.768244;0.880769;1.000000
2,test_02255,-1
3,test_02255,0.421601
1,test_02256,0.000000;0.112344;0.222652;0.336817;0.451486;0.562386;0.673508;0.781881;0.888285;1.000000
2,test_02256,26
3,test_02256,0.466392
1,test_02257,0.000000;0.112543;0.222887;0.335288;0.444123;0.554894;0.668297;0.784907;0.893819;1.000000
2,test_02257,21
3,test_02257,0.464525
1,test_02258,0.000000;0.108090;0.225134;0.338098;0.450975;0.564338;0.677650;0.783144;0.893882;1.000000
2,test_02258,39
3,test_02258,0.461831
1,test_02259,0.000000;0.125074;0.229828;0.338438;0.441649;0.552031;0.656407;0.776168;0.895635;1.000000
2,test_02259,18
3,test_02259,0.461987
1,test_02260,0.000000;0.099711;0.224092;0.329673;0.444325;0.560609;0.663763;0.774109;0.884547;1.000000
2,test_02260,40
3,test_02260,0.468357
1,test_02261,0.000000;0.108090;0.225134;0.338098;0.450975;0.564338;0.677650;0.783144;0.893882;1.000000
2,test_02261,32
3,test_02261,0.461831
1,test_02262,0.000000;0.103144;0.217227;0.321420;0.438868;0.564167;0.662241;0.766911;0.893168;1.000000
2,test_02262,34
3,test_02262,0.473065
1,test_02263,0.000000;0.103110;0.222392;0.325539;0.441055;0.551544;0.650121;0.764290;0.873999;1.000000
2,test_02263,31
3,test_02263,0.471962
1,test_02264,0.000000;0.110244;0.212607;0.330485;0.446712;0.556305;0.673182;0.791374;0.902094;1.000000
2,test_02264,4
3,test_02264,0.448540
1,test_02265,0.000000;0.122255;0.216340;0.334728;0.439366;0.550278;0.659329;0.759949;0.875147;1.000000
2,test_02265,44
3,test_02265,0.471424
1,test_02266,0.000000;0.126382;0.237307;0.339170;0.450400;0.559117;0.667802;0.786067;0.895666;1.000000
2,test_02266,1
3,test_02266,0.466198
1,test_02267,0.000000;0.104733;0.223182;0.335558;0.446220;0.549196;0.657133;0.765797;0.876724;1.000000
2,test_02267,9
3,test_02267,0.461534
1,test_02268,0.000000;0.138596;0.263769;0.350493;0.438842;0.529467;0.634794;0.759379;0.878609;1.000000
2,test_02268,-1
3,test_02268,0.468952
1,test_02269,0.000000;0.110463;0.230727;0.323777;0.454295;0.590246;0.699448;0.780786;0.894891;1.000000
2,test_02269,-1
3,test_02269,0.483962
1,test_02270,0.000000;0.110244;0.212607;0.330485;0.446712;0.556305;0.673182;0.791374;0.902094;1.000000
2,test_02270,4
3,test_02270,0.448540
1,test_02271,0.000000;0.121354;0.239249;0.351697;0.471223;0.594049;0.695434;0.787251;0.894318;1.000000
2,test_02271,35
3,test_02271,0.473054
1,test_02272,0.000000;0.091979;0.186563;0.320966;0.412901;0.537910;0.639781;0.757296;0.906342;1.000000
2,test_02272,-1
3,test_02272,0.464589
1,test_02273,0.000000;0.114088;0.239776;0.351800;0.463301;0.552763;0.641297;0.751836;0.876984;1.000000
2,test_02273,-1
3,test_02273,0.465589
1,test_02274,0.000000;0.103110;0.222392;0.325539;0.441055;0.551544;0.650121;0.764290;0.873999;1.000000
2,test_02274,38
3,test_02274,0.471962
1,test_02275,0.000000;0.125074;0.229828;0.338438;0.441649;0.552031;0.656407;0.776168;0.895635;1.000000
2,test_02275,11
3,test_02275,0.461987
1,test_02276,0.000000;0.111106;0.217781;0.311502;0.421680;0.539497;0.652763;0.771239;0.886831;1.000000
2,test_02276,48
3,test_02276,0.453036
1,test_02277,0.000000;0.109644;0.222634;0.336281;0.455908;0.564856;0.667504;0.773036;0.886015;1.000000
2,test_02277,12
3,test_02277,0.460897
1,test_02278,0.000000;0.109644;0.222634;0.336281;0.455908;0.564856;0.667504;0.773036;0.886015;1.000000
2,test_02278,19
3,test_02278,0.460897
1,test_02279,0.000000;0.103144;0.217227;0.321420;0.438868;0.564167;0.662241;0.766911;0.893168;1.000000
2,test_02279,34
3,test_02279,0.473065
1,test_02280,0.000000;0.114559;0.214147;0.325311;0.437686;0.547307;0.660492;0.768955;0.888859;1.000000
2,test_02280,42
3,test_02280,0.484168
1,test_02281,0.000000;0.105172;0.197528;0.293044;0.400013;0.493808;0.584075;0.721190;0.872602;1.000000
2,test_02281,-1
3,test_02281,0.468022
1,test_02282,0.000000;0.111509;0.230278;0.341604;0.444999;0.565259;0.677215;0.782219;0.887417;1.000000
2,test_02282,3
3,test_02282,0.461232
1,test_02283,0.000000;0.114559;0.214147;0.325311;0.437686;0.547307;0.660492;0.768955;0.888859;1.000000
2,test_02283,49
3,test_02283,0.484168
1,test_02284,0.000000;0.099711;0.224092;0.329673;0.444325;0.560609;0.663763;0.774109;0.884547;1.000000
2,test_02284,47
3,test_02284,0.468357
1,test_02285,0.000000;0.110122;0.223752;0.335678;0.452379;0.564914;0.670022;0.787640;0.896892;1.000000
2,test_02285,29
3,test_02285,0.453835
1,test_02286,0.000000;0.114559;0.214147;0.325311;0.437686;0.547307;0.660492;0.768955;0.888859;1.000000
2,test_02286,49
3,test_02286,0.484168
1,test_02287,0.000000;0.111106;0.217781;0.311502;0.421680;0.539497;0.652763;0.771239;0.886831;1.000000
2,test_02287,48
3,test_02287,0.453036
1,test_02288,0.000000;0.121354;0.239249;0.351697;0.471223;0.594049;0.695434;0.787251;0.894318;1.000000
2,test_02288,35
3,test_02288,0.473054
1,test_02289,0.000000;0.088506;0.207449;0.316807;0.420940;0.530929;0.667432;0.802734;0.904138;1.000000
2,test_02289,-1
3,test_02289,0.439852
1,test_02290,0.000000;0.105168;0.208438;0.314012;0.421510;0.526387;0.630978;0.749487;0.871570;1.000000
2,test_02290,-1
3,test_02290,0.488618
1,test_02291,0.000000;0.115211;0.238332;0.346622;0.452626;0.561298;0.665504;0.778368;0.888165;1.000000
2,test_02291,30
3,test_02291,0.465629
1,test_02292,0.000000;0.104733;0.223182;0.335558;0.446220;0.549196;0.657133;0.765797;0.876724;1.000000
2,test_02292,2
3,test_02292,0.461534
1,test_02293,0.000000;0.111106;0.217781;0.311502;0.421680;0.539497;0.652763;0.771239;0.886831;1.000000
2,test_02293,41
3,test_02293,0.453036
1,test_02294,0.000000;0.122255;0.216340;0.334728;0.439366;0.550278;0.659329;0.759949;0.875147;1.000000
2,test_02294,44
3,test_02294,0.471424
1,test_02295,0.000000;0.105923;0.206316;0.364586;0.478923;0.590753;0.700254;0.821424;0.902758;1.000000
2,test_02295,-1
3,test_02295,0.492423
1,test_02296,0.000000;0.103144;0.217227;0.321420;0.438868;0.564167;0.662241;0.766911;0.893168;1.000000
2,test_02296,34
3,test_02296,0.473065
1,test_02297,0.000000;0.087628;0.207675;0.324178;0.442693;0.564279;0.665444;0.767593;0.897848;1.000000
2,test_02297,-1
3,test_02297,0.441826
1,test_02298,0.000000;0.110974;0.223773;0.337893;0.448078;0.567164;0.670585;0.771945;0.879925;1.000000
2,test_02298,36
3,test_02298,0.458080
1,test_02299,0.000000;0.099490;0.219441;0.343711;0.447550;0.548569;0.669327;0.801090;0.906413;1.000000
2,test_02299,-1
3,test_02299,0.434280
1,test_02300,0.000000;0.109644;0.222634;0.336281;0.455908;0.564856;0.667504;0.773036;0.886015;1.000000
2,test_02300,12
3,test_02300,0.460897
1,test_02301,0.000000;0.107993;0.211837;0.317663;0.429660;0.554736;0.671413;0.776934;0.892567;1.000000
2,test_02301,5
3,test_02301,0.468145
1,test_02302,0.000000;0.099711;0.224092;0.329673;0.444325;0.560609;0.663763;0.774109;0.884547;1.000000
2,test_02302,47
3,test_02302,0.468357
1,test_02303,0.000000;0.111106;0.217781;0.311502;0.421680;0.539497;0.652763;0.771239;0.886831;1.000000
2,test_02303,41
3,test_02303,0.453036
1,test_02304,0.000000;0.109104;0.228837;0.341762;0.454882;0.569311;0.682016;0.776132;0.876932;1.000000
2,test_02304,10
3,test_02304,0.470734
1,test_02305,0.000000;0.104733;0.223182;0.335558;0.446220;0.549196;0.657133;0.765797;0.876724;1.000000
2,test_02305,2
3,test_02305,0.461534
1,test_02306,0.000000;0.114603;0.220305;0.340320;0.453307;0.572156;0.690685;0.785512;0.890827;1.000000
2,test_02306,-1
3,test_02306,0.476978
1,test_02307,0.000000;0.104733;0.223182;0.335558;0.446220;0.549196;0.657133;0.765797;0.876724;1.000000
2,test_02307,9
3,test_02307,0.461534
1,test_02308,0.000000;0.112344;0.222652;0.336817;0.451486;0.562386;0.673508;0.781881;0.888285;1.000000
2,test_02308,26
3,test_02308,0.466392
1,test_02309,0.000000;0.111509;0.230278;0.341604;0.444999;0.565259;0.677215;0.782219;0.887417;1.000000
2,test_02309,45
3,test_02309,0.461232
1,test_02310,0.000000;0.103110;0.222392;0.325539;0.441055;0.551544;0.650121;0.764290;0.873999;1.000000
2,test_02310,38
3,test_02310,0.471962
1,test_02311,0.000000;0.099711;0.224092;0.329673;0.444325;0.560609;0.663763;0.774109;0.884547;1.000000
2,test_02311,40
3,test_02311,0.468357
1,test_02312,0.000000;0.112344;0.222652;0.336817;0.451486;0.562386;0.673508;0.781881;0.888285;1.000000
2,test_02312,20
3,test_02312,0.466392
1,test_02313,0.000000;0.126382;0.237307;0.339170;0.450400;0.559117;0.667802;0.786067;0.895666;1.000000
2,test_02313,1
3,test_02313,0.466198
1,test_02314,0.000000;0.109644;0.222634;0.336281;0.455908;0.564856;0.667504;0.773036;0.886015;1.000000
2,test_02314,12
3,test_02314,0.460897
1,test_02315,0.000000;0.102855;0.212931;0.319076;0.448565;0.566242;0.682087;0.789711;0.892991;1.000000
2,test_02315,24
3,test_02315,0.474685
1,test_02316,0.000000;0.120845;0.259814;0.361668;0.463589;0.560837;0.664601;0.763197;0.872455;1.000000
2,test_02316,-1
3,test_02316,0.467956
1,test_02317,0.000000;0.125074;0.229828;0.338438;0.441649;0.552031;0.656407;0.776168;0.895635;1.000000
2,test_02317,18
3,test_02317,0.461987
1,test_02318,0.000000;0.114559;0.214147;0.325311;0.437686;0.547307;0.660492;0.768955;0.888859;1.000000
2,test_02318,49
3,test_02318,0.484168
1,test_02319,0.000000;0.112543;0.222887;0.335288;0.444123;0.554894;0.668297;0.784907;0.893819;1.000000
2,test_02319,28
3,test_02319,0.464525
1,test_02320,0.000000;0.121354;0.239249;0.351697;0.471223;0.594049;0.695434;0.787251;0.894318;1.000000
2,test_02320,35
3,test_02320,0.473054
1,test_02321,0.000000;0.110122;0.223752;0.335678;0.452379;0.564914;0.670022;0.787640;0.896892;1.000000
2,test_02321,29
3,test_02321,0.453835
1,test_02322,0.000000;0.122156;0.231502;0.335384;0.454719;0.563137;0.668078;0.771007;0.895043;1.000000
2,test_02322,13
3,test_02322,0.461512
1,test_02323,0.000000;0.099711;0.224092;0.329673;0.444325;0.560609;0.663763;0.774109;0.884547;1.000000
2,test_02323,47
3,test_02323,0.468357
1,test_02324,0.000000;0.111047;0.214502;0.306670;0.407479;0.518719;0.630128;0.757135;0.865275;1.000000
2,test_02324,-1
3,test_02324,0.482479
1,test_02325,0.000000;0.112543;0.222887;0.335288;0.444123;0.554894;0.668297;0.784907;0.893819;1.000000
2,test_02325,21
3,test_02325,0.464525
1,test_02326,0.000000;0.111106;0.217781;0.311502;0.421680;0.539497;0.652763;0.771239;0.886831;1.000000
2,test_02326,41
3,test_02326,0.453036
1,test_02327,0.000000;0.102855;0.212931;0.319076;0.448565;0.566242;0.682087;0.789711;0.892991;1.000000
2,test_02327,24
3,test_02327,0.474685
1,test_02328,0.000000;0.111106;0.217781;0.311502;0.421680;0.539497;0.652763;0.771239;0.886831;1.000000
2,test_02328,48
3,test_02328,0.453036
1,test_02329,0.000000;0.103144;0.217227;0.321420;0.438868;0.564167;0.662241;0.766911;0.893168;1.000000
2,test_02329,34
3,test_02329,0.473065
1,test_02330,0.000000;0.115211;0.238332;0.346622;0.452626;0.561298;0.665504;0.778368;0.888165;1.000000
2,test_02330,37
3,test_02330,0.465629
1,test_02331,0.000000;0.114559;0.214147;0.325311;0.437686;0.547307;0.660492;0.768955;0.888859;1.000000
2,test_02331,49
3,test_02331,0.484168
1,test_02332,0.000000;0.108090;0.225134;0.338098;0.450975;0.564338;0.677650;0.783144;0.893882;1.000000
2,test_02332,39
3,test_02332,0.461831
1,test_02333,0.000000;0.109104;0.228837;0.341762;0.454882;0.569311;0.682016;0.776132;0.876932;1.000000
2,test_02333,10
3,test_02333,0.470734
1,test_02334,0.000000;0.110974;0.223773;0.337893;0.448078;0.567164;0.670585;0.771945;0.879925;1.000000
2,test_02334,36
3,test_02334,0.458080
1,test_02335,0.000000;0.125074;0.229828;0.338438;0.441649;0.552031;0.656407;0.776168;0.895635;1.000000
2,test_02335,11
3,test_02335,0.461987
1,test_02336,0.000000;0.109104;0.228837;0.341762;0.454882;0.569311;0.682016;0.776132;0.876932;1.000000
2,test_02336,17
3,test_02336,0.470734
1,test_02337,0.000000;0.111543;0.231024;0.344197;0.451865;0.575379;0.699212;0.805143;0.896283;1.000000
2,test_02337,-1
3,test_02337,0.393882
1,test_02338,0.000000;0.112344;0.222652;0.336817;0.451486;0.562386;0.673508;0.781881;0.888285;1.000000
2,test_02338,25
3,test_02338,0.466392
1,test_02339,0.000000;0.111106;0.217781;0.311502;0.421680;0.539497;0.652763;0.771239;0.886831;1.000000
2,test_02339,41
3,test_02339,0.453036
1,test_02340,0.000000;0.126822;0.231400;0.337146;0.440910;0.543828;0.644721;0.757545;0.874851;1.000000
2,test_02340,-1
3,test_02340,0.465990
1,test_02341,0.000000;0.110122;0.223752;0.335678;0.452379;0.564914;0.670022;0.787640;0.896892;1.000000
2,test_02341,29
3,test_02341,0.453835
1,test_02342,0.000000;0.092585;0.194934;0.313608;0.420295;0.522219;0.623862;0.749390;0.883712;1.000000
2,test_02342,-1
3,test_02342,0.485310
1,test_02343,0.000000;0.104733;0.223182;0.335558;0.446220;0.549196;0.657133;0.765797;0.876724;1.000000
2,test_02343,9
3,test_02343,0.461534
1,test_02344,0.000000;0.108090;0.225134;0.338098;0.450975;0.564338;0.677650;0.783144;0.893882;1.000000
2,test_02344,39
3,test_02344,0.461831
1,test_02345,0.000000;0.117866;0.216754;0.301855;0.399267;0.547590;0.656433;0.755012;0.882678;1.000000
2,test_02345,-1
3,test_02345,0.431333
1,test_02346,0.000000;0.111509;0.230278;0.341604;0.444999;0.565259;0.677215;0.782219;0.887417;1.000000
2,test_02346,3
3,test_02346,0.461232
1,test_02347,0.000000;0.112344;0.222652;0.336817;0.451486;0.562386;0.673508;0.781881;0.888285;1.000000
2,test_02347,27
3,test_02347,0.466392
1,test_02348,0.000000;0.119394;0.215663;0.322995;0.428746;0.544596;0.671583;0.781870;0.885240;1.000000
2,test_02348,6
3,test_02348,0.461496
1,test_02349,0.000000;0.115688;0.240207;0.351887;0.457264;0.538036;0.630225;0.742707;0.869411;1.000000
2,test_02349,-1
3,test_02349,0.495530
1,test_02350,0.000000;0.116005;0.226737;0.339187;0.450510;0.565891;0.664038;0.781882;0.894745;1.000000
2,test_02350,0
3,test_02350,0.455739
1,test_02351,0.000000;0.084194;0.175113;0.296238;0.396976;0.515493;0.629454;0.759277;0.878776;1.000000
2,test_02351,-1
3,test_02351,0.459659
1,test_02352,0.000000;0.105816;0.203814;0.290060;0.393255;0.522763;0.642188;0.768788;0.883306;1.000000
2,test_02352,-1
3,test_02352,0.507273
1,test_02353,0.000000;0.088984;0.212803;0.327640;0.416306;0.537037;0.655716;0.763645;0.887524;1.000000
2,test_02353,-1
3,test_02353,0.437217
1,test_02354,0.000000;0.103110;0.222392;0.325539;0.441055;0.551544;0.650121;0.764290;0.873999;1.000000
2,test_02354,31
3,test_02354,0.471962
1,test_02355,0.000000;0.126382;0.237307;0.339170;0.450400;0.559117;0.667802;0.786067;0.895666;1.000000
2,test_02355,8
3,test_02355,0.466198
1,test_02356,0.000000;0.126382;0.237307;0.339170;0.450400;0.559117;0.667802;0.786067;0.895666;1.000000
2,test_02356,1
3,test_02356,0.466198
1,test_02357,0.000000;0.094781;0.222891;0.333901;0.437954;0.550199;0.656469;0.772664;0.877219;1.000000
2,test_02357,43
3,test_02357,0.465892
1,test_02358,0.000000;0.115393;0.225927;0.343481;0.474321;0.579821;0.714744;0.807045;0.894854;1.000000
2,test_02358,-1
3,test_02358,0.450642
1,test_02359,0.000000;0.126382;0.237307;0.339170;0.450400;0.559117;0.667802;0.786067;0.895666;1.000000
2,test_02359,1
3,test_02359,0.466198
1,test_02360,0.000000;0.100928;0.208735;0.312632;0.434895;0.549406;0.668007;0.778746;0.894910;1.000000
2,test_02360,14
3,test_02360,0.465568
1,test_02361,0.000000;0.114559;0.214147;0.325311;0.437686;0.547307;0.660492;0.768955;0.888859;1.000000
2,test_02361,49
3,test_02361,0.484168
1,test_02362,0.000000;0.111106;0.217781;0.311502;0.421680;0.539497;0.652763;0.771239;0.886831;1.000000
2,test_02362,41
3,test_02362,0.453036
1,test_02363,0.000000;0.108090;0.225134;0.338098;0.450975;0.564338;0.677650;0.783144;0.893882;1.000000
2,test_02363,32
3,test_02363,0.461831
1,test_02364,0.000000;0.073092;0.228184;0.331841;0.418972;0.529763;0.634843;0.735200;0.855718;1.000000
2,test_02364,-1
3,test_02364,0.513524
1,test_02365,0.000000;0.110974;0.223773;0.337893;0.448078;0.567164;0.670585;0.771945;0.879925;1.000000
2,test_02365,36
3,test_02365,0.458080
1,test_02366,0.000000;0.112344;0.222652;0.336817;0.451486;0.562386;0.673508;0.781881;0.888285;1.000000
2,test_02366,20
3,test_02366,0.466392
1,test_02367,0.000000;0.110122;0.223752;0.335678;0.452379;0.564914;0.670022;0.787640;0.896892;1.000000
2,test_02367,22
3,test_02367,0.453835
1,test_02368,0.000000;0.122156;0.231502;0.335384;0.454719;0.563137;0.668078;0.771007;0.895043;1.000000
2,test_02368,13
3,test_02368,0.461512
1,test_02369,0.000000;0.121724;0.265122;0.369853;0.463480;0.567074;0.650342;0.745722;0.848536;1.000000
2,test_02369,-1
3,test_02369,0.489979
1,test_02370,0.000000;0.126382;0.237307;0.339170;0.450400;0.559117;0.667802;0.786067;0.895666;1.000000
2,test_02370,1
3,test_02370,0.466198
1,test_02371,0.000000;0.116093;0.222833;0.321472;0.431487;0.544815;0.669900;0.773560;0.886585;1.000000
2,test_02371,-1
3,test_02371,0.459952
1,test_02372,0.000000;0.122255;0.216340;0.334728;0.439366;0.550278;0.659329;0.759949;0.875147;1.000000
2,test_02372,44
3,test_02372,0.471424
1,test_02373,0.000000;0.111509;0.230278;0.341604;0.444999;0.565259;0.677215;0.782219;0.887417;1.000000
2,test_02373,45
3,test_02373,0.461232
1,test_02374,0.000000;0.125074;0.229828;0.338438;0.441649;0.552031;0.656407;0.776168;0.895635;1.000000
2,test_02374,18
3,test_02374,0.461987
1,test_02375,0.000000;0.104733;0.223182;0.335558;0.446220;0.549196;0.657133;0.765797;0.876724;1.000000
2,test_02375,9
3,test_02375,0.461534
1,test_02376,0.000000;0.115211;0.238332;0.346622;0.452626;0.561298;0.665504;0.778368;0.888165;1.000000
2,test_02376,37
3,test_02376,0.465629
1,test_02377,0.000000;0.112344;0.222652;0.336817;0.451486;0.562386;0.673508;0.781881;0.888285;1.000000
2,test_02377,20
3,test_02377,0.466392
1,test_02378,0.000000;0.111509;0.230278;0.341604;0.444999;0.565259;0.677215;0.782219;0.887417;1.000000
2,test_02378,3
3,test_02378,0.461232
1,test_02379,0.000000;0.111509;0.230278;0.341604;0.444999;0.565259;0.677215;0.782219;0.887417;1.000000
2,test_02379,3
3,test_02379,0.461232
1,test_02380,0.000000;0.103110;0.222392;0.325539;0.441055;0.551544;0.650121;0.764290;0.873999;1.000000
2,test_02380,31
3,test_02380,0.471962
1,test_02381,0.000000;0.121718;0.218908;0.322004;0.433841;0.524222;0.632474;0.749385;0.884017;1.000000
2,test_02381,-1
3,test_02381,0.482711
1,test_02382,0.000000;0.109104;0.228837;0.341762;0.454882;0.569311;0.682016;0.776132;0.876932;1.000000
2,test_02382,17
3,test_02382,0.470734
1,test_02383,0.000000;0.126382;0.237307;0.339170;0.450400;0.559117;0.667802;0.786067;0.895666;1.000000
2,test_02383,8
3,test_02383,0.466198
1,test_02384,0.000000;0.131007;0.237399;0.334375;0.440101;0.560187;0.665529;0.767220;0.882555;1.000000
2,test_02384,-1
3,test_02384,0.439055
1,test_02385,0.000000;0.110122;0.223752;0.335678;0.452379;0.564914;0.670022;0.787640;0.896892;1.000000
2,test_02385,22
3,test_02385,0.453835
1,test_02386,0.000000;0.099486;0.213165;0.331900;0.438229;0.563135;0.694447;0.791961;0.883914;1.000000
2,test_02386,-1
3,test_02386,0.503376
1,test_02387,0.000000;0.116005;0.226737;0.339187;0.450510;0.565891;0.664038;0.781882;0.894745;1.000000
2,test_02387,0
3,test_02387,0.455739
1,test_02388,0.000000;0.109104;0.228837;0.341762;0.454882;0.569311;0.682016;0.776132;0.876932;1.000000
2,test_02388,10
3,test_02388,0.470734
1,test_02389,0.000000;0.122255;0.216340;0.334728;0.439366;0.550278;0.659329;0.759949;0.875147;1.000000
2,test_02389,44
3,test_02389,0.471424
1,test_02390,0.000000;0.112344;0.222652;0.336817;0.451486;0.562386;0.673508;0.781881;0.888285;1.000000
2,test_02390,25
3,test_02390,0.466392
1,test_02391,0.000000;0.095013;0.214838;0.331671;0.435353;0.545105;0.654992;0.774677;0.896105;1.000000
2,test_02391,-1
3,test_02391,0.474539
1,test_02392,0.000000;0.108090;0.225134;0.338098;0.450975;0.564338;0.677650;0.783144;0.893882;1.000000
2,test_02392,39
3,test_02392,0.461831
1,test_02393,0.000000;0.110244;0.212607;0.330485;0.446712;0.556305;0.673182;0.791374;0.902094;1.000000
2,test_02393,46
3,test_02393,0.448540
1,test_02394,0.000000;0.112344;0.222652;0.336817;0.451486;0.562386;0.673508;0.781881;0.888285;1.000000
2,test_02394,26
3,test_02394,0.466392
1,test_02395,0.000000;0.112344;0.222652;0.336817;0.451486;0.562386;0.673508;0.781881;0.888285;1.000000
2,test_02395,20
3,test_02395,0.466392
1,test_02396,0.000000;0.114964;0.220915;0.327766;0.432615;0.550684;0.666925;0.787166;0.890403;1.000000
2,test_02396,23
3,test_02396,0.465188
1,test_02397,0.000000;0.096669;0.225799;0.314602;0.411411;0.498720;0.594660;0.709990;0.817420;1.000000
2,test_02397,-1
3,test_02397,0.452858
1,test_02398,0.000000;0.114559;0.214147;0.325311;0.437686;0.547307;0.660492;0.768955;0.888859;1.000000
2,test_02398,42
3,test_02398,0.484168
1,test_02399,0.000000;0.104105;0.213000;0.299362;0.396888;0.502967;0.603876;0.726802;0.853855;1.000000
2,test_02399,-1
3,test_02399,0.461108
1,test_02400,0.000000;0.107993;0.211837;0.317663;0.429660;0.554736;0.671413;0.776934;0.892567;1.000000
2,test_02400,5
3,test_02400,0.468145
1,test_02401,0.000000;0.099711;0.224092;0.329673;0.444325;0.560609;0.663763;0.774109;0.884547;1.000000
2,test_02401,40
3,test_02401,0.468357
1,test_02402,0.000000;0.121354;0.239249;0.351697;0.471223;0.594049;0.695434;0.787251;0.894318;1.000000
2,test_02402,35
3,test_02402,0.473054
1,test_02403,0.000000;0.112344;0.222652;0.336817;0.451486;0.562386;0.673508;0.781881;0.888285;1.000000
2,test_02403,20
3,test_02403,0.466392
1,test_02404,0.000000;0.109588;0.213644;0.326169;0.445755;0.561643;0.685418;0.786981;0.896842;1.000000
2,test_02404,33
3,test_02404,0.461751
1,test_02405,0.000000;0.112344;0.222652;0.336817;0.451486;0.562386;0.673508;0.781881;0.888285;1.000000
2,test_02405,25
3,test_02405,0.466392
1,test_02406,0.000000;0.115092;0.221690;0.328226;0.452479;0.563001;0.661774;0.753252;0.882659;1.000000
2,test_02406,-1
3,test_02406,0.447646
1,test_02407,0.000000;0.120057;0.238354;0.345742;0.445496;0.558783;0.665565;0.769841;0.888150;1.000000
2,test_02407,-1
3,test_02407,0.499528
1,test_02408,0.000000;0.115211;0.238332;0.346622;0.452626;0.561298;0.665504;0.778368;0.888165;1.000000
2,test_02408,37
3,test_02408,0.465629
1,test_02409,0.000000;0.088190;0.201943;0.322327;0.418310;0.521094;0.630520;0.763660;0.876988;1.000000
2,test_02409,-1
3,test_02409,0.469124
1,test_02410,0.000000;0.109644;0.222634;0.336281;0.455908;0.564856;0.667504;0.773036;0.886015;1.000000
2,test_02410,19
3,test_02410,0.460897
1,test_02411,0.000000;0.114559;0.214147;0.325311;0.437686;0.547307;0.660492;0.768955;0.888859;1.000000
2,test_02411,42
3,test_02411,0.484168
1,test_02412,0.000000;0.111509;0.230278;0.341604;0.444999;0.565259;0.677215;0.782219;0.887417;1.000000
2,test_02412,45
3,test_02412,0.461232
1,test_02413,0.000000;0.109644;0.222634;0.336281;0.455908;0.564856;0.667504;0.773036;0.886015;1.000000
2,test_02413,12
3,test_02413,0.460897
1,test_02414,0.000000;0.102855;0.212931;0.319076;0.448565;0.566242;0.682087;0.789711;0.892991;1.000000
2,test_02414,24
3,test_02414,0.474685
1,test_02415,0.000000;0.109104;0.228837;0.341762;0.454882;0.569311;0.682016;0.776132;0.876932;1.000000
2,test_02415,17
3,test_02415,0.470734
1,test_02416,0.000000;0.110122;0.223752;0.335678;0.452379;0.564914;0.670022;0.787640;0.896892;1.000000
2,test_02416,29
3,test_02416,0.453835
1,test_02417,0.000000;0.103144;0.217227;0.321420;0.438868;0.564167;0.662241;0.766911;0.893168;1.000000
2,test_02417,34
3,test_02417,0.473065
1,test_02418,0.000000;0.109644;0.222634;0.336281;0.455908;0.564856;0.667504;0.773036;0.886015;1.000000
2,test_02418,19
3,test_02418,0.460897
1,test_02419,0.000000;0.087699;0.185223;0.300621;0.432530;0.556635;0.652534;0.783391;0.893388;1.000000
2,test_02419,-1
3,test_02419,0.460097
1,test_02420,0.000000;0.106756;0.203329;0.321839;0.418143;0.536273;0.651538;0.772542;0.879202;1.000000
2,test_02420,-1
3,test_02420,0.476229
1,test_02421,0.000000;0.103144;0.217227;0.321420;0.438868;0.564167;0.662241;0.766911;0.893168;1.000000
2,test_02421,34
3,test_02421,0.473065
1,test_02422,0.000000;0.112543;0.222887;0.335288;0.444123;0.554894;0.668297;0.784907;0.893819;1.000000
2,test_02422,21
3,test_02422,0.464525
1,test_02423,0.000000;0.115211;0.238332;0.346622;0.452626;0.561298;0.665504;0.778368;0.888165;1.000000
2,test_02423,30
3,test_02423,0.465629
1,test_02424,0.000000;0.103144;0.217227;0.321420;0.438868;0.564167;0.662241;0.766911;0.893168;1.000000
2,test_02424,34
3,test_02424,0.473065
1,test_02425,0.000000;0.125074;0.229828;0.338438;0.441649;0.552031;0.656407;0.776168;0.895635;1.000000
2,test_02425,18
3,test_02425,0.461987
1,test_02426,0.000000;0.094781;0.222891;0.333901;0.437954;0.550199;0.656469;0.772664;0.877219;1.000000
2,test_02426,43
3,test_02426,0.465892
1,test_02427,0.000000;0.104733;0.223182;0.335558;0.446220;0.549196;0.657133;0.765797;0.876724;1.000000
2,test_02427,9
3,test_02427,0.461534
1,test_02428,0.000000;0.112344;0.222652;0.336817;0.451486;0.562386;0.673508;0.781881;0.888285;1.000000
2,test_02428,26
3,test_02428,0.466392
1,test_02429,0.000000;0.119903;0.233124;0.337452;0.444503;0.562936;0.665576;0.773100;0.886854;1.000000
2,test_02429,-1
3,test_02429,0.447306
1,test_02430,0.000000;0.104733;0.223182;0.335558;0.446220;0.549196;0.657133;0.765797;0.876724;1.000000
2,test_02430,9
3,test_02430,0.461534
1,test_02431,0.000000;0.122156;0.231502;0.335384;0.454719;0.563137;0.668078;0.771007;0.895043;1.000000
2,test_02431,13
3,test_02431,0.461512
1,test_02432,0.000000;0.110122;0.223752;0.335678;0.452379;0.564914;0.670022;0.787640;0.896892;1.000000
2,test_02432,22
3,test_02432,0.453835
1,test_02433,0.000000;0.131280;0.248324;0.337909;0.456087;0.570419;0.698730;0.794738;0.908486;1.000000
2,test_02433,-1
3,test_02433,0.470909
1,test_02434,0.000000;0.109588;0.213644;0.326169;0.445755;0.561643;0.685418;0.786981;0.896842;1.000000
2,test_02434,33
3,test_02434,0.461751
1,test_02435,0.000000;0.126382;0.237307;0.339170;0.450400;0.559117;0.667802;0.786067;0.895666;1.000000
2,test_02435,1
3,test_02435,0.466198
1,test_02436,0.000000;0.116005;0.226737;0.339187;0.450510;0.565891;0.664038;0.781882;0.894745;1.000000
2,test_02436,7
3,test_02436,0.455739
1,test_02437,0.000000;0.101088;0.208571;0.324227;0.438904;0.537369;0.650295;0.768950;0.884820;1.000000
2,test_02437,-1
3,test_02437,0.470531
1,test_02438,0.000000;0.114224;0.232709;0.336724;0.435510;0.554403;0.674046;0.791667;0.908663;1.000000
2,test_02438,-1
3,test_02438,0.474152
1,test_02439,0.000000;0.109588;0.213644;0.326169;0.445755;0.561643;0.685418;0.786981;0.896842;1.000000
2,test_02439,33
3,test_02439,0.461751
1,test_02440,0.000000;0.108090;0.225134;0.338098;0.450975;0.564338;0.677650;0.783144;0.893882;1.000000
2,test_02440,39
3,test_02440,0.461831
1,test_02441,0.000000;0.116005;0.226737;0.339187;0.450510;0.565891;0.664038;0.781882;0.894745;1.000000
2,test_02441,0
3,test_02441,0.455739
1,test_02442,0.000000;0.103110;0.222392;0.325539;0.441055;0.551544;0.650121;0.764290;0.873999;1.000000
2,test_02442,38
3,test_02442,0.471962
1,test_02443,0.000000;0.100842;0.237154;0.323524;0.433374;0.541130;0.663215;0.762664;0.873240;1.000000
2,test_02443,-1
3,test_02443,0.450697
1,test_02444,0.000000;0.100928;0.208735;0.312632;0.434895;0.549406;0.668007;0.778746;0.894910;1.000000
2,test_02444,14
3,test_02444,0.465568
1,test_02445,0.000000;0.114559;0.214147;0.325311;0.437686;0.547307;0.660492;0.768955;0.888859;1.000000
2,test_02445,49
3,test_02445,0.484168
1,test_02446,0.000000;0.125074;0.229828;0.338438;0.441649;0.552031;0.656407;0.776168;0.895635;1.000000
2,test_02446,18
3,test_02446,0.461987
1,test_02447,0.000000;0.107120;0.215906;0.333762;0.451268;0.557747;0.682940;0.806783;0.909980;1.000000
2,test_02447,-1
3,test_02447,0.484819
1,test_02448,0.000000;0.102855;0.212931;0.319076;0.448565;0.566242;0.682087;0.789711;0.892991;1.000000
2,test_02448,24
3,test_02448,0.474685
1,test_02449,0.000000;0.110244;0.212607;0.330485;0.446712;0.556305;0.673182;0.791374;0.902094;1.000000
2,test_02449,46
3,test_02449,0.448540
1,test_02450,0.000000;0.099711;0.224092;0.329673;0.444325;0.560609;0.663763;0.774109;0.884547;1.000000
2,test_02450,40
3,test_02450,0.468357
1,test_02451,0.000000;0.116005;0.226737;0.339187;0.450510;0.565891;0.664038;0.781882;0.894745;1.000000
2,test_02451,7
3,test_02451,0.455739
1,test_02452,0.000000;0.084555;0.180621;0.272276;0.374741;0.474099;0.602496;0.730493;0.884719;1.000000
2,test_02452,-1
3,test_02452,0.485828
1,test_02453,0.000000;0.109588;0.213644;0.326169;0.445755;0.561643;0.685418;0.786981;0.896842;1.000000
2,test_02453,33
3,test_02453,0.461751
1,test_02454,0.000000;0.088530;0.207735;0.332486;0.448234;0.545385;0.666247;0.770540;0.886735;1.000000
2,test_02454,-1
3,test_02454,0.462981
1,test_02455,0.000000;0.101933;0.186388;0.305141;0.397141;0.513764;0.617089;0.757110;0.884541;1.000000
2,test_02455,-1
3,test_02455,0.434457
1,test_02456,0.000000;0.126382;0.237307;0.339170;0.450400;0.559117;0.667802;0.786067;0.895666;1.000000
2,test_02456,1
3,test_02456,0.466198
1,test_02457,0.000000;0.125074;0.229828;0.338438;0.441649;0.552031;0.656407;0.776168;0.895635;1.000000
2,test_02457,11
3,test_02457,0.461987
1,test_02458,0.000000;0.126382;0.237307;0.339170;0.450400;0.559117;0.667802;0.786067;0.895666;1.000000
2,test_02458,8
3,test_02458,0.466198
1,test_02459,0.000000;0.099277;0.210287;0.323415;0.429444;0.559168;0.668304;0.777405;0.888344;1.000000
2,test_02459,15
3,test_02459,0.470553
1,test_02460,0.000000;0.100928;0.208735;0.312632;0.434895;0.549406;0.668007;0.778746;0.894910;1.000000
2,test_02460,14
3,test_02460,0.465568
1,test_02461,0.000000;0.109104;0.228837;0.341762;0.454882;0.569311;0.682016;0.776132;0.876932;1.000000
2,test_02461,10
3,test_02461,0.470734
1,test_02462,0.000000;0.114829;0.216323;0.340368;0.467683;0.573329;0.677577;0.795390;0.912889;1.000000
2,test_02462,-1
3,test_02462,0.469448
1,test_02463,0.000000;0.109104;0.228837;0.341762;0.454882;0.569311;0.682016;0.776132;0.876932;1.000000
2,test_02463,10
3,test_02463,0.470734
1,test_02464,0.000000;0.110244;0.212607;0.330485;0.446712;0.556305;0.673182;0.791374;0.902094;1.000000
2,test_02464,4
3,test_02464,0.448540
1,test_02465,0.000000;0.099711;0.224092;0.329673;0.444325;0.560609;0.663763;0.774109;0.884547;1.000000
2,test_02465,47
3,test_02465,0.468357
1,test_02466,0.000000;0.122255;0.216340;0.334728;0.439366;0.550278;0.659329;0.759949;0.875147;1.000000
2,test_02466,44
3,test_02466,0.471424
1,test_02467,0.000000;0.111509;0.230278;0.341604;0.444999;0.565259;0.677215;0.782219;0.887417;1.000000
2,test_02467,45
3,test_02467,0.461232
1,test_02468,0.000000;0.114559;0.214147;0.325311;0.437686;0.547307;0.660492;0.768955;0.888859;1.000000
2,test_02468,49
3,test_02468,0.484168
1,test_02469,0.000000;0.103979;0.217038;0.354901;0.467893;0.566968;0.686748;0.775764;0.872100;1.000000
2,test_02469,-1
3,test_02469,0.453361
1,test_02470,0.000000;0.107993;0.211837;0.317663;0.429660;0.554736;0.671413;0.776934;0.892567;1.000000
2,test_02470,5
3,test_02470,0.468145
1,test_02471,0.000000;0.128089;0.255817;0.365414;0.470041;0.564711;0.675402;0.785888;0.884592;1.000000
2,test_02471,-1
3,test_02471,0.530501
1,test_02472,0.000000;0.112344;0.222652;0.336817;0.451486;0.562386;0.673508;0.781881;0.888285;1.000000
2,test_02472,25
3,test_02472,0.466392
1,test_02473,0.000000;0.110122;0.223752;0.335678;0.452379;0.564914;0.670022;0.787640;0.896892;1.000000
2,test_02473,22
3,test_02473,0.453835
1,test_02474,0.000000;0.116005;0.226737;0.339187;0.450510;0.565891;0.664038;0.781882;0.894745;1.000000
2,test_02474,0
3,test_02474,0.455739
1,test_02475,0.000000;0.114964;0.220915;0.327766;0.432615;0.550684;0.666925;0.787166;0.890403;1.000000
2,test_02475,23
3,test_02475,0.465188
1,test_02476,0.000000;0.112344;0.222652;0.336817;0.451486;0.562386;0.673508;0.781881;0.888285;1.000000
2,test_02476,20
3,test_02476,0.466392
1,test_02477,0.000000;0.110244;0.212607;0.330485;0.446712;0.556305;0.673182;0.791374;0.902094;1.000000
2,test_02477,4
3,test_02477,0.448540
1,test_02478,0.000000;0.100928;0.208735;0.312632;0.434895;0.549406;0.668007;0.778746;0.894910;1.000000
2,test_02478,14
3,test_02478,0.465568
1,test_02479,0.000000;0.112812;0.223201;0.348567;0.449791;0.529025;0.661438;0.775432;0.876715;1.000000
2,test_02479,-1
3,test_02479,0.467180
1,test_02480,0.000000;0.099711;0.224092;0.329673;0.444325;0.560609;0.663763;0.774109;0.884547;1.000000
2,test_02480,40
3,test_02480,0.468357
1,test_02481,0.000000;0.125074;0.229828;0.338438;0.441649;0.552031;0.656407;0.776168;0.895635;1.000000
2,test_02481,18
3,test_02481,0.461987
1,test_02482,0.000000;0.099277;0.210287;0.323415;0.429444;0.559168;0.668304;0.777405;0.888344;1.000000
2,test_02482,15
3,test_02482,0.470553
1,test_02483,0.000000;0.100928;0.208735;0.312632;0.434895;0.549406;0.668007;0.778746;0.894910;1.000000
2,test_02483,14
3,test_02483,0.465568
1,test_02484,0.000000;0.116005;0.226737;0.339187;0.450510;0.565891;0.664038;0.781882;0.894745;1.000000
2,test_02484,0
3,test_02484,0.455739
1,test_02485,0.000000;0.091023;0.214620;0.293033;0.379301;0.493449;0.598326;0.702546;0.815010;1.000000
2,test_02485,-1
3,test_02485,0.476595
1,test_02486,0.000000;0.103110;0.222392;0.325539;0.441055;0.551544;0.650121;0.764290;0.873999;1.000000
2,test_02486,38
3,test_02486,0.471962
1,test_02487,0.000000;0.114559;0.214147;0.325311;0.437686;0.547307;0.660492;0.768955;0.888859;1.000000
2,test_02487,42
3,test_02487,0.484168
1,test_02488,0.000000;0.111509;0.230278;0.341604;0.444999;0.565259;0.677215;0.782219;0.887417;1.000000
2,test_02488,45
3,test_02488,0.461232
1,test_02489,0.000000;0.103110;0.222392;0.325539;0.441055;0.551544;0.650121;0.764290;0.873999;1.000000
2,test_02489,31
3,test_02489,0.471962
1,test_02490,0.000000;0.100957;0.220123;0.320996;0.433647;0.550544;0.669823;0.793793;0.906498;1.000000
2,test_02490,-1
3,test_02490,0.447340
1,test_02491,0.000000;0.102185;0.207533;0.321088;0.454999;0.557093;0.645146;0.761102;0.896650;1.000000
2,test_02491,-1
3,test_02491,0.435656
1,test_02492,0.000000;0.114964;0.220915;0.327766;0.432615;0.550684;0.666925;0.787166;0.890403;1.000000
2,test_02492,23
3,test_02492,0.465188
1,test_02493,0.000000;0.126382;0.237307;0.339170;0.450400;0.559117;0.667802;0.786067;0.895666;1.000000
2,test_02493,1
3,test_02493,0.466198
1,test_02494,0.000000;0.142668;0.251902;0.378179;0.495660;0.598654;0.709734;0.809207;0.905479;1.000000
2,test_02494,-1
3,test_02494,0.472394
1,test_02495,0.000000;0.109104;0.228837;0.341762;0.454882;0.569311;0.682016;0.776132;0.876932;1.000000
2,test_02495,17
3,test_02495,0.470734
1,test_02496,0.000000;0.120608;0.225624;0.322974;0.430862;0.546455;0.641738;0.738071;0.890506;1.000000
2,test_02496,-1
3,test_02496,0.510267
1,test_02497,0.000000;0.111106;0.217781;0.311502;0.421680;0.539497;0.652763;0.771239;0.886831;1.000000
2,test_02497,48
3,test_02497,0.453036
1,test_02498,0.000000;0.103144;0.217227;0.321420;0.438868;0.564167;0.662241;0.766911;0.893168;1.000000
2,test_02498,34
3,test_02498,0.473065
1,test_02499,0.000000;0.115211;0.238332;0.346622;0.452626;0.561298;0.665504;0.778368;0.888165;1.000000
2,test_02499,37
3,test_02499,0.465629
1,test_02500,0.000000;0.112543;0.222887;0.335288;0.444123;0.554894;0.668297;0.784907;0.893819;1.000000
2,test_02500,21
3,test_02500,0.464525
1,test_02501,0.000000;0.112344;0.222652;0.336817;0.451486;0.562386;0.673508;0.781881;0.888285;1.000000
2,test_02501,20
3,test_02501,0.466392
1,test_02502,0.000000;0.099277;0.210287;0.323415;0.429444;0.559168;0.668304;0.777405;0.888344;1.000000
2,test_02502,15
3,test_02502,0.470553
1,test_02503,0.000000;0.099921;0.230907;0.368144;0.468641;0.572119;0.655357;0.758150;0.878956;1.000000
2,test_02503,-1
3,test_02503,0.473961
1,test_02504,0.000000;0.114559;0.214147;0.325311;0.437686;0.547307;0.660492;0.768955;0.888859;1.000000
2,test_02504,49
3,test_02504,0.484168
1,test_02505,0.000000;0.109232;0.212053;0.311047;0.406843;0.524347;0.632655;0.729728;0.844043;1.000000
2,test_02505,-1
3,test_02505,0.494107
1,test_02506,0.000000;0.111106;0.217781;0.311502;0.421680;0.539497;0.652763;0.771239;0.886831;1.000000
2,test_02506,48
3,test_02506,0.453036
1,test_02507,0.000000;0.087626;0.200378;0.325808;0.430062;0.536478;0.659743;0.778001;0.886329;1.000000
2,test_02507,-1
3,test_02507,0.487287
1,test_02508,0.000000;0.102220;0.212135;0.316116;0.423811;0.505234;0.607462;0.724202;0.867254;1.000000
2,test_02508,-1
3,test_02508,0.463791
1,test_02509,0.000000;0.114559;0.214147;0.325311;0.437686;0.547307;0.660492;0.768955;0.888859;1.000000
2,test_02509,49
3,test_02509,0.484168
1,test_02510,0.000000;0.130626;0.245224;0.375243;0.472684;0.595708;0.689111;0.803575;0.897764;1.000000
2,test_02510,-1
3,test_02510,0.499790
1,test_02511,0.000000;0.126382;0.237307;0.339170;0.450400;0.559117;0.667802;0.786067;0.895666;1.000000
2,test_02511,1
3,test_02511,0.466198
1,test_02512,0.000000;0.108090;0.225134;0.338098;0.450975;0.564338;0.677650;0.783144;0.893882;1.000000
2,test_02512,39
3,test_02512,0.461831
1,test_02513,0.000000;0.111048;0.215837;0.302087;0.428304;0.548740;0.689980;0.815229;0.909441;1.000000
2,test_02513,-1
3,test_02513,0.473685
1,test_02514,0.000000;0.114964;0.220915;0.327766;0.432615;0.550684;0.666925;0.787166;0.890403;1.000000
2,test_02514,23
3,test_02514,0.465188
1,test_02515,0.000000;0.116129;0.218568;0.350403;0.434421;0.547058;0.660458;0.784777;0.884739;1.000000
2,test_02515,-1
3,test_02515,0.466848
1,test_02516,0.000000;0.119394;0.215663;0.322995;0.428746;0.544596;0.671583;0.781870;0.885240;1.000000
2,test_02516,6
3,test_02516,0.461496
1,test_02517,0.000000;0.111106;0.217781;0.311502;0.421680;0.539497;0.652763;0.771239;0.886831;1.000000
2,test_02517,41
3,test_02517,0.453036
1,test_02518,0.000000;0.114964;0.220915;0.327766;0.432615;0.550684;0.666925;0.787166;0.890403;1.000000
2,test_02518,23
3,test_02518,0.465188
1,test_02519,0.000000;0.110244;0.212607;0.330485;0.446712;0.556305;0.673182;0.791374;0.902094;1.000000
2,test_02519,46
3,test_02519,0.448540
1,test_02520,0.000000;0.110122;0.223752;0.335678;0.452379;0.564914;0.670022;0.787640;0.896892;1.000000
2,test_02520,29
3,test_02520,0.453835
1,test_02521,0.000000;0.118419;0.248708;0.386294;0.475327;0.552873;0.678244;0.775388;0.873446;1.000000
2,test_02521,-1
3,test_02521,0.488081
1,test_02522,0.000000;0.115211;0.238332;0.346622;0.452626;0.561298;0.665504;0.778368;0.888165;1.000000
2,test_02522,37
3,test_02522,0.465629
1,test_02523,0.000000;0.099711;0.224092;0.329673;0.444325;0.560609;0.663763;0.774109;0.884547;1.000000
2,test_02523,47
3,test_02523,0.468357
1,test_02524,0.000000;0.100928;0.208735;0.312632;0.434895;0.549406;0.668007;0.778746;0.894910;1.000000
2,test_02524,14
3,test_02524,0.465568
1,test_02525,0.000000;0.109104;0.228837;0.341762;0.454882;0.569311;0.682016;0.776132;0.876932;1.000000
2,test_02525,17
3,test_02525,0.470734
1,test_02526,0.000000;0.096427;0.187261;0.305116;0.428481;0.544738;0.655856;0.783923;0.879745;1.000000
2,test_02526,-1
3,test_02526,0.478148
1,test_02527,0.000000;0.111509;0.230278;0.341604;0.444999;0.565259;0.677215;0.782219;0.887417;1.000000
2,test_02527,45
3,test_02527,0.461232
1,test_02528,0.000000;0.108090;0.225134;0.338098;0.450975;0.564338;0.677650;0.783144;0.893882;1.000000
2,test_02528,32
3,test_02528,0.461831
1,test_02529,0.000000;0.122156;0.231502;0.335384;0.454719;0.563137;0.668078;0.771007;0.895043;1.000000
2,test_02529,13
3,test_02529,0.461512
1,test_02530,0.000000;0.122156;0.231502;0.335384;0.454719;0.563137;0.668078;0.771007;0.895043;1.000000
2,test_02530,13
3,test_02530,0.461512
1,test_02531,0.000000;0.103110;0.222392;0.325539;0.441055;0.551544;0.650121;0.764290;0.873999;1.000000
2,test_02531,31
3,test_02531,0.471962
1,test_02532,0.000000;0.110974;0.223773;0.337893;0.448078;0.567164;0.670585;0.771945;0.879925;1.000000
2,test_02532,36
3,test_02532,0.458080
1,test_02533,0.000000;0.126382;0.237307;0.339170;0.450400;0.559117;0.667802;0.786067;0.895666;1.000000
2,test_02533,8
3,test_02533,0.466198
1,test_02534,0.000000;0.112344;0.222652;0.336817;0.451486;0.562386;0.673508;0.781881;0.888285;1.000000
2,test_02534,27
3,test_02534,0.466392
1,test_02535,0.000000;0.111106;0.217781;0.311502;0.421680;0.539497;0.652763;0.771239;0.886831;1.000000
2,test_02535,41
3,test_02535,0.453036
1,test_02536,0.000000;0.101171;0.204691;0.330543;0.444365;0.560299;0.684643;0.793184;0.886540;1.000000
2,test_02536,-1
3,test_02536,0.473930
1,test_02537,0.000000;0.112344;0.222652;0.336817;0.451486;0.562386;0.673508;0.781881;0.888285;1.000000
2,test_02537,26
3,test_02537,0.466392
1,test_02538,0.000000;0.112344;0.222652;0.336817;0.451486;0.562386;0.673508;0.781881;0.888285;1.000000
2,test_02538,20
3,test_02538,0.466392
1,test_02539,0.000000;0.099925;0.197381;0.323060;0.415631;0.532501;0.662125;0.776103;0.885929;1.000000
2,test_02539,-1
3,test_02539,0.448130
1,test_02540,0.000000;0.099418;0.202248;0.307036;0.421876;0.541981;0.640687;0.741055;0.878806;1.000000
2,test_02540,-1
3,test_02540,0.445428
1,test_02541,0.000000;0.126382;0.237307;0.339170;0.450400;0.559117;0.667802;0.786067;0.895666;1.000000
2,test_02541,1
3,test_02541,0.466198
1,test_02542,0.000000;0.122156;0.231502;0.335384;0.454719;0.563137;0.668078;0.771007;0.895043;1.000000
2,test_02542,13
3,test_02542,0.461512
1,test_02543,0.000000;0.099711;0.224092;0.329673;0.444325;0.560609;0.663763;0.774109;0.884547;1.000000
2,test_02543,47
3,test_02543,0.468357
1,test_02544,0.000000;0.109644;0.222634;0.336281;0.455908;0.564856;0.667504;0.773036;0.886015;1.000000
2,test_02544,19
3,test_02544,0.460897
1,test_02545,0.000000;0.090942;0.204416;0.310295;0.425031;0.556896;0.673875;0.782803;0.893824;1.000000
2,test_02545,-1
3,test_02545,0.485176
1,test_02546,0.000000;0.099711;0.224092;0.329673;0.444325;0.560609;0.663763;0.774109;0.884547;1.000000
2,test_02546,47
3,test_02546,0.468357
1,test_02547,0.000000;0.121354;0.239249;0.351697;0.471223;0.594049;0.695434;0.787251;0.894318;1.000000
2,test_02547,35
3,test_02547,0.473054
1,test_02548,0.000000;0.112543;0.222887;0.335288;0.444123;0.554894;0.668297;0.784907;0.893819;1.000000
2,test_02548,21
3,test_02548,0.464525
1,test_02549,0.000000;0.112877;0.203765;0.297200;0.390205;0.518938;0.630465;0.737390;0.861636;1.000000
2,test_02549,-1
3,test_02549,0.476485
1,test_02550,0.000000;0.122255;0.216340;0.334728;0.439366;0.550278;0.659329;0.759949;0.875147;1.000000
2,test_02550,44
3,test_02550,0.471424
1,test_02551,0.000000;0.103110;0.222392;0.325539;0.441055;0.551544;0.650121;0.764290;0.873999;1.000000
2,test_02551,38
3,test_02551,0.471962
1,test_02552,0.000000;0.099277;0.210287;0.323415;0.429444;0.559168;0.668304;0.777405;0.888344;1.000000
2,test_02552,15
3,test_02552,0.470553
1,test_02553,0.000000;0.095738;0.201823;0.320461;0.414973;0.581868;0.682851;0.778405;0.876909;1.000000
2,test_02553,-1
3,test_02553,0.439256
1,test_02554,0.000000;0.093169;0.215692;0.330314;0.448071;0.554652;0.652886;0.749077;0.861243;1.000000
2,test_02554,-1
3,test_02554,0.445994
1,test_02555,0.000000;0.111106;0.217781;0.311502;0.421680;0.539497;0.652763;0.771239;0.886831;1.000000
2,test_02555,48
3,test_02555,0.453036
1,test_02556,0.000000;0.099711;0.224092;0.329673;0.444325;0.560609;0.663763;0.774109;0.884547;1.000000
2,test_02556,40
3,test_02556,0.468357
1,test_02557,0.000000;0.099711;0.224092;0.329673;0.444325;0.560609;0.663763;0.774109;0.884547;1.000000
2,test_02557,47
3,test_02557,0.468357
1,test_02558,0.000000;0.111509;0.230278;0.341604;0.444999;0.565259;0.677215;0.782219;0.887417;1.000000
2,test_02558,3
3,test_02558,0.461232
1,test_02559,0.000000;0.126382;0.237307;0.339170;0.450400;0.559117;0.667802;0.786067;0.895666;1.000000
2,test_02559,8
3,test_02559,0.466198
1,test_02560,0.000000;0.109644;0.222634;0.336281;0.455908;0.564856;0.667504;0.773036;0.886015;1.000000
2,test_02560,12
3,test_02560,0.460897
1,test_02561,0.000000;0.115379;0.237148;0.341257;0.430026;0.541846;0.652730;0.764300;0.874196;1.000000
2,test_02561,-1
3,test_02561,0.475513
1,test_02562,0.000000;0.125074;0.229828;0.338438;0.441649;0.552031;0.656407;0.776168;0.895635;1.000000
2,test_02562,18
3,test_02562,0.461987
1,test_02563,0.000000;0.102855;0.212931;0.319076;0.448565;0.566242;0.682087;0.789711;0.892991;1.000000
2,test_02563,24
3,test_02563,0.474685
1,test_02564,0.000000;0.092960;0.176386;0.273002;0.362261;0.486022;0.614617;0.722137;0.855385;1.000000
2,test_02564,-1
3,test_02564,0.464978
1,test_02565,0.000000;0.114964;0.220915;0.327766;0.432615;0.550684;0.666925;0.787166;0.890403;1.000000
2,test_02565,23
3,test_02565,0.465188
1,test_02566,0.000000;0.115211;0.238332;0.346622;0.452626;0.561298;0.665504;0.778368;0.888165;1.000000
2,test_02566,30
3,test_02566,0.465629
1,test_02567,0.000000;0.109644;0.222634;0.336281;0.455908;0.564856;0.667504;0.773036;0.886015;1.000000
2,test_02567,19
3,test_02567,0.460897
1,test_02568,0.000000;0.118140;0.245476;0.349293;0.478219;0.566899;0.687356;0.766164;0.875557;1.000000
2,test_02568,-1
3,test_02568,0.454367
1,test_02569,0.000000;0.149756;0.250399;0.362505;0.472767;0.579224;0.664413;0.762610;0.884487;1.000000
2,test_02569,-1
3,test_02569,0.453339
1,test_02570,0.000000;0.112344;0.222652;0.336817;0.451486;0.562386;0.673508;0.781881;0.888285;1.000000
2,test_02570,20
3,test_02570,0.466392
1,test_02571,0.000000;0.127762;0.227805;0.352128;0.446398;0.541630;0.670909;0.793369;0.891774;1.000000
2,test_02571,16
3,test_02571,0.440359
1,test_02572,0.000000;0.114964;0.220915;0.327766;0.432615;0.550684;0.666925;0.787166;0.890403;1.000000
2,test_02572,23
3,test_02572,0.465188
1,test_02573,0.000000;0.109104;0.228837;0.341762;0.454882;0.569311;0.682016;0.776132;0.876932;1.000000
2,test_02573,17
3,test_02573,0.470734
1,test_02574,0.000000;0.116005;0.226737;0.339187;0.450510;0.565891;0.664038;0.781882;0.894745;1.000000
2,test_02574,7
3,test_02574,0.455739
1,test_02575,0.000000;0.099711;0.224092;0.329673;0.444325;0.560609;0.663763;0.774109;0.884547;1.000000
2,test_02575,40
3,test_02575,0.468357
1,test_02576,0.000000;0.104733;0.223182;0.335558;0.446220;0.549196;0.657133;0.765797;0.876724;1.000000
2,test_02576,2
3,test_02576,0.461534
1,test_02577,0.000000;0.090398;0.198173;0.318919;0.460769;0.563301;0.663903;0.786305;0.896908;1.000000
2,test_02577,-1
3,test_02577,0.471540
1,test_02578,0.000000;0.104733;0.223182;0.335558;0.446220;0.549196;0.657133;0.765797;0.876724;1.000000
2,test_02578,9
3,test_02578,0.461534
1,test_02579,0.000000;0.103144;0.217227;0.321420;0.438868;0.564167;0.662241;0.766911;0.893168;1.000000
2,test_02579,34
3,test_02579,0.473065
1,test_02580,0.000000;0.108090;0.225134;0.338098;0.450975;0.564338;0.677650;0.783144;0.893882;1.000000
2,test_02580,39
3,test_02580,0.461831
1,test_02581,0.000000;0.109104;0.228837;0.341762;0.454882;0.569311;0.682016;0.776132;0.876932;1.000000
2,test_02581,10
3,test_02581,0.470734
1,test_02582,0.000000;0.126382;0.237307;0.339170;0.450400;0.559117;0.667802;0.786067;0.895666;1.000000
2,test_02582,8
3,test_02582,0.466198
1,test_02583,0.000000;0.094781;0.222891;0.333901;0.437954;0.550199;0.656469;0.772664;0.877219;1.000000
2,test_02583,43
3,test_02583,0.465892
1,test_02584,0.000000;0.119399;0.218558;0.345887;0.458597;0.566974;0.674198;0.806826;0.916238;1.000000
2,test_02584,-1
3,test_02584,0.430189
1,test_02585,0.000000;0.114964;0.220915;0.327766;0.432615;0.550684;0.666925;0.787166;0.890403;1.000000
2,test_02585,23
3,test_02585,0.465188
1,test_02586,0.000000;0.114964;0.220915;0.327766;0.432615;0.550684;0.666925;0.787166;0.890403;1.000000
2,test_02586,23
3,test_02586,0.465188
1,test_02587,0.000000;0.104733;0.223182;0.335558;0.446220;0.549196;0.657133;0.765797;0.876724;1.000000
2,test_02587,2
3,test_02587,0.461534
1,test_02588,0.000000;0.123158;0.210491;0.334740;0.451202;0.546427;0.658460;0.784071;0.887796;1.000000
2,test_02588,-1
3,test_02588,0.490471
1,test_02589,0.000000;0.122255;0.216340;0.334728;0.439366;0.550278;0.659329;0.759949;0.875147;1.000000
2,test_02589,44
3,test_02589,0.471424
1,test_02590,0.000000;0.112344;0.222652;0.336817;0.451486;0.562386;0.673508;0.781881;0.888285;1.000000
2,test_02590,20
3,test_02590,0.466392
1,test_02591,0.000000;0.111509;0.230278;0.341604;0.444999;0.565259;0.677215;0.782219;0.887417;1.000000
2,test_02591,3
3,test_02591,0.461232
1,test_02592,0.000000;0.112543;0.222887;0.335288;0.444123;0.554894;0.668297;0.784907;0.893819;1.000000
2,test_02592,21
3,test_02592,0.464525
1,test_02593,0.000000;0.112543;0.222887;0.335288;0.444123;0.554894;0.668297;0.784907;0.893819;1.000000
2,test_02593,21
3,test_02593,0.464525
1,test_02594,0.000000;0.112543;0.222887;0.335288;0.444123;0.554894;0.668297;0.784907;0.893819;1.000000
2,test_02594,28
3,test_02594,0.464525
1,test_02595,0.000000;0.110244;0.212607;0.330485;0.446712;0.556305;0.673182;0.791374;0.902094;1.000000
2,test_02595,46
3,test_02595,0.448540
1,test_02596,0.000000;0.107993;0.211837;0.317663;0.429660;0.554736;0.671413;0.776934;0.892567;1.000000
2,test_02596,5
3,test_02596,0.468145
1,test_02597,0.000000;0.112335;0.226824;0.330222;0.433762;0.530173;0.640901;0.753212;0.872286;1.000000
2,test_02597,-1
3,test_02597,0.481862
1,test_02598,0.000000;0.112543;0.222887;0.335288;0.444123;0.554894;0.668297;0.784907;0.893819;1.000000
2,test_02598,28
3,test_02598,0.464525
1,test_02599,0.000000;0.102855;0.212931;0.319076;0.448565;0.566242;0.682087;0.789711;0.892991;1.000000
2,test_02599,24
3,test_02599,0.474685
1,test_02600,0.000000;0.114138;0.227936;0.364807;0.491325;0.595060;0.700832;0.817098;0.910090;1.000000
2,test_02600,-1
3,test_02600,0.467425
1,test_02601,0.000000;0.100928;0.208735;0.312632;0.434895;0.549406;0.668007;0.778746;0.894910;1.000000
2,test_02601,14
3,test_02601,0.465568
1,test_02602,0.000000;0.113295;0.227974;0.343832;0.461528;0.593095;0.678648;0.793587;0.910141;1.000000
2,test_02602,-1
3,test_02602,0.447247
1,test_02603,0.000000;0.112543;0.222887;0.335288;0.444123;0.554894;0.668297;0.784907;0.893819;1.000000
2,test_02603,28
3,test_02603,0.464525
1,test_02604,0.000000;0.114559;0.214147;0.325311;0.437686;0.547307;0.660492;0.768955;0.888859;1.000000
2,test_02604,42
3,test_02604,0.484168
1,test_02605,0.000000;0.111509;0.230278;0.341604;0.444999;0.565259;0.677215;0.782219;0.887417;1.000000
2,test_02605,3
3,test_02605,0.461232
1,test_02606,0.000000;0.109104;0.228837;0.341762;0.454882;0.569311;0.682016;0.776132;0.876932;1.000000
2,test_02606,17
3,test_02606,0.470734
1,test_02607,0.000000;0.112543;0.222887;0.335288;0.444123;0.554894;0.668297;0.784907;0.893819;1.000000
2,test_02607,28
3,test_02607,0.464525
1,test_02608,0.000000;0.110244;0.212607;0.330485;0.446712;0.556305;0.673182;0.791374;0.902094;1.000000
2,test_02608,46
3,test_02608,0.448540
1,test_02609,0.000000;0.112543;0.222887;0.335288;0.444123;0.554894;0.668297;0.784907;0.893819;1.000000
2,test_02609,21
3,test_02609,0.464525
1,test_02610,0.000000;0.110974;0.223773;0.337893;0.448078;0.567164;0.670585;0.771945;0.879925;1.000000
2,test_02610,36
3,test_02610,0.458080
1,test_02611,0.000000;0.112344;0.222652;0.336817;0.451486;0.562386;0.673508;0.781881;0.888285;1.000000
2,test_02611,27
3,test_02611,0.466392
1,test_02612,0.000000;0.082715;0.171738;0.281645;0.403040;0.529741;0.626913;0.765836;0.896694;1.000000
2,test_02612,-1
3,test_02612,0.449276
1,test_02613,0.000000;0.099711;0.224092;0.329673;0.444325;0.560609;0.663763;0.774109;0.884547;1.000000
2,test_02613,47
3,test_02613,0.468357
1,test_02614,0.000000;0.103144;0.217227;0.321420;0.438868;0.564167;0.662241;0.766911;0.893168;1.000000
2,test_02614,34
3,test_02614,0.473065
1,test_02615,0.000000;0.106619;0.228836;0.328852;0.445023;0.587011;0.667777;0.780057;0.884575;1.000000
2,test_02615,-1
3,test_02615,0.461478
1,test_02616,0.000000;0.126382;0.237307;0.339170;0.450400;0.559117;0.667802;0.786067;0.895666;1.000000
2,test_02616,1
3,test_02616,0.466198
1,test_02617,0.000000;0.104733;0.223182;0.335558;0.446220;0.549196;0.657133;0.765797;0.876724;1.000000
2,test_02617,2
3,test_02617,0.461534
1,test_02618,0.000000;0.104733;0.223182;0.335558;0.446220;0.549196;0.657133;0.765797;0.876724;1.000000
2,test_02618,9
3,test_02618,0.461534
1,test_02619,0.000000;0.112344;0.222652;0.336817;0.451486;0.562386;0.673508;0.781881;0.888285;1.000000
2,test_02619,20
3,test_02619,0.466392
1,test_02620,0.000000;0.116005;0.226737;0.339187;0.450510;0.565891;0.664038;0.781882;0.894745;1.000000
2,test_02620,0
3,test_02620,0.455739
1,test_02621,0.000000;0.111106;0.217781;0.311502;0.421680;0.539497;0.652763;0.771239;0.886831;1.000000
2,test_02621,48
3,test_02621,0.453036
1,test_02622,0.000000;0.110122;0.223752;0.335678;0.452379;0.564914;0.670022;0.787640;0.896892;1.000000
2,test_02622,29
3,test_02622,0.453835
1,test_02623,0.000000;0.111383;0.241156;0.369783;0.475933;0.558784;0.668208;0.759575;0.882317;1.000000
2,test_02623,-1
3,test_02623,0.476667
1,test_02624,0.000000;0.109644;0.222634;0.336281;0.455908;0.564856;0.667504;0.773036;0.886015;1.000000
2,test_02624,19
3,test_02624,0.460897
1,test_02625,0.000000;0.112543;0.222887;0.335288;0.444123;0.554894;0.668297;0.784907;0.893819;1.000000
2,test_02625,28
3,test_02625,0.464525
1,test_02626,0.000000;0.124117;0.245033;0.354521;0.480917;0.601809;0.689467;0.799069;0.887406;1.000000
2,test_02626,-1
3,test_02626,0.493602
1,test_02627,0.000000;0.111509;0.230278;0.341604;0.444999;0.565259;0.677215;0.782219;0.887417;1.000000
2,test_02627,3
3,test_02627,0.461232
1,test_02628,0.000000;0.112543;0.222887;0.335288;0.444123;0.554894;0.668297;0.784907;0.893819;1.000000
2,test_02628,28
3,test_02628,0.464525
1,test_02629,0.000000;0.110122;0.223752;0.335678;0.452379;0.564914;0.670022;0.787640;0.896892;1.000000
2,test_02629,29
3,test_02629,0.453835
1,test_02630,0.000000;0.126382;0.237307;0.339170;0.450400;0.559117;0.667802;0.786067;0.895666;1.000000
2,test_02630,1
3,test_02630,0.466198
1,test_02631,0.000000;0.125074;0.229828;0.338438;0.441649;0.552031;0.656407;0.776168;0.895635;1.000000
2,test_02631,18
3,test_02631,0.461987
1,test_02632,0.000000;0.109588;0.213644;0.326169;0.445755;0.561643;0.685418;0.786981;0.896842;1.000000
2,test_02632,33
3,test_02632,0.461751
1,test_02633,0.000000;0.116977;0.223842;0.332522;0.444361;0.569782;0.695245;0.798528;0.891405;1.000000
2,test_02633,-1
3,test_02633,0.466540
1,test_02634,0.000000;0.110974;0.223773;0.337893;0.448078;0.567164;0.670585;0.771945;0.879925;1.000000
2,test_02634,36
3,test_02634,0.458080
1,test_02635,0.000000;0.108090;0.225134;0.338098;0.450975;0.564338;0.677650;0.783144;0.893882;1.000000
2,test_02635,32
3,test_02635,0.461831
1,test_02636,0.000000;0.114559;0.214147;0.325311;0.437686;0.547307;0.660492;0.768955;0.888859;1.000000
2,test_02636,49
3,test_02636,0.484168
1,test_02637,0.000000;0.124304;0.266617;0.379365;0.502692;0.603673;0.705011;0.809554;0.899772;1.000000
2,test_02637,-1
3,test_02637,0.463573
1,test_02638,0.000000;0.099711;0.224092;0.329673;0.444325;0.560609;0.663763;0.774109;0.884547;1.000000
2,test_02638,40
3,test_02638,0.468357
1,test_02639,0.000000;0.112344;0.222652;0.336817;0.451486;0.562386;0.673508;0.781881;0.888285;1.000000
2,test_02639,20
3,test_02639,0.466392
1,test_02640,0.000000;0.101930;0.213195;0.316794;0.422636;0.526829;0.645701;0.760317;0.883105;1.000000
2,test_02640,-1
3,test_02640,0.443926
1,test_02641,0.000000;0.114559;0.214147;0.325311;0.437686;0.547307;0.660492;0.768955;0.888859;1.000000
2,test_02641,42
3,test_02641,0.484168
1,test_02642,0.000000;0.099711;0.224092;0.329673;0.444325;0.560609;0.663763;0.774109;0.884547;1.000000
2,test_02642,40
3,test_02642,0.468357
1,test_02643,0.000000;0.112344;0.222652;0.336817;0.451486;0.562386;0.673508;0.781881;0.888285;1.000000
2,test_02643,27
3,test_02643,0.466392
1,test_02644,0.000000;0.111106;0.217781;0.311502;0.421680;0.539497;0.652763;0.771239;0.886831;1.000000
2,test_02644,41
3,test_02644,0.453036
1,test_02645,0.000000;0.115211;0.238332;0.346622;0.452626;0.561298;0.665504;0.778368;0.888165;1.000000
2,test_02645,30
3,test_02645,0.465629
1,test_02646,0.000000;0.100928;0.208735;0.312632;0.434895;0.549406;0.668007;0.778746;0.894910;1.000000
2,test_02646,14
3,test_02646,0.465568
1,test_02647,0.000000;0.095232;0.215764;0.343752;0.457952;0.565704;0.688284;0.784762;0.872355;1.000000
2,test_02647,-1
3,test_02647,0.516898
1,test_02648,0.000000;0.116005;0.226737;0.339187;0.450510;0.565891;0.664038;0.781882;0.894745;1.000000
2,test_02648,0
3,test_02648,0.455739
1,test_02649,0.000000;0.103240;0.203997;0.308048;0.422229;0.550170;0.649347;0.759400;0.868807;1.000000
2,test_02649,-1
3,test_02649,0.466118
1,test_02650,0.000000;0.125074;0.229828;0.338438;0.441649;0.552031;0.656407;0.776168;0.895635;1.000000
2,test_02650,11
3,test_02650,0.461987
1,test_02651,0.000000;0.112344;0.222652;0.336817;0.451486;0.562386;0.673508;0.781881;0.888285;1.000000
2,test_02651,27
3,test_02651,0.466392
1,test_02652,0.000000;0.112344;0.222652;0.336817;0.451486;0.562386;0.673508;0.781881;0.888285;1.000000
2,test_02652,27
3,test_02652,0.466392
1,test_02653,0.000000;0.121354;0.239249;0.351697;0.471223;0.594049;0.695434;0.787251;0.894318;1.000000
2,test_02653,35
3,test_02653,0.473054
1,test_02654,0.000000;0.113032;0.241519;0.363123;0.470522;0.561566;0.706729;0.792139;0.889274;1.000000
2,test_02654,-1
3,test_02654,0.478738
1,test_02655,0.000000;0.112344;0.222652;0.336817;0.451486;0.562386;0.673508;0.781881;0.888285;1.000000
2,test_02655,26
3,test_02655,0.466392
1,test_02656,0.000000;0.098805;0.217941;0.344759;0.459471;0.582913;0.687920;0.787778;0.897152;1.000000
2,test_02656,-1
3,test_02656,0.462446
1,test_02657,0.000000;0.110974;0.223773;0.337893;0.448078;0.567164;0.670585;0.771945;0.879925;1.000000
2,test_02657,36
3,test_02657,0.458080
1,test_02658,0.000000;0.125740;0.261247;0.373578;0.507004;0.616594;0.711439;0.816459;0.899274;1.000000
2,test_02658,-1
3,test_02658,0.475845
1,test_02659,0.000000;0.112543;0.222887;0.335288;0.444123;0.554894;0.668297;0.784907;0.893819;1.000000
2,test_02659,21
3,test_02659,0.464525
1,test_02660,0.000000;0.116005;0.226737;0.339187;0.450510;0.565891;0.664038;0.781882;0.894745;1.000000
2,test_02660,7
3,test_02660,0.455739
1,test_02661,0.000000;0.112344;0.222652;0.336817;0.451486;0.562386;0.673508;0.781881;0.888285;1.000000
2,test_02661,27
3,test_02661,0.466392
1,test_02662,0.000000;0.111509;0.230278;0.341604;0.444999;0.565259;0.677215;0.782219;0.887417;1.000000
2,test_02662,3
3,test_02662,0.461232
1,test_02663,0.000000;0.094781;0.222891;0.333901;0.437954;0.550199;0.656469;0.772664;0.877219;1.000000
2,test_02663,43
3,test_02663,0.465892
1,test_02664,0.000000;0.090513;0.193077;0.304336;0.422540;0.557838;0.667760;0.765605;0.864929;1.000000
2,test_02664,-1
3,test_02664,0.485816
1,test_02665,0.000000;0.110122;0.223752;0.335678;0.452379;0.564914;0.670022;0.787640;0.896892;1.000000
2,test_02665,29
3,test_02665,0.453835
1,test_02666,0.000000;0.112344;0.222652;0.336817;0.451486;0.562386;0.673508;0.781881;0.888285;1.000000
2,test_02666,26
3,test_02666,0.466392
1,test_02667,0.000000;0.111106;0.217781;0.311502;0.421680;0.539497;0.652763;0.771239;0.886831;1.000000
2,test_02667,48
3,test_02667,0.453036
1,test_02668,0.000000;0.111508;0.240959;0.355277;0.444681;0.569170;0.670045;0.786098;0.898568;1.000000
2,test_02668,-1
3,test_02668,0.483997
1,test_02669,0.000000;0.119848;0.248116;0.380387;0.472616;0.574420;0.675723;0.768918;0.896696;1.000000
2,test_02669,-1
3,test_02669,0.427804
1,test_02670,0.000000;0.108398;0.223536;0.349233;0.466259;0.569833;0.693787;0.796175;0.917115;1.000000
2,test_02670,-1
3,test_02670,0.451263
1,test_02671,0.000000;0.112344;0.222652;0.336817;0.451486;0.562386;0.673508;0.781881;0.888285;1.000000
2,test_02671,20
3,test_02671,0.466392
1,test_02672,0.000000;0.103110;0.222392;0.325539;0.441055;0.551544;0.650121;0.764290;0.873999;1.000000
2,test_02672,38
3,test_02672,0.471962
1,test_02673,0.000000;0.099277;0.210287;0.323415;0.429444;0.559168;0.668304;0.777405;0.888344;1.000000
2,test_02673,15
3,test_02673,0.470553
1,test_02674,0.000000;0.114559;0.214147;0.325311;0.437686;0.547307;0.660492;0.768955;0.888859;1.000000
2,test_02674,49
3,test_02674,0.484168
1,test_02675,0.000000;0.116958;0.220438;0.340789;0.449869;0.556260;0.698624;0.805163;0.908393;1.000000
2,test_02675,-1
3,test_02675,0.476055
1,test_02676,0.000000;0.122255;0.216340;0.334728;0.439366;0.550278;0.659329;0.759949;0.875147;1.000000
2,test_02676,44
3,test_02676,0.471424
1,test_02677,0.000000;0.108090;0.225134;0.338098;0.450975;0.564338;0.677650;0.783144;0.893882;1.000000
2,test_02677,32
3,test_02677,0.461831
1,test_02678,0.000000;0.114964;0.220915;0.327766;0.432615;0.550684;0.666925;0.787166;0.890403;1.000000
2,test_02678,23
3,test_02678,0.465188
1,test_02679,0.000000;0.100949;0.218211;0.341114;0.460970;0.561965;0.679569;0.817983;0.919994;1.000000
2,test_02679,-1
3,test_02679,0.433564
1,test_02680,0.000000;0.109644;0.222634;0.336281;0.455908;0.564856;0.667504;0.773036;0.886015;1.000000
2,test_02680,12
3,test_02680,0.460897
1,test_02681,0.000000;0.112344;0.222652;0.336817;0.451486;0.562386;0.673508;0.781881;0.888285;1.000000
2,test_02681,26
3,test_02681,0.466392
1,test_02682,0.000000;0.108090;0.225134;0.338098;0.450975;0.564338;0.677650;0.783144;0.893882;1.000000
2,test_02682,32
3,test_02682,0.461831
1,test_02683,0.000000;0.119394;0.215663;0.322995;0.428746;0.544596;0.671583;0.781870;0.885240;1.000000
2,test_02683,6
3,test_02683,0.461496
1,test_02684,0.000000;0.112344;0.222652;0.336817;0.451486;0.562386;0.673508;0.781881;0.888285;1.000000
2,test_02684,20
3,test_02684,0.466392
1,test_02685,0.000000;0.103110;0.222392;0.325539;0.441055;0.551544;0.650121;0.764290;0.873999;1.000000
2,test_02685,38
3,test_02685,0.471962
1,test_02686,0.000000;0.112344;0.222652;0.336817;0.451486;0.562386;0.673508;0.781881;0.888285;1.000000
2,test_02686,20
3,test_02686,0.466392
1,test_02687,0.000000;0.110122;0.223752;0.335678;0.452379;0.564914;0.670022;0.787640;0.896892;1.000000
2,test_02687,22
3,test_02687,0.453835
1,test_02688,0.000000;0.114559;0.214147;0.325311;0.437686;0.547307;0.660492;0.768955;0.888859;1.000000
2,test_02688,42
3,test_02688,0.484168
1,test_02689,0.000000;0.102177;0.188599;0.305536;0.399563;0.537347;0.649796;0.759810;0.892299;1.000000
2,test_02689,-1
3,test_02689,0.514201
1,test_02690,0.000000;0.127762;0.227805;0.352128;0.446398;0.541630;0.670909;0.793369;0.891774;1.000000
2,test_02690,16
3,test_02690,0.440359
1,test_02691,0.000000;0.103064;0.219046;0.309032;0.410635;0.533053;0.637482;0.767275;0.883360;1.000000
2,test_02691,-1
3,test_02691,0.497830
1,test_02692,0.000000;0.129503;0.238137;0.353288;0.476165;0.584735;0.688585;0.780997;0.887459;1.000000
2,test_02692,-1
3,test_02692,0.495151
1,test_02693,0.000000;0.099711;0.224092;0.329673;0.444325;0.560609;0.663763;0.774109;0.884547;1.000000
2,test_02693,47
3,test_02693,0.468357
1,test_02694,0.000000;0.100928;0.208735;0.312632;0.434895;0.549406;0.668007;0.778746;0.894910;1.000000
2,test_02694,14
3,test_02694,0.465568
1,test_02695,0.000000;0.099277;0.210287;0.323415;0.429444;0.559168;0.668304;0.777405;0.888344;1.000000
2,test_02695,15
3,test_02695,0.470553
1,test_02696,0.000000;0.107301;0.217176;0.329659;0.435457;0.548579;0.663905;0.788428;0.897126;1.000000
2,test_02696,-1
3,test_02696,0.490216
1,test_02697,0.000000;0.094781;0.222891;0.333901;0.437954;0.550199;0.656469;0.772664;0.877219;1.000000
2,test_02697,43
3,test_02697,0.465892
1,test_02698,0.000000;0.111509;0.230278;0.341604;0.444999;0.565259;0.677215;0.782219;0.887417;1.000000
2,test_02698,45
3,test_02698,0.461232
1,test_02699,0.000000;0.112543;0.222887;0.335288;0.444123;0.554894;0.668297;0.784907;0.893819;1.000000
2,test_02699,28
3,test_02699,0.464525
1,test_02700,0.000000;0.114559;0.214147;0.325311;0.437686;0.547307;0.660492;0.768955;0.888859;1.000000
2,test_02700,42
3,test_02700,0.484168
1,test_02701,0.000000;0.125074;0.229828;0.338438;0.441649;0.552031;0.656407;0.776168;0.895635;1.000000
2,test_02701,11
3,test_02701,0.461987
1,test_02702,0.000000;0.099711;0.224092;0.329673;0.444325;0.560609;0.663763;0.774109;0.884547;1.000000
2,test_02702,40
3,test_02702,0.468357
1,test_02703,0.000000;0.111106;0.217781;0.311502;0.421680;0.539497;0.652763;0.771239;0.886831;1.000000
2,test_02703,48
3,test_02703,0.453036
1,test_02704,0.000000;0.116005;0.226737;0.339187;0.450510;0.565891;0.664038;0.781882;0.894745;1.000000
2,test_02704,7
3,test_02704,0.455739
1,test_02705,0.000000;0.110244;0.212607;0.330485;0.446712;0.556305;0.673182;0.791374;0.902094;1.000000
2,test_02705,4
3,test_02705,0.448540
1,test_02706,0.000000;0.114964;0.220915;0.327766;0.432615;0.550684;0.666925;0.787166;0.890403;1.000000
2,test_02706,23
3,test_02706,0.465188
1,test_02707,0.000000;0.109588;0.213644;0.326169;0.445755;0.561643;0.685418;0.786981;0.896842;1.000000
2,test_02707,33
3,test_02707,0.461751
1,test_02708,0.000000;0.116005;0.226737;0.339187;0.450510;0.565891;0.664038;0.781882;0.894745;1.000000
2,test_02708,0
3,test_02708,0.455739
1,test_02709,0.000000;0.086677;0.199096;0.293254;0.395291;0.515259;0.657206;0.766122;0.903678;1.000000
2,test_02709,-1
3,test_02709,0.442957
1,test_02710,0.000000;0.115211;0.238332;0.346622;0.452626;0.561298;0.665504;0.778368;0.888165;1.000000
2,test_02710,30
3,test_02710,0.465629
1,test_02711,0.000000;0.107993;0.211837;0.317663;0.429660;0.554736;0.671413;0.776934;0.892567;1.000000
2,test_02711,5
3,test_02711,0.468145
1,test_02712,0.000000;0.099277;0.210287;0.323415;0.429444;0.559168;0.668304;0.777405;0.888344;1.000000
2,test_02712,15
3,test_02712,0.470553
1,test_02713,0.000000;0.110122;0.223752;0.335678;0.452379;0.564914;0.670022;0.787640;0.896892;1.000000
2,test_02713,29
3,test_02713,0.453835
1,test_02714,0.000000;0.093911;0.215465;0.315969;0.403928;0.547166;0.656030;0.792683;0.910492;1.000000
2,test_02714,-1
3,test_02714,0.460146
1,test_02715,0.000000;0.094781;0.222891;0.333901;0.437954;0.550199;0.656469;0.772664;0.877219;1.000000
2,test_02715,43
3,test_02715,0.465892
1,test_02716,0.000000;0.112344;0.222652;0.336817;0.451486;0.562386;0.673508;0.781881;0.888285;1.000000
2,test_02716,25
3,test_02716,0.466392
1,test_02717,0.000000;0.109552;0.223804;0.352736;0.446959;0.567167;0.703437;0.835991;0.917297;1.000000
2,test_02717,-1
3,test_02717,0.454450
1,test_02718,0.000000;0.124180;0.232918;0.348385;0.485300;0.603083;0.713704;0.818016;0.913027;1.000000
2,test_02718,-1
3,test_02718,0.473757
1,test_02719,0.000000;0.108090;0.225134;0.338098;0.450975;0.564338;0.677650;0.783144;0.893882;1.000000
2,test_02719,32
3,test_02719,0.461831
1,test_02720,0.000000;0.109588;0.213644;0.326169;0.445755;0.561643;0.685418;0.786981;0.896842;1.000000
2,test_02720,33
3,test_02720,0.461751
1,test_02721,0.000000;0.114559;0.214147;0.325311;0.437686;0.547307;0.660492;0.768955;0.888859;1.000000
2,test_02721,49
3,test_02721,0.484168
1,test_02722,0.000000;0.108090;0.225134;0.338098;0.450975;0.564338;0.677650;0.783144;0.893882;1.000000
2,test_02722,39
3,test_02722,0.461831
1,test_02723,0.000000;0.114964;0.220915;0.327766;0.432615;0.550684;0.666925;0.787166;0.890403;1.000000
2,test_02723,23
3,test_02723,0.465188
1,test_02724,0.000000;0.111498;0.210940;0.316720;0.422023;0.545143;0.661812;0.766768;0.882765;1.000000
2,test_02724,-1
3,test_02724,0.423396
1,test_02725,0.000000;0.111509;0.230278;0.341604;0.444999;0.565259;0.677215;0.782219;0.887417;1.000000
2,test_02725,3
3,test_02725,0.461232
1,test_02726,0.000000;0.091339;0.199128;0.311013;0.430466;0.559640;0.682850;0.784523;0.871288;1.000000
2,test_02726,-1
3,test_02726,0.487816
1,test_02727,0.000000;0.099921;0.199488;0.311191;0.436500;0.539356;0.674145;0.802974;0.903370;1.000000
2,test_02727,-1
3,test_02727,0.458273
1,test_02728,0.000000;0.112344;0.222652;0.336817;0.451486;0.562386;0.673508;0.781881;0.888285;1.000000
2,test_02728,27
3,test_02728,0.466392
1,test_02729,0.000000;0.111106;0.217781;0.311502;0.421680;0.539497;0.652763;0.771239;0.886831;1.000000
2,test_02729,41
3,test_02729,0.453036
1,test_02730,0.000000;0.109644;0.222634;0.336281;0.455908;0.564856;0.667504;0.773036;0.886015;1.000000
2,test_02730,19
3,test_02730,0.460897
1,test_02731,0.000000;0.099711;0.224092;0.329673;0.444325;0.560609;0.663763;0.774109;0.884547;1.000000
2,test_02731,40
3,test_02731,0.468357
1,test_02732,0.000000;0.132779;0.233352;0.356223;0.456513;0.563621;0.649240;0.766568;0.892523;1.000000
2,test_02732,-1
3,test_02732,0.485859
1,test_02733,0.000000;0.116005;0.226737;0.339187;0.450510;0.565891;0.664038;0.781882;0.894745;1.000000
2,test_02733,7
3,test_02733,0.455739
1,test_02734,0.000000;0.103110;0.222392;0.325539;0.441055;0.551544;0.650121;0.764290;0.873999;1.000000
2,test_02734,38
3,test_02734,0.471962
1,test_02735,0.000000;0.106965;0.212894;0.321723;0.432200;0.529456;0.658386;0.776275;0.885857;1.000000
2,test_02735,-1
3,test_02735,0.447139
1,test_02736,0.000000;0.111832;0.243211;0.361822;0.458580;0.571930;0.687131;0.827108;0.910741;1.000000
2,test_02736,-1
3,test_02736,0.436253
1,test_02737,0.000000;0.110244;0.212607;0.330485;0.446712;0.556305;0.673182;0.791374;0.902094;1.000000
2,test_02737,46
3,test_02737,0.448540
1,test_02738,0.000000;0.099895;0.210947;0.346470;0.463860;0.611286;0.717497;0.805395;0.905603;1.000000
2,test_02738,-1
3,test_02738,0.452008
1,test_02739,0.000000;0.094781;0.222891;0.333901;0.437954;0.550199;0.656469;0.772664;0.877219;1.000000
2,test_02739,43
3,test_02739,0.465892
1,test_02740,0.000000;0.119394;0.215663;0.322995;0.428746;0.544596;0.671583;0.781870;0.885240;1.000000
2,test_02740,6
3,test_02740,0.461496
1,test_02741,0.000000;0.100928;0.208735;0.312632;0.434895;0.549406;0.668007;0.778746;0.894910;1.000000
2,test_02741,14
3,test_02741,0.465568
1,test_02742,0.000000;0.110974;0.223773;0.337893;0.448078;0.567164;0.670585;0.771945;0.879925;1.000000
2,test_02742,36
3,test_02742,0.458080
1,test_02743,0.000000;0.108090;0.225134;0.338098;0.450975;0.564338;0.677650;0.783144;0.893882;1.000000
2,test_02743,39
3,test_02743,0.461831
1,test_02744,0.000000;0.095982;0.226616;0.353643;0.442601;0.572153;0.679625;0.782433;0.895542;1.000000
2,test_02744,-1
3,test_02744,0.497608
1,test_02745,0.000000;0.100571;0.223169;0.347316;0.455558;0.561578;0.666763;0.782750;0.880194;1.000000
2,test_02745,-1
3,test_02745,0.469236
1,test_02746,0.000000;0.108027;0.240465;0.335283;0.435972;0.547611;0.639490;0.743017;0.851610;1.000000
2,test_02746,-1
3,test_02746,0.454751
1,test_02747,0.000000;0.115211;0.238332;0.346622;0.452626;0.561298;0.665504;0.778368;0.888165;1.000000
2,test_02747,37
3,test_02747,0.465629
1,test_02748,0.000000;0.085076;0.182529;0.326888;0.463381;0.560986;0.692184;0.809161;0.900369;1.000000
2,test_02748,-1
3,test_02748,0.506634
1,test_02749,0.000000;0.122156;0.231502;0.335384;0.454719;0.563137;0.668078;0.771007;0.895043;1.000000
2,test_02749,13
3,test_02749,0.461512
1,test_02750,0.000000;0.108090;0.225134;0.338098;0.450975;0.564338;0.677650;0.783144;0.893882;1.000000
2,test_02750,39
3,test_02750,0.461831
1,test_02751,0.000000;0.112344;0.222652;0.336817;0.451486;0.562386;0.673508;0.781881;0.888285;1.000000
2,test_02751,25
3,test_02751,0.466392
1,test_02752,0.000000;0.116005;0.226737;0.339187;0.450510;0.565891;0.664038;0.781882;0.894745;1.000000
2,test_02752,0
3,test_02752,0.455739
1,test_02753,0.000000;0.127762;0.227805;0.352128;0.446398;0.541630;0.670909;0.793369;0.891774;1.000000
2,test_02753,16
3,test_02753,0.440359
1,test_02754,0.000000;0.109104;0.228837;0.341762;0.454882;0.569311;0.682016;0.776132;0.876932;1.000000
2,test_02754,10
3,test_02754,0.470734
1,test_02755,0.000000;0.109104;0.228837;0.341762;0.454882;0.569311;0.682016;0.776132;0.876932;1.000000
2,test_02755,10
3,test_02755,0.470734
1,test_02756,0.000000;0.112344;0.222652;0.336817;0.451486;0.562386;0.673508;0.781881;0.888285;1.000000
2,test_02756,27
3,test_02756,0.466392
1,test_02757,0.000000;0.122156;0.231502;0.335384;0.454719;0.563137;0.668078;0.771007;0.895043;1.000000
2,test_02757,13
3,test_02757,0.461512
1,test_02758,0.000000;0.111106;0.217781;0.311502;0.421680;0.539497;0.652763;0.771239;0.886831;1.000000
2,test_02758,48
3,test_02758,0.453036
1,test_02759,0.000000;0.098796;0.198745;0.329236;0.427735;0.536556;0.658067;0.787783;0.893979;1.000000
2,test_02759,-1
3,test_02759,0.461454
1,test_02760,0.000000;0.130212;0.258737;0.371554;0.475444;0.569955;0.696538;0.798268;0.900214;1.000000
2,test_02760,-1
3,test_02760,0.488908
1,test_02761,0.000000;0.122156;0.231502;0.335384;0.454719;0.563137;0.668078;0.771007;0.895043;1.000000
2,test_02761,13
3,test_02761,0.461512
1,test_02762,0.000000;0.122120;0.238677;0.358938;0.479631;0.596039;0.689607;0.796393;0.899308;1.000000
2,test_02762,-1
3,test_02762,0.485949
1,test_02763,0.000000;0.112344;0.222652;0.336817;0.451486;0.562386;0.673508;0.781881;0.888285;1.000000
2,test_02763,26
3,test_02763,0.466392
1,test_02764,0.000000;0.125074;0.229828;0.338438;0.441649;0.552031;0.656407;0.776168;0.895635;1.000000
2,test_02764,18
3,test_02764,0.461987
1,test_02765,0.000000;0.115012;0.213334;0.345044;0.443135;0.557297;0.668660;0.787188;0.891773;1.000000
2,test_02765,-1
3,test_02765,0.486791
1,test_02766,0.000000;0.116005;0.226737;0.339187;0.450510;0.565891;0.664038;0.781882;0.894745;1.000000
2,test_02766,7
3,test_02766,0.455739
1,test_02767,0.000000;0.094781;0.222891;0.333901;0.437954;0.550199;0.656469;0.772664;0.877219;1.000000
2,test_02767,43
3,test_02767,0.465892
1,test_02768,0.000000;0.115211;0.238332;0.346622;0.452626;0.561298;0.665504;0.778368;0.888165;1.000000
2,test_02768,37
3,test_02768,0.465629
1,test_02769,0.000000;0.110244;0.212607;0.330485;0.446712;0.556305;0.673182;0.791374;0.902094;1.000000
2,test_02769,46
3,test_02769,0.448540
1,test_02770,0.000000;0.115211;0.238332;0.346622;0.452626;0.561298;0.665504;0.778368;0.888165;1.000000
2,test_02770,37
3,test_02770,0.465629
1,test_02771,0.000000;0.103110;0.222392;0.325539;0.441055;0.551544;0.650121;0.764290;0.873999;1.000000
2,test_02771,38
3,test_02771,0.471962
1,test_02772,0.000000;0.114559;0.214147;0.325311;0.437686;0.547307;0.660492;0.768955;0.888859;1.000000
2,test_02772,49
3,test_02772,0.484168
1,test_02773,0.000000;0.103110;0.222392;0.325539;0.441055;0.551544;0.650121;0.764290;0.873999;1.000000
2,test_02773,38
3,test_02773,0.471962
1,test_02774,0.000000;0.100055;0.209696;0.315968;0.417879;0.520263;0.629351;0.765196;0.887151;1.000000
2,test_02774,-1
3,test_02774,0.435879
1,test_02775,0.000000;0.098947;0.215707;0.322391;0.432466;0.563184;0.665390;0.769189;0.873607;1.000000
2,test_02775,-1
3,test_02775,0.437714
1,test_02776,0.000000;0.109588;0.213644;0.326169;0.445755;0.561643;0.685418;0.786981;0.896842;1.000000
2,test_02776,33
3,test_02776,0.461751
1,test_02777,0.000000;0.099277;0.210287;0.323415;0.429444;0.559168;0.668304;0.777405;0.888344;1.000000
2,test_02777,15
3,test_02777,0.470553
1,test_02778,0.000000;0.111262;0.220780;0.314437;0.410163;0.522249;0.628997;0.763907;0.881308;1.000000
2,test_02778,-1
3,test_02778,0.449960
1,test_02779,0.000000;0.099277;0.210287;0.323415;0.429444;0.559168;0.668304;0.777405;0.888344;1.000000
2,test_02779,15
3,test_02779,0.470553
1,test_02780,0.000000;0.111106;0.217781;0.311502;0.421680;0.539497;0.652763;0.771239;0.886831;1.000000
2,test_02780,41
3,test_02780,0.453036
1,test_02781,0.000000;0.094781;0.222891;0.333901;0.437954;0.550199;0.656469;0.772664;0.877219;1.000000
2,test_02781,43
3,test_02781,0.465892
1,test_02782,0.000000;0.103110;0.222392;0.325539;0.441055;0.551544;0.650121;0.764290;0.873999;1.000000
2,test_02782,31
3,test_02782,0.471962
1,test_02783,0.000000;0.109104;0.228837;0.341762;0.454882;0.569311;0.682016;0.776132;0.876932;1.000000
2,test_02783,17
3,test_02783,0.470734
1,test_02784,0.000000;0.125074;0.229828;0.338438;0.441649;0.552031;0.656407;0.776168;0.895635;1.000000
2,test_02784,11
3,test_02784,0.461987
1,test_02785,0.000000;0.131326;0.240485;0.376364;0.468286;0.551048;0.672671;0.751614;0.878658;1.000000
2,test_02785,-1
3,test_02785,0.453839
1,test_02786,0.000000;0.110974;0.223773;0.337893;0.448078;0.567164;0.670585;0.771945;0.879925;1.000000
2,test_02786,36
3,test_02786,0.458080
1,test_02787,0.000000;0.126509;0.221636;0.340831;0.447662;0.534442;0.635810;0.724383;0.853573;1.000000
2,test_02787,-1
3,test_02787,0.489019
1,test_02788,0.000000;0.125074;0.229828;0.338438;0.441649;0.552031;0.656407;0.776168;0.895635;1.000000
2,test_02788,11
3,test_02788,0.461987
1,test_02789,0.000000;0.111509;0.230278;0.341604;0.444999;0.565259;0.677215;0.782219;0.887417;1.000000
2,test_02789,3
3,test_02789,0.461232
1,test_02790,0.000000;0.100928;0.208735;0.312632;0.434895;0.549406;0.668007;0.778746;0.894910;1.000000
2,test_02790,14
3,test_02790,0.465568
1,test_02791,0.000000;0.105285;0.217067;0.332801;0.432875;0.557497;0.657950;0.770372;0.869676;1.000000
2,test_02791,-1
3,test_02791,0.479012
1,test_02792,0.000000;0.111509;0.230278;0.341604;0.444999;0.565259;0.677215;0.782219;0.887417;1.000000
2,test_02792,3
3,test_02792,0.461232
1,test_02793,0.000000;0.110974;0.223773;0.337893;0.448078;0.567164;0.670585;0.771945;0.879925;1.000000
2,test_02793,36
3,test_02793,0.458080
1,test_02794,0.000000;0.109171;0.236906;0.349802;0.450677;0.565125;0.687973;0.813384;0.909254;1.000000
2,test_02794,-1
3,test_02794,0.474703
1,test_02795,0.000000;0.119394;0.215663;0.322995;0.428746;0.544596;0.671583;0.781870;0.885240;1.000000
2,test_02795,6
3,test_02795,0.461496
1,test_02796,0.000000;0.125074;0.229828;0.338438;0.441649;0.552031;0.656407;0.776168;0.895635;1.000000
2,test_02796,18
3,test_02796,0.461987
1,test_02797,0.000000;0.127762;0.227805;0.352128;0.446398;0.541630;0.670909;0.793369;0.891774;1.000000
2,test_02797,16
3,test_02797,0.440359
1,test_02798,0.000000;0.111509;0.230278;0.341604;0.444999;0.565259;0.677215;0.782219;0.887417;1.000000
2,test_02798,3
3,test_02798,0.461232
1,test_02799,0.000000;0.115211;0.238332;0.346622;0.452626;0.561298;0.665504;0.778368;0.888165;1.000000
2,test_02799,37
3,test_02799,0.465629
1,test_02800,0.000000;0.112543;0.222887;0.335288;0.444123;0.554894;0.668297;0.784907;0.893819;1.000000
2,test_02800,28
3,test_02800,0.464525
1,test_02801,0.000000;0.115211;0.238332;0.346622;0.452626;0.561298;0.665504;0.778368;0.888165;1.000000
2,test_02801,37
3,test_02801,0.465629
1,test_02802,0.000000;0.110244;0.212607;0.330485;0.446712;0.556305;0.673182;0.791374;0.902094;1.000000
2,test_02802,4
3,test_02802,0.448540
1,test_02803,0.000000;0.109436;0.209106;0.320292;0.414167;0.514564;0.611661;0.731479;0.876457;1.000000
2,test_02803,-1
3,test_02803,0.445211
1,test_02804,0.000000;0.100928;0.208735;0.312632;0.434895;0.549406;0.668007;0.778746;0.894910;1.000000
2,test_02804,14
3,test_02804,0.465568
1,test_02805,0.000000;0.109588;0.213644;0.326169;0.445755;0.561643;0.685418;0.786981;0.896842;1.000000
2,test_02805,33
3,test_02805,0.461751
1,test_02806,0.000000;0.150989;0.268112;0.372739;0.487647;0.587086;0.699746;0.807441;0.914511;1.000000
2,test_02806,-1
3,test_02806,0.472184
1,test_02807,0.000000;0.100928;0.208735;0.312632;0.434895;0.549406;0.668007;0.778746;0.894910;1.000000
2,test_02807,14
3,test_02807,0.465568
1,test_02808,0.000000;0.103110;0.222392;0.325539;0.441055;0.551544;0.650121;0.764290;0.873999;1.000000
2,test_02808,31
3,test_02808,0.471962
1,test_02809,0.000000;0.112543;0.222887;0.335288;0.444123;0.554894;0.668297;0.784907;0.893819;1.000000
2,test_02809,28
3,test_02809,0.464525
1,test_02810,0.000000;0.111509;0.230278;0.341604;0.444999;0.565259;0.677215;0.782219;0.887417;1.000000
2,test_02810,45
3,test_02810,0.461232
1,test_02811,0.000000;0.109588;0.213644;0.326169;0.445755;0.561643;0.685418;0.786981;0.896842;1.000000
2,test_02811,33
3,test_02811,0.461751
1,test_02812,0.000000;0.110244;0.212607;0.330485;0.446712;0.556305;0.673182;0.791374;0.902094;1.000000
2,test_02812,46
3,test_02812,0.448540
1,test_02813,0.000000;0.111736;0.209329;0.311012;0.416481;0.523922;0.646769;0.760569;0.870945;1.000000
2,test_02813,-1
3,test_02813,0.473469
1,test_02814,0.000000;0.126382;0.237307;0.339170;0.450400;0.559117;0.667802;0.786067;0.895666;1.000000
2,test_02814,8
3,test_02814,0.466198
1,test_02815,0.000000;0.100928;0.208735;0.312632;0.434895;0.549406;0.668007;0.778746;0.894910;1.000000
2,test_02815,14
3,test_02815,0.465568
1,test_02816,0.000000;0.111106;0.217781;0.311502;0.421680;0.539497;0.652763;0.771239;0.886831;1.000000
2,test_02816,41
3,test_02816,0.453036
1,test_02817,0.000000;0.110122;0.223752;0.335678;0.452379;0.564914;0.670022;0.787640;0.896892;1.000000
2,test_02817,29
3,test_02817,0.453835
1,test_02818,0.000000;0.104733;0.223182;0.335558;0.446220;0.549196;0.657133;0.765797;0.876724;1.000000
2,test_02818,2
3,test_02818,0.461534
1,test_02819,0.000000;0.099711;0.224092;0.329673;0.444325;0.560609;0.663763;0.774109;0.884547;1.000000
2,test_02819,40
3,test_02819,0.468357
1,test_02820,0.000000;0.094781;0.222891;0.333901;0.437954;0.550199;0.656469;0.772664;0.877219;1.000000
2,test_02820,43
3,test_02820,0.465892
1,test_02821,0.000000;0.104733;0.223182;0.335558;0.446220;0.549196;0.657133;0.765797;0.876724;1.000000
2,test_02821,2
3,test_02821,0.461534
1,test_02822,0.000000;0.111928;0.212756;0.307534;0.416698;0.514150;0.649948;0.756253;0.872520;1.000000
2,test_02822,-1
3,test_02822,0.470957
1,test_02823,0.000000;0.110122;0.223752;0.335678;0.452379;0.564914;0.670022;0.787640;0.896892;1.000000
2,test_02823,29
3,test_02823,0.453835
1,test_02824,0.000000;0.112344;0.222652;0.336817;0.451486;0.562386;0.673508;0.781881;0.888285;1.000000
2,test_02824,27
3,test_02824,0.466392
1,test_02825,0.000000;0.131712;0.234520;0.329472;0.502154;0.618456;0.707704;0.816814;0.893919;1.000000
2,test_02825,-1
3,test_02825,0.496422
1,test_02826,0.000000;0.110122;0.223752;0.335678;0.452379;0.564914;0.670022;0.787640;0.896892;1.000000
2,test_02826,22
3,test_02826,0.453835
1,test_02827,0.000000;0.100079;0.211459;0.334950;0.437588;0.548435;0.658509;0.782093;0.884148;1.000000
2,test_02827,-1
3,test_02827,0.482736
1,test_02828,0.000000;0.104733;0.223182;0.335558;0.446220;0.549196;0.657133;0.765797;0.876724;1.000000
2,test_02828,9
3,test_02828,0.461534
1,test_02829,0.000000;0.119616;0.235707;0.362449;0.468316;0.584036;0.690296;0.799206;0.897351;1.000000
2,test_02829,-1
3,test_02829,0.481617
1,test_02830,0.000000;0.111509;0.230278;0.341604;0.444999;0.565259;0.677215;0.782219;0.887417;1.000000
2,test_02830,45
3,test_02830,0.461232
1,test_02831,0.000000;0.078588;0.223303;0.311329;0.410621;0.512988;0.602440;0.747399;0.864085;1.000000
2,test_02831,-1
3,test_02831,0.487554
1,test_02832,0.000000;0.099711;0.224092;0.329673;0.444325;0.560609;0.663763;0.774109;0.884547;1.000000
2,test_02832,40
3,test_02832,0.468357
1,test_02833,0.000000;0.116005;0.226737;0.339187;0.450510;0.565891;0.664038;0.781882;0.894745;1.000000
2,test_02833,7
3,test_02833,0.455739
1,test_02834,0.000000;0.109104;0.228837;0.341762;0.454882;0.569311;0.682016;0.776132;0.876932;1.000000
2,test_02834,17
3,test_02834,0.470734
1,test_02835,0.000000;0.111509;0.230278;0.341604;0.444999;0.565259;0.677215;0.782219;0.887417;1.000000
2,test_02835,3
3,test_02835,0.461232
1,test_02836,0.000000;0.122255;0.216340;0.334728;0.439366;0.550278;0.659329;0.759949;0.875147;1.000000
2,test_02836,44
3,test_02836,0.471424
1,test_02837,0.000000;0.094781;0.222891;0.333901;0.437954;0.550199;0.656469;0.772664;0.877219;1.000000
2,test_02837,43
3,test_02837,0.465892
1,test_02838,0.000000;0.094781;0.222891;0.333901;0.437954;0.550199;0.656469;0.772664;0.877219;1.000000
2,test_02838,43
3,test_02838,0.465892
1,test_02839,0.000000;0.103110;0.222392;0.325539;0.441055;0.551544;0.650121;0.764290;0.873999;1.000000
2,test_02839,31
3,test_02839,0.471962
1,test_02840,0.000000;0.094781;0.222891;0.333901;0.437954;0.550199;0.656469;0.772664;0.877219;1.000000
2,test_02840,43
3,test_02840,0.465892
1,test_02841,0.000000;0.114356;0.247312;0.350615;0.449491;0.547520;0.653265;0.751536;0.877124;1.000000
2,test_02841,-1
3,test_02841,0.450966
1,test_02842,0.000000;0.125074;0.229828;0.338438;0.441649;0.552031;0.656407;0.776168;0.895635;1.000000
2,test_02842,18
3,test_02842,0.461987
1,test_02843,0.000000;0.111106;0.217781;0.311502;0.421680;0.539497;0.652763;0.771239;0.886831;1.000000
2,test_02843,48
3,test_02843,0.453036
1,test_02844,0.000000;0.134191;0.275927;0.384241;0.500653;0.622086;0.727030;0.799408;0.900598;1.000000
2,test_02844,-1
3,test_02844,0.455348
1,test_02845,0.000000;0.112344;0.222652;0.336817;0.451486;0.562386;0.673508;0.781881;0.888285;1.000000
2,test_02845,27
3,test_02845,0.466392
1,test_02846,0.000000;0.112344;0.222652;0.336817;0.451486;0.562386;0.673508;0.781881;0.888285;1.000000
2,test_02846,20
3,test_02846,0.466392
1,test_02847,0.000000;0.110122;0.223752;0.335678;0.452379;0.564914;0.670022;0.787640;0.896892;1.000000
2,test_02847,29
3,test_02847,0.453835
1,test_02848,0.000000;0.099711;0.224092;0.329673;0.444325;0.560609;0.663763;0.774109;0.884547;1.000000
2,test_02848,47
3,test_02848,0.468357
1,test_02849,0.000000;0.125074;0.229828;0.338438;0.441649;0.552031;0.656407;0.776168;0.895635;1.000000
2,test_02849,18
3,test_02849,0.461987
1,test_02850,0.000000;0.107993;0.211837;0.317663;0.429660;0.554736;0.671413;0.776934;0.892567;1.000000
2,test_02850,5
3,test_02850,0.468145
1,test_02851,0.000000;0.097417;0.219626;0.330558;0.439915;0.545074;0.651703;0.780396;0.893219;1.000000
2,test_02851,-1
3,test_02851,0.452137
1,test_02852,0.000000;0.087940;0.170403;0.265829;0.365102;0.499301;0.613713;0.750717;0.886282;1.000000
2,test_02852,-1
3,test_02852,0.465246
1,test_02853,0.000000;0.099277;0.210287;0.323415;0.429444;0.559168;0.668304;0.777405;0.888344;1.000000
2,test_02853,15
3,test_02853,0.470553
1,test_02854,0.000000;0.104733;0.223182;0.335558;0.446220;0.549196;0.657133;0.765797;0.876724;1.000000
2,test_02854,9
3,test_02854,0.461534
1,test_02855,0.000000;0.112344;0.222652;0.336817;0.451486;0.562386;0.673508;0.781881;0.888285;1.000000
2,test_02855,25
3,test_02855,0.466392
1,test_02856,0.000000;0.104733;0.223182;0.335558;0.446220;0.549196;0.657133;0.765797;0.876724;1.000000
2,test_02856,2
3,test_02856,0.461534
1,test_02857,0.000000;0.126382;0.237307;0.339170;0.450400;0.559117;0.667802;0.786067;0.895666;1.000000
2,test_02857,1
3,test_02857,0.466198
1,test_02858,0.000000;0.095792;0.189850;0.304981;0.409861;0.560419;0.686445;0.805721;0.914511;1.000000
2,test_02858,-1
3,test_02858,0.492716
1,test_02859,0.000000;0.116005;0.226737;0.339187;0.450510;0.565891;0.664038;0.781882;0.894745;1.000000
2,test_02859,0
3,test_02859,0.455739
1,test_02860,0.000000;0.109644;0.222634;0.336281;0.455908;0.564856;0.667504;0.773036;0.886015;1.000000
2,test_02860,19
3,test_02860,0.460897
1,test_02861,0.000000;0.121354;0.239249;0.351697;0.471223;0.594049;0.695434;0.787251;0.894318;1.000000
2,test_02861,35
3,test_02861,0.473054
1,test_02862,0.000000;0.125074;0.229828;0.338438;0.441649;0.552031;0.656407;0.776168;0.895635;1.000000
2,test_02862,18
3,test_02862,0.461987
1,test_02863,0.000000;0.105400;0.213755;0.340350;0.425821;0.558725;0.666147;0.783693;0.891754;1.000000
2,test_02863,-1
3,test_02863,0.431114
1,test_02864,0.000000;0.108090;0.225134;0.338098;0.450975;0.564338;0.677650;0.783144;0.893882;1.000000
2,test_02864,32
3,test_02864,0.461831
1,test_02865,0.000000;0.122255;0.216340;0.334728;0.439366;0.550278;0.659329;0.759949;0.875147;1.000000
2,test_02865,44
3,test_02865,0.471424
1,test_02866,0.000000;0.119625;0.214059;0.329062;0.415313;0.515995;0.608392;0.740718;0.893039;1.000000
2,test_02866,-1
3,test_02866,0.489452
1,test_02867,0.000000;0.118579;0.205807;0.310739;0.419599;0.528799;0.645349;0.768343;0.880209;1.000000
2,test_02867,-1
3,test_02867,0.421377
1,test_02868,0.000000;0.109104;0.228837;0.341762;0.454882;0.569311;0.682016;0.776132;0.876932;1.000000
2,test_02868,10
3,test_02868,0.470734
1,test_02869,0.000000;0.110122;0.223752;0.335678;0.452379;0.564914;0.670022;0.787640;0.896892;1.000000
2,test_02869,22
3,test_02869,0.453835
1,test_02870,0.000000;0.099711;0.224092;0.329673;0.444325;0.560609;0.663763;0.774109;0.884547;1.000000
2,test_02870,47
3,test_02870,0.468357
1,test_02871,0.000000;0.099946;0.196154;0.290292;0.410634;0.517205;0.626364;0.754567;0.879250;1.000000
2,test_02871,-1
3,test_02871,0.450236
1,test_02872,0.000000;0.107993;0.211837;0.317663;0.429660;0.554736;0.671413;0.776934;0.892567;1.000000
2,test_02872,5
3,test_02872,0.468145
1,test_02873,0.000000;0.114559;0.214147;0.325311;0.437686;0.547307;0.660492;0.768955;0.888859;1.000000
2,test_02873,49
3,test_02873,0.484168
1,test_02874,0.000000;0.110750;0.230841;0.332919;0.456144;0.564634;0.678262;0.811412;0.906930;1.000000
2,test_02874,-1
3,test_02874,0.482643
1,test_02875,0.000000;0.121354;0.239249;0.351697;0.471223;0.594049;0.695434;0.787251;0.894318;1.000000
2,test_02875,35
3,test_02875,0.473054
1,test_02876,0.000000;0.125074;0.229828;0.338438;0.441649;0.552031;0.656407;0.776168;0.895635;1.000000
2,test_02876,11
3,test_02876,0.461987
1,test_02877,0.000000;0.101923;0.223563;0.321388;0.431991;0.552688;0.648956;0.752790;0.878553;1.000000
2,test_02877,-1
3,test_02877,0.470551
1,test_02878,0.000000;0.114442;0.216385;0.318537;0.450889;0.541945;0.662575;0.760807;0.866303;1.000000
2,test_02878,-1
3,test_02878,0.454506
1,test_02879,0.000000;0.116005;0.226737;0.339187;0.450510;0.565891;0.664038;0.781882;0.894745;1.000000
2,test_02879,7
3,test_02879,0.455739
1,test_02880,0.000000;0.116328;0.213875;0.344600;0.464662;0.585102;0.667774;0.794350;0.890993;1.000000
2,test_02880,-1
3,test_02880,0.487473
1,test_02881,0.000000;0.116005;0.226737;0.339187;0.450510;0.565891;0.664038;0.781882;0.894745;1.000000
2,test_02881,7
3,test_02881,0.455739
1,test_02882,0.000000;0.104733;0.223182;0.335558;0.446220;0.549196;0.657133;0.765797;0.876724;1.000000
2,test_02882,9
3,test_02882,0.461534
1,test_02883,0.000000;0.109644;0.222634;0.336281;0.455908;0.564856;0.667504;0.773036;0.886015;1.000000
2,test_02883,12
3,test_02883,0.460897
1,test_02884,0.000000;0.112344;0.222652;0.336817;0.451486;0.562386;0.673508;0.781881;0.888285;1.000000
2,test_02884,27
3,test_02884,0.466392
1,test_02885,0.000000;0.125074;0.229828;0.338438;0.441649;0.552031;0.656407;0.776168;0.895635;1.000000
2,test_02885,11
3,test_02885,0.461987
1,test_02886,0.000000;0.126382;0.237307;0.339170;0.450400;0.559117;0.667802;0.786067;0.895666;1.000000
2,test_02886,8
3,test_02886,0.466198
1,test_02887,0.000000;0.103110;0.222392;0.325539;0.441055;0.551544;0.650121;0.764290;0.873999;1.000000
2,test_02887,38
3,test_02887,0.471962
1,test_02888,0.000000;0.112543;0.222887;0.335288;0.444123;0.554894;0.668297;0.784907;0.893819;1.000000
2,test_02888,21
3,test_02888,0.464525
1,test_02889,0.000000;0.122156;0.231502;0.335384;0.454719;0.563137;0.668078;0.771007;0.895043;1.000000
2,test_02889,13
3,test_02889,0.461512
1,test_02890,0.000000;0.099711;0.224092;0.329673;0.444325;0.560609;0.663763;0.774109;0.884547;1.000000
2,test_02890,40
3,test_02890,0.468357
1,test_02891,0.000000;0.125074;0.229828;0.338438;0.441649;0.552031;0.656407;0.776168;0.895635;1.000000
2,test_02891,18
3,test_02891,0.461987
1,test_02892,0.000000;0.111509;0.230278;0.341604;0.444999;0.565259;0.677215;0.782219;0.887417;1.000000
2,test_02892,3
3,test_02892,0.461232
1,test_02893,0.000000;0.095930;0.202133;0.303838;0.402383;0.513712;0.642820;0.750505;0.877635;1.000000
2,test_02893,-1
3,test_02893,0.473738
1,test_02894,0.000000;0.114559;0.214147;0.325311;0.437686;0.547307;0.660492;0.768955;0.888859;1.000000
2,test_02894,49
3,test_02894,0.484168
1,test_02895,0.000000;0.114964;0.220915;0.327766;0.432615;0.550684;0.666925;0.787166;0.890403;1.000000
2,test_02895,23
3,test_02895,0.465188
1,test_02896,0.000000;0.112344;0.222652;0.336817;0.451486;0.562386;0.673508;0.781881;0.888285;1.000000
2,test_02896,26
3,test_02896,0.466392
1,test_02897,0.000000;0.102855;0.212931;0.319076;0.448565;0.566242;0.682087;0.789711;0.892991;1.000000
2,test_02897,24
3,test_02897,0.474685
1,test_02898,0.000000;0.126382;0.237307;0.339170;0.450400;0.559117;0.667802;0.786067;0.895666;1.000000
2,test_02898,1
3,test_02898,0.466198
1,test_02899,0.000000;0.102753;0.207908;0.314625;0.410838;0.535221;0.676406;0.784314;0.880767;1.000000
2,test_02899,-1
3,test_02899,0.512721
1,test_02900,0.000000;0.112899;0.214646;0.354935;0.466559;0.596443;0.686352;0.790687;0.894980;1.000000
2,test_02900,-1
3,test_02900,0.451948
1,test_02901,0.000000;0.110974;0.223773;0.337893;0.448078;0.567164;0.670585;0.771945;0.879925;1.000000
2,test_02901,36
3,test_02901,0.458080
1,test_02902,0.000000;0.108090;0.225134;0.338098;0.450975;0.564338;0.677650;0.783144;0.893882;1.000000
2,test_02902,39
3,test_02902,0.461831
1,test_02903,0.000000;0.108090;0.225134;0.338098;0.450975;0.564338;0.677650;0.783144;0.893882;1.000000
2,test_02903,32
3,test_02903,0.461831
1,test_02904,0.000000;0.119394;0.215663;0.322995;0.428746;0.544596;0.671583;0.781870;0.885240;1.000000
2,test_02904,6
3,test_02904,0.461496
1,test_02905,0.000000;0.094781;0.222891;0.333901;0.437954;0.550199;0.656469;0.772664;0.877219;1.000000
2,test_02905,43
3,test_02905,0.465892
1,test_02906,0.000000;0.125074;0.229828;0.338438;0.441649;0.552031;0.656407;0.776168;0.895635;1.000000
2,test_02906,11
3,test_02906,0.461987
1,test_02907,0.000000;0.112543;0.222887;0.335288;0.444123;0.554894;0.668297;0.784907;0.893819;1.000000
2,test_02907,28
3,test_02907,0.464525
1,test_02908,0.000000;0.093388;0.208851;0.314183;0.438942;0.562093;0.675453;0.765405;0.901957;1.000000
2,test_02908,-1
3,test_02908,0.466502
1,test_02909,0.000000;0.115211;0.238332;0.346622;0.452626;0.561298;0.665504;0.778368;0.888165;1.000000
2,test_02909,30
3,test_02909,0.465629
1,test_02910,0.000000;0.114559;0.214147;0.325311;0.437686;0.547307;0.660492;0.768955;0.888859;1.000000
2,test_02910,49
3,test_02910,0.484168
1,test_02911,0.000000;0.118155;0.212987;0.305459;0.394546;0.542572;0.667736;0.787683;0.909515;1.000000
2,test_02911,-1
3,test_02911,0.448862
1,test_02912,0.000000;0.114559;0.214147;0.325311;0.437686;0.547307;0.660492;0.768955;0.888859;1.000000
2,test_02912,49
3,test_02912,0.484168
1,test_02913,0.000000;0.125074;0.229828;0.338438;0.441649;0.552031;0.656407;0.776168;0.895635;1.000000
2,test_02913,11
3,test_02913,0.461987
1,test_02914,0.000000;0.107993;0.211837;0.317663;0.429660;0.554736;0.671413;0.776934;0.892567;1.000000
2,test_02914,5
3,test_02914,0.468145
1,test_02915,0.000000;0.122255;0.216340;0.334728;0.439366;0.550278;0.659329;0.759949;0.875147;1.000000
2,test_02915,44
3,test_02915,0.471424
1,test_02916,0.000000;0.125701;0.219005;0.364972;0.492768;0.612608;0.700060;0.796663;0.894978;1.000000
2,test_02916,-1
3,test_02916,0.455362
1,test_02917,0.000000;0.110974;0.223773;0.337893;0.448078;0.567164;0.670585;0.771945;0.879925;1.000000
2,test_02917,36
3,test_02917,0.458080
1,test_02918,0.000000;0.110244;0.212607;0.330485;0.446712;0.556305;0.673182;0.791374;0.902094;1.000000
2,test_02918,4
3,test_02918,0.448540
1,test_02919,0.000000;0.125015;0.222978;0.347211;0.449675;0.575610;0.670209;0.756684;0.884910;1.000000
2,test_02919,-1
3,test_02919,0.477084
1,test_02920,0.000000;0.110244;0.212607;0.330485;0.446712;0.556305;0.673182;0.791374;0.902094;1.000000
2,test_02920,4
3,test_02920,0.448540
1,test_02921,0.000000;0.109946;0.235645;0.354558;0.460245;0.561061;0.661889;0.789323;0.895255;1.000000
2,test_02921,-1
3,test_02921,0.462081
1,test_02922,0.000000;0.109104;0.228837;0.341762;0.454882;0.569311;0.682016;0.776132;0.876932;1.000000
2,test_02922,10
3,test_02922,0.470734
1,test_02923,0.000000;0.093732;0.176931;0.283368;0.402677;0.525538;0.635398;0.763698;0.884746;1.000000
2,test_02923,-1
3,test_02923,0.459375
1,test_02924,0.000000;0.089974;0.191738;0.282889;0.384955;0.505744;0.634078;0.740384;0.873245;1.000000
2,test_02924,-1
3,test_02924,0.465857
1,test_02925,0.000000;0.110122;0.223752;0.335678;0.452379;0.564914;0.670022;0.787640;0.896892;1.000000
2,test_02925,22
3,test_02925,0.453835
1,test_02926,0.000000;0.116005;0.226737;0.339187;0.450510;0.565891;0.664038;0.781882;0.894745;1.000000
2,test_02926,0
3,test_02926,0.455739
1,test_02927,0.000000;0.109588;0.213644;0.326169;0.445755;0.561643;0.685418;0.786981;0.896842;1.000000
2,test_02927,33
3,test_02927,0.461751
1,test_02928,0.000000;0.125074;0.229828;0.338438;0.441649;0.552031;0.656407;0.776168;0.895635;1.000000
2,test_02928,18
3,test_02928,0.461987
1,test_02929,0.000000;0.126382;0.237307;0.339170;0.450400;0.559117;0.667802;0.786067;0.895666;1.000000
2,test_02929,8
3,test_02929,0.466198
1,test_02930,0.000000;0.114559;0.214147;0.325311;0.437686;0.547307;0.660492;0.768955;0.888859;1.000000
2,test_02930,42
3,test_02930,0.484168
1,test_02931,0.000000;0.111509;0.230278;0.341604;0.444999;0.565259;0.677215;0.782219;0.887417;1.000000
2,test_02931,45
3,test_02931,0.461232
1,test_02932,0.000000;0.111509;0.230278;0.341604;0.444999;0.565259;0.677215;0.782219;0.887417;1.000000
2,test_02932,3
3,test_02932,0.461232
1,test_02933,0.000000;0.111509;0.230278;0.341604;0.444999;0.565259;0.677215;0.782219;0.887417;1.000000
2,test_02933,45
3,test_02933,0.461232
1,test_02934,0.000000;0.099514;0.205522;0.318902;0.417394;0.522214;0.622729;0.741277;0.888252;1.000000
2,test_02934,-1
3,test_02934,0.473398
1,test_02935,0.000000;0.090054;0.185939;0.304929;0.401743;0.564357;0.665062;0.805549;0.898713;1.000000
2,test_02935,-1
3,test_02935,0.498334
1,test_02936,0.000000;0.125074;0.229828;0.338438;0.441649;0.552031;0.656407;0.776168;0.895635;1.000000
2,test_02936,11
3,test_02936,0.461987
1,test_02937,0.000000;0.103110;0.222392;0.325539;0.441055;0.551544;0.650121;0.764290;0.873999;1.000000
2,test_02937,31
3,test_02937,0.471962
1,test_02938,0.000000;0.111106;0.217781;0.311502;0.421680;0.539497;0.652763;0.771239;0.886831;1.000000
2,test_02938,48
3,test_02938,0.453036
1,test_02939,0.000000;0.109644;0.222634;0.336281;0.455908;0.564856;0.667504;0.773036;0.886015;1.000000
2,test_02939,12
3,test_02939,0.460897
1,test_02940,0.000000;0.116005;0.226737;0.339187;0.450510;0.565891;0.664038;0.781882;0.894745;1.000000
2,test_02940,7
3,test_02940,0.455739
1,test_02941,0.000000;0.099711;0.224092;0.329673;0.444325;0.560609;0.663763;0.774109;0.884547;1.000000
2,test_02941,47
3,test_02941,0.468357
1,test_02942,0.000000;0.103144;0.217227;0.321420;0.438868;0.564167;0.662241;0.766911;0.893168;1.000000
2,test_02942,34
3,test_02942,0.473065
1,test_02943,0.000000;0.122255;0.216340;0.334728;0.439366;0.550278;0.659329;0.759949;0.875147;1.000000
2,test_02943,44
3,test_02943,0.471424
1,test_02944,0.000000;0.088479;0.190741;0.310601;0.419027;0.540759;0.646876;0.787943;0.900498;1.000000
2,test_02944,-1
3,test_02944,0.476126
1,test_02945,0.000000;0.109588;0.213644;0.326169;0.445755;0.561643;0.685418;0.786981;0.896842;1.000000
2,test_02945,33
3,test_02945,0.461751
1,test_02946,0.000000;0.126382;0.237307;0.339170;0.450400;0.559117;0.667802;0.786067;0.895666;1.000000
2,test_02946,1
3,test_02946,0.466198
1,test_02947,0.000000;0.112344;0.222652;0.336817;0.451486;0.562386;0.673508;0.781881;0.888285;1.000000
2,test_02947,27
3,test_02947,0.466392
1,test_02948,0.000000;0.107993;0.211837;0.317663;0.429660;0.554736;0.671413;0.776934;0.892567;1.000000
2,test_02948,5
3,test_02948,0.468145
1,test_02949,0.000000;0.123258;0.212779;0.328425;0.426458;0.552804;0.671711;0.777403;0.895782;1.000000
2,test_02949,-1
3,test_02949,0.463970
1,test_02950,0.000000;0.103110;0.222392;0.325539;0.441055;0.551544;0.650121;0.764290;0.873999;1.000000
2,test_02950,31
3,test_02950,0.471962
1,test_02951,0.000000;0.113514;0.220170;0.306916;0.395175;0.487147;0.624343;0.725520;0.845425;1.000000
2,test_02951,-1
3,test_02951,0.415746
1,test_02952,0.000000;0.114964;0.220915;0.327766;0.432615;0.550684;0.666925;0.787166;0.890403;1.000000
2,test_02952,23
3,test_02952,0.465188
1,test_02953,0.000000;0.116005;0.226737;0.339187;0.450510;0.565891;0.664038;0.781882;0.894745;1.000000
2,test_02953,0
3,test_02953,0.455739
1,test_02954,0.000000;0.109104;0.228837;0.341762;0.454882;0.569311;0.682016;0.776132;0.876932;1.000000
2,test_02954,17
3,test_02954,0.470734
1,test_02955,0.000000;0.109588;0.213644;0.326169;0.445755;0.561643;0.685418;0.786981;0.896842;1.000000
2,test_02955,33
3,test_02955,0.461751
1,test_02956,0.000000;0.100928;0.208735;0.312632;0.434895;0.549406;0.668007;0.778746;0.894910;1.000000
2,test_02956,14
3,test_02956,0.465568
1,test_02957,0.000000;0.119394;0.215663;0.322995;0.428746;0.544596;0.671583;0.781870;0.885240;1.000000
2,test_02957,6
3,test_02957,0.461496
1,test_02958,0.000000;0.108675;0.223499;0.325322;0.433463;0.538605;0.627737;0.738163;0.867669;1.000000
2,test_02958,-1
3,test_02958,0.431585
1,test_02959,0.000000;0.116005;0.226737;0.339187;0.450510;0.565891;0.664038;0.781882;0.894745;1.000000
2,test_02959,0
3,test_02959,0.455739
1,test_02960,0.000000;0.100928;0.208735;0.312632;0.434895;0.549406;0.668007;0.778746;0.894910;1.000000
2,test_02960,14
3,test_02960,0.465568
1,test_02961,0.000000;0.111106;0.217781;0.311502;0.421680;0.539497;0.652763;0.771239;0.886831;1.000000
2,test_02961,48
3,test_02961,0.453036
1,test_02962,0.000000;0.131596;0.263373;0.403151;0.501524;0.598360;0.699309;0.781418;0.892208;1.000000
2,test_02962,-1
3,test_02962,0.458409
1,test_02963,0.000000;0.122156;0.231502;0.335384;0.454719;0.563137;0.668078;0.771007;0.895043;1.000000
2,test_02963,13
3,test_02963,0.461512
1,test_02964,0.000000;0.095094;0.208886;0.294528;0.410863;0.544496;0.651497;0.763037;0.897598;1.000000
2,test_02964,-1
3,test_02964,0.452308
1,test_02965,0.000000;0.100928;0.208735;0.312632;0.434895;0.549406;0.668007;0.778746;0.894910;1.000000
2,test_02965,14
3,test_02965,0.465568
1,test_02966,0.000000;0.070889;0.176113;0.268801;0.356415;0.492316;0.624409;0.774005;0.883438;1.000000
2,test_02966,-1
3,test_02966,0.468653
1,test_02967,0.000000;0.116005;0.226737;0.339187;0.450510;0.565891;0.664038;0.781882;0.894745;1.000000
2,test_02967,0
3,test_02967,0.455739
1,test_02968,0.000000;0.125074;0.229828;0.338438;0.441649;0.552031;0.656407;0.776168;0.895635;1.000000
2,test_02968,18
3,test_02968,0.461987
1,test_02969,0.000000;0.122156;0.231502;0.335384;0.454719;0.563137;0.668078;0.771007;0.895043;1.000000
2,test_02969,13
3,test_02969,0.461512
1,test_02970,0.000000;0.111509;0.230278;0.341604;0.444999;0.565259;0.677215;0.782219;0.887417;1.000000
2,test_02970,3
3,test_02970,0.461232
1,test_02971,0.000000;0.117638;0.226726;0.342746;0.463389;0.563079;0.677921;0.778254;0.904849;1.000000
2,test_02971,-1
3,test_02971,0.452725
1,test_02972,0.000000;0.111509;0.230278;0.341604;0.444999;0.565259;0.677215;0.782219;0.887417;1.000000
2,test_02972,3
3,test_02972,0.461232
1,test_02973,0.000000;0.112543;0.222887;0.335288;0.444123;0.554894;0.668297;0.784907;0.893819;1.000000
2,test_02973,21
3,test_02973,0.464525
1,test_02974,0.000000;0.109104;0.228837;0.341762;0.454882;0.569311;0.682016;0.776132;0.876932;1.000000
2,test_02974,17
3,test_02974,0.470734
1,test_02975,0.000000;0.122255;0.216340;0.334728;0.439366;0.550278;0.659329;0.759949;0.875147;1.000000
2,test_02975,44
3,test_02975,0.471424
1,test_02976,0.000000;0.109104;0.228837;0.341762;0.454882;0.569311;0.682016;0.776132;0.876932;1.000000
2,test_02976,17
3,test_02976,0.470734
1,test_02977,0.000000;0.123125;0.246419;0.351129;0.448107;0.573857;0.698022;0.795508;0.899813;1.000000
2,test_02977,-1
3,test_02977,0.492265
1,test_02978,0.000000;0.110974;0.223773;0.337893;0.448078;0.567164;0.670585;0.771945;0.879925;1.000000
2,test_02978,36
3,test_02978,0.458080
1,test_02979,0.000000;0.120529;0.240847;0.338157;0.436953;0.539115;0.657893;0.777009;0.892170;1.000000
2,test_02979,-1
3,test_02979,0.471932
1,test_02980,0.000000;0.110244;0.212607;0.330485;0.446712;0.556305;0.673182;0.791374;0.902094;1.000000
2,test_02980,4
3,test_02980,0.448540
1,test_02981,0.000000;0.105846;0.216702;0.331926;0.435403;0.558786;0.655829;0.756076;0.853883;1.000000
2,test_02981,-1
3,test_02981,0.448052
1,test_02982,0.000000;0.109644;0.222634;0.336281;0.455908;0.564856;0.667504;0.773036;0.886015;1.000000
2,test_02982,19
3,test_02982,0.460897
1,test_02983,0.000000;0.109588;0.213644;0.326169;0.445755;0.561643;0.685418;0.786981;0.896842;1.000000
2,test_02983,33
3,test_02983,0.461751
1,test_02984,0.000000;0.114559;0.214147;0.325311;0.437686;0.547307;0.660492;0.768955;0.888859;1.000000
2,test_02984,49
3,test_02984,0.484168
1,test_02985,0.000000;0.126382;0.237307;0.339170;0.450400;0.559117;0.667802;0.786067;0.895666;1.000000
2,test_02985,8
3,test_02985,0.466198
1,test_02986,0.000000;0.102855;0.212931;0.319076;0.448565;0.566242;0.682087;0.789711;0.892991;1.000000
2,test_02986,24
3,test_02986,0.474685
1,test_02987,0.000000;0.115211;0.238332;0.346622;0.452626;0.561298;0.665504;0.778368;0.888165;1.000000
2,test_02987,37
3,test_02987,0.465629
1,test_02988,0.000000;0.112344;0.222652;0.336817;0.451486;0.562386;0.673508;0.781881;0.888285;1.000000
2,test_02988,26
3,test_02988,0.466392
1,test_02989,0.000000;0.127018;0.252996;0.360806;0.480558;0.586880;0.686539;0.777199;0.887148;1.000000
2,test_02989,-1
3,test_02989,0.442541
1,test_02990,0.000000;0.109104;0.228837;0.341762;0.454882;0.569311;0.682016;0.776132;0.876932;1.000000
2,test_02990,10
3,test_02990,0.470734
1,test_02991,0.000000;0.115211;0.238332;0.346622;0.452626;0.561298;0.665504;0.778368;0.888165;1.000000
2,test_02991,30
3,test_02991,0.465629
1,test_02992,0.000000;0.112543;0.222887;0.335288;0.444123;0.554894;0.668297;0.784907;0.893819;1.000000
2,test_02992,21
3,test_02992,0.464525
1,test_02993,0.000000;0.112344;0.222652;0.336817;0.451486;0.562386;0.673508;0.781881;0.888285;1.000000
2,test_02993,27
3,test_02993,0.466392
1,test_02994,0.000000;0.112706;0.235830;0.343987;0.472250;0.572138;0.671151;0.790375;0.903644;1.000000
2,test_02994,-1
3,test_02994,0.488578
1,test_02995,0.000000;0.116005;0.226737;0.339187;0.450510;0.565891;0.664038;0.781882;0.894745;1.000000
2,test_02995,0
3,test_02995,0.455739
1,test_02996,0.000000;0.114559;0.214147;0.325311;0.437686;0.547307;0.660492;0.768955;0.888859;1.000000
2,test_02996,42
3,test_02996,0.484168
1,test_02997,0.000000;0.110244;0.212607;0.330485;0.446712;0.556305;0.673182;0.791374;0.902094;1.000000
2,test_02997,4
3,test_02997,0.448540
1,test_02998,0.000000;0.110122;0.223752;0.335678;0.452379;0.564914;0.670022;0.787640;0.896892;1.000000
2,test_02998,29
3,test_02998,0.453835
1,test_02999,0.000000;0.112543;0.222887;0.335288;0.444123;0.554894;0.668297;0.784907;0.893819;1.000000
2,test_02999,28
3,test_02999,0.464525
