datapointID,sequence
train_00000,∇ ∫ Ω ∇ ∇ Ξ ∇
train_00001,Ξ Ξ ∇ Ω ∫
train_00002,∂ Ξ Ξ Φ Ω Ξ ∇ ∂ Φ ∂ Φ ∂ ∫
train_00003,∇ ∂ ∂ ∂ ∂ Ω ∂ Ω ∂ Ξ Ξ ∇ ∂ ∫
train_00004,Φ Ω Φ Ω ∫ Ω Ξ ∇ Ω Ω
train_00005,∂ Ξ ∇ ∇ Ξ ∂ Φ Φ Ω ∫ Ξ Ω ∫ ∇
train_00006,Φ ∂ Ξ ∇ ∇ Ξ ∫ Ω Ω Ω
train_00007,Ω ∂ Ω Ξ ∂ Ω ∇ ∫ Ω Φ Ω ∂ ∇ Ξ
train_00008,Ξ ∂ ∇ ∂ ∫ Ξ ∫
train_00009,Ω Ω ∫ Φ Φ
train_00010,Ξ ∇ Ξ Φ ∫ Ξ
train_00011,∂ Ξ Ξ Ξ ∫ Ξ Ω
train_00012,∇ ∂ Ξ ∇ Φ Ξ ∇
train_00013,∂ Ω ∇ ∫ Φ ∇ Φ ∫ ∂ ∂
train_00014,Ω Ω ∫ ∂ ∂ ∫ ∫ Φ Ω
train_00015,∫ Ξ ∇ Ω ∂ Ξ Ω ∇ ∇ ∂ Ξ ∫ ∂ ∫
train_00016,Ξ Φ ∂ ∫ Ξ Ω ∂ Ω Ξ
train_00017,∫ ∫ Ξ ∂ Ξ ∂ ∇
train_00018,∂ ∫ Ω ∫ ∂ Ξ ∂ ∇ ∂ Ξ ∂ ∂
train_00019,Ω ∂ ∇ Φ Ξ Φ ∇ Ξ Ω
train_00020,Ω Ω Ω ∂ Ξ
train_00021,Ξ ∇ ∇ ∇ ∫ Ξ ∂ ∇
train_00022,∂ Ω Φ ∫ ∂ Ω ∇ Ω Ξ
train_00023,Ω ∇ ∫ Ξ Ω Φ Ξ
train_00024,Ξ ∫ Ξ ∂ Ω Φ Ξ Φ ∇ Ω Φ Ξ
train_00025,∇ ∇ Ω ∇ Ω
train_00026,∇ ∫ ∇ ∂ ∂ ∫ Ω ∇ ∂ ∫
train_00027,Ξ Ξ ∫ ∂ ∇ Φ ∂ Ω Ξ Ξ ∫ ∇
train_00028,∇ ∫ ∇ Φ Φ Φ ∇ ∫ Φ Ω Ξ ∫ Ω Ξ
train_00029,∂ Ω ∇ ∇ Ξ ∫ Ω ∂ Ξ Φ
train_00030,∂ Φ Ω ∫ ∫ ∇ Φ Ω ∫ ∇ Φ
train_00031,∇ ∇ ∫ ∂ Ω ∇
train_00032,∇ ∇ ∫ ∂ ∇
train_00033,∂ ∇ Ω Ξ ∫
train_00034,Ξ Ξ Φ Φ Ω
train_00035,Ξ ∂ Φ Ξ Ω Ω ∂ Ξ Ξ
train_00036,∫ Ω Ω Ω Φ Φ ∫ Ω ∇ Φ Ω ∇ ∂
train_00037,∇ Φ Ξ ∫ Ω ∂ ∇ ∂ Ω ∇ ∫
train_00038,Ξ Ω ∂ Ξ Ξ
train_00039,∂ ∫ ∫ ∂ Ω Ω Ω Ξ ∂ ∇ Φ Ω
train_00040,∫ Φ ∇ ∫ ∂ ∇ ∫ Ξ ∫ Φ Ξ
train_00041,Ξ ∇ ∇ Φ ∫
train_00042,∫ Ξ ∇ ∇ Ω Φ Ω Ω Φ Ξ
train_00043,∇ ∂ ∇ Φ ∫ ∫ Ξ Ξ
train_00044,Φ ∂ Φ Ξ Φ Ω Φ Ω
train_00045,∇ Ξ ∂ ∇ ∂ Ω ∂ ∫ Φ ∂ Φ Φ
train_00046,Φ Ω Ω Ξ Ξ Φ Φ ∂ Ω
train_00047,∇ Φ ∫ Φ ∫ ∂ ∇
train_00048,Φ ∫ Ω ∂ Φ ∇ Φ ∫ ∂
train_00049,∇ ∫ ∇ Ξ Ξ ∂ ∫ Φ Ω
train_00050,Φ ∫ Ξ Φ Ω ∂ ∫ Ω ∫ Φ Ω Φ Ξ
train_00051,∫ ∇ ∫ Ξ Φ ∇ Φ Φ
train_00052,∫ ∫ Ξ Ξ Φ
train_00053,∇ ∂ Ω ∂ ∫
train_00054,Φ ∫ ∇ Ω Ξ ∂ Φ ∂ Ξ ∇
train_00055,Ω ∫ Ξ ∫ ∫
train_00056,∫ ∂ ∫ ∫ ∂ ∇ Ω ∇ ∂ Ξ Ξ ∇
train_00057,Ω Ω ∂ Ω ∫ ∂ Ξ Ξ Ξ ∂ ∫
train_00058,Ξ ∫ ∇ Ω Ξ Φ ∫ ∂
train_00059,Φ ∇ ∫ Ξ ∫ ∫ ∫ Φ
train_00060,Ω Ξ ∇ ∫ Φ ∂ ∇ ∇ ∂ ∂ ∇
train_00061,Ω Ω ∇ ∫ ∇ Φ ∂ ∫ Φ ∫ ∇
train_00062,∇ Ω Ξ Φ ∫
train_00063,Ξ ∂ Ξ Ω ∂ ∂ Φ Ξ
train_00064,Φ ∫ Ξ ∂ Ω Ξ ∫ Ξ ∂ Ω ∂ Ξ
train_00065,∫ Φ Ω ∂ ∫ ∫ Φ ∇ ∂ ∫
train_00066,∫ Φ ∇ ∫ Ξ Ω Ξ
train_00067,∫ ∂ Ξ ∫ ∇ ∇ ∫ ∂ ∂ ∂
train_00068,∇ ∂ ∇ ∂ Ξ ∂ ∫
train_00069,Φ Ξ ∫ Φ ∫ ∫ ∇ ∫ ∇
train_00070,Φ Ξ Ω ∂ Ω Φ Φ ∫ ∇ Ω
train_00071,∫ Ω ∫ ∇ ∂ Ξ ∇
train_00072,Ω ∇ ∂ Ω Ω
train_00073,∫ ∇ Ω Φ Φ ∫ ∇
train_00074,Φ Ω ∇ Φ Φ Ω ∂ ∫ Φ Ω Ω ∂ ∂
train_00075,∇ Φ Ω Φ ∇
train_00076,Ξ ∂ ∂ Ω Φ ∂ ∇ Φ Φ Ω
train_00077,∂ ∇ ∂ Φ ∂ ∂ Ξ ∇ ∇ ∇ Ω Ω
train_00078,Ω Ξ Φ ∫ Ξ Φ Φ ∫ ∂ ∂ Ξ Φ
train_00079,Φ ∇ Ξ Φ ∂ Φ Ξ Φ Ξ Φ Ω Ω ∫
train_00080,∂ ∇ Φ ∂ Ξ Φ ∫ ∂ Φ
train_00081,∂ Φ Ξ Ω Ξ ∇ ∇ ∇ Ω Ξ
train_00082,Ω Ξ Ω ∂ Ξ ∫ Ξ ∇ ∇
train_00083,∂ Ξ ∇ ∂ Φ Ξ Ξ Φ Ω Φ ∇
train_00084,Φ Ω Ω ∂ Ω Ξ Ξ ∂ Ξ ∇ Ξ Ξ ∂
train_00085,Ω Φ Ω Ω Ξ Ω ∇ ∂ ∂ Ω
train_00086,∂ Ω ∇ Ξ Ω ∫ ∇
train_00087,∫ Φ ∫ ∇ Φ Φ ∂
train_00088,∫ Φ Ω ∫ ∫ ∇
train_00089,Ω Ξ ∇ ∂ ∇ Φ ∇ ∂ Ω ∫ Ω Ξ
train_00090,Ξ Ξ ∂ ∇ ∇ ∇ Ω Ξ ∂ ∂ Φ ∫ ∫
train_00091,∇ Ω Φ Ω Ξ ∂ ∇
train_00092,∂ ∂ ∇ Φ Ξ ∫ ∫ Φ ∇
train_00093,∂ ∫ ∇ Ω Φ Ω Φ Ω Φ ∫ Ω Φ ∫
train_00094,Ξ ∫ ∫ Φ ∇
train_00095,Ω ∂ Ξ Φ ∫ ∂ Ξ ∫ Ξ ∂ ∂ ∇
train_00096,Ξ ∂ Ξ Φ Ξ
train_00097,Φ Ξ ∫ Ξ Ω Φ Ω ∫ ∫ ∇
train_00098,Φ ∂ ∫ Ω ∇ ∇ ∫
train_00099,∫ Ξ Ξ Ξ ∂
train_00100,Φ Ξ Ω Ω ∂ Φ ∇ Φ Φ
train_00101,∇ ∫ Φ ∂ Ω Ω ∂ ∇ Φ Ω ∂ ∇ Φ ∫
train_00102,Ξ Ω ∇ Φ Ω Ω ∂ ∇
train_00103,Ξ Φ Ξ Ξ ∫ ∇ Ω ∫ ∇ Ω ∇ ∫ Φ Ξ
train_00104,Ω ∫ ∂ Ξ ∂ ∫ ∫ Φ Ξ ∫ Φ
train_00105,∫ Ξ Ξ ∇ ∇ Ξ
train_00106,∫ ∂ ∇ ∇ Ω ∂ Φ
train_00107,Φ Φ ∇ ∫ ∂ ∇ Φ ∇ ∂ Ω ∂ Φ ∫ Φ
train_00108,Ξ Φ Φ Φ Φ ∂ Φ ∫ Φ
train_00109,Ξ ∫ ∫ ∫ ∫ ∫ ∫ Φ ∫ Ω
train_00110,∂ ∇ Φ ∫ Φ ∂ ∇ ∇
train_00111,∇ Ω ∫ Φ ∇ Φ Ω Ξ ∇
train_00112,Ξ ∇ ∇ Φ Ω ∇ ∂ ∫ ∇ ∂ ∫ ∫
train_00113,∂ Ω ∫ ∫ ∇ ∫ Φ Ξ Ω Ω Φ ∇
train_00114,Ω Ω Ω Ω Ω ∫ ∫ ∇
train_00115,∂ ∂ Ξ Ξ ∫ ∫ Φ Φ Φ ∇ Ξ
train_00116,∫ ∫ Ω ∇ ∂ Ξ Ω Ω Ξ Ω
train_00117,∇ Φ Ξ Φ Ξ ∂ Ω ∇ ∂
train_00118,∫ Ω ∇ Φ ∂
train_00119,∂ ∫ ∫ Ω Ω Φ Ξ ∫ ∂ ∂
train_00120,Φ Ω Φ ∫ Φ ∫ ∫ Ω ∂ Φ ∂ Ω
train_00121,Ξ ∇ ∇ Ω ∂ ∂ ∫
train_00122,Φ Ω Φ ∂ Φ Ξ ∫ ∂ Ω ∂ ∂ Ω Φ ∂
train_00123,∫ Φ ∫ ∂ Ξ ∂
train_00124,∇ Ξ Φ Ξ ∂
train_00125,∂ Ξ Ξ ∇ Φ ∇ ∇ ∫
train_00126,Ω ∂ ∫ ∇ Ξ ∂ ∂ Ω
train_00127,Ξ ∇ Φ Ω ∂ Φ Ξ ∫ Ξ Ω Ξ ∇ ∇ Ξ
train_00128,Ω ∫ ∇ Φ Φ ∫ Ξ Ξ Ξ Ξ Φ
train_00129,Φ ∫ Ξ ∫ Ω Ω ∂ Φ ∇ Φ Ξ ∂ ∇ Ξ
train_00130,∂ ∇ ∂ ∇ ∂ ∂ ∫ ∂ Ω
train_00131,Ω Ξ Φ ∂ ∫ Ω Ω ∂ ∫ ∂ ∇ Ω
train_00132,∫ ∇ Ω Ω Φ ∇ ∫ Ξ ∫ ∇ Φ ∫ Φ Φ
train_00133,Φ Φ Φ Ω ∫ Ω Φ ∂
train_00134,Φ Ξ ∂ Ξ Ξ ∂ Ξ ∫ ∫ Φ ∂ Φ Ω
train_00135,∇ Φ ∫ Φ Ξ Φ ∇ Ω ∂ Ξ Φ Ξ ∂ ∂
train_00136,∂ Φ Ω ∂ ∂ ∫ ∂ Ξ
train_00137,Φ Ξ ∫ Ω ∫ ∂ Ω Ω
train_00138,Ξ Ξ ∂ Φ Φ Φ Ω ∇ Φ Ω ∇ Ω ∂
train_00139,Ω Ω Φ Ξ ∂ Ξ
train_00140,Ξ ∫ ∂ Ω ∂ Φ Ω Ξ Ξ ∂ Ω ∇ Ξ Ω
train_00141,Φ Ξ ∂ Ξ Ω ∇ Φ ∫ ∫ ∫ Φ Ξ
train_00142,Φ ∇ Φ Ω ∂ Φ Φ ∫ ∇ ∇ Ξ ∂
train_00143,∇ Φ Φ Φ Φ Ξ ∂ ∫ Φ Φ
train_00144,Ω ∂ ∫ ∇ ∂ Φ ∫ Φ ∇ Φ ∂ ∇
train_00145,∫ Φ Ω ∂ Ξ ∫ ∫ ∇ Ξ
train_00146,Φ Ξ Ω Φ Φ Φ ∫ Ω Ξ ∫ ∇ Ξ Φ
train_00147,Ω ∇ ∇ Ω ∇ Φ
train_00148,∇ Ξ ∂ Φ Ξ ∂ Φ
train_00149,Ξ Φ ∂ Ξ Φ Φ
train_00150,∇ Ω ∫ Φ Φ Ξ Φ Ω Ξ Ω Φ ∫ ∫
train_00151,Ξ ∫ Ξ ∫ Φ ∇ ∫ ∇ Ω
train_00152,Ξ Ω Φ ∇ Ξ Ω Φ Ω ∇ ∫ ∂ ∂ ∂ ∇
train_00153,∇ ∇ Ξ ∇ ∇ ∂ Φ ∇ Ξ Ξ
train_00154,∇ ∂ ∫ ∇ Ξ Ω ∫ Ξ
train_00155,Ω Φ ∂ ∇ Φ ∂ Ω ∂ Ξ ∂ Ξ Ω Ξ
train_00156,∇ ∇ ∇ ∫ ∇ Φ
train_00157,∂ ∇ Ξ ∂ Ω Ξ Φ ∂ ∂ Ω Ω Ξ ∂
train_00158,∫ ∫ ∂ Φ ∇ ∂ ∇
train_00159,∂ Ξ Ω Φ ∂ ∂ ∫ ∇ ∫ Ω ∇
train_00160,Ω ∫ ∫ ∇ ∂ Φ Ω ∇ ∇
train_00161,Φ ∇ ∫ ∫ ∫ Ω ∫ ∫ Ω Φ ∂
train_00162,Ξ ∂ ∫ ∇ Φ Ξ Ω Ω Ξ Ω Ω Ξ ∫
train_00163,Ω Φ ∇ ∂ ∫ ∫ Ξ ∂ ∂ Ω
train_00164,Ω Φ ∂ Ω Ω ∇
train_00165,Ξ ∂ ∇ ∇ ∫ Ω ∇ ∇ ∂ Ω Ξ ∂ Ξ
train_00166,∇ ∇ ∫ ∇ ∫ Ξ ∂ ∫ ∫ ∫
train_00167,∇ ∂ ∂ Ω ∂ Ω ∫ Φ Ω Φ
train_00168,∇ Φ ∇ ∫ ∇ Φ ∫ ∇ Ξ ∂ ∫ Φ ∫ ∂
train_00169,Ω Ω ∂ ∇ Ξ Φ Φ ∫ ∂ Φ Ω Ω Ξ ∂
train_00170,Φ Ξ ∂ ∇ Φ ∂ ∫ ∫ ∫ Ξ
train_00171,Ξ ∇ Φ ∂ ∫ ∂
train_00172,Φ ∫ Ω ∂ ∂ ∂ Ω Ω Ξ Ξ Ω ∇ ∇
train_00173,Ω ∫ Ω ∂ ∂ Ξ ∂ ∂ Φ Ω ∫
train_00174,∫ Φ Φ Ξ ∫ Ξ ∇ Φ Ξ ∂ Φ Ξ ∇ Φ
train_00175,Ω Φ Φ ∂ ∂ Ξ ∂ Ω ∫ ∇
train_00176,Ξ ∫ Ξ Ξ ∇ ∇ Ω Ξ Ω Ξ ∂
train_00177,∫ ∫ Ω Ξ ∫ Ξ Φ ∫ Φ
train_00178,Ω ∂ ∂ ∂ ∂ ∫ Φ ∂ ∫ ∂ ∇ ∂
train_00179,Φ ∇ Ξ Ξ Φ Φ Φ Ξ ∫
train_00180,∫ Ω ∂ ∫ Ω ∫
train_00181,∇ ∫ Ω Ω ∫ ∇ ∇ ∫
train_00182,∫ Ω ∂ ∇ Ω Ξ
train_00183,∇ ∫ ∇ Ξ ∂ Φ
train_00184,Φ Ω ∇ ∂ ∇ Ξ ∇
train_00185,Φ ∇ ∇ Ξ Ξ ∫ ∇ Φ
train_00186,Φ ∂ Φ Φ Ξ Φ ∇
train_00187,∇ Ω Ω Ξ ∇ ∂ Ω ∂ ∇
train_00188,∫ ∂ Ξ ∫ ∫ ∇ ∂
train_00189,∇ ∂ Ω ∇ Ξ
train_00190,∂ Ω ∫ Ξ Ω Φ Ξ ∇
train_00191,Φ Ξ Ω Ω Ξ Ω Ω Φ ∫ ∫ Φ ∇
train_00192,Ω Ξ ∂ Ξ Φ ∇ ∂ Ξ Ω Ω ∂
train_00193,Ω Ξ ∇ ∂ Φ Φ Ω Ω Ξ
train_00194,∇ Φ Ω Ω Ω ∇ Φ Ξ ∫
train_00195,∂ ∫ Φ Ω Ω Ω Φ
train_00196,Ξ Ξ Ω Ξ ∂ ∂
train_00197,Ξ ∇ ∫ ∫ ∫ ∇ Ξ Φ
train_00198,∫ ∂ Ξ ∂ ∇
train_00199,∇ Ω Ξ Ω ∂ Φ ∫ ∫ ∂ ∫ ∫ Ω Φ ∂
train_00200,∂ ∂ Φ Φ ∫ ∂ Φ Φ ∫ ∂ Ξ
train_00201,Ω ∂ ∇ ∇ Ξ Φ Ξ ∫ Ξ
train_00202,Φ ∫ Φ Φ ∫ Ξ
train_00203,Ω Φ Φ ∇ Ω Φ Φ Ω Φ ∇
train_00204,∇ ∫ Ξ ∇ Φ ∇ Ξ ∇ ∇ ∇ Φ
train_00205,Ω Φ Ξ Ω Ω Ξ Φ ∇ ∂ ∫ ∫
train_00206,Ω Φ Φ ∇ ∫ ∫ Ξ Φ ∫ Ω
train_00207,∇ ∇ Ω Ω ∫
train_00208,Ξ ∫ Ξ ∇ ∫ Ω Ω Ξ
train_00209,∫ Ω ∂ ∫ Ξ ∂ ∫ ∂ ∇ ∇ Ω
train_00210,∇ Ω ∫ ∫ Ξ ∫ ∇ Ω
train_00211,∫ Φ Ξ ∫ Ξ Ω
train_00212,∇ ∇ ∇ Φ Ω Ω
train_00213,∂ Ω ∇ Ξ ∂ ∫ Ξ ∇ ∂ ∂ Ξ
train_00214,Φ ∂ ∫ Ξ ∂ ∫ Ω ∂
train_00215,∫ ∇ Φ ∫ ∫ Ω Φ
train_00216,Ξ Φ Ω Φ ∫ ∫ ∇
train_00217,Ω Ω ∇ Φ ∇ Ξ Ξ Ξ ∇ ∫ ∂ Ω ∂
train_00218,∇ Φ Ω Φ ∇ ∂ ∫
train_00219,Ξ ∇ ∂ ∂ ∫ ∇ Ω Φ Ξ ∇ ∂
train_00220,∇ Φ ∫ ∇ ∫ Ξ Ω Ξ ∂
train_00221,Ξ Ω ∂ Ω ∇
train_00222,Ω Φ Ω Ω Ω Φ ∇ ∫ Ω
train_00223,Ω Φ Ξ Φ Φ ∇ ∫ ∇ Ξ ∫
train_00224,∫ ∫ ∫ ∫ Ω ∇ ∂ Ξ Ω
train_00225,∫ ∫ ∇ Ξ Ξ ∇
train_00226,Ξ Ω Ξ ∇ Φ ∇ ∇ ∫ Ξ ∫
train_00227,∇ Ω Ω Φ ∇ Φ Φ
train_00228,∂ ∇ ∂ ∫ Ξ Ω Ω
train_00229,∂ Ω Ξ ∫ Ω Ω ∇ Ω ∫ Ξ Ω ∂
train_00230,∇ ∇ Ω ∂ Ξ ∫ Ξ ∫ Φ ∂
train_00231,Ξ ∫ Ω Ξ ∂ Φ ∂ Ξ ∂ Ω ∂ ∫
train_00232,Ω Ξ ∂ ∫ ∫ ∇ Φ Ξ Ω ∇ ∂
train_00233,∇ ∇ ∫ Ω Ξ
train_00234,Ξ ∂ ∫ ∫ ∂ ∇ ∫ Ω ∂
train_00235,∇ Ξ ∂ Ξ Ω ∇ ∫
train_00236,∂ ∂ Ω ∇ ∫ Ξ ∂ ∇
train_00237,Φ ∫ Ξ Φ ∂ ∂ ∂ ∇ Ξ ∂
train_00238,∫ ∇ Φ Ξ Φ Ξ Φ Ω Ω ∇ ∇ Φ ∫ Ω
train_00239,∇ ∂ Φ Ω Ω ∫ ∂ ∫ Ω ∫ Ω
train_00240,∇ ∇ ∂ ∫ ∂ Φ Ω ∂
train_00241,Ξ Ω Φ Ω Φ Φ Ω
train_00242,∇ Ξ ∂ ∫ ∫ ∇
train_00243,Ξ Φ ∇ Ξ ∇ ∫ ∂ Ξ Ξ
train_00244,Ξ Ω ∂ Ξ Φ ∂ ∫ Ω ∂ ∇ Φ ∂
train_00245,∫ Φ ∂ Φ ∫ Ω ∇ Φ Ξ ∂ ∇ Ξ ∂
train_00246,∫ ∂ Ξ Ω Ω ∂ ∫ Ω Ω Ξ Ξ ∇ ∫ ∫
train_00247,∇ Ω Φ ∂ Ω Ξ ∫ Ω Φ
train_00248,∂ ∂ Ξ Ω ∇ Φ Φ ∫ ∫ Ω Ω
train_00249,∫ Φ ∇ ∂ Ω ∇
train_00250,Ω Ω Φ Ω Ω Ξ
train_00251,∂ ∇ ∇ Ω Ξ ∇
train_00252,Φ ∫ ∇ Φ Ω Ω Ω Ω ∫
train_00253,Ξ ∂ ∇ Φ ∇
train_00254,∫ ∫ ∫ ∇ ∫ ∂ Φ ∫ ∂
train_00255,∫ Ω ∇ ∇ Ω Φ Ξ Φ Ξ Ξ ∇ Φ ∇
train_00256,∫ ∇ ∫ ∫ ∫ Ω ∫
train_00257,Φ Φ ∂ Φ ∂ ∫ ∇ ∫ Φ Ω ∂ Φ Ω Ξ
train_00258,∇ ∇ ∂ Φ Ξ Φ Ω Φ
train_00259,∫ Ξ ∂ ∂ ∫ Ξ Ξ ∂ ∫ Ω Ω
train_00260,Φ ∫ ∇ ∫ Φ ∇ ∇ ∇ ∂ ∫ ∂ Φ Ω
train_00261,∇ ∫ Ω ∫ Φ Φ Ξ Ω ∂
train_00262,Φ ∇ ∂ ∇ ∇ Ω ∇ Ξ Ω Ξ ∇ ∂ Ξ
train_00263,∫ Ω ∫ ∫ Φ ∫
train_00264,Ω Ξ Ξ ∂ Ξ Φ Φ ∇
train_00265,∇ Φ Ω Ξ ∫ ∫ Ω Φ Ξ Ω Ω ∇
train_00266,∫ ∂ ∇ ∂ Ω ∂ ∫ ∂ ∂
train_00267,Ω Φ Ξ Φ Ξ ∇ ∇ ∂ ∂ ∂ Ω
train_00268,Φ Ξ Φ Ξ Φ Ω ∫ ∂ Φ
train_00269,∫ ∂ Φ Φ ∇ Φ ∫ Ω ∂ Φ ∇
train_00270,Ξ ∂ Ω ∫ ∫ ∇
train_00271,Ξ ∂ ∫ ∫ Ω ∇
train_00272,Ξ ∇ Φ ∂ ∫ Ω ∫ ∂ Ξ Ω Ξ
train_00273,∇ Ω Ξ Ξ Ξ Φ ∇ ∫ ∇
train_00274,∫ Ξ ∂ Ω Ξ ∫ Φ ∫
train_00275,∇ ∇ Ω ∂ ∫
train_00276,Ω ∇ ∂ Ξ ∂ ∫ Ω ∂ ∇ Φ ∫ Ω
train_00277,∂ ∫ ∂ ∇ Ξ Ω Ξ Φ ∫ Φ
train_00278,∇ Φ ∇ Ξ ∇
train_00279,∫ Φ ∇ ∇ Ξ Ξ ∇ Φ ∂ ∂ Ω Ω Φ ∫
train_00280,∂ Ξ Ξ Φ Ω Φ ∫
train_00281,∫ Ξ ∫ ∇ Φ ∫ ∫ ∇ ∂ ∫ ∇ Ω Ω
train_00282,Ξ ∫ Ξ ∂ Ω Φ ∂ ∂ ∇ Ω Ω Φ ∂ ∇
train_00283,Ω Ξ ∂ Φ ∇ ∫ ∫ Φ Ξ ∂ Ξ ∫ ∫ Ω
train_00284,Ω ∇ Ω ∇ Ξ Ξ ∫
train_00285,∫ Φ ∇ Ω ∂ Ξ ∂ ∇ ∂ ∂ ∫ Φ Φ
train_00286,Ω Φ ∂ ∫ ∂ ∫ ∂ Ω ∫ Ω Ξ
train_00287,∂ ∇ Φ Φ Ω ∇ ∂ Φ
train_00288,Φ Φ Φ ∫ ∇ ∂ ∂ ∂ ∇ ∇
train_00289,Ω Φ Ξ ∫ ∇ ∂
train_00290,∫ ∫ ∇ ∇ Ω Φ ∫ Φ ∇ ∂
train_00291,Φ Ω ∫ ∂ ∫ Ω Ξ ∂ ∂ Ξ Φ ∇ Ξ ∫
train_00292,Φ Φ ∫ ∫ Ω Ξ ∫ Ξ ∇
train_00293,Ω ∂ ∫ ∇ Φ ∂ Ω Ξ
train_00294,∂ ∂ ∇ Φ Φ ∇
train_00295,Φ ∂ Ξ ∫ Ξ Ω Ω ∇ Ξ ∂ ∫ Ξ ∂
train_00296,∇ Φ ∫ Φ Φ ∫ Ω ∂
train_00297,∇ ∂ Ω ∇ ∇ Φ Ξ Φ
train_00298,∂ ∇ Ξ Φ Ω Φ ∫ Φ Ξ
train_00299,Φ ∇ ∫ Φ ∇ Ξ ∂ Φ ∇ Φ ∂ ∫
train_00300,∇ ∫ ∇ ∇ ∇ Φ Ω ∂ Ω
train_00301,Φ Ω ∫ Ξ ∫ ∇ ∇ Ξ
train_00302,∇ Φ ∇ Ξ ∇ Φ Ω Φ ∂ Φ
train_00303,∫ ∂ Ω ∫ Φ Φ Φ
train_00304,∫ ∫ Ω Ω ∫ ∂ ∫ ∫ ∂
train_00305,Ξ ∫ Ω ∫ Ξ
train_00306,∫ ∫ ∫ Ω ∫
train_00307,Ξ Φ ∫ ∂ Ξ ∂ ∫ ∇ Ξ ∂ Ω
train_00308,∂ ∂ ∫ Φ Ξ ∇ ∇ ∂ Ξ Ω Φ Φ ∂ Φ
train_00309,∂ ∫ Ω ∇ ∇ ∇ ∫ Φ ∇ ∂ Φ ∇ ∂ Ξ
train_00310,∫ Ω ∇ ∇ ∇ ∫ Ω ∫ Ξ ∇ ∂ ∂ Φ
train_00311,Φ ∇ ∇ ∫ ∂
train_00312,∫ Φ ∇ Ξ Φ ∂ ∫
train_00313,Φ ∫ Ξ ∇ Φ Ξ
train_00314,∫ Ξ Ξ Φ ∂ ∇ ∇ ∇
train_00315,∂ Ω ∂ Ξ ∂ Φ ∇
train_00316,∫ Ξ ∂ Ξ Ξ
train_00317,∫ Φ ∫ Ω ∂ Φ Φ ∇ Ξ
train_00318,Ω ∇ ∫ Φ ∇ ∫ ∇ ∫ Ξ Ξ ∂ ∇ Ξ
train_00319,∫ ∫ Ξ ∫ ∫ Φ Ξ ∂ ∇ Φ ∂ Ω ∫ ∇
train_00320,∫ ∂ ∂ Ω ∇ Φ Φ ∂ ∇ ∂ Ξ Ξ ∇ ∂
train_00321,Ω ∫ ∇ ∫ ∫ ∫ Ξ
train_00322,∇ Ξ Ω ∫ Ω Φ
train_00323,Φ ∇ Ω Ξ Ω
train_00324,∇ ∇ ∫ ∇ ∇ ∂ ∂ ∂ ∇ Ω ∫ Φ ∫ Ξ
train_00325,Φ ∂ ∇ ∫ ∂ ∂ Ξ ∂ Ξ Ξ Φ ∇
train_00326,Ξ Ξ Ω Φ Ω Ξ Ω
train_00327,∇ ∫ ∫ ∫ Ω ∇ Ξ ∇
train_00328,Ξ Ξ ∇ ∂ Φ ∫ ∂ Ξ Ξ
train_00329,Ξ ∂ Ξ ∂ Ξ
train_00330,∫ Φ ∇ ∂ Ω
train_00331,Ω Ξ Ξ ∫ ∂ ∂ ∂ Φ ∇
train_00332,∫ Ξ Ξ ∫ Ξ Ξ Φ ∇ ∫ ∂ Ω Φ
train_00333,∂ Ω Ω ∫ ∇ Ω ∫
train_00334,Ω Ξ ∇ Φ ∇ ∂ ∫
train_00335,∂ Ω ∂ Ξ ∫ Ξ ∂
train_00336,Φ Ξ ∂ Ω Φ Ω Φ Ξ ∂ Ξ ∂ Ω
train_00337,Ξ ∫ Ξ ∫ Φ Ω Ξ
train_00338,∇ ∂ Φ ∂ ∫ ∫ ∫ Ξ ∂ ∇ ∫ Φ
train_00339,∇ Φ Φ Φ Ξ ∫ Φ ∂ Ω Φ ∇ Ξ Ξ ∂
train_00340,Φ ∂ Ξ ∫ ∫ ∇ ∂ ∇ ∂ Ω
train_00341,Ξ ∂ ∂ Ξ Ω ∂ ∫
train_00342,Φ ∂ Ξ ∫ ∂ ∂ Ξ
train_00343,Ω Φ ∫ ∇ ∫ ∇ Ω Φ Φ ∫ Φ Ω ∇
train_00344,Ω ∫ ∇ ∇ Ξ Ω ∇ ∫ Φ Ξ Ξ ∇ ∫
train_00345,∇ Ξ ∂ ∫ Ξ ∫ ∂ ∂ ∫ ∂ Ξ
train_00346,Ξ ∫ ∫ ∇ Φ
train_00347,∫ ∂ Ξ ∂ Ω ∫ ∂ Φ ∫ Ξ ∫
train_00348,∇ Φ Ω Φ Ω Ω Ω Ω Φ Ξ ∇ Ω ∇ ∫
train_00349,∫ ∇ Φ ∂ ∫ Φ ∂ ∇
train_00350,∇ ∇ Φ ∫ ∫ Φ Ω Φ ∂ ∂ ∇ Ξ
train_00351,Ω Ξ Ξ ∂ ∫ ∂ ∇
train_00352,∇ ∫ ∂ Ω ∫ Ξ ∫ ∇ Φ ∂ ∂ ∂ Ξ ∫
train_00353,Ξ ∇ Ω ∫ ∇ Ω ∇ Ξ Ξ Φ Φ
train_00354,∇ Ω ∂ Φ Ξ Φ Ω Ξ
train_00355,Φ ∂ Ω Ξ ∇ ∇ Ξ Ω Ω ∇ Φ
train_00356,∂ ∫ ∂ Ω ∫ Φ
train_00357,Ξ ∫ Ω ∫ Ω Φ ∫ Ω ∫ ∂ Φ
train_00358,∫ ∫ ∇ Φ ∫ ∫ ∂ ∇ ∫ ∂ ∫ Ω
train_00359,Φ Φ Ξ Φ Φ Ω Φ ∫ Φ ∂
train_00360,∫ ∫ Φ Ω Ξ ∇ Ω Ω ∫ Ξ ∂
train_00361,Ω ∂ Ω Φ ∂ ∇
train_00362,Φ Ξ ∂ Ξ ∂ Ξ ∇ ∂
train_00363,∫ Ξ ∇ ∂ ∂ ∇ Ω ∂ Φ Ω ∂ Ω ∂ ∫
train_00364,Φ Φ Φ Ξ ∂ Φ Ω ∇ Ω ∂ Φ Ξ Ξ
train_00365,∇ ∫ ∫ Ξ Φ
train_00366,∫ ∂ Φ Ξ ∂ Ω ∫ ∇ Ξ ∫ ∫ ∫ Ξ
train_00367,Ω Ω ∂ Ξ ∂ ∂ Φ Ω Φ ∫ ∫ ∫ Ξ
train_00368,∫ ∇ Ω Φ ∂ ∇ ∂ Φ ∫ ∫
train_00369,Ω ∇ ∇ Ξ Ξ ∇ ∇ ∇ ∂ Ω Ξ
train_00370,Ξ ∫ ∇ Φ Φ ∂ Φ Ω Ξ Ω Ξ Ξ
train_00371,∂ ∇ Φ Φ Ω Ξ Φ ∂ ∫ ∇ ∂ Φ ∇
train_00372,Ω Ω ∇ ∫ ∫ Φ ∇ ∫ Φ ∂ ∇ ∇ ∫
train_00373,Ω Ω ∂ Ξ Φ ∂ Ω ∇ ∂
train_00374,Ω Φ ∫ ∇ Ω ∇ Φ
train_00375,∇ Ξ ∫ Ω ∫ ∇ ∫ Ω
train_00376,∫ Φ Ω ∇ Ω ∇ Ξ ∂ ∇ ∇ Φ ∂ Ξ
train_00377,Ω Ω Ω Φ Φ Φ
train_00378,∇ ∫ Ξ Ω ∇ Ξ ∫ Ξ Ξ
train_00379,Φ Ξ ∇ ∇ ∫ Ω
train_00380,∫ Ω ∫ ∂ Ω Ω Ω Φ
train_00381,Ω ∇ Φ Ξ Ξ Ω ∇ ∂
train_00382,∫ Φ ∫ ∫ ∂
train_00383,∂ Φ Φ ∇ ∇ ∇ ∫ Ξ Ω
train_00384,∇ ∫ ∇ Ω ∂ ∂ Ξ Ξ
train_00385,Ξ ∂ Ω Φ Φ ∇
train_00386,Ξ Φ ∇ ∫ Ξ ∇ Ω
train_00387,∇ ∫ Φ Ω ∇ ∇ ∂ ∇ Φ Ω ∫ ∇ Ξ
train_00388,Ξ ∂ Φ Ω Φ ∂ Ξ Ω ∂ ∂ ∇ Ω ∫ ∂
train_00389,Ξ ∂ Φ ∂ ∂ ∇ Ω ∫
train_00390,∫ ∂ ∇ Φ ∇ ∇ ∂ Ω ∇ Φ Φ Ω Ω ∂
train_00391,Φ ∫ ∫ ∂ Φ
train_00392,Ω Ξ ∇ ∂ ∂ ∇ ∇ Ξ ∂ ∇
train_00393,Ξ Ξ ∇ ∂ Ξ ∇ ∫ Ξ ∫ ∂ Φ ∫ Ω
train_00394,∂ Ξ ∫ Φ Ξ Ω ∫ Ξ ∇ Ω ∫ ∂
train_00395,∂ Φ Φ Ξ ∂ Ω Ξ Φ Φ Φ Φ
train_00396,∂ Φ ∫ ∇ Φ Ξ Ω Ω ∂ Ω ∇
train_00397,∇ ∫ Ω Ξ ∇ Ξ ∫ Ω ∇ Ξ ∂ ∫
train_00398,∫ Φ Φ ∇ ∂ Ξ ∫ Φ Ω Φ ∂ ∂
train_00399,Φ ∫ ∫ Ξ ∂ ∫ Φ ∇ ∇
train_00400,Ξ Φ Ξ Ξ ∇ ∫ Ω Φ Φ Ω Φ ∫
train_00401,Φ ∂ ∫ Ξ ∫ Φ Ξ
train_00402,Φ ∫ ∇ Ω Ξ ∫ Ω ∫ ∂ ∫
train_00403,∂ Ω ∇ Ω ∂ Ξ Ξ ∫ Ξ Ξ ∇ Φ
train_00404,∫ Φ ∫ ∂ Ω Φ ∂ ∫ ∂ ∫
train_00405,Ξ Φ Ξ ∇ ∫ ∫ ∂ Φ ∂ Ω ∇ Φ ∂ Φ
train_00406,∇ ∇ ∂ ∫ ∫ ∫ Ξ ∂ Ξ
train_00407,Ω ∂ ∇ Ξ Ξ ∫ Ω
train_00408,Φ Ξ ∂ ∂ ∇ Ω ∂ ∇ Ξ ∫ Φ
train_00409,∇ Ω ∇ ∇ ∫ Ω ∇
train_00410,Φ Ω Ξ Φ ∂
train_00411,∫ ∫ Φ Ξ Φ ∇ Ξ Ξ Φ Ω Ω
train_00412,Ω Ξ ∇ ∫ ∫ Φ ∇ ∇ ∫ ∇ ∫ Ω Ξ ∂
train_00413,Ω Φ ∇ Ξ Ω Ω
train_00414,Ξ ∫ ∇ Φ Φ ∂ ∇ ∇ Ξ Ξ Ξ ∇ ∂ ∫
train_00415,∫ ∇ ∫ ∇ ∇ ∂ Ω Ξ ∂ Ω ∂
train_00416,∇ Φ Ω Φ ∇ ∫ Ω Φ
train_00417,Φ ∇ ∂ ∂ ∫ Ξ Ω
train_00418,∂ ∇ ∇ ∂ Ξ Ξ Ω Φ Ξ
train_00419,Ξ Φ ∂ ∇ Ξ Ω Ξ Ω ∫ Ω
train_00420,Ω Φ ∂ Ω ∫ ∇ Φ ∂ ∇ Φ
train_00421,Ω Φ ∂ Φ Ω Ω Ξ ∫ ∫
train_00422,Ξ ∇ ∇ Ξ ∇ Ξ ∇ ∫ ∫ Ω Φ Φ
train_00423,Ω ∫ Φ ∫ Φ Ω ∂ ∇ Ξ
train_00424,∫ Ξ ∂ ∂ Φ Φ ∇ Ω Φ
train_00425,∫ ∇ ∂ ∂ ∂ ∫ ∫ Φ ∇ Ξ Ω Φ Φ Ξ
train_00426,∂ Φ Φ ∇ Ξ ∇ Φ
train_00427,∂ Ω Φ Ξ Ω Ω Ξ
train_00428,Ω ∇ ∫ ∫ ∇
train_00429,∫ ∫ ∂ Φ ∇ Φ ∇ Φ Ω
train_00430,Ξ ∫ ∫ ∫ Ξ ∂
train_00431,∇ ∇ Ξ ∫ Ξ Ξ Ξ
train_00432,∫ Ω Ξ Ω ∫
train_00433,Ξ ∂ Φ ∇ ∇ ∂ ∇
train_00434,∫ Φ Ω ∂ Φ Φ Ξ
train_00435,∂ ∫ Ω Ω Φ ∇ ∂ ∇ ∇ Ω Ω Ξ Ω
train_00436,∫ ∂ Ω ∂ ∇ ∫ ∫ ∫ Ω ∂
train_00437,Ω Ω ∇ Ω ∫ ∇ Ω ∫
train_00438,∇ ∇ Ξ Ω ∇ Ω Ω Ξ Ξ Ξ Φ Ξ Φ
train_00439,Ξ ∫ Φ ∇ Ξ ∫ Φ Ξ Ω ∫
train_00440,∂ Φ ∫ ∇ Φ ∂ ∂ ∇ Ω Ξ
train_00441,∇ ∇ Ξ Ξ ∂
train_00442,∂ ∫ Ξ ∇ ∇ Ξ ∂ ∇ ∫ ∫
train_00443,Ω ∂ ∂ ∇ ∇ ∇ Ξ Ω ∫ Ω Ω ∂
train_00444,Ω Φ Ξ ∂ ∂ Ω ∇ Ω Ω
train_00445,Ξ ∫ Ω Ω Ω Ω ∇ Φ
train_00446,∫ ∇ Φ ∇ ∂ Ξ Φ ∫ ∂ ∇ ∫
train_00447,∇ Ω ∇ Ω ∇ ∇ Φ ∇ Ξ
train_00448,Ω Ξ ∫ ∂ Ξ ∂ Φ Ω ∂ Ξ Φ Φ
train_00449,Ω ∂ ∂ ∇ ∇ ∇ Ω Ξ
train_00450,Φ ∫ Ξ ∫ ∫ Ξ Ξ Ξ Φ
train_00451,∇ Ξ Φ Ξ ∇ Ξ ∫ ∇ Ω ∇ ∫
train_00452,Ξ Ω ∫ Ξ ∂
train_00453,Φ Ξ ∫ ∇ Ξ Ω ∂ Ξ Φ ∫ Ξ Ξ
train_00454,∇ ∫ Ω ∇ ∇ ∫
train_00455,∇ Ξ ∇ Ω Φ ∇ Φ Φ ∇ Ω Ξ ∫ ∫ ∫
train_00456,Φ Φ Ξ ∂ ∫ ∫ ∂ Φ Ω ∂
train_00457,∇ ∫ Ξ Φ Φ ∫ ∇ Ξ ∇ ∫ ∂
train_00458,∂ ∂ Ξ ∫ Ξ
train_00459,∂ Φ ∂ ∫ Ω Φ ∫ ∇ ∇ ∫
train_00460,∫ ∇ Ξ Ξ Ξ ∫ Φ Ω Φ Φ
train_00461,Ω ∂ Ω Φ Ξ ∇ ∫ ∫
train_00462,∇ Φ Φ ∫ ∫ Φ ∇ ∫ Ξ Ω ∇
train_00463,Ω ∫ Φ ∫ ∫ Φ Φ Ω
train_00464,∫ ∇ ∫ Ξ Ξ ∇ ∇ ∫ ∫
train_00465,∂ Ξ Ω ∇ ∂ Ξ ∫ Φ
train_00466,Ω ∫ ∇ Φ Ξ Φ ∫ ∂ ∇
train_00467,Ξ ∇ ∫ Ω ∂ ∫ Φ Φ ∫ ∂ Ω ∫ Φ
train_00468,∂ Ω ∂ ∂ Ω ∂ ∫ ∂ Φ Φ
train_00469,Ξ Ω Φ Ω Φ ∫ Φ Φ Ω ∫ Ξ ∫ ∂ ∫
train_00470,Ξ Ω Ξ ∇ Ω ∫ Φ Φ Φ
train_00471,Φ Ω ∇ ∇ ∇ ∫
train_00472,∂ Ω ∇ ∇ ∫ Ω ∂ Φ Φ
train_00473,∂ ∫ ∂ Ξ ∂ ∫ Ξ Ξ Ξ ∫
train_00474,∇ Φ Φ ∫ Ω
train_00475,Ω ∫ Ω Ξ ∇ ∫ Ξ ∇ Ω ∇
train_00476,∫ ∇ ∇ ∂ ∂ ∫ Φ Ω
train_00477,Φ ∫ ∂ ∇ ∫ ∂ Ξ Φ Φ ∇ Φ ∫
train_00478,∇ Φ Ξ ∫ ∂ Ξ Φ
train_00479,∇ ∫ ∇ ∫ Ξ Ω ∇ Ω ∫ Ξ
train_00480,∫ ∇ Φ Φ ∫ Φ ∂
train_00481,Ξ ∫ ∇ Ω Φ Ω ∫ Φ
train_00482,∂ Ω ∂ ∫ Ξ ∫ ∂ Φ Ξ ∂ Ω Ω ∇
train_00483,∂ ∂ ∫ Ω Φ Ω Ω ∇
train_00484,∫ Ξ Ω ∇ ∇ ∇ Φ Φ ∂ ∫ ∫ ∇ ∂
train_00485,∂ ∂ ∇ ∫ ∫ Ω Φ ∫ ∇ Ω ∂ Ξ Ξ Φ
train_00486,∫ Φ ∫ Φ Ω Ω Φ ∫ ∫ ∂ Φ ∂ Φ
train_00487,∫ ∫ Φ Ω ∂ Ω
train_00488,Ω ∂ ∇ Ω ∇ Ξ Ω Ξ Φ Ξ Φ
train_00489,Ω ∫ ∂ ∇ Ω ∂ Φ ∂ Ω ∂ ∇
train_00490,∇ Φ Ξ ∂ ∂ ∫ Ω ∂ ∫ Ξ
train_00491,∫ ∫ Ξ Φ ∫ Ξ Ξ Ξ Ω Φ ∇ Φ
train_00492,Ω Ω Ξ ∫ ∫
train_00493,Φ Ξ ∫ Ξ Ω ∂ Φ
train_00494,∫ Ξ Ω ∫ Φ ∂ ∫ ∫ ∂ ∂ Ξ Ω ∇ ∂
train_00495,Ω ∇ ∂ Φ ∇ Ξ ∂
train_00496,Ξ ∫ ∫ Ξ ∫ Ω Ω Φ
train_00497,Ω ∇ Ω ∇ Ω ∇ Ω ∇ Φ Ω
train_00498,Ξ ∫ Ξ ∫ Ξ ∫ ∇ Φ ∂ Ξ Φ ∂ ∂ Ω
train_00499,Ξ Ξ Ξ ∇ ∫ Ω Ω ∂ ∇
train_00500,∫ Φ ∫ ∇ ∇ Ω Ω ∇ Ξ Φ
train_00501,Φ ∂ ∫ ∇ ∂ Ω Ω ∇ ∫ Ω ∂ Φ ∂ ∫
train_00502,Φ ∇ ∫ Ξ Ξ Φ Ξ ∇
train_00503,Φ ∇ Ω Ω ∂ ∂ Φ Ω ∇ ∇ ∇ Ξ ∂ Ω
train_00504,∇ ∂ ∇ Φ ∇ Ω ∂ Ω Φ Φ ∫ ∇
train_00505,∂ ∫ ∫ ∂ ∂ ∇ ∫ ∂
train_00506,Φ ∫ Ω ∂ ∂ Ω Ξ Ω ∇ Ξ Φ Ω Φ Ξ
train_00507,∂ ∂ Φ Ω ∫ Φ Ω Φ Ω ∫ ∂ ∇
train_00508,∂ Ξ Ω ∂ ∫ ∂ Ξ Φ Φ
train_00509,∫ Ξ Ω Φ ∇ Φ Ω Ξ Φ
train_00510,Ω Ξ Φ Ω Φ Ω ∇ ∂ ∂
train_00511,Ω Φ ∂ Ξ ∫ ∂ ∫ Ω Ω Φ ∂ Ξ Φ
train_00512,Φ Ω ∂ Ξ Ξ
train_00513,∂ ∂ Φ ∇ ∂ Φ ∂ ∇ ∂
train_00514,∫ ∫ ∂ ∫ Ξ Ξ Ω Ξ ∂ Ω
train_00515,Ω ∫ ∫ Ω Φ Ω ∂ Ξ
train_00516,∂ Ξ ∫ ∂ Φ Ξ
train_00517,Φ Ω Ξ Ξ Ω Ω ∂
train_00518,Φ Ξ Ξ ∂ ∂ ∂ ∇ Ω ∇ ∂ ∇ Ω
train_00519,Ξ Ξ Ξ Ω Ω ∫ ∇
train_00520,∂ ∂ Φ Ξ Ξ ∫ ∫ Ω Ω Ξ ∫
train_00521,∇ ∇ ∇ ∇ ∫ Ω ∫ Ω
train_00522,Ξ ∫ Φ Φ ∇ Ω ∂ ∫ Ξ
train_00523,∂ ∫ ∫ Φ Ξ Φ ∂ Ξ ∫ Φ Φ
train_00524,Φ Ξ Ω Ω ∇ ∂ ∇ ∂
train_00525,∫ Φ ∫ ∇ Ξ Ω ∇ ∇
train_00526,Ξ ∇ ∂ Ξ Ξ
train_00527,Φ Φ ∂ Φ Φ ∂ Φ Φ ∫ Φ Ξ Ξ
train_00528,∇ Ω Ξ ∇ Ω Φ ∂
train_00529,∫ ∂ Ω Ξ ∂
train_00530,Ξ Ξ Ω Φ ∫ ∂ Ξ ∂
train_00531,Ω Ω Φ ∇ Ω Ξ Ω ∫ ∫ Ω Φ ∂ Ω Ω
train_00532,Φ Ω ∂ Ω ∫ ∫ ∂ ∂ Ξ ∫ ∇
train_00533,Φ ∫ ∇ Ω Ω
train_00534,Ω ∫ ∂ Φ ∇ Ω ∂ Ξ ∇ Ξ Φ ∇ ∇
train_00535,∂ Φ ∂ ∇ ∇ Φ ∫ Φ ∂ ∇ ∫
train_00536,∂ ∂ ∂ ∇ ∂ ∇ Ξ
train_00537,∂ Φ Φ ∫ Φ ∂ Ξ Ξ
train_00538,Ξ Ξ ∂ ∂ Φ ∇ Φ Ξ Ω ∫ ∂ ∂ Ξ
train_00539,Ω Ξ Ξ ∫ Ξ Ξ ∇ ∇ ∫ ∫ Ξ Φ
train_00540,Ω ∂ Ω ∫ Ω ∂ ∂ ∇ ∫
train_00541,Ξ Φ ∫ ∫ ∂ Ξ ∇
train_00542,Ω ∂ ∂ ∇ ∫ ∫ ∫ Ξ ∫ Ω ∂ ∫ Φ Ξ
train_00543,Ω Φ ∂ ∇ Ξ
train_00544,Ω ∂ Ξ ∇ Ω Ω ∂ ∂
train_00545,∇ ∇ ∫ Φ Ξ
train_00546,Ξ Φ ∇ ∇ ∇
train_00547,∇ ∂ ∫ Ω ∫ ∇ ∇ ∫ Ω ∇ Ω ∇ ∇
train_00548,∫ ∫ ∫ ∫ ∇ Ω ∇ ∇ ∇ Ξ Φ
train_00549,Φ Ω ∇ ∫ Ξ ∫ ∂ Ω Ω ∂ Ω Ξ ∇ Φ
train_00550,Ξ ∂ Ω Ω Φ
train_00551,Ξ ∇ Ξ Ω ∂ Ξ Φ ∫ Ω Ω ∫ ∫ ∫
train_00552,Ξ ∫ ∫ Ξ ∫ ∇
train_00553,Ω ∫ Ω ∫ Ω Ω
train_00554,Φ ∂ ∫ Ω ∫ Ω ∇ ∫ Ω ∫ Ω
train_00555,∂ ∂ Φ ∂ ∂ ∫ ∇ ∂ Φ Ξ ∇ ∇ ∂ ∂
train_00556,∂ Φ Ω ∇ Φ
train_00557,∂ ∇ Ω Φ Ξ Φ ∂ ∫ ∂ Ω ∇ Φ
train_00558,∂ ∫ ∇ ∇ Φ Ξ Ξ Φ ∫ ∫ Ω
train_00559,∇ Ω Ξ Ω Ξ ∫ ∇
train_00560,∇ ∫ Ξ Φ ∇ ∂ ∂
train_00561,∂ ∂ Ξ ∫ Ω ∇ ∂
train_00562,∇ Ξ ∇ ∇ ∇ ∫ ∂ Ξ Ξ
train_00563,∫ Ξ Ξ ∫ Ξ Ω ∫ Ξ Ξ Φ ∇ ∂ ∂
train_00564,∂ ∫ ∇ Ξ ∇ Φ Ω Ξ Φ
train_00565,∇ Ξ Ξ ∇ ∂ ∂ Ξ ∫
train_00566,∂ ∫ Φ ∂ Ω Φ ∫ ∫ Ξ ∂ ∂ Φ Ξ
train_00567,Φ Ξ ∫ ∇ Φ ∫
train_00568,Ω ∇ ∫ Ξ Φ ∫ ∫ ∇ Φ Ξ Ω Ξ
train_00569,Ω ∂ Φ Φ Ω ∂ Ω ∫ ∂ Ω
train_00570,Φ ∫ Ξ Ω Ξ Ω Ξ ∇ Ξ ∇ ∂ Ξ
train_00571,∂ Ω ∇ Ξ ∂ Φ ∂ Φ
train_00572,∇ ∂ ∫ Ξ ∇ ∇ ∂ Ω ∫ Ω Ω Φ ∂ ∇
train_00573,Φ Ξ Φ Ω Ω ∂ ∫ ∫ Ω ∇ ∫ Ω Φ Ω
train_00574,Ω ∂ ∇ Φ ∇ Φ Ω Φ ∇
train_00575,Φ ∂ Ξ ∇ Ξ ∫
train_00576,∫ ∂ Ξ Ω Ξ Ξ
train_00577,Φ ∫ ∫ Φ ∇ ∇ Φ Φ Φ ∂
train_00578,∇ Φ Ξ Φ Ω ∫ Ξ ∂ Ξ Ω
train_00579,∫ ∂ Φ Φ ∇ ∂ Ξ ∫ Ξ ∂ ∂ Ξ
train_00580,∂ ∫ ∂ ∂ ∫ Φ ∇ Ω Ω Ω ∂ Φ ∂
train_00581,Ξ ∫ ∇ Φ ∇ ∂ ∂ Φ ∂ ∫ Ξ Ξ
train_00582,∫ ∫ ∂ ∫ ∂
train_00583,Φ Ξ Φ Φ ∫ Φ ∂ ∂
train_00584,Ξ Ξ ∫ ∂ ∂ Ω ∂ ∂
train_00585,∂ Φ ∇ Ξ Φ ∫ ∫
train_00586,Ω Ξ ∫ Ω Φ ∫ Ξ Ξ ∂
train_00587,∫ ∇ ∂ ∂ ∂ ∂ ∂ ∇ ∇
train_00588,∂ Ξ ∇ ∇ Ξ Φ Ξ
train_00589,Ξ Φ ∫ ∫ Ω Ξ
train_00590,∇ Ω Φ Ξ ∂ ∫ ∫ ∂ Ω ∇ ∇
train_00591,Φ ∫ Ξ Ξ ∂ Φ ∇ Ω Ξ
train_00592,∇ ∇ ∫ Ω ∇ ∫ ∫ Ω
train_00593,∂ ∇ Φ Φ ∫ ∫
train_00594,∇ Ω Ξ ∇ ∫ ∫ Ξ ∂ ∫ ∇
train_00595,Ω Ω ∇ ∂ ∫ ∂ ∫ ∂ Ξ ∂ ∇ ∂
train_00596,Ω Ξ ∇ ∫ ∇ ∇ ∂ ∂
train_00597,Ξ Ξ ∇ Ω Ξ Φ Ξ Ω
train_00598,Ω Φ ∫ ∫ Φ
train_00599,Ξ ∇ ∂ Ξ ∫
train_00600,∇ Φ Ω Φ Φ Ξ Ξ
train_00601,Ω Ω Ω ∇ Ω ∂ ∇ ∫ ∫ ∇ Ξ ∫ Φ
train_00602,Ω ∇ ∫ ∇ Ω ∫ ∇ ∫ ∫ Φ ∫ ∇ ∇ ∇
train_00603,∫ ∫ Ω Ξ ∇ Ξ Ω Ω ∇ Ξ Φ Ξ
train_00604,∇ ∂ ∫ Ω ∫ Ξ ∂
train_00605,∂ Φ Ω Ξ ∂ Ω ∇ ∫ Ξ ∇ ∇ Φ
train_00606,Ω Ω Ξ Ω ∫ ∫ Ξ
train_00607,Ω Φ Ξ ∫ Φ Ξ Φ Φ Φ Ξ ∫ ∫ Ω Ω
train_00608,∇ Φ ∫ ∂ ∂ Ω ∂ Ω Ξ ∂
train_00609,∫ ∇ Ξ ∂ ∂ ∇ ∫ ∇ ∇ Φ Φ Ω ∫
train_00610,Ξ ∂ ∇ ∇ ∂ ∫ Ξ Ω Ω ∂ Ξ Ξ Φ
train_00611,Ξ Ξ Ξ Ω Ξ Φ Ω ∫ ∫ ∫ Ξ
train_00612,Ω Ω Ω Φ Φ ∫ ∫ Φ ∇
train_00613,∂ ∂ Ξ ∂ Ξ Ω Φ ∫
train_00614,∫ ∂ Φ ∫ ∂ ∇ Ω Ξ Ξ Ξ Ξ Ω Φ
train_00615,∇ ∇ ∫ Ξ ∫ ∫
train_00616,Ξ ∫ ∇ ∫ Ω Ξ Φ Ω
train_00617,∫ Ω Φ ∇ ∇ ∫ Ξ ∫ Ξ Ω Ω Φ Φ ∂
train_00618,Ξ Φ Ω Φ Ξ Φ Ξ ∫ Φ
train_00619,Φ ∫ ∫ Ω Ω ∇ Ξ ∇ Ξ ∇ Ω
train_00620,Ω ∫ ∇ ∇ Ξ ∂
train_00621,Ξ ∇ Ξ Ω ∂ ∂ Φ Φ Ω ∇ ∂ ∫ Ξ
train_00622,∂ ∫ ∇ ∇ Φ Ξ ∇ Φ
train_00623,Φ ∇ Φ Ω Φ ∂ Ξ ∇ Ξ Φ Ω Ξ
train_00624,Ω ∂ Ξ Ξ ∫
train_00625,Ξ Ξ Ξ Ω Ω ∫ Φ Ξ ∇ ∇ ∇ Ξ
train_00626,∫ Ξ ∇ Φ Ξ ∇
train_00627,Ω ∫ ∇ Ξ Φ ∂ Φ ∇ Φ
train_00628,Ξ Ξ ∇ ∇ ∫
train_00629,∇ Φ ∫ Ω Ω Ξ Ω ∫
train_00630,∇ ∂ ∫ Φ Φ ∫
train_00631,∂ Ω Ξ ∂ ∂ ∫ ∂ Φ
train_00632,∇ Ξ ∫ Φ Ω
train_00633,Φ ∇ ∂ ∂ ∂ Ω ∫ Ξ ∇
train_00634,Ξ ∫ ∇ ∫ Ω ∂ ∇
train_00635,∇ ∇ Ξ ∇ ∫ ∫ Φ Ξ Ω ∫ ∇ Ω
train_00636,Φ ∂ Ξ Φ ∫ ∫ Ξ Ω Φ Ξ ∇ Ω Ξ
train_00637,Φ Ξ Ξ ∇ ∇ ∂ Φ ∫ Ξ Φ ∂ Ω ∇
train_00638,Ξ Φ Ξ ∫ ∫ Ω
train_00639,∫ ∫ Ξ ∇ Ξ Ξ ∂ ∂
train_00640,∇ Ω ∇ Ω Ω Ω ∇ ∇ ∇ ∫ ∇ Φ Ξ Ω
train_00641,Φ Ω ∂ ∫ ∂ Ξ Ξ ∇ Φ
train_00642,∇ Ξ ∇ ∇ ∫
train_00643,∫ Φ ∂ ∇ ∫ Φ Ξ ∇ Φ Ξ Ω ∂
train_00644,Ω ∇ Ξ Φ ∇ Ω ∫
train_00645,∇ Ω ∇ Φ Ω Ω ∂ ∂ ∇ ∂ Φ
train_00646,Φ Ξ ∫ ∇ Ξ Φ ∇ ∫ Ω ∇ Ω Ξ ∫
train_00647,∫ Ξ ∫ Φ ∇ Ξ Ξ
train_00648,∂ Ξ Φ ∇ Φ Ω Φ ∂
train_00649,∇ Φ ∇ Ω Φ ∂
train_00650,∂ ∇ Ξ ∫ Φ Φ ∂ ∇ ∫ ∇ Ξ ∂ ∇
train_00651,∂ ∂ ∂ Φ Φ Ξ Ω ∇ ∂ Φ Ξ Ξ Ξ
train_00652,Ω Φ Ω ∫ ∫ Ω
train_00653,∇ Φ ∫ ∇ ∇ Ξ
train_00654,∂ Φ ∇ Ξ ∇ Ξ Ω ∇
train_00655,Ω ∇ Φ Φ ∇ Φ Φ ∫ ∇ Ω ∫ Φ ∂
train_00656,Ξ ∫ ∇ ∇ Φ Ξ ∇
train_00657,∫ Ω ∂ ∇ Ξ Ξ ∫ Ξ Ξ
train_00658,∂ Ω Ξ ∇ Ω Φ ∫ ∇ ∇
train_00659,Φ Ω Φ Ξ ∂ Ω ∇ Ω ∇
train_00660,∂ ∂ ∫ Ξ ∂
train_00661,Ξ Ξ ∫ ∇ ∫ Ξ Φ Ξ Ω ∂
train_00662,∂ ∇ Ξ ∇ Φ Φ ∂ ∇
train_00663,∂ Φ ∇ ∂ ∫ ∂ ∂ ∂ ∇ ∂
train_00664,∫ ∇ ∇ Ξ Ξ ∫ Ξ ∂ ∇ Φ ∂ Ω Φ
train_00665,∂ ∫ Ξ ∫ Φ Ξ ∫ ∇
train_00666,Ξ ∂ ∂ Ω ∇ Φ ∂ ∂ ∫
train_00667,∂ Ω ∂ Ω Ω ∫ Φ
train_00668,Ξ Ω ∇ Φ ∇ Ω ∂ Ω Ξ Ξ Ξ
train_00669,∇ ∂ Φ Ω ∂ ∇ Φ Ξ Ω ∂
train_00670,Ω ∇ ∇ ∫ Φ Ξ ∂ Ξ
train_00671,Ξ Ξ ∂ Φ ∇
train_00672,Ω Φ ∂ ∫ Ξ Ω ∫
train_00673,Φ ∫ Ω ∂ Ω
train_00674,Ξ ∇ Ω ∫ ∇ ∇ Ω Ω Ξ Ξ ∇
train_00675,∇ ∂ ∂ Ω ∫ Ξ
train_00676,∫ Φ ∂ Ω Ω ∂ Φ
train_00677,∇ ∇ Ω ∇ Ω ∇ Ξ Ξ
train_00678,Ω ∫ ∫ Φ Ω ∇ Φ Ξ ∇ ∫ Ω ∇ Φ Φ
train_00679,Ω ∫ Ω Ω Φ ∇ Ω Ξ
train_00680,Φ ∂ ∇ ∇ ∫ ∂ Ξ Ξ Ξ ∇
train_00681,Φ ∂ Ξ ∇ Ξ Ω Ξ Φ
train_00682,∂ ∫ ∫ Ξ ∫ ∫ ∇ Φ Ω ∫ ∫ ∫ ∂
train_00683,Φ ∫ Ω ∇ Φ ∂ ∂ Φ ∫ ∂ Ω
train_00684,Ξ ∫ Ξ Φ ∇ ∇ Ξ Ξ ∂
train_00685,Ξ Ω ∂ Φ Ξ ∫ ∂ ∂ Φ Ξ Ω ∂
train_00686,Φ Ω ∂ ∇ Ξ Φ ∇
train_00687,Φ ∇ ∂ Ξ Ξ ∫ ∇ ∫ ∇ Ξ Φ
train_00688,∂ ∇ Ω ∂ Ω ∫ ∂ ∂ ∂ ∇ Φ Ω ∇
train_00689,Ω Φ ∫ Ω ∇ ∫ ∫
train_00690,Φ ∂ ∫ ∇ ∂ ∇ ∇ ∂ ∂ ∫ Ξ ∇ Ξ Ω
train_00691,∇ ∇ ∂ ∂ Φ Ξ Ω Ω Φ Φ ∫ ∫ ∇
train_00692,Φ ∇ ∫ ∂ ∫ Φ ∂ ∫ ∇ Φ ∇ Ω Ω Φ
train_00693,∫ Ξ Φ Φ Ω ∇ ∇ ∫ Ω
train_00694,∫ Ω Ξ ∂ Φ ∇ Φ
train_00695,∫ ∂ ∫ ∫ ∂ Ω ∂ Φ Φ ∂ ∂
train_00696,∂ ∇ ∂ ∂ Φ ∇
train_00697,Ξ ∂ ∂ ∂ Ω ∇ Ξ Φ
train_00698,Φ Φ ∂ Ω ∫ Ξ Φ
train_00699,Φ ∂ ∫ ∇ Ω ∇ ∫ Ω Φ ∂ ∇ ∇
train_00700,Ξ ∇ ∇ Ξ ∫ Ξ Φ ∇ ∂ ∫ Φ ∂
train_00701,Φ Ξ Ξ Ω Ξ Ω ∂ Ω Ξ ∇ ∇
train_00702,Ω ∫ ∇ ∂ Ω Ξ Ξ ∂ ∇ Φ Ξ
train_00703,Ω ∂ ∫ ∫ Ξ ∫ Ξ ∂ ∂ ∂ ∂ ∫ Φ ∫
train_00704,Φ Ξ Ξ ∇ Ω Ω ∇ ∫ ∂ Φ Ξ ∇
train_00705,Φ ∂ ∫ ∫ Ξ Φ ∇ Ω Ξ Ω ∫ Ω
train_00706,∇ Ω ∫ ∂ ∂ Ξ ∫ ∇
train_00707,Φ Ξ Ξ ∫ ∇ ∂ Φ
train_00708,Φ ∇ Ω ∂ ∇ ∫ Ξ ∂ Ξ Φ Ω Ω
train_00709,∫ ∫ Ω ∫ Φ Φ ∂ Ω Ω Ξ ∇ Ξ
train_00710,Φ ∇ ∂ Φ ∇ Ω Ξ Φ Φ ∂ ∂ ∂ Ξ Φ
train_00711,Φ ∂ Φ Ω Ξ Ξ ∇
train_00712,Ξ ∫ Ω ∂ ∫ ∂ Ω
train_00713,Ξ Φ Ω Φ Φ Ω
train_00714,∂ ∂ ∫ Φ ∫ ∫ ∂ Ξ ∫ ∫
train_00715,Ω Ξ ∂ Ξ ∫
train_00716,∂ ∂ ∂ ∫ ∂ ∂ Ξ Φ ∂ ∇
train_00717,∂ Ω ∂ Ω ∫
train_00718,Ξ ∇ Φ Φ Φ ∫ ∫ ∫ ∫ Φ
train_00719,∂ ∇ ∂ Ξ Φ Φ ∫
train_00720,∫ Ω ∇ Ω ∂ Ω Ξ ∂ ∫ ∂
train_00721,∇ ∇ Ω ∫ Φ Φ
train_00722,∇ Ξ Ξ ∫ ∂ Ξ ∇ ∫ Φ Ξ Φ ∂ Φ Φ
train_00723,∇ Φ ∫ ∫ ∂ Ξ Ω ∇ Ξ Ξ ∫ ∇ Φ Ω
train_00724,∫ ∂ Ξ Ξ ∂ ∫ ∂ Ξ Ξ Ξ Ξ Ξ
train_00725,∂ Ξ Φ ∂ ∇ ∇ Ξ Ξ Ω ∂ Ξ ∇
train_00726,Ξ ∫ Ω Ω Φ Ξ Φ Φ Φ Φ ∫
train_00727,∂ Ω Φ Φ ∫ ∂ ∇ Ω Ξ ∫
train_00728,∇ Ξ Ξ ∇ Ξ Ω Ω Ω
train_00729,Φ Φ Φ Ω ∫ Ξ ∇ Φ ∂ Ξ ∂ ∂
train_00730,∇ ∇ ∂ ∇ Ξ ∂ ∫ Ξ
train_00731,Ξ Ω ∇ ∂ Ξ ∇ ∇ ∫ ∫ Φ ∫ ∫
train_00732,Ξ Ξ Ξ Ω ∂ Ξ ∫ ∂ ∫ Ξ
train_00733,∂ ∇ ∂ ∫ ∂ Ξ
train_00734,∫ ∂ ∇ Ω ∇ Φ
train_00735,∇ Ω Ω ∫ Ω
train_00736,∂ ∇ Ξ Ω Ξ ∇ ∇ ∇ ∫ Φ Ω
train_00737,Ξ Φ Ω Φ Ω ∇ Ω Ξ ∂ ∫ ∂ ∂
train_00738,∇ Ξ Ξ ∂ Ξ ∫ ∂ ∇ ∇ ∫ ∂ ∫
train_00739,Ω Ξ ∇ Ξ ∫ Ω
train_00740,∂ Φ ∂ Ω Ξ Ξ ∇ Φ ∂
train_00741,∂ Ξ Ω ∂ ∫ ∫ Φ ∇ ∫ ∫ ∂ Ω Ξ
train_00742,Φ ∫ ∫ ∫ Ω ∇ ∇ ∇
train_00743,Ξ Ξ ∂ Ξ ∂ ∂ ∫ Ω Ξ Ξ ∂ Φ
train_00744,∂ Φ Ω Ξ Ξ ∂ ∂ ∫ Ξ Φ
train_00745,Φ ∫ Φ Ξ Ω ∇ ∇ ∫ Ω Ξ Ξ Ω
train_00746,Ξ Ω Ω Φ ∫ Ξ Ω Φ ∂ ∂ ∂ ∂ ∇
train_00747,∫ Φ ∇ ∇ ∫ Φ ∫ ∂ ∇ Ω
train_00748,Ω Ξ Ξ ∇ ∂ Φ Φ Φ ∇ Ω ∇ ∂ ∇
train_00749,Φ ∫ ∂ ∇ Φ Ω Ω Φ
train_00750,Φ Ω Ω Ξ ∫ ∇ Ω Ω ∇ Φ ∇ Φ
train_00751,Ω Φ ∂ ∂ Φ Ξ Φ ∂ ∇ Φ Ω ∂
train_00752,Φ ∫ Φ ∇ ∂ Φ ∫ ∂ ∫ Ω ∇ Φ Ξ ∂
train_00753,∂ ∇ Ω ∂ Ξ ∂ ∇ ∂ ∫
train_00754,∇ Ξ ∂ ∫ ∫ Ω ∂ Ω ∇ ∫ ∂ Ξ
train_00755,Φ Φ Φ ∫ Ω Φ Ξ ∂ Ω ∫ Φ Ω Φ Φ
train_00756,Ω ∇ ∫ ∇ ∇ Ξ
train_00757,∂ ∂ Ω ∫ Ξ ∫ ∇ ∫ ∂ ∂ ∂ Ξ ∇
train_00758,Ξ ∫ Ω Ω ∂ ∇ ∫
train_00759,∂ ∂ ∫ Ω ∇ Φ ∫ Φ Ω Φ ∇ Ω Φ Ξ
train_00760,Φ ∫ Ξ ∇ Ω ∇ Φ
train_00761,∫ Ω ∇ Ξ Ω Ω ∇ Φ
train_00762,Ξ ∇ Ω ∂ ∇ ∫ ∇
train_00763,∫ ∂ ∂ ∫ ∫ Φ ∂ Φ Ω ∇
train_00764,Ξ Ω Ω Φ ∫ Φ ∫ Ω ∇ Ξ ∫ Φ Φ
train_00765,Φ ∇ ∫ ∇ Ω Φ
train_00766,Ξ Ξ ∇ ∫ ∂ Φ Ω ∂ Ξ Ω Ξ ∫ ∇
train_00767,∇ ∇ Ω Φ Φ ∇ Ω ∂ ∇
train_00768,Ξ ∂ Ω ∇ ∂ ∂ ∇ ∂ Φ Φ ∇
train_00769,Ω Ω Φ Ω ∫ Φ ∂ Ω ∂ Ξ ∇
train_00770,Ω ∫ ∂ ∂ Ξ ∇ Φ Ξ ∫ ∫ Φ ∇ ∇ ∫
train_00771,∫ Φ ∫ Φ Ω Ξ ∫
train_00772,Φ Ω Ξ ∫ ∂ Φ ∂ ∇ ∫ ∂
train_00773,∫ Ξ ∫ ∇ Ω ∇ Φ Ω
train_00774,Ω Ω ∂ ∂ Φ ∇
train_00775,Φ Ω Ω ∂ ∇ ∫ ∫ Ω ∫ ∫ ∇
train_00776,Ω ∇ ∇ Ω ∂ ∂ Ω ∂ ∫ Ξ Ω ∇ ∂
train_00777,Φ ∇ ∫ Φ Ω ∂ Ξ ∫ Ω Φ
train_00778,Φ Φ Φ ∇ Ω ∂ Ξ ∫ Ω ∫ ∇ Ξ ∇
train_00779,Ξ ∇ ∇ Ξ ∫ Φ Ξ ∂ ∇ ∫ Ω Φ ∇
train_00780,∇ Ξ ∂ Ω Ξ Φ Ω Ξ ∂ Ω
train_00781,∫ ∂ Φ Φ ∂ Ω Φ ∫ ∂ ∇
train_00782,∫ ∇ ∇ ∫ Φ Φ Φ ∫ ∂ Ω Φ Φ Ξ ∂
train_00783,Ξ ∫ ∂ Φ ∇ ∂
train_00784,∫ Φ Φ ∫ Φ Ξ Ω ∇ ∫ ∫ Φ Ω
train_00785,∫ ∫ ∂ Ω ∫
train_00786,Ω ∫ Ω ∫ Ω Ξ ∫ Ω Φ Ξ
train_00787,Φ Ξ ∇ ∫ Φ ∇ Φ Φ ∂ Ξ ∇ Ω ∂
train_00788,Ξ Ω Φ ∇ ∇ ∇ Ξ Ω Φ
train_00789,∇ Ω Ω ∫ Ξ Φ ∇
train_00790,Ξ Φ ∇ Φ ∫ Φ Ω Ξ
train_00791,∇ Φ Ξ ∇ Φ Φ Φ Ξ
train_00792,∂ ∇ Ω ∂ ∂ Ω Ω Φ
train_00793,∇ ∫ ∫ ∂ ∇ ∇
train_00794,Ω ∇ ∂ Φ ∇ ∫ ∫ ∂ ∇ Ω Φ
train_00795,∫ Ω ∇ ∫ Ω Φ Ω Φ
train_00796,Ω Ξ Ω Ξ Φ ∂
train_00797,Ω ∫ Φ ∫ ∫ ∫ Φ ∇ ∫ ∫ Ω Ω ∇
train_00798,Φ ∂ Φ Ω Ω ∂
train_00799,∇ ∇ Φ ∇ ∂ ∫ Ω Ω Φ ∂ ∇ Φ ∇
train_00800,Φ Ξ ∂ ∂ ∂ ∫ ∇ ∇ ∂ ∇ Φ
train_00801,Ω Φ Ξ ∫ Ξ ∇ Ξ Φ ∫ ∂ ∇ Ξ ∂ Ω
train_00802,∇ ∂ Φ Φ ∫ ∇ ∇ ∫ Ω ∂ ∂
train_00803,∇ ∂ Ω ∂ Ω Φ ∫ ∇ ∇ ∫ ∇
train_00804,∂ ∫ ∇ ∂ ∇ Ω ∂
train_00805,Ω ∇ Φ Ξ ∇ Φ Ξ ∇
train_00806,Ω Ξ ∂ Φ ∂ ∂
train_00807,∫ ∂ ∂ ∂ ∂ ∂ Φ Φ Φ
train_00808,Ξ Φ Ω Ω ∂ Ω
train_00809,Ξ Ω ∫ Φ Ω
train_00810,∫ ∫ ∫ Ξ Φ ∇ Φ
train_00811,∫ Ω ∫ ∫ Φ ∇ Ω ∫ ∫ Ξ
train_00812,Φ ∂ Ξ ∇ ∂ ∂ Φ ∫ Ω Φ Φ
train_00813,Ω ∂ Φ Ω ∇
train_00814,Φ ∂ ∇ ∇ Ξ Ω Ξ Ω ∫ Ξ
train_00815,∂ Ω Ω Ω ∇ Ω Ξ ∫ ∇
train_00816,Ξ ∂ Φ ∂ Φ ∇ Φ ∇ ∂ ∂ Ω ∂ ∇ Ξ
train_00817,∇ ∂ Ω Ω Ω Ξ
train_00818,Ξ ∫ ∂ Φ Ξ Ξ Ω ∇ Ω Ω Φ Φ ∂ ∂
train_00819,∫ ∂ ∫ Ω Ω ∇
train_00820,∂ ∂ Ω Ω Ξ
train_00821,∫ Ω ∫ Φ ∂ Ξ Φ ∫
train_00822,Ξ ∇ ∫ Ξ ∇ Φ Ξ
train_00823,∇ Ω Ξ ∫ ∫ ∇ ∫ ∇
train_00824,Φ ∇ Ξ Ω Ξ ∂ Ξ
train_00825,Φ Ξ Φ Φ ∂ ∂ Ω ∂ Ω ∇ Φ
train_00826,∂ ∂ Ω ∂ ∫ Ω Ξ ∂
train_00827,∫ ∇ ∇ Ξ Φ ∫ ∇
train_00828,Φ Φ ∇ ∇ Φ ∫
train_00829,∫ ∇ ∫ Ω ∂ ∂ ∇ ∇ Φ ∂ ∂ ∂
train_00830,Φ Φ ∇ ∫ ∂ Φ Φ ∇ ∂ Ω Ω Ξ ∂ ∫
train_00831,∇ ∫ Ξ ∂ Φ ∂ Ξ
train_00832,Φ ∫ ∇ ∫ Φ Φ
train_00833,Ω Φ Φ Φ Ω ∇ ∇ ∇ Ξ ∫ Ξ
train_00834,Ω ∇ Ξ ∫ Φ Ω ∫ ∂ Ξ ∇ Ξ
train_00835,Ω ∇ Φ Φ Ξ Ξ Ω
train_00836,Φ ∫ ∂ ∇ Ξ ∫ ∂
train_00837,Φ ∫ Φ ∇ Ξ ∇ ∇ Φ
train_00838,Φ ∇ Φ Φ ∫ ∫ Ξ ∇
train_00839,∫ ∫ ∂ ∇ Φ ∂ ∂ Φ Φ Ξ Ω
train_00840,Φ Ξ ∂ ∇ Φ Ω ∫ Φ ∫ Φ Φ Ω ∫ Ξ
train_00841,∇ ∇ ∂ Ξ Ω Ξ Ξ ∇ ∂
train_00842,Ξ Ξ Φ ∇ ∫ Φ Ω ∫ ∫ ∂
train_00843,∂ ∫ ∫ Φ ∫ ∫
train_00844,∇ Ω Ω Φ ∫ ∂
train_00845,Ξ ∫ ∫ Ω ∂ ∂ Ω ∫ ∂ Ω ∫ Ω
train_00846,∫ Φ ∫ ∇ ∇ Φ Ω Ξ
train_00847,Ω Ξ Ω ∂ ∇ ∇
train_00848,Ω Φ ∇ Ξ ∫ ∂ ∇ ∇ ∇ Φ
train_00849,Ω ∇ Ξ Ξ Ω Φ ∇ ∇ ∇ Ω Φ ∇
train_00850,∂ Ω ∇ ∫ ∂ Ξ Φ
train_00851,∫ ∫ Ω ∂ Ω ∇ ∫
train_00852,∫ Ξ ∫ Ω ∫
train_00853,∂ ∂ ∇ ∇ Ω
train_00854,∇ ∂ ∫ ∂ Ω ∫
train_00855,Ξ Ω ∫ Φ Ω Ξ ∫ ∂
train_00856,Φ Φ ∂ Φ ∂ Φ Ω ∂ Ω
train_00857,∂ ∂ Φ Ω ∇ Φ ∂ Ξ ∇ Ξ
train_00858,Ξ Φ Ω ∇ Ω ∫ Φ
train_00859,Ξ ∂ Ω Ω ∂ ∫ Ω ∫ ∂
train_00860,Ξ Ω ∇ ∂ ∇
train_00861,∂ Ξ Ω ∇ ∫ ∫ Ω ∂ ∫ Ξ ∇ Ω ∫
train_00862,Φ ∇ Ω ∂ Ω ∇ ∇ Φ ∇ ∂ ∫
train_00863,Ω ∇ ∂ Φ ∂ ∫ ∫
train_00864,Φ ∂ Ξ ∫ Ξ Ξ ∫ ∫ Φ Ω Φ ∂ ∫ ∫
train_00865,∂ ∂ ∇ ∂ Ξ ∫ Ξ Ξ
train_00866,∇ ∫ Ω Ω Ω Ξ ∫
train_00867,∇ Ξ ∇ Ξ ∇ ∂ ∂ Ω Ξ Ξ ∇ Ω
train_00868,∇ Ω ∇ Ω Ω Ω Ω Ω ∫ Φ Ω Φ ∇ Ω
train_00869,Ξ ∫ Φ ∫ Φ Ξ Ξ Ω Φ Φ ∇ Ξ Ω
train_00870,Φ ∂ ∇ ∇ ∂ Φ ∂
train_00871,Ω ∫ ∂ Ξ Ω ∂ Ξ Ω ∇ ∇ ∇ Ω ∂ ∇
train_00872,∫ ∫ Ξ Ξ ∫ ∫ Ξ Ξ Ω
train_00873,Ω ∂ ∂ Φ Ω ∇
train_00874,Φ Ξ Ξ Φ Φ ∫ Φ Ξ ∇ ∫ Ω
train_00875,Ω Ω Ξ Ω ∫ ∫ ∫ Ξ
train_00876,Ω Ξ ∇ ∂ Ξ Ξ ∫ Ω ∫ ∇
train_00877,∇ Ω Ξ Ξ ∇ Ξ Ω ∫ ∫
train_00878,∫ ∇ ∇ ∇ Φ ∫ ∂ ∂ ∇ Ω Ω ∫ Ξ ∫
train_00879,∇ Ξ Ω Ξ ∫ ∇ ∇ Ξ ∇
train_00880,Ξ ∂ ∫ ∂ Φ Ω ∫ ∫ Φ ∂ Ω
train_00881,∂ ∫ Ξ ∫ ∫ Ξ Ξ Ξ
train_00882,∫ Φ ∇ ∫ Ω
train_00883,∫ ∫ Φ ∂ ∫ Φ
train_00884,Φ Ξ ∇ Ω Ω Φ ∫ ∫ ∫ ∇ ∂ Φ
train_00885,Φ ∇ Ω Ω Ξ Ξ ∫ Ξ ∂ ∫ ∫ Φ ∂
train_00886,∇ Ξ Ω ∫ ∇ Ω
train_00887,Φ Ξ ∫ Ω Ξ Ξ Ω Ω Ω ∫
train_00888,Ξ Ξ ∫ ∂ ∂ Ω ∂ ∂ Φ ∇ ∫ Φ
train_00889,∫ Ω ∂ Ξ Ω ∇ ∇ Ω Ω ∂ Ω ∫
train_00890,Ω ∂ Φ ∂ ∫
train_00891,Φ Ω ∫ Φ Φ ∫ Ω ∫ ∇
train_00892,∇ ∇ Ξ Φ ∇ Ξ ∫ ∂ ∂ ∇ Φ Ξ
train_00893,Ω ∂ ∫ ∇ ∫ Ξ ∫ ∇ ∂ Ω ∫
train_00894,∂ ∫ ∫ Ω ∂ ∂ Ξ Ξ ∇
train_00895,∇ Ω ∫ ∫ ∫ Φ Ω ∇ Φ
train_00896,Ω Φ ∫ Ξ ∂ Φ Ω ∫ Ξ Φ Ξ Ξ
train_00897,∇ Ω ∫ ∂ Φ ∂ ∂ Ω Ω ∇ ∇ Ω ∇ Ξ
train_00898,∇ Ξ ∂ ∂ Ξ Ω ∫ Φ ∇ ∇ Φ Φ ∇
train_00899,Ω ∫ Φ Ξ ∂ Ω Ξ
train_00900,Ω ∂ Ξ ∂ ∫ Ξ ∫ Ω ∫
train_00901,Ω Ω ∫ Ω ∇
train_00902,∂ ∇ ∫ Φ Ω ∇
train_00903,Φ Φ Ξ ∇ Φ Ξ Ξ Ω ∂ Φ ∫ ∂ ∇ Ω
train_00904,∇ Ω Ω ∂ Ξ Ξ Ξ
train_00905,∫ Φ Ξ ∇ Ω ∫ ∂ Ξ Φ
train_00906,Ξ ∇ Ξ Ω Φ ∫ ∇ Ω Ξ Φ Ω Ξ ∫ ∇
train_00907,Ω ∫ Ξ ∂ ∇ Ξ ∫
train_00908,∫ Φ ∫ Ξ Ξ ∂ ∫ ∫ Ξ Ω ∇ Ξ Ξ ∇
train_00909,∂ Ω ∇ Ω ∂
train_00910,Ω ∫ Ω ∂ Φ Ω ∫
train_00911,Ω Ξ ∫ ∂ ∫ ∫ Ω Ω
train_00912,∫ Φ Ξ ∫ Ξ ∇ Φ ∫ ∇ ∇ ∂ Ω
train_00913,∫ Ω Φ ∂ ∫ Φ ∇ ∇ ∫ Φ ∂ ∂ Ξ ∇
train_00914,Ω ∫ ∂ Ω ∂ ∫ Ξ
train_00915,∇ Φ ∇ ∫ Φ Ξ Ω ∇ ∫ Ξ ∂
train_00916,Ξ ∫ ∫ ∫ ∂ ∇ Ω Ξ Ω ∇
train_00917,∇ ∇ ∂ Ξ Φ
train_00918,Φ Ω Φ ∇ ∂ ∂ ∫ ∫
train_00919,Ξ Ω Ξ ∫ Φ Φ ∂ ∂ ∇ Ω
train_00920,∫ ∫ ∂ Ω Ξ
train_00921,Φ Φ ∫ Ω Ξ Ω ∇ ∂ ∇
train_00922,∇ Ω ∫ ∂ ∂ Ξ Ω
train_00923,Ω ∫ Φ Ω ∂
train_00924,∇ ∇ ∫ ∫ Ω ∂ Φ ∇
train_00925,Ω ∂ ∂ Ω Φ Φ ∇ Φ
train_00926,∇ Ξ Ω Ξ ∇
train_00927,∫ Ξ Ω ∫ Φ
train_00928,Ξ Ω ∫ ∂ ∫ Ξ Φ ∫ ∫ ∇ Ω ∇ ∂ ∇
train_00929,∂ ∂ ∇ ∂ ∂ Φ
train_00930,Φ ∇ ∇ Ω Φ Φ Ω Ξ Φ
train_00931,Ξ Ω ∇ Ω ∂ ∇ Ω
train_00932,∂ Ω ∂ Φ Φ ∫ ∂ ∂ Ω Φ ∫
train_00933,Ω Φ ∫ Ω ∫ ∫ ∂ ∫ ∇ Ω Φ Φ
train_00934,Ξ Ξ ∫ ∇ ∇ Φ ∇ Ω Ω Ξ Ξ ∫ Ξ
train_00935,Ω ∂ ∂ Φ Ξ Ω Φ ∂ ∫ Ξ ∂ ∂
train_00936,Ξ Ω Ω Φ Ξ ∫ Ω ∫ ∫ Ω
train_00937,∫ ∇ Ω ∂ Ξ ∇ Φ ∇ ∇ Ω Ω ∂
train_00938,∇ ∂ ∇ ∇ Φ Ω
train_00939,Ξ ∂ Ξ ∫ ∂ ∇ ∇ Ξ ∇ ∂ ∇ ∫ ∂ ∫
train_00940,∫ ∂ Ω Ξ Ξ ∂
train_00941,∫ Ω Φ ∇ Ξ Ω Ξ Ω ∇ ∫
train_00942,∂ ∂ Ξ Ω Ξ Ω ∇ ∂ ∇ ∫ Φ
train_00943,∫ ∫ Ω ∂ ∇ ∫ Φ ∇ Ω ∂
train_00944,∂ Φ Ξ Ξ Ω Ξ Φ ∫ ∂ ∇ Ω
train_00945,Φ Ξ Ω ∂ ∇ Φ Ξ Φ ∂
train_00946,∂ ∫ ∂ ∇ Ξ Ξ Ξ ∫ Ω ∫ ∫ Φ
train_00947,∇ Ξ Φ Φ ∂ Φ Φ
train_00948,∫ Φ ∇ ∫ Ω Ξ Ω ∂
train_00949,∇ ∂ ∇ Ω Ω
train_00950,∇ Φ ∫ Ξ Ξ Φ Ω ∫ Ξ ∫
train_00951,∫ ∇ Ξ Φ ∫ Φ Φ ∂ ∂ ∫ ∇ Φ Ξ ∫
train_00952,∫ ∂ Ω ∂ Ω Φ ∂ ∂ ∇ Φ ∫ ∫ Ξ ∇
train_00953,∇ ∇ Ω Φ Φ ∇ ∇ Ξ Ω ∇ Φ Φ Ξ
train_00954,∇ ∫ Ξ ∂ Ω Ξ ∫ ∂ Ω Ξ ∂
train_00955,Ξ ∫ Ω ∂ ∇ Ω ∫ Ξ ∇ ∫ Ω Ω
train_00956,Ω ∫ ∇ ∂ Φ Ξ Φ ∫ ∫ Ξ ∂ ∇
train_00957,Ξ Ξ ∇ ∂ Ω Ξ ∇ ∫
train_00958,Φ Ω ∫ ∇ Ξ ∂ ∫ Ω Ω Φ Φ ∂ Ω
train_00959,Ω ∇ Ξ Ξ Ω ∫ Ω Ξ Ω
train_00960,Ω Ξ ∇ Ω Ξ ∇ ∂ ∂ Ξ Ξ
train_00961,∫ ∂ Ξ Φ Ξ
train_00962,Ω Φ Φ Φ Ξ ∂ ∫ Φ ∂
train_00963,∇ ∇ ∇ Ξ ∇ ∇ ∇ ∫ ∫ Ω Ω
train_00964,Φ ∫ ∂ Ω ∇ ∂ Ξ Ξ ∇ ∇ ∇ ∫ ∇
train_00965,Ω ∫ ∇ Ξ ∂ ∂
train_00966,∇ Ξ ∇ Ξ ∫ Φ ∂ Ξ ∂
train_00967,∫ ∂ Φ Φ Ξ Φ
train_00968,Ξ ∫ Ξ ∇ ∇
train_00969,Ω Φ ∫ Ξ ∇ Ω ∇ Ω Ω ∇ Ξ ∂ ∂
train_00970,Φ Ω Ω ∫ ∂ ∇ ∫ ∇ ∂ Ω Φ Ξ
train_00971,∂ ∂ ∇ ∇ ∫ Φ Ξ Ω
train_00972,Ω Ξ ∫ ∇ Φ Ω ∇ Ξ Ξ ∂ Ω ∫ Ω
train_00973,Ξ ∂ Ξ ∫ Ξ ∫ Ω ∫
train_00974,Ω ∫ Ω ∂ Ω ∫ ∫ ∇ ∂ ∂ ∫ Ω
train_00975,∇ Φ Ξ Ω ∂ Ω Ξ Φ ∇ Ω Ξ Ξ
train_00976,Φ ∫ Ξ ∫ Φ ∂ ∫ Ω Ω ∇ ∫ Ξ ∇
train_00977,Ω Φ Ω ∇ ∂
train_00978,∇ Φ Ω ∂ ∇ Φ ∫ ∫ Φ Ω ∫ ∂ Φ
train_00979,∂ Ξ Ω Ω Ω ∇ ∂ ∂
train_00980,Ω ∇ ∫ ∂ Ξ Ω Ξ ∫ Ξ
train_00981,∂ ∂ Ξ ∂ ∇ ∇ ∇ ∂
train_00982,∫ ∫ Ξ Ω Φ ∂ ∫
train_00983,Ω Ξ ∂ ∫ ∫ Φ Ω Ω Ω ∇ ∇
train_00984,∫ Φ Φ Φ ∂ ∫ Φ Ω Ξ Ξ ∫ Φ Φ ∇
train_00985,Ω ∇ Φ Ω Ω Ξ ∂ ∫ ∇ ∫ ∇ ∇
train_00986,∇ ∇ ∂ ∫ ∇ Φ
train_00987,∇ Φ ∇ ∫ Φ ∫
train_00988,Ω Φ ∂ Ω ∇ ∫ ∂
train_00989,Ξ Φ Ω ∂ Ω Φ Φ ∇ Ω Ξ Ξ Φ
train_00990,∫ ∫ Φ Ω ∫ ∫ ∂ ∫ Ω ∫ ∇ ∫ Ω Ω
train_00991,∂ Ω ∂ ∫ Ω ∫ ∫ ∇ ∫ Φ
train_00992,∂ Ω ∫ ∂ Ω Ξ Φ Ξ ∇ Ξ Φ ∂
train_00993,Ξ Ξ Ξ Φ ∫ Φ ∂ ∇ Ξ ∇ Φ ∫ ∫
train_00994,Ξ Φ ∇ Ξ Φ ∫ ∂ Ω ∇ ∇ Ω Ξ ∫
train_00995,∇ Ω ∫ ∫ Ξ ∂ Φ ∇ Ξ Φ Ω Ω ∇ ∫
train_00996,∇ ∫ ∫ ∇ Ω ∇ Ξ ∇ ∂ ∫ ∫ Ω Φ Ξ
train_00997,Ω Φ ∫ ∇ ∫ ∇ ∂ ∇ ∂ ∇
train_00998,Ξ ∫ Ξ ∂ ∫ Ω Ω
train_00999,Ξ Ω ∂ ∫ Φ Φ Ω ∂ ∂ Φ Ξ ∂ ∇
train_01000,∫ Ω ∇ Ω ∇
train_01001,Φ Ξ ∂ ∂ ∫
train_01002,∂ Ω ∫ ∂ Ξ Ξ Ξ Ω ∫ Ξ ∂ Φ
train_01003,∇ Φ Φ Ξ Ξ Ω Ξ ∂ ∂ Ω Φ
train_01004,∫ Ω ∂ Ω Ξ ∂
train_01005,∂ ∂ ∇ ∇ ∂ ∂
train_01006,∫ ∇ ∇ Ξ ∇
train_01007,Ξ ∂ ∫ Φ ∇
train_01008,Φ ∇ ∇ Ω Ω Ω Φ
train_01009,∫ Ξ Ξ ∫ Ω ∇ Ω ∇ ∇ ∫ Ω ∫ Ξ ∇
train_01010,∂ ∇ Φ Φ ∫ Φ Ξ Ω ∂ Ω ∇
train_01011,Ξ ∂ ∂ ∇ Ξ ∫ Ξ ∫ Ξ Φ Ω
train_01012,∇ Ω Φ Ω ∂ Φ Φ ∫ Φ ∇ Φ ∂ Φ
train_01013,Φ ∫ Ω ∫ ∂ ∂ Ω ∂ ∫ Ω ∫ Φ Ξ Φ
train_01014,∇ ∫ Φ ∂ Ω
train_01015,∫ Φ Ξ Ω Φ ∂ Φ Ξ Ξ ∫
train_01016,Ξ Φ Φ ∂ ∂ ∂ Φ Ω ∂ Ω ∂ Φ ∫
train_01017,Ω Φ Ω Ω Ω Ξ Ξ ∂
train_01018,∫ Ξ ∇ ∫ Φ ∫ Ξ Φ Ω ∫ ∂ Ω
train_01019,Ω Φ ∫ Φ ∫ Ξ
train_01020,∫ ∫ ∫ Ω Ω Φ ∫ Ω ∂ Φ
train_01021,Φ ∇ ∂ ∂ Ξ ∂ Ω
train_01022,Ξ ∂ ∇ ∂ ∫ Ω ∇ Ξ ∫
train_01023,∇ ∫ ∫ ∇ ∫ ∇
train_01024,∂ Ω Ξ ∂ Ξ Ω Ξ Φ Φ Φ Φ Ω ∇
train_01025,∂ Ξ Φ ∫ ∇ ∇ ∇ ∂ ∇
train_01026,Φ Ξ ∫ ∂ Φ Ξ ∫ Ω ∂ Ξ
train_01027,∂ ∫ Ω ∂ Φ ∫ ∇ Φ
train_01028,Ξ ∫ Φ ∫ Φ
train_01029,∇ Φ Ω ∇ ∇ Ξ Φ ∇ ∫ ∫ Ξ Φ Ξ
train_01030,∫ ∂ Ω ∂ ∫ ∂ Ξ ∂ ∂ Ω Φ ∂ Ξ Φ
train_01031,Φ Φ ∫ Ω ∇ ∇
train_01032,Ξ Φ Ξ ∂ ∫ Φ
train_01033,Ω ∂ Ξ Ω ∫ ∂
train_01034,∫ Ω ∇ ∇ ∇ Ξ ∇ ∫
train_01035,Ω Ξ ∂ Ω ∫ Φ ∫ ∇ Ξ Ω ∇ ∂ ∂ ∂
train_01036,Φ ∫ Ξ Ξ ∂ ∫ Ω ∂ ∂ Ξ ∇ Ξ
train_01037,∇ Ξ Ω Ξ Ξ
train_01038,Φ ∂ ∇ Ξ Φ ∫
train_01039,Ω Φ ∫ Ξ Ξ ∂ ∂ Ω Ξ Ξ ∇
train_01040,∇ ∫ Ξ ∂ Ξ ∫ ∂ ∫ Ω Ω Φ ∇ Ξ
train_01041,∇ ∫ Ξ ∇ ∇ Ξ ∂ ∂ Ω ∫ Ω
train_01042,Ω Φ ∂ Ξ Ξ Ω ∫ ∫ ∇ ∇
train_01043,∇ Φ Φ Ξ ∫ ∂ ∂ ∇ ∫ ∇
train_01044,Ξ Ω Ξ ∫ Ω ∇ ∫ ∂ ∫
train_01045,∫ Ω Ω ∂ Φ ∫ ∫ ∂ ∇ Φ ∂
train_01046,Ξ ∫ Φ Φ ∫ Φ
train_01047,Ω ∇ Φ Ξ Ω Ξ ∇ Ξ Ω
train_01048,Ξ ∇ ∂ Ω ∇ Φ Ξ ∫ ∂ Ξ Φ ∫ ∇ ∇
train_01049,∇ ∂ ∇ Ξ Ξ
train_01050,∇ Φ ∂ Ξ Ω
train_01051,Ω Ω ∫ Φ Ξ Ω
train_01052,Ω Ξ Ξ Ξ ∇ ∫ ∇ ∂ ∂ ∇ Ξ
train_01053,Ω ∇ Ξ Ω ∇ ∂ ∫ Ξ ∂ ∇ Φ
train_01054,∂ Ξ Ξ Ξ ∂ ∇ Ω Ω ∫ Ω
train_01055,Ξ Ω ∇ Φ ∂ Φ ∇ Ξ Ω ∇ ∫ Ξ
train_01056,Ω ∫ ∂ Ξ Ξ Ξ ∫ ∇ ∂ ∂ ∇ Φ ∂ Φ
train_01057,∫ ∫ Ω ∂ Ξ Ξ Φ Ξ
train_01058,∂ Φ Ξ ∇ ∇ ∫ ∇ Ω
train_01059,Φ ∂ Φ Ω ∂ ∫ Φ Ω Φ
train_01060,Ω Φ Φ ∫ Ω ∫ ∂
train_01061,Φ ∇ Ξ Ξ Φ ∂ Ξ ∫ ∫ Ω
train_01062,∇ Ξ Φ Ω ∫ ∂
train_01063,∇ Ω ∂ ∇ ∫ Φ Φ
train_01064,∇ ∂ ∫ ∇ Ξ Ω Ω ∇ ∇ ∇ ∇ Φ Ξ
train_01065,∫ Ξ ∫ ∫ Ξ ∫ ∂ Ω Ξ ∂ ∇ Ξ Ξ ∇
train_01066,Φ ∇ ∂ Ξ Ξ ∂ ∇
train_01067,∂ ∇ Ω Φ Φ ∇ ∫ Ξ ∫ ∫ Ω Ω ∇ Φ
train_01068,∂ ∇ Φ ∂ ∫ Ξ ∇ ∫ ∇ Φ
train_01069,∫ ∫ Ω Ω ∇ Ω ∇ ∂ ∂
train_01070,Ξ Φ Ω Φ Φ ∫ Ξ ∫ ∇
train_01071,Φ Ξ Φ ∫ Ξ
train_01072,∂ ∫ Φ ∇ Φ ∂
train_01073,Φ Ξ Ξ ∂ Ω Ω ∫ ∫
train_01074,Ω ∇ Ω ∂ ∇ ∂ ∫ Ω Ω ∫ Φ
train_01075,∫ Ω Ξ Ω ∂ ∇ Ω Ω Ω ∇
train_01076,∂ ∇ Φ Ω ∇ Ξ ∫
train_01077,Ξ Ξ ∇ Ω Φ Ξ ∇ Ξ Ω Φ Ω
train_01078,Φ Φ ∇ Ω Ξ ∇ Φ ∂ ∂ Φ
train_01079,∂ ∂ ∇ ∂ Ω
train_01080,Ξ Φ Φ ∫ Ξ ∂ ∇ ∂
train_01081,Ω ∇ ∫ Φ Φ Φ ∫ Ω Ξ Ξ ∇ Ξ
train_01082,Φ ∂ ∂ ∫ Φ ∇
train_01083,∫ ∂ Ξ ∇ ∫ ∇ ∂ Ω ∫ Ω Ω Φ Ω
train_01084,∂ Ξ Ω Ξ Ξ Ω ∫ ∇ Ξ ∇ Ω ∫ ∫ Ξ
train_01085,∂ ∂ ∇ ∫ Ω ∇ Φ
train_01086,∫ Ξ ∫ ∇ Φ ∇ Φ ∇ Ω
train_01087,∫ Φ ∇ ∂ Ξ ∫ ∂ ∂ ∇
train_01088,Φ Ω ∂ ∫ ∫ ∂ ∫
train_01089,∇ Ω Φ Φ ∂ ∂ Ξ Φ Ξ Ω Ξ Φ Ξ
train_01090,∇ Φ ∫ ∫ ∂
train_01091,∫ ∫ Ω Ω Ω Φ Ξ ∇ Ξ Ξ ∫
train_01092,∫ Ω Ξ ∇ ∫ ∇ ∫ Ω Φ ∂ Ξ Ξ ∫
train_01093,∫ Ω Φ ∇ ∇ ∫ ∫
train_01094,Φ Ω Φ Ξ Ξ ∂ Ω Ω Ξ
train_01095,∂ ∂ Ω ∇ Ξ ∇ ∇ ∇ ∫ ∂ Ξ
train_01096,Ω ∇ ∂ Φ ∇ ∂ ∂
train_01097,∂ ∂ ∫ Φ Φ Φ
train_01098,Ω ∫ ∂ ∂ Ξ ∫
train_01099,∇ ∇ ∂ ∂ Ξ Φ
train_01100,Ξ Ξ Ξ ∇ ∂ ∫
train_01101,∫ ∂ ∫ Φ Ω
train_01102,∇ Φ ∫ ∂ Ξ ∇
train_01103,∇ Φ ∫ Ω Ω Φ ∂ Ω Ξ ∫ ∫ ∇ Ω
train_01104,∫ ∂ Ω Ξ ∇ Ω ∂ ∫ Φ ∇ Ξ
train_01105,Ω Φ ∫ Ξ ∇ ∂ ∂ Ξ ∫ Φ
train_01106,∂ Ξ Φ ∫ Ω Ξ ∂ ∇ Ω Ω
train_01107,Ξ ∇ Ω ∫ ∫
train_01108,Ω Φ Ξ ∇ ∇
train_01109,∇ ∇ Ω Φ Ξ Ω ∫ ∫ ∇ ∇ Φ
train_01110,∫ ∫ Φ Ξ Ξ Ξ ∫ ∇ ∫
train_01111,∫ ∇ Φ Φ Ω ∇ Ω ∂
train_01112,Φ ∫ ∂ ∂ Φ Ξ ∇ ∇ Φ Ξ Ξ ∂
train_01113,∇ Φ Ξ Φ Ω Φ ∇ Ω ∇ Φ Ω
train_01114,∂ Ξ Ω ∂ Φ Ω Ω ∂ ∇ Ω ∇ Ω Ξ Ω
train_01115,Φ Φ ∂ Ω ∂ Ξ ∂ ∫ ∂
train_01116,∇ ∇ ∫ ∇ Ξ Φ ∫ Φ Ω ∇
train_01117,Ξ Ω Ξ ∂ ∂ ∂ ∂ ∫ Ξ Ξ Φ ∫
train_01118,Ω Φ Ξ Φ Φ Ξ Ω Ω
train_01119,∫ ∂ Ξ Φ ∇ ∫ ∂ ∇ ∫ Ω Ω ∂ ∫ Φ
train_01120,∫ ∇ Ξ Ω ∂ Φ
train_01121,Ξ Ω ∫ ∇ Ξ ∂ Ξ ∫ ∂ ∂
train_01122,Ω ∂ Ω Ω Ω Φ Φ Ξ ∫
train_01123,∂ Ω Ω Ω Ξ Ω Ξ
train_01124,Φ ∇ Ω ∇ ∂ Φ Φ
train_01125,∫ ∇ Ξ ∇ ∂
train_01126,Ξ ∫ Ξ ∫ Φ Ω ∇
train_01127,Ξ Ξ Ω ∇ Φ Ω ∫ Φ ∂ ∫
train_01128,Ω ∂ Φ ∇ ∫ ∫
train_01129,∂ Ξ ∇ Φ Φ Ξ Φ
train_01130,Φ ∇ Φ Ω Ξ Ω ∇ Ω ∇
train_01131,Ξ Ξ Ξ Ω ∇ Ω Φ ∇
train_01132,Φ ∇ Ω Ω ∇ Ω Ω ∫
train_01133,Ω ∂ Ω Ω Ξ ∫ ∂ ∫
train_01134,Ω Ω ∇ ∇ ∇ ∇ Ξ
train_01135,Ω Φ Ω Φ Φ Φ Ξ ∂ Ω ∇ ∫
train_01136,∇ ∫ ∂ ∂ ∂ ∂ ∂
train_01137,Φ ∂ ∇ ∂ ∂ ∇ Ξ ∂ ∇ ∫ Φ ∂ ∫
train_01138,∂ Ω Φ Ω Ω Ω Φ ∫ ∂ Ξ
train_01139,Ξ Ξ ∇ Ξ Ξ Ω
train_01140,Ξ ∫ ∂ Ω Ξ Ξ Φ
train_01141,Ω Ξ ∫ Φ Ξ ∇ Ξ
train_01142,∂ Ξ ∫ ∇ ∫ ∫ Ξ Ξ
train_01143,∂ ∫ Ξ Ω Ξ Ξ
train_01144,Φ Ξ Ω Ξ ∫ ∇ ∂ Ω Ξ
train_01145,Φ Ξ ∫ ∫ Ω Ω ∂ ∂ Φ
train_01146,Φ ∫ Φ Ξ Ξ ∂ ∫ Ω Ω ∫ Ξ ∫ ∂ Ξ
train_01147,Ω Ω Ω Ω ∇
train_01148,Φ Ω Ω ∂ Φ Ξ ∇ Ω Ξ ∂ Ξ
train_01149,∫ Ω ∂ Ξ ∇ Ω ∂ Ξ Φ ∇ Ω Ξ Ξ
train_01150,∂ ∇ ∫ Φ ∂ ∫ ∫
train_01151,Ξ ∫ Ω Ω ∇ Ξ
train_01152,Ξ Ω Ω ∫ ∂ Ξ Φ Φ Ω ∇ Ω ∇
train_01153,Ω Ξ ∫ Ω ∂
train_01154,∫ Φ Ω Ω ∂
train_01155,Φ Φ Φ Φ Ω Ξ Ξ ∇ Φ Ω Ξ
train_01156,∂ ∇ Φ ∫ Ξ ∫ Ξ Ξ Ω
train_01157,∂ ∂ Ξ ∫ ∫ ∂ Ω ∇ Ω ∫ Φ ∇ ∂
train_01158,∫ ∫ Φ ∂ ∇ ∂ Ξ ∇ Ω Ξ ∫
train_01159,Φ ∫ ∂ ∂ Ξ
train_01160,∇ Ω Φ ∂ Ξ Ω Ξ Ω
train_01161,Φ Ω ∇ Φ ∇ ∂ ∇
train_01162,Φ Ξ Ξ ∫ Ω ∂ Ξ Ξ Ξ
train_01163,∂ Φ ∂ Ω ∂ Φ ∂ Ω ∇ Ξ ∫ ∇ Ξ
train_01164,Φ ∇ Φ ∂ ∂ Ξ Φ
train_01165,∇ Ξ Ξ ∫ ∫ Ξ ∂ Ξ ∫ Ω Φ ∂ ∂
train_01166,Φ Φ Φ ∫ Φ ∂
train_01167,∂ ∫ Ω Φ ∂ Ω ∂ Ξ ∫ Ω ∇ ∂ ∫ Φ
train_01168,∫ Ξ ∂ ∫ Φ Ξ ∫ ∂ Ξ ∫ ∇ ∫
train_01169,∫ ∫ Ω Ω Ξ Ω ∇ Ξ ∂ ∇ ∇ ∂
train_01170,Ω Φ ∂ ∂ ∇ Ω ∫ ∂
train_01171,Ω ∫ Ξ Ξ ∇ ∫ Ω
train_01172,Ω Φ Φ Ω Ω
train_01173,Ω ∇ ∇ ∂ Ξ ∇ Ξ ∇ ∂ Φ
train_01174,∂ Ω ∂ ∇ ∇
train_01175,Φ ∂ ∂ Φ ∫ Ω Ξ Ξ ∫
train_01176,Φ Ξ Ω ∂ ∇ Ξ ∇ ∂
train_01177,Φ ∫ ∂ Φ ∇ ∫ ∫ Ξ Ξ ∫ Φ Ξ ∫ Ω
train_01178,Ξ ∇ ∂ Φ ∂ ∇ Φ ∇
train_01179,∫ ∇ Φ ∂ Ω
train_01180,Φ Ω ∇ ∂ ∫
train_01181,Ξ ∂ Ω ∫ ∂ ∇ ∂ ∫ ∇ ∇ Φ ∫ Ξ ∂
train_01182,∂ ∂ Ω ∇ ∂ Φ ∂ Φ Ω
train_01183,Φ Ω ∇ ∇ Φ Ξ ∂ Φ ∫
train_01184,Ω ∂ ∇ Ω Ξ ∂ ∂ ∇
train_01185,∫ Φ Φ ∂ Φ ∫
train_01186,∫ Ξ Ξ Φ ∇ Ω Ω Ξ Ξ Φ Φ
train_01187,Ω ∫ ∂ ∂ Ω ∂ Ω ∫ ∫ ∇ Ξ Φ
train_01188,∇ Ω Φ Φ Ξ ∫ ∂ Ω Φ ∫ Φ Ω
train_01189,Ξ ∫ ∫ ∇ ∇
train_01190,∫ ∇ Ξ Ω Φ Ω Ξ Ω Φ ∂ Ω ∇ Ω Ω
train_01191,Ξ Φ ∇ ∫ Ω
train_01192,Ω ∇ Ω Ξ Ω Ξ Ω Φ ∂ ∫
train_01193,∫ Φ Ξ ∇ ∇ Φ ∫ Ξ Ξ Ξ ∫ ∇
train_01194,Φ Ω Φ ∂ Φ Ξ Ξ Φ Ξ ∂ ∇ ∂ ∫ Φ
train_01195,Ω ∇ Ξ ∫ Ξ
train_01196,∫ Φ Ω Φ ∂
train_01197,Ω ∫ Ξ Φ Φ ∫ ∇ Φ
train_01198,∇ Ξ ∂ Ω Φ ∫ ∫ ∂ Ω ∫
train_01199,∇ Φ ∂ Φ Ω
train_01200,Ξ ∇ ∫ Φ ∇ ∂
train_01201,Φ ∂ ∇ ∇ ∫ ∇ Φ Φ Ω
train_01202,Ω ∫ Φ Φ Ω ∫ ∂
train_01203,∫ ∫ Ω ∫ ∫ Ω ∫ ∇ Ξ Ω ∂ ∇
train_01204,Φ ∫ ∫ Ξ ∫ Ω Ω ∂
train_01205,∇ ∫ ∇ ∇ Ξ ∫ ∇ ∫ ∫ Ξ ∂ ∂ ∫
train_01206,Ξ ∫ ∇ Ω Φ ∫ ∇ Ω ∇
train_01207,∇ ∫ Ξ Φ Ω ∫ ∫ Ξ Ω
train_01208,Ξ Φ ∂ ∂ ∫ Ω Ω Φ ∂
train_01209,∇ Φ ∇ ∂ Ω Ω Ξ
train_01210,∇ ∇ ∫ Ω ∂ Ξ Ω ∂
train_01211,∫ ∇ ∇ ∇ Ξ ∂ Φ Ω ∂ Ω Ξ Φ
train_01212,Φ ∇ ∂ Ω ∇ Φ
train_01213,∫ ∇ Ξ ∂ Ω Ξ Ω ∫ ∇ ∂ Ξ Ω
train_01214,Ξ ∂ Ω ∂ Ξ ∂ Ω Φ
train_01215,Ξ ∇ ∂ ∫ Ω Ω ∇ Φ Ξ ∫ ∂
train_01216,∂ Φ Ξ ∇ ∂ Ξ Ξ ∇ Ξ
train_01217,∇ Ξ Ω Ξ Φ Φ ∂ Ω ∂ Ξ ∂
train_01218,Ω ∇ ∇ Ω Ω ∇ ∂ ∂ ∫
train_01219,Ξ Ω Ξ ∇ Φ ∇ Ξ
train_01220,Φ Ω ∫ Ξ ∇ ∂ ∫ ∂ Ξ Ξ Φ Φ ∫
train_01221,∇ Φ Ω ∂ ∇ Ω ∫ Φ Φ Ξ Ω
train_01222,Φ Ω Φ ∂ Φ ∂
train_01223,∂ Ξ Ξ ∇ ∫ ∫ ∂ Φ ∇ ∂ ∫ ∇
train_01224,∫ ∇ ∂ Ξ Φ
train_01225,Ξ Ξ Φ Φ ∇ ∂ Ξ Φ ∫ ∂ ∇ Ω
train_01226,∫ ∂ ∇ Φ ∫
train_01227,∇ Ω Φ Φ ∂
train_01228,∫ ∫ Φ Ξ Ξ ∂ ∫ Φ
train_01229,Ω Ξ Ξ Ξ ∂ Ω Φ ∂ ∫ Ω ∂
train_01230,∂ ∇ Ω ∇ Ω ∫
train_01231,∫ Ω Ξ ∫ Ξ ∫
train_01232,∇ Ξ ∫ Ξ Φ Ξ ∂ ∂ Φ ∂
train_01233,∇ Φ Φ ∂ Φ Ξ
train_01234,∇ Ξ ∇ Φ ∂ ∫ ∇ Ω Ω Ω ∂ Ξ ∫
train_01235,∫ ∇ ∫ ∫ ∇ Ω ∇ ∂ Φ
train_01236,∂ ∇ Ξ Ω Ω ∇ Φ
train_01237,∫ ∫ Ξ ∂ ∇ ∫ ∫ ∂ Ξ
train_01238,∂ ∂ ∇ ∂ ∫ Ω Ω
train_01239,∂ Ω ∫ ∇ Φ ∂ ∂ ∇ ∇
train_01240,Ω ∇ ∇ Ω ∇ ∫ ∂ ∇
train_01241,∇ ∇ Ξ Ξ Ξ ∇ ∇ Ξ ∇ ∇ Φ
train_01242,∂ ∂ Ξ Ω ∂ Ξ Ω Ω Ω Ξ ∂ Φ
train_01243,∂ Ω Ξ Ξ ∂ Ω ∫ Ξ ∫ ∫ Ω Φ
train_01244,∫ ∇ Φ ∇ Φ Φ Ξ ∫
train_01245,Ξ ∫ ∂ Φ Ω ∫
train_01246,∂ ∇ Ξ ∫ Φ ∫ ∫ ∫ Φ Φ Φ ∫
train_01247,Ω ∂ Ξ Ω ∫ Φ
train_01248,Φ ∂ ∇ Φ ∫
train_01249,∇ ∫ Φ Ω ∫
train_01250,∫ Ξ Φ Φ Φ Ξ ∇ Ω Ξ Φ
train_01251,Ω ∫ Ξ Ξ Ω Ω
train_01252,∇ Φ ∇ ∫ ∫ Ω Ξ ∫ ∇ Ξ
train_01253,∂ Ω Φ ∫ ∂ Ω
train_01254,∫ Ω ∂ ∇ Ω
train_01255,∫ ∇ Φ Ξ ∇ Ξ Ω ∂ ∫ Ξ
train_01256,∇ ∫ ∂ Ω ∇ ∇ Ξ ∇ ∂ ∇ ∫ Ξ
train_01257,∂ Φ Φ ∫ Ω Ω Φ ∇ ∫ Ξ ∫ Ω
train_01258,∇ Ω Ω Ξ Φ Ξ ∇ Ω ∇ ∇ Φ
train_01259,Φ Φ ∂ ∂ ∂ Φ Ω ∂ Ω ∂
train_01260,∂ ∂ Ω ∇ Ξ Ω Φ Ω Ξ Ξ
train_01261,Ω Φ Ω ∫ ∂ Φ Φ Φ Φ Φ Ξ
train_01262,Ξ ∂ ∇ ∂ ∫ ∂ ∫ Ξ ∂ ∫ ∇ ∇
train_01263,Φ ∫ Ξ ∫ ∂ Ξ ∇ ∂ Φ ∂ Ω ∫ ∂ ∂
train_01264,∂ ∫ ∂ Φ ∫ ∂ ∂ ∫ Ξ Ξ
train_01265,∇ Φ Ξ Ω Φ ∫ ∫
train_01266,∂ Φ Ξ Ξ Ξ ∂ Φ Ω Ω ∂ ∂ ∫ Ξ ∂
train_01267,∂ Ξ Ξ ∇ Ξ Φ Ξ ∂ ∂ Ω ∂ Φ Ω ∇
train_01268,∂ Φ ∇ ∇ ∇ ∇ Ω ∫ Φ ∂
train_01269,Ξ Ω ∂ ∫ ∫ ∫ Ξ Ξ Φ ∂ Φ Φ
train_01270,Ω Ω Ξ ∇ ∂ Ξ Φ Φ ∂
train_01271,Ξ Ω Ω Ξ Ξ Ξ Ω ∂ ∇ ∫ Ξ ∫ Ω Φ
train_01272,∂ Ω ∂ ∂ Ξ Φ ∫ Φ ∫ Ξ Ω ∫ Ξ
train_01273,Ξ ∫ Ω ∂ Ω ∂ Φ Ω
train_01274,Ω ∇ ∇ Φ ∫ Ξ Φ ∇ ∇
train_01275,Ω ∂ Ξ ∇ Ξ Ξ ∫ Ω Ξ ∇
train_01276,Ω Ξ ∂ Ω ∂
train_01277,∫ ∂ ∫ Ξ Ξ ∂ Ξ ∫ ∇ ∇ Ξ ∂
train_01278,Φ Φ Ξ Ω ∂
train_01279,∂ Ξ ∫ ∂ Ω
train_01280,∂ Ω ∫ ∂ Ω
train_01281,Φ Ω ∂ ∂ Ω Φ Φ ∫ Ξ Ξ Ξ ∇ ∫ ∇
train_01282,∫ Ξ ∂ ∫ Φ Ω Φ ∫ ∂
train_01283,∇ Φ Ξ Ξ ∫ ∫ Ω Ξ
train_01284,Φ Ω Ξ Φ Φ
train_01285,∂ ∂ Ξ Φ Φ ∂ Ω
train_01286,Ξ ∫ Ξ Φ Φ ∂ Ω
train_01287,Φ ∫ Ω ∇ Ω Φ ∇ Ω ∇ Ξ ∇ ∇ Ω ∂
train_01288,∂ ∇ Ω Φ Ω ∂
train_01289,∫ Ω ∂ ∇ ∇ Φ ∂
train_01290,∫ ∇ ∫ Ω ∂ Ω ∇ ∫ Φ Ξ Ξ Ξ Ξ Φ
train_01291,∫ ∇ Φ Ω ∂ Φ Φ Ω ∇
train_01292,∂ Ω ∫ ∇ ∂ Ξ ∂ ∇ Φ ∂ Ξ ∫ Ξ
train_01293,∇ Φ ∂ ∂ Φ
train_01294,Ω ∂ Ω Φ Ω Ω Ξ Φ ∇ ∂ Ξ
train_01295,Ξ ∂ Φ ∂ ∇ ∫ Ω Ω Ξ
train_01296,∫ Ξ ∫ Φ ∇ Φ Ξ
train_01297,∇ ∇ Ω ∇ Ω Ω ∇
train_01298,∇ Φ Ω ∂ ∂ ∫
train_01299,∂ Ω ∇ ∂ Ω Ω Ω ∂ ∂ ∇ Φ ∫ Ξ Φ
train_01300,∂ Φ Φ ∇ ∇ Ω Ω ∂
train_01301,∂ ∂ Ξ Ω ∂ ∇ Ω Φ
train_01302,∂ ∇ Ω Ω ∫ ∇ ∇
train_01303,Φ Φ Φ Φ ∫ Ξ Ξ ∇ Ω Φ ∂ Ω
train_01304,∇ ∂ ∫ ∇ ∫ ∂ Φ ∇ Ξ Ω ∇ ∫
train_01305,∫ ∇ Ω Ξ ∇ ∫ ∫ Ω ∫ Φ Ξ Ξ ∇
train_01306,∂ Ω ∫ ∂ Ω Φ Φ ∇ ∂ ∂ ∇ ∇ Φ Ω
train_01307,Ξ Ξ ∫ Φ Ω ∇ ∫ Φ Φ ∂ ∇ ∂ ∂ ∂
train_01308,Ω Ω Ξ ∇ Ω Ω ∂ Ω Ω
train_01309,Φ Φ ∂ ∂ ∂ Φ Ω ∫ Ω ∫ ∂
train_01310,Ω Ξ Ω Φ ∇ Φ ∇ Φ Φ ∂ Φ
train_01311,∫ ∫ Ξ Ξ Ξ ∇ Φ ∂ ∫ Ω Φ ∇ ∇ ∂
train_01312,Ω Φ Ω ∇ ∇ ∂ Ω Ξ ∫ Ω Ω ∂ ∇ ∇
train_01313,∇ Φ ∫ Ξ ∫ Ξ Φ ∫ ∫ ∂ ∂ ∫ ∫
train_01314,∫ Ω Ξ ∇ ∇ Φ Ω Ω Ξ Ω ∫ Ω ∂
train_01315,Φ ∂ Φ ∂ ∫ ∂ Ξ Ω
train_01316,Φ Φ Ω ∫ ∇ ∇ ∂ Ω Φ Ω Ω Ω ∫ Φ
train_01317,∇ ∂ ∇ ∂ ∫ ∂ ∂ ∇ Ω Ξ ∇ ∇ ∫
train_01318,∂ ∂ Ξ ∇ Φ Ω
train_01319,∇ ∂ Ω Ξ ∇ ∇ Ω ∂ Ω ∫ ∇ ∫
train_01320,∂ ∫ ∫ ∂ ∇ ∫ ∫ ∫ Ω Ω
train_01321,Ξ Ω Ξ ∂ ∂ ∫ Φ ∇ Φ
train_01322,∇ Φ ∇ ∇ Φ Ξ Ω Ω Ξ
train_01323,Ξ Φ ∫ ∇ ∇ ∂ Φ Ξ Ξ Ω ∇ ∫ Ω Ω
train_01324,Φ Ω Φ Ξ Φ Ω ∂ Ω ∫ Ξ ∇ ∂ Ξ
train_01325,∫ ∇ ∇ ∫ Ξ ∫ Ξ ∂ ∂ Ω ∇ Φ ∫ Ξ
train_01326,∫ Φ Ω ∇ Ω Ω ∫ ∫ ∂
train_01327,∫ Φ Ω ∂ Φ Ω ∫ ∂ ∫ ∂ Ω ∂ Ω Ξ
train_01328,∇ Φ ∇ ∫ ∇ Ξ ∫ ∂ Φ ∇ ∫
train_01329,∇ Ω Ω Ω ∇ ∫ ∫ Φ ∫
train_01330,∫ Φ ∫ ∫ Ξ Φ ∫ ∇ ∂
train_01331,Φ ∂ Ξ Ω ∫ Ξ Ω ∂ ∫
train_01332,Φ ∫ Ω Φ Ω Φ
train_01333,∂ Ω Ξ Ω ∂ Ξ Ξ ∫ ∇ ∇ Ω ∇ Φ
train_01334,Φ Ω Ω Ξ Φ ∇
train_01335,Ξ ∂ ∇ ∂ ∇
train_01336,Ω ∂ Φ ∫ ∫
train_01337,∇ ∇ Ξ ∫ ∂ Ω ∂ ∂ Ω ∇ Ω Ξ ∇ ∇
train_01338,Ξ Ξ Ξ ∂ ∂ Ω ∂ ∇ ∇ Φ ∫ Ω ∇ Ω
train_01339,∂ ∇ Ξ ∇ ∇ Ω Φ ∫ ∇
train_01340,Ω ∂ Ω ∇ Φ Ω ∫ ∂ Ξ
train_01341,Φ Ξ ∫ ∫ Ω ∫ Ξ ∫ ∇
train_01342,Ξ ∇ Ξ Ξ ∂ ∂ Ω ∫ ∫ Φ
train_01343,Ω ∇ ∇ ∂ Ξ Ω Ω
train_01344,Ξ ∫ Ω Φ Ξ ∇ ∫ Ω ∫ ∇ ∫ Ω ∫ ∂
train_01345,∫ ∫ ∇ ∇ ∇ ∫ Ω Ω Φ ∇ Ξ ∫ ∇
train_01346,Φ Ξ ∫ ∇ ∇ ∂ ∇ ∂
train_01347,∫ ∇ ∇ ∂ Ω
train_01348,∫ ∫ Φ Ω Φ Φ ∫ ∇ ∂ Ξ ∫
train_01349,∫ Ξ Ξ ∂ Φ ∫ ∫
train_01350,Ξ Ω Ω ∂ Ω Φ
train_01351,Ξ ∂ ∂ Ξ Ω Ξ ∇ ∇ Φ ∇ Ω Φ
train_01352,Φ Ξ Φ ∫ Ω Ω ∂ Ω ∂ ∇ Ξ ∇ ∫ ∂
train_01353,Φ Ξ Ω Φ ∇ ∇ Ξ ∇ ∂ Ω
train_01354,Ξ Ω ∂ ∫ ∂ ∂ Ξ Ξ ∂ ∇ ∫ ∫ ∇ Φ
train_01355,Φ ∫ Ξ ∇ Ξ ∂
train_01356,Ξ ∇ Φ ∇ ∂ ∇ ∫ ∫ Ω
train_01357,Ω Ω ∇ Ξ Ω
train_01358,∂ ∇ Φ ∫ Φ ∫ ∫ ∂ ∂ Ω ∫ Ξ
train_01359,Φ Φ Φ ∫ ∇ Φ
train_01360,∇ ∂ ∫ ∇ Ξ Φ ∂ Ξ ∫ ∂ ∇ ∂
train_01361,∫ Φ ∂ ∫ Φ Ω Ω ∇ Ξ ∂ Ξ ∇ ∇ Ω
train_01362,Ω Φ ∇ ∫ Φ
train_01363,∇ Φ Φ Ξ ∫
train_01364,∇ Ξ Φ Ω ∇ Ξ ∂ ∫ Ξ Ξ ∇
train_01365,Ξ ∂ Ξ ∫ Ω Ξ ∫ ∂ Ω ∫ ∇ Ω ∂ ∫
train_01366,Φ ∇ Ω ∂ ∇ ∂ Φ ∂ ∂ ∫ ∇
train_01367,∫ Φ ∇ ∫ Φ ∇ ∇ Ω
train_01368,Ω ∇ Ω Φ ∫ ∇ ∇ Φ ∇ Φ ∂ ∫
train_01369,Ξ Ξ Φ ∇ Ω Ω Ξ
train_01370,∫ ∂ Φ Φ Ξ ∫ ∫ Ω ∂ Ξ
train_01371,Φ ∂ Φ ∂ ∂ ∂ ∇ Ω Φ ∂
train_01372,∂ Φ Ω ∫ Ω Ω
train_01373,∇ Φ Ξ Ω ∂ ∫
train_01374,Ξ Φ Ξ ∇ Φ ∫ Ξ ∫
train_01375,∂ ∫ ∫ ∫ ∫ ∇ Ξ ∂ Ω ∫ Φ
train_01376,Φ Φ Ξ ∂ ∇ Ω ∇ ∫ ∇ ∇ ∇ ∇
train_01377,Ω ∇ Ω Φ ∫ ∇ ∂ Ω Ω Φ ∫ Φ
train_01378,∇ ∫ Φ Φ ∇ Φ
train_01379,∫ ∇ ∫ Φ Φ ∫ ∇ Φ ∂ Ξ
train_01380,Φ ∇ Φ ∇ ∂ ∂ ∫ Ω ∂
train_01381,Ξ ∇ Ξ Φ ∂ Ξ
train_01382,∇ ∂ ∂ Ω Ξ ∫ Φ Φ ∫ Φ ∇ Ω ∫ Ξ
train_01383,Φ ∇ Ω Φ Ω ∂ Ω ∫ ∂ ∂ ∂
train_01384,Ξ ∇ ∫ ∇ Φ Ξ Ξ ∫
train_01385,Φ ∇ Ω ∇ Φ Φ Φ
train_01386,∂ Ξ Φ Ω Ξ Ξ ∫ Ξ ∂ Ξ Ω ∂ ∫ ∂
train_01387,∂ ∫ ∇ Ω Ω Ξ ∂ Ω
train_01388,Ω ∇ ∫ ∂ Ξ ∫ Ω ∇ Φ Ω ∂
train_01389,∫ ∂ ∇ Ω Ξ Ξ Ξ ∂ ∇
train_01390,Φ Φ Ω ∇ Φ Ξ ∂ ∫ Ω Φ Φ Ξ Ω
train_01391,Ξ ∇ ∫ Ω ∂ Φ ∇ ∇ Ξ
train_01392,∂ Φ Φ Φ ∂ ∇ Ξ
train_01393,Ξ Φ ∫ ∫ Ω Φ
train_01394,∂ ∇ ∫ ∫ Ξ ∫ Ω ∫ Ξ Φ ∇ Ω
train_01395,Ω ∇ Ξ Φ Ω Φ Ω Ω Φ ∂ Ω ∂ ∫
train_01396,Φ Φ ∂ ∇ Ω Ω Ξ Ω Ξ Φ ∂
train_01397,∫ ∂ ∇ Ξ ∂ Ξ Φ ∫ ∇ ∇ Φ ∫ ∂ ∂
train_01398,Ω ∇ Ξ Ω ∫ Ω Ξ Φ Ξ ∇ Ω ∇ Ω
train_01399,∇ Ξ ∇ Ξ Φ ∫ ∫ Ω Ξ
train_01400,Φ Ξ Ξ Ω Ω ∫ ∂ Ω ∇ Φ Ω Ξ ∫ Ω
train_01401,∫ ∂ ∫ ∫ Ω
train_01402,Ω Ω Φ ∂ ∇ Φ
train_01403,Ω ∫ Φ ∇ Ω
train_01404,Ω Φ Ξ Ω Φ ∇ Ξ Ξ ∫ Φ Ω ∇
train_01405,∫ Φ ∂ ∫ ∂ Ω ∇ ∇ Φ
train_01406,Ξ Ξ Ξ ∫ Ξ Ω ∇ ∂ ∫ Ξ Ξ Φ Φ Ξ
train_01407,Φ Φ Φ Ω ∫
train_01408,Ξ Φ ∂ ∇ ∂ ∫ ∫ Φ Φ Ξ
train_01409,∇ ∫ Φ Ξ Φ Ξ Φ Φ ∫ Ξ Ω Ω
train_01410,Φ ∇ ∇ Φ Ξ ∂ ∂ ∫ ∂ Ξ ∂ Φ
train_01411,Ω ∇ Φ ∂ Ξ ∂ ∂ Φ ∇ ∇ ∂
train_01412,Ω ∂ Ξ ∇ Ω Φ ∂
train_01413,∫ Ξ Ω ∇ Φ Φ Ξ Φ ∇ Ω Ω ∫
train_01414,∂ ∇ ∫ Ω Φ Φ Φ ∂ Φ Φ Ξ
train_01415,∂ Φ ∫ Ω Ω ∂
train_01416,Φ ∂ Ξ ∇ Ξ ∫ ∫ Ω Φ
train_01417,Ω Φ ∇ ∇ Ω Ω ∫ Φ Ξ ∇ ∇ ∇
train_01418,∫ ∇ ∇ ∫ ∇ ∇ Ξ Ω ∂ Ξ ∫
train_01419,Ω Ξ ∂ Φ ∂
train_01420,Φ Ξ Ξ ∇ Ω
train_01421,Ξ ∂ ∂ Ω Ω ∫ ∂ ∂ Ω Φ ∂
train_01422,∇ Ξ ∇ Ω Ξ ∇ ∫ ∫ ∫ ∫ ∂ ∫ ∫ ∇
train_01423,∫ Ξ ∂ ∂ Φ Ξ ∂ ∇ ∇ ∇ Ξ Ω Ω Ω
train_01424,Φ Ξ Ω Ω ∇ Ξ Ω Ω Ω Ω ∂ Φ
train_01425,Ω Ξ Ξ ∇ Φ Φ ∇ Ω ∇ ∂ ∫ Φ ∂
train_01426,Ω ∇ ∫ ∇ ∫ Φ ∇ Ξ Φ
train_01427,∂ Ξ Ξ Ξ ∂ ∫ ∇ Ξ ∂ Φ ∂ ∇ Φ
train_01428,∇ Ω Ξ Ξ ∂ Φ Φ ∇ Ω ∂ Ξ
train_01429,∇ ∫ ∇ ∫ Ω ∫ ∫ Ξ ∇ ∇ ∇
train_01430,∂ Φ Ω ∇ ∇ ∂ ∂ ∇ ∫ ∇ Φ
train_01431,∫ Ξ ∫ ∂ Ω Φ ∫ ∂ Φ Ξ ∇ Ω
train_01432,∫ Ξ ∂ Φ ∫ Ξ ∫ Ω Φ Ξ Φ ∇ ∂ Ω
train_01433,∫ ∇ ∇ Φ ∇
train_01434,Φ Ξ ∇ Ω Φ ∇ ∫ Φ ∂ Ω Φ Ω Ω
train_01435,Ξ ∫ Ξ ∇ Ω Ξ ∂ ∂ ∇ Ω Ξ Ω
train_01436,∇ ∇ ∂ ∂ ∇
train_01437,Φ Φ ∫ Ξ Φ Ω ∫ Φ
train_01438,Φ Ξ ∇ Ξ Φ Ω ∇ Ξ ∫ ∇ Ξ Ξ ∂
train_01439,∂ Ω ∂ Ξ ∇
train_01440,Ω Ξ ∇ Ω ∂ Ξ Φ ∂
train_01441,∫ ∂ ∫ Ω ∇
train_01442,∇ ∂ ∫ Ξ ∂ ∂ Ω ∂ ∫ Ξ
train_01443,∇ Ω Ξ Φ ∇ ∂ ∂ Φ ∫ ∇ Ω
train_01444,Ω ∂ Ω ∇ ∂ ∫ Ω ∂ Ξ ∂ Ω
train_01445,Ω ∇ Ξ Ω ∇ Φ ∇ Ω Ω Ω ∫
train_01446,∇ ∫ Φ ∫ ∇ Φ Ω ∇ ∫ ∂ Ω Ω
train_01447,Ξ Φ ∫ ∂ ∂ ∇ Ξ ∇ Φ ∂ Φ
train_01448,∂ ∫ Φ ∂ ∂
train_01449,Φ Φ ∇ Φ ∂ ∇
train_01450,∂ Ξ ∇ Φ ∂ Ω ∫ Ξ Φ ∂ Ω Ξ ∇ Φ
train_01451,Ω ∇ ∇ Ω Ξ ∫ ∫ ∂ Φ ∂ Ξ Ω Ω
train_01452,∂ ∂ ∂ Ξ Ω ∇ ∂ Ω ∂ ∇ ∇
train_01453,Φ ∫ ∇ ∂ ∂ Ξ
train_01454,Ω Ω Ω ∇ Ω ∂ ∂ ∇ Ω
train_01455,Φ ∇ ∇ ∂ ∫ ∂ ∫ ∫ Ω
train_01456,Φ Ξ ∂ Ω Ω Ξ ∫ ∫ ∫ ∂ ∫ ∫ ∂
train_01457,Ξ ∂ Φ ∇ Ξ Ω Ω Ξ
train_01458,Ξ ∇ Ξ Ξ Φ
train_01459,Φ ∂ Φ ∇ ∂
train_01460,∇ Ω ∫ ∇ Φ ∂ ∂ ∫ ∂ ∫ Ω ∫ Φ ∂
train_01461,∇ Φ ∇ Ξ ∇ Ω
train_01462,Ξ Φ Φ Φ ∫ Ξ ∂ Ω Φ ∂ ∂ Ω ∂ Φ
train_01463,∂ ∂ Ξ ∫ ∫ ∫ ∂ ∂ Ω
train_01464,Φ Φ ∂ ∂ ∫
train_01465,∇ Ω Ξ Φ ∇ ∇ Φ
train_01466,Φ Φ Ω ∂ ∇ ∂ Ξ Ω Ξ ∂
train_01467,∇ ∇ Φ Ω Ω
train_01468,∫ Φ ∫ Ξ Φ Φ
train_01469,Ξ Ω Ω ∇ ∂ Φ
train_01470,∂ Ω Ξ ∂ Φ ∂ Ω ∇
train_01471,Ξ ∇ Φ Φ ∂ ∫
train_01472,Φ Ξ ∂ Φ Φ ∇ ∫ ∫
train_01473,Ω Ξ Ω Ξ Φ Ω Ω Φ Φ ∫
train_01474,∫ Φ Ξ ∂ Φ ∂ Ω ∂ ∫ Φ ∫ Ω ∇ Ω
train_01475,∂ Φ ∫ Φ Φ Ω ∂ Ω ∫
train_01476,Ω Φ Ξ ∂ Φ
train_01477,Ω Φ ∇ Ξ ∂ Ω ∇ Ω Ω ∇ Ξ
train_01478,∂ ∫ ∫ Ω ∂ ∇ Ω Ξ
train_01479,Ω Ξ ∇ Ξ ∂ ∇ ∂ ∇ Φ ∫ ∫ ∇ Ω ∂
train_01480,∂ ∫ Φ Ξ Ξ Ξ ∫ ∂ Ξ
train_01481,Ξ ∇ ∇ ∫ ∂ ∫ Ξ Ω
train_01482,∂ Φ Ω ∫ Ξ ∂ Ω ∇ ∇ Ω ∂ Φ ∫
train_01483,∫ Ω Ω ∇ ∇ Ξ Φ ∇ Ξ ∇ ∂ Φ
train_01484,∫ ∇ Ξ ∂ ∂ ∂ Ξ ∂ Ξ ∇ Ξ
train_01485,∂ Ω ∇ ∂ Ω ∇ Φ ∫ ∫ Φ ∫ Ω
train_01486,Ω Ξ Φ ∫ ∂ ∂ Ξ Ω ∫ Ξ ∇ ∂ Φ Φ
train_01487,Φ Φ Φ Ω ∇ Ω Ω Ω Ξ
train_01488,∂ ∫ ∇ ∂ ∫ ∇ ∂ Ω
train_01489,∇ ∫ ∫ ∫ ∂ Ξ Φ ∫
train_01490,∂ Φ ∂ ∫ ∫
train_01491,Ω Φ Ω ∫ ∂ ∇ ∇ Ω ∇
train_01492,∇ ∫ ∫ ∫ Φ Ω Φ Ξ Φ Φ ∇ Ξ
train_01493,Ω Φ ∇ Ω ∫
train_01494,Ξ ∫ Ξ ∇ Ξ ∂ ∇ Φ ∫ Ω
train_01495,Ω Φ Φ ∫ ∫
train_01496,∇ Φ Ω ∂ ∂ ∂ ∫ ∇ Φ
train_01497,Ω Φ ∫ ∫ ∫ Ξ Ξ ∇
train_01498,Ξ Ξ Φ Ω ∂ ∇ Ω ∫
train_01499,Φ ∂ ∫ Ξ ∫ Ω Ξ ∇ Ω Ω Φ Ω ∂
train_01500,Ω Ξ ∫ Ξ Φ Ξ Ξ ∫
train_01501,∇ Ω ∇ ∇ Ω Ξ Φ ∇ ∫ ∫
train_01502,∂ ∂ ∇ ∇ ∫ Ω Ω Φ ∇
train_01503,Ξ Ω ∂ ∂ ∇ ∫ Ξ
train_01504,Ξ Ξ ∇ Ω Ξ ∫ Φ Ω Ω Φ
train_01505,Φ Ω Ξ ∫ ∇ ∂ Φ Φ ∂ ∇ ∫ ∫ ∇ ∂
train_01506,Φ Φ Ω Ξ ∂
train_01507,∂ ∂ Φ Φ Ξ ∂ Ω Φ
train_01508,Ξ ∂ ∫ Ξ ∫ Ω Φ ∂ ∇ Φ
train_01509,∫ ∂ Ξ Ω Ω Φ ∫ ∇
train_01510,∇ Ξ Ω Ξ ∫ ∂
train_01511,Ξ ∂ ∇ ∇ ∇ ∫ Ω ∇ ∫ ∫ Φ Φ
train_01512,Ω ∫ ∂ ∇ Ω Ξ ∇ Ξ Ω Ω
train_01513,Φ Φ ∂ ∇ Ξ ∇ Φ Ω Φ Ξ Ξ
train_01514,Ξ ∂ ∫ ∫ ∫ ∇ Φ ∂
train_01515,Φ ∇ ∂ ∇ ∫ ∫ Ω ∫ Ω Ξ Ξ Ξ ∫ Ξ
train_01516,Ξ ∇ ∫ Φ ∇ ∇ Ξ Ω Φ Φ Ξ ∇
train_01517,Ξ Φ Φ Φ Ξ Φ ∇ ∇ ∫ ∂ ∂ Ω ∂ Ξ
train_01518,∫ Φ ∇ ∫ Ξ ∂ Φ Ω Ξ ∂
train_01519,Ξ Φ Ξ Φ ∇ Ω Φ
train_01520,∂ ∇ Φ ∫ ∇ Ξ Φ
train_01521,∇ ∫ Ω Ξ ∫ Ω ∇
train_01522,Ξ Φ Φ ∂ Φ ∫ ∂
train_01523,Ξ ∇ Ξ Ξ Φ ∂ Ω Ω Ω Φ
train_01524,∂ ∂ Ω ∇ ∫ Φ
train_01525,∇ Φ Φ ∫ ∂ Φ Ω ∂ Φ
train_01526,∇ Ξ Ω ∂ Ξ ∂ Ξ Ξ Ξ
train_01527,∫ Ω ∫ ∇ Φ ∂ ∫ Ω
train_01528,∂ Ω Φ ∂ ∫ ∇ ∂ ∇ ∇ Ω Φ
train_01529,Ω ∂ Φ Ξ Φ ∇ Φ ∂ Ξ Φ ∇ ∇ ∇ ∂
train_01530,Ξ ∫ ∂ Φ ∫ ∂ ∫ ∂ ∂ Φ ∫
train_01531,Ξ ∫ Ω Ξ ∂ ∇ Ξ ∫ Ω Ω
train_01532,Ω Ω Ω Ξ Ω ∫ Ω Ω Ξ ∂ ∂
train_01533,∂ Ξ Ω Φ Φ ∫
train_01534,Ξ ∇ Ω Φ Ω Φ Ξ ∂ Ω ∂ Ω
train_01535,Ω ∂ ∫ Ω Ξ Φ Φ Φ
train_01536,Ω ∇ Φ Φ Φ ∂ ∂ ∇ Ω Φ Ω
train_01537,∇ ∫ Ξ Φ ∇ Ω ∫ Ξ ∇ ∇ ∂ Ξ
train_01538,Ξ ∇ ∂ Ξ Φ ∇ ∂ ∇ Φ
train_01539,Φ Φ ∇ Ξ Φ Ω ∂ Ξ ∇
train_01540,Φ Ξ Ω Φ ∂ Ξ ∂ ∂ ∇ Ω Ξ Φ
train_01541,∫ ∇ Ξ ∂ ∇
train_01542,∫ Ω Ω ∇ Φ Ω ∇ Ξ Ξ ∂ Ξ Ξ ∇ ∂
train_01543,∂ ∫ Ξ Ξ ∂ ∫ ∫ ∫ Ω Ξ Φ Φ
train_01544,∇ ∇ ∇ ∫ ∫ ∫ ∇ ∂ Ω Ξ ∂
train_01545,∇ ∂ ∂ ∫ Φ
train_01546,∇ Φ ∫ Φ Ω Ξ ∂ Ξ Ξ ∫ ∂
train_01547,Ξ ∂ ∫ ∇ ∫
train_01548,Ξ Φ ∂ Φ ∇
train_01549,Ξ Ξ Φ ∇ Φ ∫ ∂ ∇ ∂ ∂ Ξ ∇ Ξ Φ
train_01550,∇ Ω Ξ ∂ Φ ∫ ∇ Ω ∫ Ξ ∫ Φ ∇ Ω
train_01551,Ξ Φ ∫ Ξ Ξ Ω Ω Ω Ξ ∇ ∫
train_01552,∫ ∇ Ω Φ ∂ Ξ
train_01553,∂ Ω ∫ ∫ ∂ Φ ∇ ∇ ∇ ∇
train_01554,∫ ∂ Ξ Ξ Ω Φ ∂ ∇ Φ Φ ∫ ∇ Φ Φ
train_01555,Ξ Φ ∫ Ω ∫ Φ ∂ Ω ∂ ∫ ∫ Ω ∇
train_01556,Ω Ξ Φ Φ ∫ Ω Φ Φ ∫ ∇ Φ ∇
train_01557,Ω Ω ∂ ∇ Φ ∇ Φ
train_01558,∫ Φ Ω ∫ Ξ ∂ Ξ Φ
train_01559,∂ ∫ ∂ ∂ ∂ Φ Φ Ω ∂ ∫ Ξ
train_01560,Ω Ξ Ω ∇ ∇ ∇ ∇ ∂ ∇ ∂ Φ ∇ ∫ Φ
train_01561,Ξ Ξ ∫ Ξ Ω ∫ Ω ∇ Φ Φ Ξ Φ
train_01562,Φ Ω Ξ Φ Ξ
train_01563,Ω ∂ Φ ∫ ∇ ∫ ∂ Φ
train_01564,∫ ∂ ∇ Ξ ∂ ∂ ∫ ∇ ∫
train_01565,Ξ Φ Ξ Φ ∇ ∂ ∫ Ω Φ Φ ∇ Φ Φ Ω
train_01566,Ξ Φ ∫ ∂ ∫ ∂ Ξ
train_01567,∫ ∂ ∂ Ω Ξ ∇ Φ ∇ Ω ∫ Ξ
train_01568,∫ Ξ ∇ Ω Ξ ∂ Ξ ∂ Ω Ω ∇
train_01569,Ω ∂ ∇ ∂ ∫ Ω Φ Ω ∂ ∫
train_01570,∫ Ξ ∂ ∇ ∂ ∂ Ω
train_01571,Φ ∂ Ξ Ω Ξ ∫ Φ Φ Φ ∫ Ξ ∂ ∂
train_01572,∫ Ξ ∂ Φ Ξ ∫ Ξ Ξ Ξ
train_01573,Φ ∇ Ξ Φ ∂ Φ Ξ Ξ ∂ ∇
train_01574,Ξ ∂ ∇ ∇ Ω ∂ Ω Ω ∫ Ξ ∫ Ξ Φ
train_01575,Φ Φ ∫ Ξ ∂ Ξ
train_01576,∇ ∂ Φ Φ ∂ ∂
train_01577,Φ Φ ∇ Ξ ∂ ∫ ∇ ∇ Φ ∇ ∇ Ω ∂ Ω
train_01578,Φ ∂ ∂ ∫ Ω Φ ∫ ∇ Φ ∫ Ω
train_01579,Ξ ∂ Ξ Ω Φ Ω ∫ ∫ Ω Φ Ξ
train_01580,Ξ Ω ∇ ∫ ∇ ∂ Φ ∇
train_01581,Ω ∂ Ω ∫ ∂ Ξ ∫
train_01582,∇ Ξ Ξ ∂ ∫ Φ Ω Φ Φ
train_01583,∇ Ω ∇ Ξ ∂ ∇
train_01584,Ω ∂ Ω ∂ Ω ∂ Ξ ∇ ∂ Φ Ξ ∂ Ξ
train_01585,Ω ∇ ∫ Ξ ∂ Ω ∫ ∫ Ξ Ω
train_01586,∇ ∂ ∫ Φ ∫ Ω Ω ∇ Ξ ∫ Ξ Ω
train_01587,∂ Ω Ω ∂ ∂ ∫
train_01588,Φ ∫ Ω Ω ∂ ∫ ∂ Φ ∫ Φ Φ ∫
train_01589,∫ ∫ Φ Φ ∂ ∇ ∂
train_01590,∇ ∇ ∫ Ω Φ ∂ ∂ Φ ∂ Ξ Ω
train_01591,∂ ∇ ∫ Φ Φ Ξ ∫ ∂ Ω
train_01592,Ω Ξ Ω ∇ Φ Ω ∂ ∂ ∂
train_01593,Ω ∫ ∇ ∂ Ω Ω ∂ ∇ ∇
train_01594,∫ Φ Ω ∇ Ξ
train_01595,∂ Ξ ∂ ∫ ∇ Ω Φ Ω ∇ ∫
train_01596,∂ Φ Φ ∂ Φ Ξ Φ Ξ Ξ ∇ Φ ∫ Ω
train_01597,Ω Φ ∫ Φ ∫ ∂ ∇ ∇
train_01598,∫ Ω Ξ Φ Ω Ω ∫ Ξ
train_01599,Ξ Ω ∇ Ω Φ Ξ Ω
train_01600,Ω Ξ Φ Φ ∇
train_01601,Ω ∂ ∂ ∂ ∇ Ω Ξ Ξ ∂ Ω ∇ ∂ ∇
train_01602,Ω ∇ Ξ Ξ ∫
train_01603,∂ ∂ Ω ∇ Ξ ∇ Φ Ξ ∫ Ξ ∂
train_01604,Φ ∇ Φ ∂ ∫ Ξ ∫ ∂ ∂ Ω ∇ ∂ ∫
train_01605,∫ Φ ∫ ∂ Φ ∂ ∫
train_01606,∂ ∇ ∫ ∂ ∂ ∂ ∫ ∫ Ω Φ Φ ∫
train_01607,Φ Φ ∫ ∇ ∫ ∫ ∫ Ξ ∂ Ω Ω Φ
train_01608,∂ Ω ∫ ∫ Φ ∫ ∂ Ξ ∇ Ξ ∂ Φ Ω Ξ
train_01609,∂ Φ Ω ∂ ∫ ∇ ∂ ∫ Ω Ω ∂ ∇ ∂
train_01610,Φ ∇ Ξ ∇ ∫ Ξ
train_01611,∇ ∂ ∂ ∫ Ω ∂ ∇ Φ ∇
train_01612,∫ ∇ Ξ Φ Φ ∂ ∇ Φ Ω ∂ Φ ∫ ∇ ∂
train_01613,Φ Φ ∫ Ω Ω Ω ∫ Ξ Ω
train_01614,∂ ∇ ∇ Ω ∂ Φ
train_01615,∇ ∂ ∂ Ξ Ω ∇ Ξ ∇ ∇ ∇
train_01616,Ω Ξ ∂ ∫ Ξ Φ ∇ Ξ ∫ Ξ Ξ
train_01617,Ω ∫ Φ ∂ ∇ ∂
train_01618,∇ ∇ Φ ∫ ∇ ∇ ∂ ∇ Ω ∇
train_01619,∫ Ξ ∫ Ω Ξ
train_01620,∫ ∫ Ω ∇ Φ ∂ Φ ∇ Ω Ξ Ξ ∂ ∇ ∂
train_01621,Φ ∫ Ω ∫ ∫ ∂ Ω ∫ Ξ Ω Φ ∇ ∂ ∇
train_01622,Φ ∇ ∂ ∇ ∂ Ξ Ξ Ω ∇ Ξ ∂ ∂
train_01623,Ξ Ξ ∫ Ξ Φ ∂ Ξ Φ ∂ Ω ∫ ∫
train_01624,∫ Ξ Ξ Ω ∂ ∇ ∂ ∫ ∇
train_01625,∂ Ξ Φ ∂ Φ ∫ Φ ∇ ∇ Φ ∂ ∫ ∫
train_01626,Φ Ω ∫ ∂ Ξ
train_01627,Ω ∂ ∂ Φ ∫
train_01628,Φ ∇ Ξ Ξ ∂ Φ Ω Ξ Ω ∫ ∇
train_01629,∇ Ξ Ξ ∫ Φ Ω Ω
train_01630,∫ ∇ ∂ Ξ ∂ ∇
train_01631,∇ ∂ ∇ ∇ ∫ Ξ Ω Ξ ∂ Ξ Ω ∫ Ω ∫
train_01632,∇ ∂ Ξ ∇ Ω ∫ ∂ Φ Ξ ∂ ∂ Ω Ξ
train_01633,∂ ∇ Ξ ∇ Ξ Ξ
train_01634,Ξ ∂ Ξ Ω ∫
train_01635,Ω Ω Ξ ∇ ∇ ∇
train_01636,Ω Ω Ξ Φ ∂ ∫ Φ ∂
train_01637,Φ Ω Ξ ∫ Ω
train_01638,∂ ∇ ∇ ∫ ∫ Ω Φ ∂ ∂ ∇
train_01639,Ω ∂ ∫ Ω Ξ ∂ Ξ Ω ∇ ∂ Φ ∫ ∫ ∂
train_01640,Ξ ∫ Ξ Ω Ξ ∇ Φ Ξ Ω ∂ ∂ ∫ Ξ Ω
train_01641,Φ ∂ ∇ Ω Ω ∫ ∂ Ξ Φ ∫
train_01642,Ω ∇ ∫ ∫ ∂ ∂ Ω Ω Ω ∂ Ω ∫ Φ
train_01643,Φ Ω ∂ ∇ Φ ∇ Ξ
train_01644,Ω ∇ ∫ ∇ Ω
train_01645,Ω ∫ ∂ ∇ ∂ ∇ Ω
train_01646,∂ Ξ Ξ ∂ Φ ∫ Φ
train_01647,Φ ∇ Ω Ω ∫ Ω Ω Ξ
train_01648,∇ ∂ ∇ ∂ Ξ Ω ∂ ∂
train_01649,Ω Ω ∇ ∇ Ξ ∂ ∫ ∫ ∇
train_01650,∂ Ξ Ω Ξ ∫
train_01651,Φ Ξ ∫ Φ Ω Ξ Ω ∂ ∫ Ω
train_01652,∂ ∂ ∇ Φ Ξ ∂ Φ ∫ Ω ∂ ∇
train_01653,∇ Ω ∫ ∂ Ω ∫
train_01654,∂ Φ Φ Φ ∇ ∂ Ω ∂ ∫ ∂ ∫ Φ Ω
train_01655,Ω Ξ Ξ Φ Ω ∫ Ξ ∫ ∂ Φ Ξ Φ ∂
train_01656,Ω Ξ Ω ∫ ∫ ∇ ∇ ∫ ∫ Φ Φ ∇ ∫ ∇
train_01657,Φ ∇ ∫ ∂ ∫ ∫ Ξ ∫ Φ ∇ Φ ∇
train_01658,Φ ∫ ∇ Ξ Ω ∫
train_01659,Ξ ∂ Ω ∫ Ξ Ξ ∫
train_01660,Φ Ξ ∫ ∂ ∫
train_01661,Φ Ω ∂ ∫ Φ
train_01662,Ξ ∇ ∇ Φ ∂ Φ Φ ∫ ∂
train_01663,∇ ∇ ∂ ∇ ∇ ∂ ∫
train_01664,∂ Ω Ξ Ω ∂ Φ ∂ Ξ ∇ Ξ ∇ Ξ Φ Ξ
train_01665,∂ Φ ∂ Ω Φ Ξ Φ
train_01666,∇ Ω Ω ∇ ∫ Ξ ∇ ∂
train_01667,∇ ∫ Ω Ξ ∫ Φ
train_01668,Ω Ξ Ξ Ξ ∇ ∫
train_01669,∇ ∇ ∫ ∂ ∂ Ω ∇ ∫ ∇ ∇ Φ ∫
train_01670,∂ ∫ ∂ ∫ ∇ ∇ ∂ ∫ ∂ Φ Ξ Ω Ξ ∫
train_01671,Ω ∂ Φ ∇ Φ Φ ∫ ∇ ∇ ∂ Φ ∂
train_01672,Ξ Φ ∇ Φ Ω Ξ Φ ∂ Ξ Ξ Φ ∫ ∫
train_01673,Ξ ∂ ∂ Ω Φ ∇ ∂ ∇ ∫ ∂ Ω ∇ Ω ∇
train_01674,Ω ∂ Ξ ∂ ∂ ∫ Ω Φ Ω Ξ
train_01675,Ω ∫ ∫ ∫ Ω Ξ ∫ ∫ Ω ∇ Ξ ∇ Ω
train_01676,Ξ ∫ ∂ Φ Ω Ω ∇ ∫
train_01677,∫ Φ ∇ Ξ Ξ ∇ ∫
train_01678,∇ ∂ Ξ Ξ ∂ Φ
train_01679,Ω Ξ Φ Ω ∇ ∇
train_01680,Ω Ω Ξ ∂ ∇ ∂ Ξ Ω Ω ∫ ∫ ∇
train_01681,∫ ∫ Ξ ∫ Ξ Ξ Ξ Ξ ∂ Ξ Ξ Ω ∇
train_01682,∂ ∇ ∫ ∫ Ω Φ ∇
train_01683,Ω ∫ ∇ ∫ Ξ Φ ∫ ∂ ∇
train_01684,∂ ∇ Ω Ω Φ Φ ∂ ∇ ∇ Ξ Ξ ∇ Ω
train_01685,∫ Ω ∇ ∫ ∫
train_01686,Ξ ∂ Ω Ω ∂ Ω Ω Ω
train_01687,∇ ∂ ∫ Ω Ω Ξ
train_01688,Ξ ∇ Ω ∇ Ξ ∇ ∫ Ω Ω ∫
train_01689,Ξ ∂ ∫ ∇ ∂ Φ Ξ Ω Ω Φ Ω ∂ Ξ
train_01690,Ω ∇ ∇ Ω Ξ
train_01691,Ω Φ ∫ Ξ Ξ Ω Ξ Φ Ω ∂ Φ ∇
train_01692,∫ Ω ∫ Ξ ∫ Ξ Φ ∂ Ξ Ω Φ Φ ∫
train_01693,Ξ Ω ∇ ∇ Ξ Ω ∂ ∫ ∫ Ω ∇ ∂
train_01694,∂ Ω Φ ∂ Ξ Ω Ξ ∂ Ω ∂
train_01695,Ξ Φ ∂ ∇ ∂ Ξ
train_01696,∂ ∂ Φ Ξ Φ Ξ ∇ Ξ
train_01697,∇ ∇ Ω Φ ∫
train_01698,Ξ ∫ ∇ Φ ∫ ∂ ∫ Ω Ξ Ξ ∂ ∇
train_01699,∫ ∇ Ω Ξ ∇ Ω Ω Ξ Ω
train_01700,Ξ ∇ Ξ Ξ Ω Ξ ∫ Ξ Φ Φ ∂ ∇ ∫ ∫
train_01701,Ω Ξ Φ Ω ∫ ∇
train_01702,Ξ Ξ Ξ Φ ∂ ∇ ∇ ∂
train_01703,∫ Ω ∇ Ω Φ ∫ Φ ∇ Ξ
train_01704,Ω ∇ ∂ Ω Ω
train_01705,∫ Ω ∇ Φ ∇ ∂ ∂ ∇
train_01706,Φ ∇ ∇ ∂ ∫
train_01707,∇ ∫ Ω Ω Φ ∫ ∂ Φ ∇ Ξ ∇
train_01708,∂ Ω Ξ ∇ ∂ Ξ Ξ ∫ Ξ ∫ Φ Ξ ∇
train_01709,Ω Ξ ∫ Φ Ξ Ω ∇
train_01710,Ω Ω ∇ Ω Φ ∂ Φ ∫ ∇ Ξ ∂
train_01711,∫ ∇ Φ Ξ Ξ ∂ Ξ
train_01712,∫ ∫ Ξ ∫ ∂ Ω Ω Ξ ∂ ∇ ∫
train_01713,∫ ∂ Ω Φ ∇ Φ Φ Φ ∫
train_01714,∂ ∫ ∇ Ξ ∂ ∇ ∇ ∂ ∫ ∂
train_01715,∂ ∫ Ξ ∇ Φ ∂ ∫ ∂
train_01716,∇ Ξ Ξ ∇ Ξ ∂ Φ ∂ ∇
train_01717,Φ Φ Ω ∂ Ω Ξ ∫ ∂ Φ ∇ Ξ Ω Φ ∫
train_01718,∫ Φ Φ Φ Φ Φ ∫ Ξ Ξ
train_01719,∇ ∇ Φ Ξ ∇
train_01720,Ω Ω ∂ Ξ ∂ ∇ ∇ ∂ Ω
train_01721,∫ Φ ∇ ∇ ∫ ∇ ∇ ∫
train_01722,∇ ∂ Φ Ω Φ
train_01723,∫ Ω Φ ∂ ∇ ∫ ∇ Ω ∫
train_01724,Φ Ω ∂ ∇ ∇ Ξ Φ Ξ Φ Ξ Φ
train_01725,Ω Ω ∂ Φ ∫ Ξ Ω ∇ ∇ Ξ
train_01726,Φ ∇ Ω Ω ∂ Φ Φ ∫ ∂
train_01727,Ω ∇ Φ ∇ ∫
train_01728,∇ Ω Ξ Ω Ξ ∇ ∫ Φ ∇ ∇
train_01729,Φ ∂ ∂ ∇ Ω ∫ ∫ Φ Ω
train_01730,Ω Φ ∇ ∂ Φ Φ ∇ Ξ
train_01731,∂ ∇ ∫ ∂ ∇ Φ Ξ
train_01732,∫ ∂ Ω ∫ ∇ ∇ ∫ ∂ ∫
train_01733,∫ ∫ ∂ Φ Φ Ω ∂ Φ
train_01734,Ω Ξ Ξ Ξ Ξ ∇ Φ Ω ∂
train_01735,∫ ∇ ∂ Ξ Φ ∇ Ξ Ξ ∇ Ξ Φ Ξ ∇
train_01736,∂ Φ Ω ∂ ∫ Φ Ξ Φ
train_01737,∫ ∫ Φ Φ Ξ Ω ∫ Φ
train_01738,Φ ∇ ∇ ∇ ∂ Ξ ∂ ∂ Ξ ∫ ∂ ∫
train_01739,∂ ∂ Ω Φ Φ ∂ Φ ∇
train_01740,Ξ ∫ ∂ Φ ∂ Ω Ω ∂
train_01741,Φ ∂ ∇ Ω Ξ ∂ ∂ ∂ Φ ∂ ∂ ∂
train_01742,∫ ∫ ∂ Ω Ξ Ω
train_01743,∫ Φ Ξ ∫ Φ Φ Φ ∂
train_01744,Ξ Ξ Ξ Ξ ∇ Φ ∂
train_01745,∂ Ω ∫ ∫ Φ ∫ ∂ ∫
train_01746,Ω Ξ ∂ ∂ Ω Ω ∇
train_01747,Ω ∇ Φ Φ Φ ∂ Ξ Ξ Ξ Ω Ω
train_01748,∇ ∂ ∇ ∫ Ω ∫ Ξ Φ ∫ ∂ ∂ Φ Ω
train_01749,∫ Ξ Ξ ∫ Ξ Φ Ξ
train_01750,Ω ∂ ∫ Ξ ∇ Ω Φ
train_01751,∇ Ω ∇ Ω Φ ∇ ∇ Ω Ξ Φ Ξ Ξ Ξ
train_01752,Ω ∂ ∫ ∂ Ξ ∫ Φ ∫ ∇ ∂ Ω ∂ Φ Ξ
train_01753,Φ ∂ Φ Ξ ∫ Φ ∫
train_01754,∂ ∂ Ξ ∫ ∇
train_01755,∇ ∫ Ξ Ξ Ξ Φ Φ ∫ Φ Ξ Ξ ∂ ∂ Ω
train_01756,Ω ∇ Φ ∂ ∇ ∫ ∂ Ω Φ
train_01757,∫ ∂ Ξ Ω ∫ Ω ∂ ∫ ∫ ∂ Ξ ∂ ∂
train_01758,∂ Ω ∇ Φ ∫ Ξ ∫ Ξ
train_01759,∂ Ω ∫ Ω Ω Ξ
train_01760,∫ Φ ∫ Ω Ξ ∫ Ω Ξ
train_01761,Ξ ∇ ∂ ∫ Ω ∫ ∫ ∇ ∇ ∫ Ω Φ
train_01762,Ξ ∂ ∇ Ω Ω Ξ ∂ ∇ Ω ∫ Ξ ∂ Φ ∫
train_01763,Φ ∫ ∫ ∂ Φ Ω Φ Ω Ξ Ξ Ω Ω
train_01764,Ω ∇ ∂ Ω Ω ∇ ∇ ∇ Φ
train_01765,∇ ∇ ∇ Ω ∂ Φ Φ ∂ ∫ Φ ∇ Ω Ω
train_01766,Ξ Φ Φ ∇ Ξ
train_01767,Ξ ∫ ∇ ∂ ∇ ∇ Φ ∫ ∇ ∫ Ξ ∂ ∫
train_01768,Φ ∇ ∂ ∇ Ω ∂ ∂ ∇
train_01769,∫ ∇ ∂ Φ ∇ Ω Φ ∇ ∫ Ξ
train_01770,Ω Φ Ω Ω ∫ ∇ Ξ ∂
train_01771,Φ Ξ ∫ ∂ Ω ∇ Φ ∂ Ω ∂ Ξ ∇ Φ
train_01772,∇ Ω ∂ ∇ ∇
train_01773,∂ ∇ ∫ Φ Φ ∇ Φ ∂ ∂ ∂ ∇ ∂
train_01774,∇ ∫ Φ Ω Ω Ω ∂ Φ Ω Φ Ω Ξ ∂ ∇
train_01775,∇ ∂ ∫ ∫ ∂ Φ Ω ∇ ∂ ∂ ∇ Ξ
train_01776,Ξ ∂ ∇ Φ ∇ ∇ Ξ ∂
train_01777,∫ Ξ ∇ ∇ Φ Ξ ∇ Ξ Φ ∇ ∇ Ω ∇
train_01778,∫ Φ ∇ Ω Ξ Ω ∇ Φ ∫ Ω ∂ Ω
train_01779,Ω ∫ Φ ∇ Φ ∫
train_01780,Ξ ∂ Φ Ω ∂
train_01781,∇ Ξ Ξ ∂ Ξ Ξ Φ Ξ
train_01782,Ω Ω ∇ ∫ ∫ ∫ Ω Ξ ∇ ∂ ∇ ∫ ∇
train_01783,∇ Φ Ω Ω Ξ ∫ ∫ Ω ∇ Ω ∇ Ξ
train_01784,∂ Ω Ω Ξ ∫ Ξ ∇ Φ Ξ ∫ ∫ ∇ ∫
train_01785,∇ Ω ∇ ∫ Ξ Φ
train_01786,∫ ∫ Ω ∇ Ξ Ξ Φ
train_01787,∇ Ξ ∇ Ξ Ω ∫ Ω ∫ ∫ Ξ ∂ Ξ Ξ ∇
train_01788,Ω ∇ Ω ∫ Ω
train_01789,Ω Ξ Φ ∂ ∫
train_01790,Φ ∂ Φ ∂ ∫ ∇ ∂ ∇ Φ Φ ∇
train_01791,Φ ∫ Ω Ξ Φ Φ Φ ∫ ∂ Ω Ω Φ Ω ∂
train_01792,∇ Φ ∂ Φ ∂
train_01793,Ξ Φ ∂ Ω Ω ∂
train_01794,∫ Ξ ∂ ∂ Φ
train_01795,Ω Ω ∂ ∂ ∫ ∇ ∇ Ω Φ Φ ∇ Φ ∇
train_01796,Ω ∂ Ω ∂ ∇ ∫ ∇ Φ ∫ Φ ∫ ∫
train_01797,Φ ∫ Ω ∫ Φ ∂
train_01798,Ξ Ξ Ξ Ξ Ω ∫ Ξ Ξ ∇ ∫ ∫ Φ
train_01799,Ω Ξ Ξ Ω ∇ Ξ Φ ∂ Ξ ∂ Ξ ∇ Ω ∫
train_01800,Ω Ξ Ω Φ Ω Ω ∇ Φ
train_01801,∇ ∇ ∂ ∫ ∇ Ω ∫ Ω ∂ Ξ Φ
train_01802,∂ Ω Ξ Φ Φ ∇ Ω
train_01803,∫ Ξ Φ ∇ Ω Ω ∇ Ξ Φ Ξ ∫ ∫ Ξ
train_01804,Φ Ξ ∇ Ω ∫ ∂ Ξ Ω
train_01805,∇ Φ ∇ Φ Ω
train_01806,∇ ∂ ∇ Φ Φ ∫ Ξ
train_01807,∫ ∇ ∫ ∫ ∫ ∫
train_01808,Ξ Φ Φ Ξ Ω Ω Φ Φ Ξ Ω Φ Φ Ξ ∇
train_01809,Φ ∇ ∂ ∇ ∫ Ω ∂
train_01810,Ξ Ω ∇ Φ ∂ ∫ Ω ∫ ∇ ∇ Φ Ξ ∂
train_01811,Ξ ∂ Ξ ∇ ∂ ∂ ∫ ∫ ∫ Ξ Φ ∫ Φ ∫
train_01812,Φ Ξ ∂ Ω Φ ∫ Ξ Φ ∫
train_01813,∫ Φ ∫ ∫ Ξ Ω ∇
train_01814,∫ Ξ ∇ ∇ Ω ∂ Ξ ∫ Φ
train_01815,∫ Ξ Ω Ω Ω Ξ ∫ ∇ ∫ Ω Ξ ∫
train_01816,Φ ∇ ∂ ∫ Ξ ∂ ∫
train_01817,Ω Ω ∫ Ω ∫ ∫
train_01818,Φ ∂ ∂ Ω ∇ Φ
train_01819,∇ ∇ ∂ ∫ Φ Ξ Ω Φ Φ ∫ ∇
train_01820,Ξ Φ ∫ Ω Ξ Φ ∇ ∫
train_01821,Φ Ω Ω ∫ Ω Ξ Ξ Ξ Φ Φ Ω
train_01822,Φ Ω Ω Φ Ξ ∇
train_01823,∇ ∫ ∫ ∫ ∂ Ξ ∫ ∂ ∫
train_01824,Ξ Φ Ω ∇ Ξ ∇ ∇ Ξ Ω ∇ Ω
train_01825,∫ Ξ ∫ ∇ ∂ ∇ Ω ∇ ∇ ∇ Φ
train_01826,Φ ∫ ∫ ∫ ∂ ∂
train_01827,∫ Ξ Ξ ∇ ∂ Ξ ∇ Φ
train_01828,Ξ ∂ Ω ∫ ∂ Ξ
train_01829,∇ ∂ ∂ Ξ Ω ∫ ∂ ∂ ∂ Φ
train_01830,Ξ Φ ∫ Ω Ω ∂ ∇ Φ Ξ ∫ Φ
train_01831,Ω Ξ Φ Φ ∇ Ξ
train_01832,Φ Ξ Ω Ξ Ω ∂ Φ
train_01833,∂ Φ ∂ ∂ ∫ Φ
train_01834,∂ ∫ ∫ ∇ Ω Ω ∇ Ξ ∫ ∇ Φ Φ
train_01835,∇ Ξ ∂ Ω ∫ ∂ Φ Ξ Ω ∇
train_01836,∇ Ω Φ Ξ Ξ ∫
train_01837,Ω ∇ ∫ ∂ Ξ Ξ ∇ Ω Ξ ∫ Ξ ∇ ∇
train_01838,∇ Ω ∫ ∫ ∇
train_01839,Ω ∫ ∂ Φ Φ Φ Φ Φ Ξ Ξ Φ Φ Ω Φ
train_01840,∇ Ξ Ω Ξ Φ Φ ∂ ∂ Ω ∫ ∫ ∇
train_01841,Ω ∇ Ξ Ξ ∇ Φ Ξ ∂
train_01842,Φ ∂ ∂ Ω ∇
train_01843,∫ ∇ ∫ ∫ Ξ Ξ
train_01844,∇ Φ Φ Ω ∂ ∂ ∂ ∫ ∂ Ξ Ξ ∇
train_01845,Ξ Ω Ξ ∇ Φ ∂ ∂ ∇
train_01846,∫ Ω Ω Ξ Φ Ω Ξ Ξ ∫ Ξ
train_01847,Φ ∂ ∇ ∫ Φ ∇
train_01848,∇ ∇ ∫ Φ ∂ Ω ∂ ∂ Ξ ∇ Φ Ω ∇
train_01849,Ξ ∂ ∫ Φ ∇
train_01850,∂ Ξ Ξ ∇ Φ Φ Ω Φ
train_01851,Φ ∫ ∫ Ω Ω ∂ ∇ Ω ∂ Ω ∫ ∂
train_01852,Ω ∫ ∂ ∇ Ξ
train_01853,∫ Ω Φ Ξ ∇ Ξ
train_01854,∂ Ω ∇ Ξ ∫ Ω ∇ ∂ ∇ ∫ ∂ Ω
train_01855,∫ Φ Φ Ω Ω
train_01856,∫ Φ Ξ Ξ ∫
train_01857,Ω Φ ∫ Φ ∫ ∂ Ξ ∇ Φ ∫ ∂ Ξ
train_01858,Ξ ∂ Φ ∂ ∂ Φ ∫ Φ ∇ Ξ Φ ∇ Φ
train_01859,Ω ∂ Φ Ξ Ξ Ξ Ω Φ
train_01860,∂ ∫ ∇ Ξ Φ
train_01861,Ξ Φ Ξ ∫ ∂ ∇ Ω ∫ Ξ ∫ ∫ Φ
train_01862,Ω Ξ ∫ ∫ Ξ ∂ Ξ Φ ∂ ∇ ∂ ∇
train_01863,Ξ Ξ ∫ ∂ ∂ Ω
train_01864,Ω Ξ ∇ Ω ∂ Φ Ω Ω ∫ Ω Ξ ∇
train_01865,Ω Ξ ∇ ∫ Φ ∂ Ω
train_01866,Ξ Ω Ω ∂ ∫ Ξ Ω Ξ Ω
train_01867,Φ Ξ ∫ Ω Ω Ω ∂ Φ Φ ∇ Ω Ω
train_01868,Ω ∫ ∂ ∂ Φ ∇ Ω ∇ ∇ Ξ ∂ Ξ ∇
train_01869,Ξ Φ ∇ ∫ ∂ ∫ Ξ Ξ ∫ Φ Ξ Φ Ξ
train_01870,Ω ∫ ∇ Ξ ∂ Ξ Ω ∫ Φ ∂ Φ ∂ Ω ∫
train_01871,∇ Ξ ∂ Φ ∂ Ω ∂ Ξ Ω ∇ ∇ ∇ ∂ ∂
train_01872,∇ Φ ∫ ∂ Ω
train_01873,∇ ∇ Φ Ω ∫ ∇ Φ Ω ∇ ∇ ∇
train_01874,∇ ∫ Φ Φ Ξ Ω ∫ Φ ∇ ∇ ∇ ∂
train_01875,Φ Ω Ξ ∂ ∇ ∂
train_01876,Φ ∂ Φ Φ Ξ Φ ∫ Φ Ξ Ξ
train_01877,∫ Φ Ξ ∫ Φ ∫ Ξ Φ ∂ Ξ ∂ ∫ ∂ ∫
train_01878,Ξ ∇ ∫ ∇ ∇ Φ ∂ Ω
train_01879,Ξ Ξ Ω ∂ ∂ ∂
train_01880,∇ Ω ∂ Ξ ∂ ∫ Ξ Ω ∫ ∂
train_01881,∂ Ω Ξ ∂ Ξ ∂ ∇
train_01882,∫ ∂ Φ ∂ Ω ∂ Ω Ξ
train_01883,∫ Ξ Ξ ∫ ∇ Φ ∂ Φ ∂ ∇ Ω
train_01884,Φ ∂ Ξ ∂ Ξ ∇ Φ Φ
train_01885,Ξ Ω ∂ Ξ ∫ ∫ ∫ ∂ ∂ Φ ∂ ∂ ∂ Ξ
train_01886,∇ ∫ Φ Φ Φ Ω ∂ Ω ∇ ∂ Φ ∇ ∂ ∇
train_01887,Ω ∂ Ξ ∇ Φ
train_01888,∂ Ξ ∇ Φ Ω ∫ ∂ ∫ Ξ Ξ ∇ Φ ∂ ∇
train_01889,Ω ∇ ∂ ∇ ∂ ∫ ∂ Ξ
train_01890,∇ ∇ Φ ∇ Ω ∂ ∫ ∂ ∇ ∫ Ω ∫ ∇
train_01891,∫ Ξ ∂ Ξ ∫ ∂ ∇ Ξ Ω Ω Ξ ∇
train_01892,Ξ ∫ Ω ∂ Ω
train_01893,∫ Ξ ∇ Ξ Φ ∇ ∂ Φ ∫ Ω ∇ ∇ Φ
train_01894,Ω ∇ Ξ Ω Φ
train_01895,Ω Ω ∂ Φ Ξ ∫ Ξ ∇ Ξ Φ Ξ ∫ ∇ ∂
train_01896,∂ Φ ∫ ∇ ∇
train_01897,Φ ∫ ∫ ∇ ∂ Φ ∇ Ξ Φ ∇ Ξ ∫
train_01898,Φ ∇ Ω Φ ∇ Φ Φ ∂ Ω
train_01899,Φ ∇ ∇ Ξ ∇ Ω ∫ Ω Ω
train_01900,Φ ∇ ∇ Ξ ∇ Ξ ∂
train_01901,∇ Φ ∫ ∇ Φ ∫ Ξ Φ Ξ ∂ Ξ
train_01902,∂ ∫ ∇ ∇ Ξ ∂ Ω ∂ Ξ Ω Φ Ξ
train_01903,∇ ∇ ∇ Ω Ω ∇
train_01904,∇ ∂ Φ ∇ ∂ ∇ ∫ ∂ Ξ ∇ ∇ ∫ Φ ∫
train_01905,∇ Ω ∇ ∫ Ω
train_01906,Ω Ξ ∂ Ω Ω ∇ ∫ ∇ ∫
train_01907,∫ Ω Ξ ∂ ∫ Ω ∫ Ω ∂ ∂
train_01908,Φ Ω Φ ∫ ∂ ∇ ∇ Ω ∫ ∫ ∂ ∇ Ξ
train_01909,Ω ∇ ∂ Φ Ω Ξ Ω ∇ Ξ Ξ Φ Ξ ∂ Ξ
train_01910,Ω ∂ Φ Φ Φ ∫ Ξ ∇ ∂ Ω Ξ ∫ ∫ ∇
train_01911,∇ ∫ ∫ Ξ ∫ ∂ Ξ ∇ ∫ Ξ
train_01912,∂ ∫ Ω Φ ∂ Ξ ∫ Ω Ω Ω Φ
train_01913,Ω Ξ ∇ ∇ ∇ ∂ Ω ∇ ∂ ∂ ∇ Ω
train_01914,∂ ∫ Φ ∫ Ω Φ Ω Ω ∇ ∂ ∂
train_01915,∇ Φ Ξ ∫ Ξ
train_01916,∂ ∫ ∇ ∂ Ω ∂ Ξ Ξ Ω ∂ ∂ Φ ∇
train_01917,∫ Ω Ω ∇ ∂ Ξ ∫ ∂
train_01918,∂ ∇ ∫ Φ ∂ ∇ Ξ ∂ ∇ ∂
train_01919,∫ ∫ ∇ ∂ ∫ ∂ ∂ ∫ Ω Ω Ω Φ
train_01920,∫ ∇ Ω Ω ∂ ∂ Ω ∫ ∇
train_01921,∇ ∫ ∇ Φ ∇ ∇ ∫ Φ ∫ Ω
train_01922,∇ Ω Ω Ξ Ω Ω ∫ ∂ ∫
train_01923,Φ ∇ Φ Ξ Ω Φ ∫ ∂ Φ ∇ ∂
train_01924,Φ ∇ Ξ ∂ ∇ ∂ Φ
train_01925,∫ Φ Ω ∂ ∫ ∇ Φ Ω Ω ∫
train_01926,∫ ∂ Φ ∇ ∂ Ω Ξ
train_01927,Φ ∇ Φ Φ Ω ∇ ∫
train_01928,Ξ Φ ∂ Ξ Ω Ω ∇ ∂ Ω Ω Ξ
train_01929,∇ Φ Φ ∫ Φ Φ ∫
train_01930,∫ Φ ∂ Ξ Ω Ω ∇ Ξ Ω Ω ∫ ∫
train_01931,Ξ ∫ Φ Ω ∂ Φ ∫ Φ ∇ Φ ∇ ∂
train_01932,Ξ ∫ ∫ Ω Ξ ∂ ∇ Ω ∇
train_01933,Ω Φ Ξ Φ ∫ ∫
train_01934,∇ Φ Ξ ∇ Ω Φ ∫ Ω Φ ∫ Φ Φ ∫
train_01935,∇ ∇ Ω Ξ Ω Φ ∂ Ω Φ Φ Φ ∫ ∫
train_01936,Φ ∇ ∫ ∇ ∫ Φ Φ
train_01937,Φ ∂ ∫ Φ Ξ Ω ∫ Ω
train_01938,Φ Φ Φ Φ Ω Ω Ξ Ξ ∂ Ω
train_01939,∇ ∂ Φ Ξ Ξ
train_01940,∫ ∂ Φ ∂ Ω Ω
train_01941,∫ Ω Φ ∂ ∫
train_01942,∇ Ω Ξ Ω Ξ ∂ Ω ∫ ∂ Ω Ω Φ ∇ Φ
train_01943,Ω ∫ Φ Ω Φ Φ ∂ ∫ Ξ ∫ ∫ Ω
train_01944,Ξ ∇ Ξ Ξ Ω ∫ Ω Φ Ξ
train_01945,∇ Ξ Ξ ∂ Ω Φ ∇ ∂ ∂ ∂ ∂ Ω Ω Ω
train_01946,Ω Ω ∇ ∇ ∇ Φ ∇
train_01947,∇ ∇ ∫ ∫ ∫ Φ ∇ Ω Ω Φ Φ
train_01948,Ξ Ω ∫ ∫ Ω Φ ∫ Φ Ω ∫ Ω
train_01949,∂ ∫ Ω Ω ∇ Ω ∫ Φ ∫
train_01950,∫ Ξ ∂ Ξ Φ Φ ∂ ∂ Ω
train_01951,Ω ∇ Φ Ω Φ Φ ∫ Φ Ξ Φ ∂ ∇ ∫ Φ
train_01952,Ξ Ω Ξ ∫ Ξ ∫
train_01953,∂ Φ ∂ ∫ ∫ ∂
train_01954,Ξ Φ ∇ Φ Ω Φ ∂ Φ Φ Ω ∇ Ω ∫ ∂
train_01955,Ξ Ω Ξ Φ Ξ ∫ ∇ Ω Ξ
train_01956,∇ Ξ ∇ ∫ Φ Ω ∫ ∫ ∫
train_01957,∫ Φ Ξ ∂ Φ ∇ Ω Φ
train_01958,∫ Ω Ξ Φ ∫ Ξ Φ ∫ Ξ ∫ ∇ ∫
train_01959,Ξ Ω Ξ ∇ ∇ Ω ∂ ∇ Φ Ω
train_01960,∫ Φ ∇ Ξ Ξ Ξ ∇
train_01961,Ξ Φ ∇ ∂ ∇ ∇ Φ Ξ Φ ∇ ∫ ∂ ∫
train_01962,Ξ ∂ ∂ Ξ ∂ Ω ∇ Φ ∇ ∂ ∂ ∂ Ω
train_01963,Ξ ∇ Φ ∂ ∫ ∫
train_01964,Ω ∫ Ω Φ Ξ
train_01965,Φ ∂ Ξ ∂ ∂ ∂ Ξ ∇ ∫
train_01966,∂ Ξ Ξ Ω ∇ Ω
train_01967,∫ ∇ Ω ∇ Ξ Ω Φ Φ Ω Ξ Ξ
train_01968,Φ ∇ ∂ ∂ ∫ Ω Ω ∂
train_01969,∂ Ω Ξ ∇ Φ ∇
train_01970,∂ Φ Φ Ω ∫ Ω Ξ ∫ ∂
train_01971,∫ ∫ ∂ ∂ Φ
train_01972,Φ ∂ ∂ Ξ ∫ ∂ Ω ∂ Ω
train_01973,Φ Ξ ∇ Ξ Ω Φ ∂ Ξ Φ Ω ∇ Ξ
train_01974,Ω Φ ∂ ∇ ∂ Ω ∇ Ω
train_01975,∇ Ξ Φ ∂ ∇
train_01976,∇ Φ ∂ Ξ ∂ Ξ ∂ ∫ ∂ Φ Ξ Ω
train_01977,∂ ∫ ∇ ∂ Ξ
train_01978,Φ ∇ ∇ ∂ ∂ ∇ Φ ∫ ∂ ∂ ∂ Φ ∫ Φ
train_01979,∫ ∇ ∂ Φ ∫ Ξ Ω Ξ ∂ Ω ∂ Ξ Φ ∫
train_01980,Ξ Φ Φ Ω ∇ Φ Ω
train_01981,∫ Ξ Ω Ω Ξ Ω Ξ ∫ Ξ ∂ ∇ Ω ∇ ∫
train_01982,Ξ Ξ Φ ∇ ∇ ∇ ∇ Φ ∂ Ω Φ
train_01983,Ω ∫ Φ Ω ∇ ∇ ∇ Ω ∫ ∂ ∇ ∂
train_01984,∂ Φ Ω Ω ∂
train_01985,Ξ ∇ ∇ Φ ∫
train_01986,∇ Ω Ω Ξ Ω Ξ Ω Φ ∇ Φ ∫ Ω Ω
train_01987,Φ ∂ ∂ ∇ Ω Ω ∂ Ω Ω Ξ
train_01988,Ω ∂ ∂ Φ Ξ Ξ Φ ∇ ∇ Φ
train_01989,∂ Ω Ξ Φ ∇ Ξ Ω ∂ ∫ Φ ∫ ∫
train_01990,Ω ∫ Ω ∂ Φ ∫ Φ Ξ Φ ∫ Ω Φ ∫ Φ
train_01991,Ξ Ξ ∇ ∫ ∫ ∫ ∂ ∫ ∂ Ω ∂ ∇
train_01992,∂ ∫ Ω ∇ ∇ Ξ ∂ Ω Φ Φ ∫ Ξ
train_01993,∫ ∇ Ω ∇ ∂ Ξ ∫ Ξ ∇ ∂ ∂ Ω ∂ ∂
train_01994,∂ ∇ Ω Ω ∂ ∇ ∂ ∫ ∫ Φ Ω
train_01995,∫ ∫ ∫ ∇ ∂ ∇ ∇ ∂ ∫ Ω ∫ Ξ ∂
train_01996,Ξ Φ Φ ∂ Ξ ∇ ∂ ∂ Ω Φ
train_01997,∂ Ω ∫ ∂ Ξ Φ ∫
train_01998,∫ Ξ Ω ∂ ∂
train_01999,∂ Φ Ξ Ω ∫ Φ ∫ Ξ
train_02000,∇ Φ ∇ Ω ∫ Φ ∂ ∇ Ω
train_02001,∫ Φ Ξ ∇ ∫
train_02002,Ω ∫ ∂ Φ ∂ ∫ ∫ Ω Φ ∫
train_02003,∂ Φ Ω Ω ∫ Ξ Ω ∇
train_02004,∂ Ξ Ω Ω ∂ ∫ Ξ Φ ∇ ∇ ∂
train_02005,∂ Φ ∫ Ξ Φ Ξ Ω ∇ Φ Ξ ∇
train_02006,Ξ Ω Ω Ω Ξ Φ Ω ∫ Φ ∫
train_02007,Φ ∫ Ω ∂ ∇ ∫ ∂ Ω Ξ ∇
train_02008,∂ ∇ Ω ∂ Φ ∇ ∇
train_02009,∂ Ξ ∫ ∇ Ω Φ ∇ ∇ ∇ Ξ ∫ Φ Φ
train_02010,Φ ∂ Φ ∇ Ω ∇ ∫ ∫ ∫ Φ Ξ ∇
train_02011,∇ ∫ ∂ ∂ ∂ ∂ Ω ∇ ∂ Ξ
train_02012,∇ Ω ∇ Φ Φ
train_02013,Ξ Φ ∫ Ξ Ξ Ω ∇ Ω
train_02014,∂ Φ ∇ Φ ∫ Ω Φ Ω ∫ Φ ∫ ∫ ∂
train_02015,∇ Φ Ω Ξ Ξ ∫ ∂ ∫ Φ
train_02016,Ω ∂ Ξ Ω ∫
train_02017,Ω Φ Ξ Ω Ω Φ Φ Φ Φ ∫ Ω ∇ Φ ∂
train_02018,Ξ Ξ Ξ Ξ Ω ∇ ∇ Φ ∫ ∂
train_02019,∫ Φ ∇ Ω Ξ ∇ ∇ ∂ Φ ∫ ∇ ∇ ∂ ∇
train_02020,∂ ∂ Ω Ω Ω ∂ ∇ ∫ ∫ ∂ Ω Φ ∇
train_02021,Ω Φ ∂ Ω ∇ Ξ ∂ ∂ ∫ Ξ
train_02022,∇ ∫ ∂ Ω Φ Ω Ξ ∇ ∂ Ξ ∫
train_02023,∂ Ω ∫ ∂ ∇ ∫ Ξ ∫ ∇ Ω ∇ Ω
train_02024,Ξ Ω ∇ ∂ ∂ ∫ ∫
train_02025,Ω ∂ ∇ Φ Φ Ω ∂ Ξ Φ Ω Φ Ξ Ω
train_02026,Φ ∇ Ω ∇ ∇
train_02027,Φ Ω ∇ Ω Ξ Ω Φ Ξ ∫ Φ ∇ Ω ∫
train_02028,Ω Ω ∂ Φ Ξ Φ Ξ ∂ Ω
train_02029,Ξ Φ Φ ∫ ∫ Ξ ∫ Ξ ∂ ∇ ∫ Ω Ξ ∫
train_02030,Φ Φ Ξ ∂ Ω ∂ Ω
train_02031,∂ Ξ Φ ∇ Ω Ξ ∂ Ω ∫ Ξ ∂
train_02032,Φ ∫ Φ ∂ ∫ ∂
train_02033,Φ ∂ ∫ Ξ ∂ ∇ Ω Ξ Φ Ξ ∂
train_02034,Ξ ∇ Ξ Ω Ξ Ω Φ Ξ ∂ ∫ ∂ ∂
train_02035,∇ Ξ Φ ∂ ∇ ∫ Ω ∂ Ξ ∂ Ω Φ ∇
train_02036,∫ Ω ∂ ∂ Ω Φ ∫ ∂ Φ
train_02037,Ω Ξ ∂ ∇ ∇
train_02038,∂ ∂ Φ Ω ∂ ∂ Ω ∂ Φ Ξ
train_02039,Ω ∫ Φ Ω Ω ∇ ∂ ∂ ∇ Ξ Ξ ∂ Ω Φ
train_02040,∂ Φ Ξ Ξ ∇ ∇ Ξ ∫ ∇ Ω
train_02041,∂ ∇ ∂ ∫ Φ Φ Ξ ∇ Φ Ξ
train_02042,Ξ Φ ∇ Ω Ξ ∇
train_02043,∂ ∇ ∫ ∂ ∫ Ω ∂ Ξ Ξ
train_02044,Φ Ω Ω ∂ ∫ Ξ Ξ Φ Φ Ξ ∇ Ξ ∇ ∇
train_02045,∇ Ξ ∫ Ω Φ Ξ ∂ ∇ ∂ ∇ Ω
train_02046,Ω Φ ∇ Ξ ∂ ∇ ∂ ∂ ∇
train_02047,Ξ Ξ Ξ ∇ Φ ∇ ∇ ∂
train_02048,∫ Ξ Ω Ξ Ξ Ω
train_02049,∫ ∫ ∇ Ξ ∂ ∇ Φ ∂ Ξ Ξ ∇ Ξ
train_02050,Φ ∫ Ω ∂ ∂ Φ Ω ∫ ∇ Ω ∇ ∂
train_02051,∇ Ξ Ω Ξ ∇
train_02052,Ξ Ω ∫ Ξ Φ ∂ ∇ ∇
train_02053,∫ ∫ Ξ Φ ∫ Φ ∫ ∂
train_02054,Ξ ∇ ∫ ∇ ∇ ∇ Ω ∇ Ω
train_02055,∫ ∂ ∫ ∫ Φ ∫ ∫ ∫
train_02056,∫ ∇ ∂ ∇ ∫ Φ ∇ Ω Φ ∂
train_02057,∂ ∇ ∫ ∂ ∫ ∇ Φ Φ ∫ Ω
train_02058,∫ ∫ Φ Ξ ∂ ∫ Ξ ∇ ∇ ∂ Ω Ω
train_02059,Φ Ξ ∇ Ξ ∫ ∇ ∫
train_02060,Ω Ω ∂ ∇ Ω Φ ∂ Ξ ∇ Φ
train_02061,Ω Ω Ξ Ω ∂ Ξ Ω Ξ
train_02062,∂ Ξ Ξ Φ Ω ∂ Φ Ω Ω ∫ Ω Φ
train_02063,Ω ∇ Ω Ξ ∇ Ξ Φ Φ Ω Ω ∫
train_02064,∂ ∫ ∫ ∂ Ξ ∇ ∫ ∫ Ω ∫ Ξ
train_02065,Ξ ∂ ∇ Ξ ∇
train_02066,∇ ∂ ∫ Φ ∂
train_02067,∫ ∫ ∂ Φ ∇ ∫ Ω ∇ Φ Ξ ∇ Ω ∇ ∇
train_02068,∇ ∂ Ξ Ω Ω Ξ Φ Ω
train_02069,Ξ ∇ ∇ Ξ ∂ Ξ ∫ Ω ∂ ∇ Ω
train_02070,∇ Ξ ∫ Ξ ∫ ∂ ∫ Φ Ξ Ξ
train_02071,∂ Φ Ξ Ξ Ξ Ξ Ω ∂ Ξ Ξ ∇ ∇ Φ ∫
train_02072,Φ Ξ Ξ Ω ∇ ∂ ∂
train_02073,∇ Φ Ω ∫ Φ ∂
train_02074,Ξ ∇ ∂ ∂ Ξ ∇ Ω Ω Ω Ξ Φ
train_02075,Φ ∇ ∫ Φ ∂ Ξ Ω ∫ ∫ ∫ ∂ Φ
train_02076,∂ Φ ∂ Φ ∂ Ξ ∇
train_02077,Ξ Φ Ξ ∫ ∫ Φ ∂ Ξ ∫ Ω Ω
train_02078,∇ ∂ Φ Ω ∂ ∇ Ω Ξ ∫ ∂ Ξ Φ
train_02079,Ξ Ω ∫ ∇ Φ Ω Ω Ω ∫ Ξ Ω ∇
train_02080,∫ ∂ ∫ ∇ ∂ Ξ ∫ ∇ ∫ ∫ Ξ Ξ
train_02081,∂ ∂ Ω Φ Φ ∂ ∫ ∫ Ξ ∂ Φ ∂ Ξ Ξ
train_02082,∂ ∇ ∇ Ξ ∇ ∂ Φ ∂ Ξ ∂ ∫
train_02083,∫ ∫ Ξ Φ Ω Ξ Φ Ξ ∫ ∂
train_02084,Ξ Ξ ∫ Φ ∇ Ξ ∫ ∂ Ξ Ξ ∇ Ω Ω
train_02085,∂ ∂ ∂ Ω Ω Ξ Φ Ω Ξ ∫ Ω Ω ∂
train_02086,Φ ∫ ∇ ∇ Φ
train_02087,Ξ ∇ ∇ Φ ∫ ∇
train_02088,∫ Ω ∇ Φ Ξ Ξ Φ ∫ ∂ ∫ ∇
train_02089,∂ ∫ ∂ ∫ Ξ ∫ ∇ Ξ Ξ
train_02090,Ξ ∇ Ω ∇ ∫ ∂ Ω Ξ
train_02091,∂ Ξ Ω Φ Ξ
train_02092,Φ ∇ Ξ Φ Φ ∂ Ξ
train_02093,Ω Φ ∇ ∂ ∂ ∇ ∫ Ξ Ω ∫ ∂ ∂
train_02094,Φ Φ Ω Φ ∂ Ξ Φ Ξ ∇ ∂ Ω ∇ Φ Φ
train_02095,∇ Ξ Φ Φ Ω Ξ Ω ∇ Φ
train_02096,∫ ∇ Ω ∂ ∫ Ξ Φ Ω ∂
train_02097,∇ Ξ ∇ ∂ Φ Φ ∫ ∂ Ξ
train_02098,Ξ Φ Ω Φ Φ ∇ ∫ ∫ Ξ ∇
train_02099,∫ ∇ ∇ ∫ ∫ ∇ Φ ∫ Ξ
train_02100,Ξ Φ ∂ Ω Φ ∫ ∂ ∇ ∫ ∂ ∂
train_02101,∇ Ω Φ Φ Ω ∇ ∇
train_02102,Ξ Φ ∇ Φ Ξ ∫ ∫ Ω
train_02103,Φ Ξ Ω Ω ∇ Ξ ∂ Φ ∇ Φ
train_02104,∇ ∇ ∇ Ξ Ω ∫ Φ ∫ Φ ∫ Ξ ∫
train_02105,∂ ∫ ∇ Φ Ω Ξ ∇ ∂ ∂ Φ
train_02106,Ξ Ω Ξ Φ ∫
train_02107,∂ ∫ ∇ Ξ ∫ ∇ Ξ Φ
train_02108,∇ ∇ Ξ ∇ ∇ ∇ ∫ Ω Ω Ξ
train_02109,∇ Ω ∂ Ω ∂ ∫ ∂ ∇ Φ ∫ ∫ ∂ Ξ Ξ
train_02110,Ω ∇ Φ ∂ Ξ ∂ Φ ∫ Ξ
train_02111,∇ Ξ ∂ Ω Ω ∇ ∂
train_02112,Ξ ∇ Φ ∇ ∇ Ξ ∂
train_02113,Ω ∂ ∫ Φ Ω ∂ Ξ ∂ Ξ Ξ
train_02114,∫ Φ ∂ ∇ Ω ∇ Ω ∇ ∂ Ω Φ ∇
train_02115,∫ ∂ ∂ Ω ∫ ∫ Ω ∫ Ξ Ξ
train_02116,∫ Ω ∂ ∫ Ξ ∇ ∂ ∫ Φ
train_02117,Ξ Φ Φ Ω Ξ ∫
train_02118,∇ ∇ ∂ ∫ Ω Φ Ω ∂ Φ ∫ Ξ Ω
train_02119,∇ ∇ Ξ Ξ Ξ ∂ ∫ Ω ∫ ∇ ∫
train_02120,Ω Ω ∂ ∫ Ω ∫ ∂ ∫ Ξ ∫
train_02121,Φ ∂ Φ Ω Φ Φ Ξ Ξ Ω Φ ∂ Φ ∂ ∂
train_02122,∂ Ξ Φ Ξ Ω Ξ
train_02123,∇ ∫ ∫ Ω Ω ∇ ∇
train_02124,∇ ∂ Ξ ∇ Φ Ω Φ ∇ Φ ∫ ∫ ∂ Φ
train_02125,∫ ∫ Φ Ω Ξ Ω ∫ ∫ ∂ ∇ ∂ Ω ∂
train_02126,Ω ∂ ∫ ∫ Ξ ∫ ∂ ∇ ∇ ∂
train_02127,∫ Φ Ξ ∂ ∫
train_02128,∇ ∂ ∫ Ξ Ω ∂ Ξ Φ ∇
train_02129,∫ Ξ Ξ Ω Ξ ∂ ∇ ∂ ∇ Φ ∇ ∇ ∫ ∇
train_02130,Ξ Ω Ω Ξ Ξ Ξ Ξ ∇ ∫
train_02131,∫ ∂ Ω ∂ Φ Φ Φ ∂ ∂ Φ ∇ Ω
train_02132,Ω ∂ Ξ Φ ∫ Ξ Φ Ξ ∇ Φ ∇ ∇ Φ ∇
train_02133,∂ ∇ ∇ ∂ Φ Ω Ξ ∫ Ξ ∂ Ξ ∂ Φ ∂
train_02134,Φ Ω ∇ ∫ Φ ∇ Ξ Ξ ∇ ∂ ∇ Ω Ω ∇
train_02135,∫ Ω Ω ∂ ∇ ∂ Ξ Φ Ξ Φ ∫ ∂ Ξ
train_02136,∂ Φ Φ Φ ∫ Φ Φ Ξ ∇ Φ ∇ ∫ Φ ∇
train_02137,Φ Φ ∂ ∇ ∇ Ξ ∫ Ξ Ω Φ ∫
train_02138,Ω ∂ Φ ∫ Φ
train_02139,Ξ Ω ∇ ∫ Φ ∇ ∇ Ω
train_02140,∇ ∇ ∫ ∂ ∫ Φ Ξ ∫ ∇
train_02141,∫ ∫ ∂ Ξ ∂ ∂
train_02142,Φ Ξ ∂ ∂ ∂ ∂ ∂ Ξ Ω ∫ ∫ Ξ Φ Φ
train_02143,Ξ Ω Ω ∫ ∂ Ξ Ω ∫ Φ
train_02144,∫ Φ ∂ Ω ∫
train_02145,Φ ∫ Φ ∇ ∫ ∇ ∂ Φ
train_02146,∫ ∇ ∂ Ω Φ
train_02147,∇ ∫ ∂ ∫ ∇ Ω Ξ Ω ∇ ∇
train_02148,Φ Ω Ξ ∫ Ω ∇ Φ ∇ Ω ∂ Ω
train_02149,Ξ Φ Φ Ξ ∂ Φ ∂ ∂ Φ Φ
train_02150,∫ ∫ ∫ Ω Ω ∂ ∂ ∇ Φ ∂ Φ Ξ ∂
train_02151,∂ ∫ ∂ Φ ∇ ∇ ∇ ∂ Ξ ∂ Ω Φ
train_02152,∇ ∫ Ξ ∇ Ξ ∂ Ω Ξ Φ ∫ ∇
train_02153,∇ ∂ Φ ∂ ∂ ∇ ∂ ∂ ∇ Φ ∂
train_02154,∂ Ξ Φ ∇ Ξ Φ Ξ ∇ ∂ ∂ Φ Ω Ξ
train_02155,∫ ∂ Ω Φ Φ
train_02156,Ξ Φ Ξ ∇ Φ ∇ Φ ∫ Ξ Ω
train_02157,Ω Φ ∇ ∂ ∇ Φ ∂ Ω Φ Ξ ∫ Ω ∇
train_02158,Φ ∫ Φ ∂ Ξ ∇ ∇ Φ ∇
train_02159,Ω Ω ∂ ∫ Φ Ω ∫
train_02160,Ξ ∂ Φ ∇ ∂ ∂ Ω Ω ∂ Φ Ξ
train_02161,∫ Φ ∂ Ω Ω ∇ Φ Φ ∫ ∂ Φ ∫ Ξ ∫
train_02162,∂ Φ ∫ ∫ ∫ ∂ ∫ ∫ ∇
train_02163,∂ Φ Φ Φ Φ
train_02164,∂ ∫ ∂ Ξ ∇ Φ
train_02165,∫ ∫ Φ Φ ∇ ∫ ∫ ∂ ∫
train_02166,∇ ∇ Φ Ω Φ Ω ∫ ∫ ∫ Ω Ω
train_02167,∫ Ω Ω Ω Φ Φ Ξ Ω
train_02168,Ω Ω ∇ Ξ ∇ ∫ ∇ Ξ
train_02169,∫ ∇ ∂ Ξ ∂ Ξ Ξ Ω ∫ ∫ ∫ Ω
train_02170,∇ ∂ Ξ Φ ∂ ∇ ∫ Ξ
train_02171,Ξ ∂ Ξ ∇ Ξ ∂ Φ ∇ ∇ ∇ ∫ Ξ ∫ Φ
train_02172,Ω ∫ Φ Φ ∫ ∫ Ξ Ω ∂ Φ Ξ Ξ Ξ ∂
train_02173,Φ Ω Ξ Ω ∫ Ξ ∫ Φ
train_02174,Φ Ω Ξ ∂ ∇ ∂ Ξ ∂ ∫ Ω ∂ Ξ ∫
train_02175,∫ ∇ ∫ Ξ ∂ ∫ Ξ ∫ ∂ ∇ Ξ Ω Ξ ∇
train_02176,∇ ∇ Φ Ω ∇ Ξ ∇ Ξ ∂ ∂ Ω ∫ ∇ Ξ
train_02177,Ω Ω Φ Φ ∇
train_02178,∂ ∂ ∂ ∇ Φ Ξ ∫ ∂ Φ Φ ∂ ∇
train_02179,Ω ∇ Ξ ∇ Ω ∂ Ξ ∇ Ω ∂ Ξ Ξ Ξ
train_02180,Ξ Φ Φ Ω Φ ∫ ∂ Ω Ω Ω Φ Φ Ω
train_02181,Ω ∂ Ξ ∂ ∫
train_02182,Ξ ∂ ∇ Ξ ∇ Ξ ∫ ∫ Ω
train_02183,∫ ∂ ∂ ∇ ∫ Ω Ω
train_02184,∂ ∂ ∫ Ω ∇ ∂ ∫ Ω ∇ Φ ∫
train_02185,Ξ Ξ ∂ Ω ∂ ∂ Φ
train_02186,∫ ∂ ∫ ∫ Ξ ∇ Φ Ω ∂ ∇ ∇ ∫ ∂
train_02187,∫ Φ Ω ∇ ∇ ∫ Ω Ω Ξ ∇ Ξ Ξ Φ
train_02188,∂ ∇ ∂ Ξ ∇ ∂ ∇
train_02189,Ω Φ Ω ∂ ∇ Ξ Φ Ω Ω ∫ Φ
train_02190,Ω ∂ ∫ Φ ∂ Φ Ξ ∇
train_02191,∂ ∂ Ξ Φ Ω ∫ Ω ∂ Φ Φ ∫ ∇ Ω
train_02192,∇ ∫ Φ Ω Φ ∂ Ξ
train_02193,Ξ Ξ Ξ ∫ ∇ ∂ Φ ∂ Φ
train_02194,∫ ∫ ∫ ∂ Ξ
train_02195,∂ ∇ Φ Ω ∇ Ω
train_02196,∇ ∫ ∂ Φ ∫ Ω Φ
train_02197,∇ Ω ∫ Ω Ξ ∇ ∇ Ξ ∇ Φ ∇
train_02198,∂ Φ ∫ ∫ Ξ
train_02199,Φ ∇ ∇ Ω Ξ Ω ∇ Φ ∇ Ξ
train_02200,∂ Ω Ω ∂ Ω ∂ Φ ∫ Ξ ∇ ∂ ∂ Ω
train_02201,∇ Φ ∇ ∂ Ω ∫ Ξ ∫ ∫ Φ
train_02202,∇ ∂ ∂ Ξ ∫ ∇ Φ ∂ ∂ ∇ ∇ Ω Ξ
train_02203,Ξ ∂ ∫ ∫ Φ Φ Φ
train_02204,∂ Ω ∂ ∂ Ω
train_02205,∇ ∂ Ξ Ξ Ω Ξ ∂ Φ Ω Φ Φ ∂ Φ
train_02206,∇ ∇ Ω Ξ Φ ∂ Ω Ω ∫ ∇ Ξ ∇ ∂
train_02207,∫ ∇ ∂ ∇ Φ ∇ ∂ ∫ Φ Φ Ω ∫
train_02208,∫ ∫ ∫ Ω Ξ Ω
train_02209,Ξ Φ ∂ Ξ ∫ ∂
train_02210,∇ Ω ∂ Ξ ∂ Ξ ∇
train_02211,Φ ∂ ∇ ∫ Ξ
train_02212,∇ Ξ Φ Ξ ∫ Ω ∇ Ω ∂ ∇ Φ ∇
train_02213,∫ Φ Ω Ξ ∫ ∂ Ω ∫ Φ Ξ
train_02214,∫ Φ ∇ ∇ Ξ
train_02215,∇ Ω ∇ ∇ Φ
train_02216,∂ Ω ∂ ∂ Ω
train_02217,Ξ ∫ Φ ∇ ∂ Ω
train_02218,Ξ ∫ ∇ Ω ∇ Φ ∇ Φ ∫ Ω ∂ ∇ Ω
train_02219,Ξ Ξ Φ ∫ ∂ ∇ Ω
train_02220,Ω Ξ ∫ ∫ Φ Φ
train_02221,∇ ∇ ∂ ∫ ∫ ∇ ∇ ∂ Ω ∇ ∇
train_02222,∫ Ξ Ξ Φ Φ Φ Φ
train_02223,∫ ∫ Ω ∫ Ω Ξ Ω ∫ ∇ ∇ ∫ Φ
train_02224,Ω ∫ Ω ∫ ∫ Φ Φ ∫ Ω
train_02225,∇ ∂ ∇ Ξ ∫ Ξ ∂ Ω ∫ ∂ Ω ∇
train_02226,∂ ∇ ∇ ∇ ∫ Ω ∂ ∇ ∂ Ω ∂ ∂ Φ Φ
train_02227,Ξ ∫ ∫ Ξ ∂ Ω ∫ ∇
train_02228,∫ ∫ ∂ Ω ∂ ∂ Ξ
train_02229,Ω Ξ ∇ ∫ Φ Φ Ξ Ω Ξ ∂
train_02230,Φ Φ Ξ Φ ∇ Ξ ∇ Ω Ξ ∂ Ξ
train_02231,∂ Ω ∫ Ξ Ω ∂ ∫ ∫ Φ Ξ Ω Ξ
train_02232,Ω ∫ Φ ∇ ∇ Ω ∇ ∫ ∂
train_02233,∫ Φ Φ ∫ Ξ ∇ Φ Φ Ω
train_02234,∂ ∂ ∂ Ξ Φ ∫ ∂ Φ ∇ Ω ∂
train_02235,∫ Ω Φ Φ ∂ ∫ ∇ Φ ∂
train_02236,∫ ∫ Ξ ∇ ∂ ∇ Ξ ∂ Ω Ξ
train_02237,∫ Ξ ∫ ∫ ∇ ∇ ∂ Φ Φ Φ
train_02238,Ω Ω ∫ ∂ Φ Ξ
train_02239,∂ Ξ Ω ∫ ∇ Ξ
train_02240,∇ Ξ ∇ Ω ∂ Ω ∇ ∇ Ω ∫ Φ ∇
train_02241,∂ ∂ Φ Ξ ∂
train_02242,∫ Ω ∂ ∇ Φ Ω
train_02243,Ξ Ω Ω ∇ ∇
train_02244,Φ ∇ ∫ Φ ∫ Φ ∫ ∂ ∇ Ξ Ξ
train_02245,∇ Φ ∂ Ω ∫ Ξ ∇ ∫ ∫ ∫ Ω Φ ∂ Ξ
train_02246,∇ Ξ Ξ Ω ∫ ∫ ∂ Ω ∫ Φ Φ Φ
train_02247,Ω Φ Ω Ξ Φ
train_02248,Φ Φ ∇ Ξ ∂ ∫
train_02249,∂ Ω Ω Ω Ω
train_02250,∂ Ξ Ξ Ξ Φ ∂ ∫ ∇
train_02251,∫ ∇ Ω Φ Ω Φ ∫ ∇ ∫ ∇ ∫ Φ ∇ ∫
train_02252,∫ Ξ Ξ Ω Φ ∫
train_02253,Ω Φ ∂ Ξ Ω Ω Ω ∂ ∂ Ξ ∂ ∫
train_02254,∇ Ξ Ω ∇ Ω ∇ ∫ ∂
train_02255,Ω ∂ ∇ ∇ ∇ Ω
train_02256,∂ Ω ∇ ∫ Φ Φ Ω Ξ ∇ Φ Ξ ∇ ∫
train_02257,∂ ∇ Ω Φ ∇ ∇ ∫ ∂ ∂ ∂ Ω ∫
train_02258,∂ Φ Ω ∇ Ω ∫ ∫ Ξ ∇ Ξ
train_02259,∇ ∇ ∫ Φ ∇ Ξ ∫ Φ
train_02260,Ω ∂ Ξ Ω ∂ Ω Ξ Φ Φ Ω Ω Φ Φ
train_02261,Ξ ∇ Φ Φ ∂ ∇ Ξ Ω ∫ Ξ ∫ Φ ∫ ∂
train_02262,Ξ ∂ ∇ ∇ Ω
train_02263,∂ Ξ ∂ ∇ Ω Ω
train_02264,Ω ∇ Ξ Φ Ω ∇ ∂ Φ ∂ Ω Ξ Φ Ω Φ
train_02265,∂ ∂ ∫ Ω ∫ Φ
train_02266,∂ Φ Ω ∫ Ξ Φ ∫ ∇
train_02267,∫ ∂ ∇ ∂ Ξ ∫ ∇
train_02268,∇ ∇ ∫ ∂ ∫ ∂ ∫ ∫ Φ ∂
train_02269,Ω Φ Ξ ∇ ∫ Ω ∫ Φ Ω
train_02270,Φ Ξ Ξ ∫ ∫ ∫ Ω ∇ ∂ Φ Ξ ∫ Φ Ω
train_02271,Ξ Ξ Ξ Φ Ω Ω
train_02272,Ω ∂ Ω ∫ ∂ ∂ Ω Φ ∂ ∫ Φ
train_02273,∫ Ω ∫ ∫ ∫ Φ ∫ ∂ ∂ ∫ Φ Ξ Ω Φ
train_02274,∂ ∇ Ξ Ξ Ω
train_02275,Ω Φ Ω ∫ Ω ∫ ∂ Φ Φ
train_02276,∇ Φ Ω Ξ Ω ∇ ∫ ∂
train_02277,Φ ∂ Φ Ξ ∇ Ξ
train_02278,∂ Ξ Ω Ξ Ξ ∫ ∇ Ξ ∇
train_02279,∇ ∫ Φ ∂ ∫ ∇ Ξ
train_02280,Φ Ω ∫ ∂ ∂ ∇ Φ ∫ Ξ Ω Ω
train_02281,Ξ ∇ Ξ Ω ∫
train_02282,∫ Ω Ω Φ ∂ Ξ Ω
train_02283,Ω ∂ Ω ∂ Ω ∂ ∂ ∂ Φ Φ
train_02284,Ω ∇ Ξ ∇ Ω ∂ ∂
train_02285,∫ ∂ ∂ ∫ ∇ ∂ Ω Ξ Φ ∂ ∫ Φ
train_02286,Ξ Ω ∂ Φ Ξ ∇
train_02287,∂ ∫ Ω Ω Ω ∫ Φ ∫ ∇ ∇ ∇ ∫ Φ ∂
train_02288,∂ Φ ∫ Φ Φ Ξ ∫ Φ Ξ Φ Φ ∫ ∂
train_02289,Ω ∂ ∇ ∂ Φ ∂ Ω Ω
train_02290,∇ ∂ Ξ Ω Φ Ξ ∫
train_02291,Ω Ω Ξ Φ Φ Φ Ω
train_02292,∫ ∂ ∂ ∂ Φ Ω ∫ Ω Ω Ξ Φ
train_02293,Ξ ∂ Ω Ξ ∫ ∂ Φ ∫ ∇ ∇ Ξ Ω
train_02294,∇ ∫ ∂ Ω ∂ ∫ Φ ∫ ∂ Φ Ω Ω Φ Ω
train_02295,Ξ Ω ∇ Ξ Φ ∂ Ω
train_02296,Ξ Φ Ω Ω Φ ∇ ∫ Φ ∂ ∇ Φ
train_02297,∂ ∇ Φ ∫ Φ ∂ Ω ∫ Φ Φ ∇ Φ Φ
train_02298,Φ ∂ ∇ ∂ ∇ Ω ∇ ∇ ∇ ∫ Ξ ∂
train_02299,Ξ Ξ Ω ∇ ∇ ∂ Ξ ∂ Ω ∫
train_02300,∂ Ξ Ξ ∫ Ξ Ω Ξ ∫ ∂ Φ ∫
train_02301,Ξ Φ ∂ ∫ ∇ ∇ ∂ Φ Φ
train_02302,∇ ∇ Φ ∇ ∫ ∫ Φ
train_02303,Ξ Φ Ξ ∂ Φ ∂ Ω ∇ ∫ ∫ Ξ ∫
train_02304,Ω ∫ ∂ Ξ Φ Φ ∂ Φ
train_02305,Φ Ξ ∇ ∇ Φ ∫ Ω Φ Φ ∇ Φ Ω ∫
train_02306,∫ ∫ ∫ ∂ ∇ ∇ Ω ∫ ∂ ∇ Ξ Ω
train_02307,Ω ∂ Ω Ξ Ω Ω Φ
train_02308,Ω Φ Ω Ξ Ξ ∇ Φ ∂ Ω ∇ Ξ
train_02309,Ω ∇ Ω ∫ ∂ Ξ Ω
train_02310,Ξ ∂ Ξ ∫ ∂ ∫ Ξ ∫ ∇ ∇ Ω
train_02311,Ξ ∫ ∂ Φ ∇ ∂ ∂
train_02312,∂ ∫ ∂ ∇ ∫
train_02313,Ω ∫ Ω Φ Ω ∇ ∇ ∇ Ω ∇ ∫ Ω Ξ ∫
train_02314,∇ ∫ ∫ ∂ Φ Ξ Ξ ∇ ∂ ∫ Ξ
train_02315,∫ Ω ∂ ∇ Φ ∫ ∇ Ω ∇ ∫ ∫ Ω
train_02316,Ξ ∇ ∂ Ξ ∇ ∫
train_02317,Ω ∇ ∂ Ω Ω Φ Ξ ∂ ∫ Ω Ω Ω
train_02318,Ξ ∫ Ω Ξ ∫ Ω Ω Ω ∇ Φ Ξ
train_02319,Ω ∂ ∫ Φ Ω Φ Ξ Ω Ξ Φ Ω ∫ ∂ Ξ
train_02320,Ξ Ξ Ω Ξ ∫ Ω ∇ ∫ Ω ∫ Ω
train_02321,Φ ∇ Ξ Φ Φ Ω
train_02322,Ω ∇ Ξ ∂ ∇ Φ ∫ ∂ Ω Ω
train_02323,Ω ∂ ∇ ∂ ∂ ∂ Ξ ∂ Ω ∂ ∇
train_02324,Φ Ω Ω Ξ Φ ∫ Φ ∫ ∇ ∇ ∂
train_02325,∫ ∂ Φ Φ ∂ Ξ ∂ Φ ∂ Ξ ∫
train_02326,Ξ ∇ ∇ ∂ ∇ Ξ ∂ ∇
train_02327,∫ ∂ ∂ Ω ∂ Ω
train_02328,Φ Φ Ξ ∫ ∫ Ω ∇
train_02329,Ξ ∂ Ξ ∂ Ξ Ω Ω Ξ Ξ Φ ∇
train_02330,∂ Ξ ∂ ∇ Ξ Φ Ξ ∫ Ξ ∇
train_02331,∇ ∂ ∂ ∂ ∇ Φ ∫ ∂ Ξ ∫ Ω ∫
train_02332,Ξ Ω ∫ Ω ∇ ∇ ∂ Ω Ω
train_02333,Ω Ω Ξ Φ Ω Ξ Ω Ξ ∇ ∇ Φ ∂ Ω ∫
train_02334,∫ Ω ∇ Ω ∫ ∫ Ξ ∂
train_02335,∂ Ω Ξ ∫ Ξ Φ ∂ Ξ Φ ∫ ∇
train_02336,Φ Φ ∂ ∇ ∂ Ξ ∂ ∂ Ξ Ξ
train_02337,Ξ Ξ ∇ ∫ Φ ∂ Ω ∇ ∫ ∫ ∫ Ξ ∇
train_02338,Ω ∇ Ξ Φ ∇ Ξ ∂ Φ Φ Ξ ∫ ∫ Ω ∂
train_02339,Φ Φ Φ Ω ∫ ∂ ∇ ∂ Φ ∂
train_02340,∂ ∂ ∇ Φ Ξ ∫
train_02341,∫ ∫ ∇ Ξ Φ Ξ Ξ ∂ Ξ ∂ Φ ∫
train_02342,∫ ∂ Φ Φ ∇ Ξ ∂ ∇ Ω
train_02343,∫ Ξ ∫ ∫ Ω
train_02344,∂ Ω Ω ∫ ∫ ∫ Ξ
train_02345,Φ Ξ Ω Ξ Ξ ∇
train_02346,Ω ∫ ∂ ∇ Ξ
train_02347,Ξ ∫ ∫ Ξ ∫ ∇ Φ ∂ Ω ∂ ∂ Φ Ξ
train_02348,∂ Ω ∂ Ω Ξ ∂ ∂ Φ Φ ∫ ∫ ∫ Φ
train_02349,Φ ∂ ∂ ∇ Φ Ω Φ ∇ ∂ ∇ Ξ Ξ ∫
train_02350,Φ Ω Φ Ω ∫ Ξ Φ ∫ Ξ Ω ∂ ∫
train_02351,Ξ ∫ ∂ ∇ Ξ
train_02352,Ω Ω Φ ∂ Ω Ω ∫ Ξ Φ Ω ∂ ∇
train_02353,∇ ∇ ∇ Ω ∫ Ω
train_02354,∇ ∂ ∇ Φ Ξ ∇ Ξ Ω
train_02355,∫ ∫ Φ Ξ Ξ ∂ Ξ Ω Ξ Φ ∂ ∂ Φ
train_02356,Ω Ξ Ξ ∂ Φ Ξ ∇ Φ ∂ Ξ ∂ Ω Φ ∫
train_02357,Ξ Ξ Ω Ω Ξ ∇ Ω ∇ ∇ ∫ ∂
train_02358,∫ Φ Φ ∇ Ξ
train_02359,∂ Ω ∫ Ξ ∫
train_02360,∂ Φ Φ Ω ∇ Φ ∫ Ξ Ω Ξ Ω Ξ Φ
train_02361,Ξ ∂ Ξ Ω Ξ Ξ Ω
train_02362,∂ ∇ ∂ Ω Ξ ∂ ∫ ∂
train_02363,∂ Ξ Ξ Ω ∇ Ξ Ξ Ω ∂ ∇ ∇ ∇ Ξ
train_02364,∇ Ω ∫ Ω ∇ Ω Ω Ω ∫ Ω Ω Φ Φ Ω
train_02365,Ω Ω ∂ Φ Φ Ω ∂
train_02366,∂ Ω ∂ Ξ ∇ ∇ Φ Ω
train_02367,∇ ∂ Φ Ξ ∂ Ω ∫ ∫ ∂
train_02368,Ξ ∂ Ω ∫ Ξ ∇ Φ Ω
train_02369,Ω Ω ∇ Ξ Ξ ∫ Ω Ξ ∇
train_02370,Ξ ∂ ∂ Ξ Ξ Φ ∂ Ω ∂ ∂ ∂ ∂ ∫ Ω
train_02371,Ξ Φ Φ ∇ Φ ∂ Φ Ξ ∫ ∇
train_02372,Ξ Ξ Ω ∇ Ξ ∫ Ξ ∫ Φ Ω
train_02373,Ω ∂ Φ Ξ Φ Ω Ω ∂ ∇ Φ Φ Φ Ξ ∇
train_02374,Ξ Ξ ∇ Ω Φ Ξ
train_02375,∫ ∫ Ξ Φ ∇
train_02376,Φ ∫ ∫ ∂ Φ Ω ∇ Φ ∂ Ξ
train_02377,Ξ Φ ∂ Ξ ∇ ∫ Ω Φ Ξ Ω
train_02378,∫ ∇ Ξ ∂ Ξ ∫ ∂ Ω ∂ ∇ Φ
train_02379,∇ ∂ Φ ∂ ∇ Φ ∫ ∂ ∫ Φ Ω
train_02380,Ω ∇ ∫ ∂ Ω ∫ Φ ∂ ∂
train_02381,Φ ∇ Φ Ξ ∫ Ω ∫ Φ Ξ Ω ∇
train_02382,∂ Ω ∫ ∫ ∇ ∂ Ξ Φ
train_02383,Φ ∇ ∫ Ξ Φ ∂ Φ
train_02384,Ξ ∂ Ω Φ ∫ ∫ Φ
train_02385,Ξ Φ ∫ Ξ ∫
train_02386,Ξ ∇ ∫ Ξ Ξ ∇ Φ
train_02387,Φ ∫ Ω Ω ∫ Φ ∇ Ω ∂ Ξ ∫
train_02388,Φ Φ Ω Ξ ∂ ∫ Ω Φ Φ Ξ Φ ∇ Φ Φ
train_02389,∫ Φ ∫ ∫ Φ Φ Φ Ξ Φ ∫
train_02390,Φ ∇ ∇ ∇ ∫ ∂ ∂ ∫
train_02391,∇ ∇ ∇ ∂ ∂ Ξ Φ ∇ Ξ ∇ ∂ ∇ Ω ∫
train_02392,Ξ Ω Φ Φ ∇ Φ ∂ Ω ∇
train_02393,Ξ ∂ ∂ ∂ Ω ∂ ∫ ∂ ∂ ∇
train_02394,Ω ∇ Φ ∇ ∫ Ω
train_02395,∂ ∫ ∂ ∫ ∇ ∇ Φ Ω Ω ∫
train_02396,Φ ∇ ∇ Ω ∂ Ω ∂
train_02397,Φ ∫ ∫ Φ Ω ∇ ∇ ∫ Φ Φ ∫ Ξ Φ Ξ
train_02398,∇ ∇ Ω Ξ Φ ∂ ∫ ∇ ∂ ∫ ∇
train_02399,∂ Ξ Ξ Φ ∂ Φ Φ ∇ ∫ Φ Φ
train_02400,∂ ∇ Φ Ξ Φ Ω Ξ Φ Ξ Φ Ξ ∂
train_02401,∂ ∂ Φ Φ ∇ ∫ Ω Ξ
train_02402,Ω ∇ Ω ∫ ∂ Φ Ω Ξ ∇ Ξ
train_02403,∇ Φ ∇ ∇ Ξ ∇ Ω Ξ ∂
train_02404,Φ ∂ Ξ Ξ Ω Ω ∂ Φ ∫ Ξ
train_02405,∂ ∂ Ω Ξ ∇ Φ ∇ Ω Φ ∇ ∫ Φ
train_02406,Ω Φ ∂ Φ Ω ∇ ∇ Φ Ξ ∂ ∫ Φ ∇
train_02407,Ω ∇ Ξ ∫ ∇ Ξ ∫
train_02408,∇ ∂ ∇ Ω ∂ ∇
train_02409,Ξ ∇ Φ ∂ ∂ Ω Φ ∫ ∇ ∫
train_02410,Ξ Φ ∂ Φ Ξ
train_02411,∫ Φ ∫ ∂ Ξ Φ Ξ Φ Φ ∂ ∂
train_02412,∫ ∇ ∫ ∂ Φ ∇ Ω Ω
train_02413,∇ Ω Φ ∇ ∂
train_02414,Ξ ∫ Ξ ∇ ∂ ∫
train_02415,∇ ∇ ∫ ∇ ∫ Φ
train_02416,∇ Ω Ξ ∇ ∫ ∇ ∂ ∇ Ξ ∇ ∫
train_02417,Ω Ξ ∇ Ω Ω ∇ Ω ∂ ∫ Ω Φ ∂
train_02418,Ξ ∫ ∫ Ξ ∫ Ω ∇ ∂ ∂ ∫ Ω ∫
train_02419,Ξ Ω Ω ∇ Ω Ξ Φ ∇ Ξ
train_02420,∇ ∫ ∫ ∂ Ω ∇ Φ ∫ Ω ∇ Φ ∫ ∇ Φ
train_02421,Ξ ∇ ∇ Ξ ∂ Ω Ω ∇ Ξ ∇ Ξ Ω Φ Ω
train_02422,∫ ∇ Ξ ∫ ∫ ∂ ∫ ∫
train_02423,Ω Ξ Ξ ∂ Ω Φ Ω Φ Ω Φ
train_02424,∫ Ω Ξ ∂ Ω Ξ ∇
train_02425,Φ Ξ ∂ Φ Ξ Φ Ξ Φ Ξ ∫
train_02426,Ω Ξ Ξ ∂ Ω
train_02427,Ξ ∇ Φ ∇ Ξ Ξ
train_02428,∫ ∫ Ξ Φ ∂ ∂ ∇ ∇ ∫ Ξ
train_02429,∂ ∫ Φ ∂ Ω
train_02430,Ω ∂ ∫ ∂ Φ ∇ ∇ Ω ∇ Φ
train_02431,∫ ∫ Φ Ω ∇ Ω Ω
train_02432,∇ ∇ ∇ Ω Φ Φ Ω Ω ∫ ∫ Φ
train_02433,∂ Ω Ω Φ Φ ∫
train_02434,∂ ∂ ∇ Φ ∂ ∇ ∇ ∇ ∂
train_02435,Ω Ω ∫ Ξ Ω ∇ ∇ Ξ ∂ Φ Φ Ξ ∂ Ω
train_02436,Φ Φ ∫ ∫ ∂ Ω ∇ ∇ Ω ∂ Ω Ξ ∂
train_02437,Ξ ∂ ∫ Φ ∫ Ξ ∂ Φ Φ Ω Φ Ξ Ξ Ξ
train_02438,Φ Φ ∂ Ω ∫ ∇ Φ
train_02439,Φ Ξ Ξ Ξ ∇ ∇
train_02440,Φ ∫ Ω ∂ Ω Ω ∂ Ω
train_02441,Φ Ω ∂ ∇ Ω Ω Φ Ξ
train_02442,Ω Ξ ∂ Ξ Ω Ω
train_02443,Ξ ∫ ∂ ∇ ∫ ∂ Ω ∂ Ω
train_02444,Ξ Φ ∇ Ξ ∇ ∂ ∂ Ξ ∂ Ω ∇
train_02445,∇ Ω Ω ∂ Φ ∂ Ω ∇ ∇ ∫ ∂ Φ Φ Ξ
train_02446,∫ ∂ Φ Φ Ξ ∇ ∫ Ω
train_02447,∇ Ξ ∇ ∇ ∂ ∫ Φ Ξ
train_02448,Ξ Ω Φ Ξ ∫ ∫ Ξ Ξ Ξ Ξ ∫ Ω Ω ∫
train_02449,Ω Ξ Ω Ξ ∫ ∇
train_02450,Ξ Ξ ∇ Ω ∫ ∫ Φ ∇ Φ ∂
train_02451,Φ Ξ Ξ Φ Ξ ∫ Ξ ∫ Φ
train_02452,Φ ∫ Ξ Ξ Ω ∇ ∫
train_02453,∂ Ξ Φ Φ Ω Φ Ξ ∫ Ξ
train_02454,Φ ∂ ∇ ∫ Φ Ω
train_02455,∫ Ξ ∇ ∂ ∫ ∂ ∂ ∫
train_02456,Φ Ω ∇ Φ ∂ Φ ∇ ∂ Ξ Ξ
train_02457,Ω ∇ Ω Ξ ∫ ∂ Ω Ξ ∇ Ξ
train_02458,Ω ∫ ∫ ∂ Ω Ω Ξ
train_02459,Ξ Φ ∇ ∇ ∫ Ξ Ξ Ξ Ω Φ ∇ ∂ ∫
train_02460,Ξ Φ ∇ ∫ ∫ ∫ ∇
train_02461,∫ ∇ ∂ ∇ ∫ Φ ∫ ∇ ∫ Ξ
train_02462,Ξ Ξ Φ ∇ ∂ Ξ Ξ Ξ
train_02463,Ξ Ξ ∫ Ξ ∇ ∇ Ξ Ξ Ξ Ξ
train_02464,∂ Ω ∫ ∫ ∂ ∫ ∂
train_02465,∫ ∇ Ω Φ ∂ Φ ∇ Ξ Ω ∫ ∇ ∫ Ξ Ξ
train_02466,Ω ∇ Φ Ξ ∂ Ξ ∫ ∇ Φ ∫
train_02467,Ω Ξ Ξ ∫ Ξ Ξ ∇ ∇ Φ ∂ ∫ ∫
train_02468,∇ Ξ Ω Ω Ω Φ ∫ Ω Ω ∫ ∂ Φ Ξ Ω
train_02469,Φ ∫ Φ ∇ ∇ Ξ Ξ ∫ Ξ Φ Φ Ξ Φ
train_02470,Φ ∇ ∂ ∇ ∫ Φ
train_02471,Φ Φ Φ Ξ ∇ ∫ ∇ ∂ Φ ∇ ∇
train_02472,∂ ∇ Ω ∂ ∫ ∇ ∂ Ξ Ω ∇ Ξ
train_02473,∫ Φ Ξ ∂ Ξ Ω
train_02474,∫ ∂ Φ ∂ Ω
train_02475,∇ Ω ∂ Ω ∫ ∇ Ω
train_02476,Φ Ξ Ω ∫ Ξ Ω Φ ∇
train_02477,∇ ∇ Φ ∂ Ω ∇ ∫ Ξ Ξ ∫ Ξ ∇ ∂
train_02478,∂ Ξ Ω ∇ ∫ Ξ
train_02479,∂ ∇ Φ ∇ ∂ ∫ Ξ ∫
train_02480,∫ Ξ ∫ ∫ Ξ Φ ∫
train_02481,Φ Ω ∇ ∫ Φ ∇ Ω
train_02482,Ω Ξ Ξ ∂ Ξ
train_02483,Ξ ∇ ∇ Φ ∫ ∇ Ω Ξ ∫ Ξ ∇ Ω Ξ
train_02484,∇ ∂ Ξ Ω Ξ Φ ∂ ∇ Ω
train_02485,Φ ∂ Ω Ω ∇
train_02486,Ξ Ξ ∫ Ξ Ω
train_02487,Ξ Ξ ∫ Ξ Ξ ∫ Φ Ξ ∇ ∂ Φ Ξ ∇ Ξ
train_02488,Φ Ξ Φ ∂ ∫
train_02489,∂ Φ ∫ ∫ ∫
train_02490,∫ ∫ Φ ∇ Ω ∇ Ω ∫ ∫ Ξ Ξ Ω Ω
train_02491,∇ ∇ ∇ ∫ Φ Ω Ξ ∇ Ω
train_02492,Ω ∫ ∫ Φ ∫ ∫ ∂ Φ Ξ Ω Ξ Ξ
train_02493,Ξ ∫ Φ ∫ Ξ Ω ∫
train_02494,∫ ∇ Φ Φ ∂ ∂ Φ Ξ ∫ Ξ ∂ ∫
train_02495,Ξ Φ ∂ Φ Φ Φ Ξ Φ ∇ ∂
train_02496,Ω ∇ Ω ∂ ∫ Φ ∫ ∇ ∂ ∂ Φ ∂ Ω
train_02497,Ξ ∫ ∂ ∫ ∇ Ξ
train_02498,∫ Φ Ξ ∫ ∫ ∂ Ω Φ Ξ Φ Ω Ω ∂
train_02499,Φ Φ Φ ∇ Ω
train_02500,Ω ∫ Ω ∂ ∂ Ξ Φ Ω ∂ Ξ Φ
train_02501,∂ Ω ∂ ∂ Φ
train_02502,∂ ∇ Ξ Φ Ω ∇ Ξ
train_02503,∂ Φ Ω Ω ∇ Ξ Φ Ω Ξ ∫ Ξ ∂ Ξ
train_02504,Ξ ∂ Φ ∫ Φ Ω ∇ Ξ Ω ∇ Ω Ω
train_02505,∂ ∫ Ω Ξ Ξ Ξ ∂ ∂ ∇ Φ ∇ Ω
train_02506,Ξ ∫ Ω ∇ Φ Ξ ∂ Ξ
train_02507,Ω Ω Ξ ∇ ∇ ∂ ∇ Φ ∂ Ξ Φ ∂
train_02508,∂ ∇ Φ ∂ ∂ ∫ ∇ Φ Ξ
train_02509,Φ Φ ∫ ∇ ∂ ∫ Φ
train_02510,∇ ∇ ∇ ∂ Φ Ξ ∇ ∇ Φ Ω ∂ Φ ∇ ∇
train_02511,Ξ ∫ Ω ∫ ∂
train_02512,Ξ Φ ∫ ∂ ∫ ∇ Ξ Φ ∇ ∫ Ω Ξ ∫
train_02513,∇ Φ Ξ Ξ Ω Φ Ξ Ω Φ ∫
train_02514,Ξ Φ Ξ ∫ ∂ ∂ ∂ Φ Ω ∫ Φ
train_02515,∫ ∫ ∫ ∂ ∂ ∂ ∂ ∂ ∂ ∂ ∇ Φ Ξ
train_02516,∫ ∂ Ω Ω Ξ ∂ ∫ Ω Ξ Ω ∫ ∂
train_02517,Ω ∂ ∫ Ξ Φ ∇ Ω ∂ Ω ∂ Ω Ω
train_02518,∂ ∫ Ω Φ Ξ ∂ ∫ ∇ ∫ ∫ Ξ
train_02519,Ξ Ξ ∂ Ξ ∂ ∇ ∫ Ω Ξ Ξ ∫
train_02520,Ξ Ξ ∇ ∇ Ξ
train_02521,Ξ ∫ ∫ Φ Ξ ∫ ∇ ∂
train_02522,∫ Φ ∫ Ξ Ω ∂ ∂ ∂ ∂ Φ ∂ ∂ Ξ Φ
train_02523,Ξ ∇ Ξ ∂ Φ Ξ ∫ ∫ Φ Ξ
train_02524,∂ Ξ ∇ Ω ∂ ∇ Ξ Φ Ω Φ ∂ ∫
train_02525,Ξ ∂ Ξ Ω Φ ∂ ∇ ∂ Ξ Φ Φ Ω
train_02526,∂ ∂ ∇ Ω Ω ∂ ∇ ∂
train_02527,∫ ∇ Ω Ω ∇ Φ Ξ Ω Ω ∇
train_02528,Ξ ∫ ∫ ∂ ∇ Ξ ∂ Φ ∫ Ω Φ Ξ ∫ Φ
train_02529,Ω Φ ∂ Ξ Φ ∂ Ω Φ ∫ Ξ Ω Ξ
train_02530,∂ Ξ Ξ ∇ ∇ Ξ Φ ∫ Ω Ω Φ ∂ ∫ Ω
train_02531,∫ ∇ Ω ∫ ∫ Ω ∇ ∫
train_02532,Φ ∫ Ω ∫ ∫
train_02533,Φ Ω ∇ Ξ ∂
train_02534,Ω ∂ Φ Ω ∂ Ξ ∂ Φ Φ ∇ Ξ Φ ∇
train_02535,∂ ∫ Ξ ∂ Ω
train_02536,∇ ∇ ∫ ∫ Φ Ξ ∇ Ξ ∫ ∂ ∂ Φ ∫
train_02537,∇ ∫ Ξ Φ ∂ Ξ ∂ ∇
train_02538,Φ Ξ ∂ ∇ Ω ∂ ∇ Φ Φ ∂ Φ
train_02539,Ξ ∇ Ω ∇ Φ Φ ∇
train_02540,Ξ ∇ ∂ ∫ Φ ∫ ∂ Ξ Φ Ξ Ξ ∫
train_02541,Φ ∂ Ω Φ ∂ Ξ Ξ Ω
train_02542,Ω ∫ ∇ ∇ Ω Φ ∂
train_02543,Φ Φ Ω Ξ Ω Φ Ξ Ξ ∂
train_02544,∂ Ξ ∂ ∇ Ω Ξ Φ Φ Ξ ∇ Ξ ∫
train_02545,Ω ∂ ∂ ∇ ∫ ∇ Ω Ω ∇ Φ ∇ ∂
train_02546,Ω ∇ Φ Ξ ∂
train_02547,∇ ∇ ∇ ∂ ∂ Ω ∂ ∫ Ξ ∇ ∂
train_02548,Ω ∫ ∇ Ξ ∫ Ω Ω Ξ Φ ∇ Ω ∂ Ξ
train_02549,Φ ∫ ∫ Ω ∇ ∂ Ω ∇ Φ ∂
train_02550,∂ Ω Φ ∇ Ω Φ ∇ ∂ ∇ ∇ Ω ∂ ∫
train_02551,∂ ∫ ∂ Ξ Ω ∂ ∫ Ξ ∂ ∂ Ω
train_02552,∂ ∫ Ξ ∫ ∂ ∇ Φ Ω Ω Φ Ω Ξ ∂ ∇
train_02553,∫ ∫ Ξ Ξ ∇ Ξ Φ ∇ ∂ ∂ Φ ∇
train_02554,∫ Ξ Φ Ξ Ξ Φ ∂
train_02555,Φ Ω Ξ ∫ ∇ ∇ Ω Φ ∫ Φ ∂
train_02556,∇ ∫ ∂ Φ Φ Ω Φ ∂ ∫ Ξ ∂ ∫ Φ ∫
train_02557,∫ Φ ∫ Ω ∂ Ω Ω Ω Φ ∫ Ω Ξ ∂ ∇
train_02558,Φ Ω Ω Φ Φ
train_02559,Ξ ∂ ∂ ∂ ∫ ∫ ∫ ∇
train_02560,∇ Ξ ∇ Φ ∫ ∂ Ξ Φ ∂ Ω
train_02561,Φ ∂ Φ ∂ ∫ Φ ∫ Ω Ξ ∂ ∇
train_02562,Ω ∂ Ω Ξ Φ Ξ Ξ Ω Φ
train_02563,Ω Ξ ∇ Φ ∂ Φ Φ ∂ ∂ ∇ ∂ ∇ ∂
train_02564,∫ ∫ Ξ Ω ∂ ∂ Ω Φ ∇ ∫ Φ Ξ Φ
train_02565,Ω Φ Ω ∇ ∫ Φ ∂ Φ ∂ ∂ ∫ Φ Ω Ω
train_02566,∫ Φ ∇ Φ Ω Ξ
train_02567,∇ ∂ Ω Ξ Φ Φ ∫ Ω ∇ Φ
train_02568,Φ ∂ Ξ ∂ ∇ Φ Ξ ∫ Φ
train_02569,Φ Ξ ∇ Ξ Ξ ∇
train_02570,Ξ Ξ Ξ ∫ ∫ Φ ∫
train_02571,∂ ∇ ∫ ∇ Ξ Ω
train_02572,Ω ∂ Φ ∂ ∫ Ω Ξ ∇ Ξ Φ ∂ ∫ Ξ ∂
train_02573,∇ Ξ ∂ ∫ Φ Φ Ξ Φ Φ Ξ Ξ
train_02574,∫ Ξ Φ Ω Ω ∇ ∫ ∇ ∂ ∂ Ξ ∂ ∂ ∂
train_02575,∂ Ξ ∂ ∇ ∂
train_02576,Ω Ξ ∂ Φ Ξ ∇ Ξ ∂ ∫
train_02577,∇ ∂ ∂ ∇ ∇ Ω Ξ ∫ Ω
train_02578,Φ ∇ Ω ∇ ∇ Ω ∇ Ω ∫ Ω Ξ Φ Ω
train_02579,∇ ∂ ∫ Ω Φ ∇ ∂ ∂ ∇ Ξ Ω
train_02580,Φ Ξ Ω ∂ ∫ ∫ Ω
train_02581,Ξ ∂ ∫ Ω Ξ Ξ ∫ Φ Ξ Φ ∇ ∫
train_02582,∇ Φ Ω Ξ ∫ ∇ ∫ ∂
train_02583,Φ ∂ ∂ ∂ ∇ ∇ Ξ Ξ Ξ ∂ Φ ∫
train_02584,Ω Φ Φ Ω Φ ∇ ∫ Ω Ξ ∂ Ξ ∂
train_02585,∇ Φ ∫ Φ ∂ ∇ ∂ ∫ Φ ∂
train_02586,Ξ Ξ Ξ ∂ Ω ∫ ∫ ∫ Ξ Ω Ξ Ω ∫ ∫
train_02587,∫ ∇ Ξ Φ ∂
train_02588,∂ ∇ Ω Φ ∇
train_02589,∇ Ξ ∂ Ξ ∂
train_02590,∇ Φ ∇ Ω ∇
train_02591,∂ Ω Φ Φ ∫ ∫ Ξ Ξ ∇ ∇ ∂
train_02592,∫ ∫ Ω Φ ∂ Ω Φ Ω Ω ∂ Ξ ∫ ∫
train_02593,∫ ∫ ∫ ∇ ∫ Φ ∂ ∫ ∫ ∇ ∂
train_02594,∂ ∇ Φ Ω Ξ Ω ∫
train_02595,Φ Ξ Ω ∂ Ω
train_02596,∇ ∫ Ξ Φ Φ Φ Ξ
train_02597,Ω ∫ Ω ∇ Φ ∂ Φ
train_02598,Ω Ω Ξ ∂ ∫ Φ Φ ∂ Φ Φ Ξ Ω Ω Ξ
train_02599,∂ Φ Φ Ξ ∂ Ω Φ ∫
train_02600,∂ Φ ∫ ∂ Ξ ∂ Ξ Ω Ξ Ω
train_02601,∫ Ξ Ξ ∫ Ξ Φ Φ ∫ Φ
train_02602,Ξ Ξ Ω ∂ ∇ Ω Ω Ω ∂ ∂ ∫ Φ
train_02603,Φ ∂ ∂ ∇ ∫ ∂ Φ ∂ ∫ Φ ∫ Φ ∫ Ω
train_02604,∫ Ξ Φ ∂ Φ Ξ ∇ Φ
train_02605,Φ Φ Ω Φ Φ ∂ Ξ ∇
train_02606,Φ ∫ Ω Φ Φ Ω ∫ ∂ ∇ Ξ Ξ Ξ
train_02607,Φ ∫ Φ Φ ∫ Φ Ω Ξ Ξ Ω ∂ ∂ ∇ ∫
train_02608,Φ ∂ ∇ Ξ ∇ Φ
train_02609,∂ ∂ ∇ Φ Ω Ξ Ω
train_02610,Ξ Ξ ∇ ∫ ∂ Ω ∫ ∫ ∫ ∂
train_02611,Ξ ∇ ∇ ∂ Ω ∇ ∂ Φ ∫ Φ Φ Ξ ∂ Ξ
train_02612,∂ ∫ Φ Ξ ∂ Ω Ω ∇
train_02613,∇ Ξ Ω Φ Φ Φ ∫ Ω Ξ Ξ Ξ Ω
train_02614,Ω Ξ Ξ Ω ∫ Ξ
train_02615,∫ Φ ∂ Φ Ω Ξ Φ Φ ∇ ∂ Ω Φ ∫ Φ
train_02616,Ξ Ω ∂ Φ Ω Ξ Φ ∫ Φ Φ
train_02617,∇ ∇ Ω Ω Φ ∫
train_02618,Φ Ω ∇ Φ Φ ∫ Ξ Ξ Ω ∂ Ω Ω Ξ Ω
train_02619,∇ Ξ ∫ ∂ ∂ Ω Φ ∫ Φ Ξ Φ Ω Ξ
train_02620,Ω Ξ Ξ ∇ Ξ Ξ ∂ Ξ Φ ∇ Ω ∂
train_02621,∫ ∇ ∇ Ω ∂ ∇ Φ
train_02622,∂ Ξ Ξ Φ Ω Ξ ∇ ∫ Ω Φ Ξ Φ
train_02623,Ξ ∇ ∂ ∇ ∇ ∫ Ω Ω ∫
train_02624,Ω Ξ ∂ Ξ ∂ Ξ Ω ∇ Ω Ξ
train_02625,Ω Φ Φ Φ ∫ ∫
train_02626,∫ Ξ ∇ Ξ ∂ Ξ Ξ Φ Ω ∇
train_02627,Φ Ξ ∂ Φ Φ Ξ Ξ ∂ ∇ ∫ Ξ
train_02628,∫ Ω ∫ Ω Φ ∇ ∂ Φ ∇ Φ ∇ Ξ ∇
train_02629,∫ ∂ Φ Ω ∫ Φ Φ ∂ Ξ ∇ ∇ Ξ Φ ∂
train_02630,∇ Ξ ∇ ∫ Φ ∂ ∇ Ω ∇ Φ ∇
train_02631,∫ ∫ Ω ∫ ∂ Ω Ξ Φ
train_02632,Ξ ∂ ∇ ∂ Ξ ∇ Φ ∇ ∇ Φ
train_02633,Ξ ∂ ∫ Ω Ω ∫ ∂ Ω ∇ Φ
train_02634,∫ ∂ Φ ∫ ∫ Ξ ∇ ∂ Ξ ∂ ∫ ∫ Ω
train_02635,Ω Φ Ω ∇ Φ ∇ Ξ Ω Φ Φ ∂ Ξ
train_02636,Φ ∫ Φ ∂ ∫ Ω ∫ ∇ Φ ∇ ∇ Φ ∫
train_02637,Ω ∇ Ω ∫ ∫ ∇
train_02638,∂ ∂ Ω ∂ Φ ∂ ∂ ∇ Φ
train_02639,∫ ∫ Ω Ξ ∇ Ω Ω Φ ∫ Ξ Ξ Φ Φ
train_02640,∇ Ω Ω Ω Ω Φ ∫ Ξ
train_02641,∫ Ξ ∫ Ξ ∂ Ξ
train_02642,∂ Φ Ω ∂ Φ Ξ ∫ Ω Φ Ω ∇ ∫ Φ Ω
train_02643,Ξ ∇ Φ ∂ ∂
train_02644,∇ ∇ Φ Φ Ξ ∫ ∫ Φ Ξ Ξ
train_02645,∇ Ξ Φ Φ ∫
train_02646,Ω ∫ Ω Ξ ∇ Ξ Ω Ξ ∫ Φ
train_02647,∇ ∇ ∇ Φ ∫ Ξ ∇ ∂ Φ Ξ Ξ ∫ ∂ ∫
train_02648,Ω ∫ ∂ Φ ∇ ∇ ∂ ∂ ∫ ∂ ∂ Φ
train_02649,Ξ Φ Φ ∂ Ω ∇ Φ Φ ∇ Ω
train_02650,∂ Φ ∇ ∇ Ξ Ω ∫ ∇ ∫ ∇ ∂ ∇
train_02651,Φ Ω ∇ Ξ Ω Φ Ξ Ω Φ Φ
train_02652,Ω ∇ ∂ Ξ ∇ ∂ ∂ ∇ ∇ ∂ Ξ
train_02653,Ω Ω ∫ Φ Φ Ξ Ω Φ ∇ ∂
train_02654,Ξ ∫ ∂ Φ ∇ ∇ ∇
train_02655,∂ ∇ ∫ Ξ Φ Φ ∫
train_02656,∂ Φ Ξ ∂ ∂
train_02657,Ω Φ Ξ ∫ ∫
train_02658,∫ Ξ Φ Ω Ξ Ξ Ξ Φ Ξ ∇ ∂ ∇ Ξ ∫
train_02659,Φ ∫ ∇ Ξ Φ Ω Φ ∇ ∂
train_02660,∫ ∇ ∂ Ξ Ω ∫ ∇ ∫
train_02661,∫ ∂ ∂ ∫ Ξ ∂ Ξ Φ Ω ∫
train_02662,∇ ∇ ∂ ∂ Ξ Φ Φ ∫ ∫ Ω Φ Ω Ξ Ξ
train_02663,Ξ Φ ∇ Φ ∫ ∂ ∫ ∫ Φ Φ Φ Ξ Ω Ξ
train_02664,Ξ Ξ ∇ ∇ Ω Φ Φ Ξ Ξ
train_02665,∂ ∂ Ξ ∫ Ω Ω Ω ∂ Φ Ξ
train_02666,∫ ∇ Ω ∇ ∂ Φ ∂ ∂ ∂ Ξ Ξ
train_02667,Ω ∫ ∇ ∫ ∫ ∂ Ξ ∇ ∂
train_02668,∂ ∫ ∫ Ω Ξ Φ Φ Φ Ω ∂ Ω ∫ ∂
train_02669,∫ Φ ∫ ∇ Ξ ∫
train_02670,Ω ∂ ∇ ∂ ∇ Ξ ∇ ∇ Ξ ∇ Ω
train_02671,∂ Ξ Φ Ξ ∂ Ω Φ Φ ∫ Ξ ∇ ∫
train_02672,Φ Ω ∂ Φ ∂ Ω ∇ ∂ ∫ Ω ∫
train_02673,Φ ∫ ∇ Ξ Ξ Ξ ∂ Φ Ξ Ω ∇ Ω
train_02674,Ω ∇ ∫ ∇ Ω Φ Ξ Ξ ∇ Ξ ∫
train_02675,∂ ∂ Ω ∇ Ξ Ξ ∫ ∂
train_02676,∇ Ω Φ ∂ ∫ Ω Φ ∫ ∇ Φ Ξ ∇ ∇
train_02677,∫ ∂ ∫ Φ Ξ Ξ ∫ Φ Ξ Φ ∇ ∇ Ω Ξ
train_02678,Φ ∫ ∫ Ξ Φ ∂ Φ ∂ ∇ Ξ ∂
train_02679,∫ Ω ∫ ∂ Ω Ξ ∫ ∂ Ω Ξ ∫
train_02680,∂ Φ ∫ ∂ Φ ∂ ∂ Φ Ξ Ω
train_02681,Ω Ξ ∫ ∇ Φ Ω Φ ∂ Ξ
train_02682,∂ Ω ∂ ∂ Ω Φ Ω ∫ ∇ Φ
train_02683,∇ ∂ ∂ Ξ Ξ ∇ Ω ∇ ∫ ∂ Ω ∂ Ξ
train_02684,∫ ∇ Ξ ∇ ∫ ∫ Ξ ∂ Ξ
train_02685,Ω Φ ∇ Ω ∫ Ξ ∇ ∫ Ξ
train_02686,Ξ Φ ∇ ∂ Φ Φ ∫
train_02687,Ξ ∫ ∂ Ω ∂ ∫ Φ ∫ Φ Ω
train_02688,Ω ∇ ∇ Φ Φ Ξ ∇ ∫ Φ ∫ Ω ∂ ∂ Ω
train_02689,Ω Ξ ∇ Ξ Ξ Φ Φ Φ Φ ∫ ∇ ∫ ∫
train_02690,∫ ∂ Ξ ∫ ∇ ∫ ∇ Ω ∂
train_02691,∫ ∫ ∫ ∂ Ω ∫ Ξ ∫ ∂ Ω ∫
train_02692,∫ Ω ∫ Φ ∇
train_02693,∇ Ξ Φ ∂ Ω ∫ ∫ ∫ ∇ ∫ ∂ ∫ ∂ Ω
train_02694,∇ Φ ∇ Ξ Ξ
train_02695,Φ ∫ ∂ Ω Φ ∇ ∫ Ω ∫ ∇ ∇ Ξ Ω Φ
train_02696,Ξ ∂ ∂ ∂ Φ ∫ ∂ Φ
train_02697,∫ ∇ Φ Φ Φ Ξ
train_02698,Ξ ∫ ∂ Ξ ∫ ∂ ∇ ∂ Ω ∫ ∫ ∫ ∇ ∂
train_02699,Ξ ∂ Ω ∂ Ξ ∂ ∂ Ω Φ Ω ∂ Φ
train_02700,∂ Ω Ω ∫ ∫ ∫ Φ Ξ ∇ ∫ ∂
train_02701,∂ ∫ ∇ ∫ Ξ ∂ ∂ ∫ ∫ ∫ ∇ ∫ Φ
train_02702,Φ ∂ Ξ Ω ∫
train_02703,Ξ ∂ ∇ ∇ ∫ ∫ Ω ∇ Ω
train_02704,∇ ∫ Φ Ξ Ω ∫ Ω ∇ Φ ∂ ∂
train_02705,∇ Φ ∫ Φ Ξ Ω Ξ
train_02706,Φ Ξ Ξ Ω Φ Ξ ∂ Ω ∇
train_02707,∫ Ξ ∫ Ω Ξ Φ Ξ Ω Ξ ∇
train_02708,Ξ ∂ Φ Φ ∫ Φ Ω Ξ ∇ ∫ ∂
train_02709,∂ Φ ∇ Ξ Ω Ω Ξ ∂ Φ ∫ ∫ ∂
train_02710,∫ ∫ Ξ Ω Ξ ∫ Ω ∇
train_02711,∇ ∂ ∂ Ξ ∇ ∇ Ξ Ω ∇ Ξ ∫ Ξ
train_02712,Φ ∇ ∇ Ω ∂ ∫ Φ Φ
train_02713,Φ Ω ∂ Ξ Ξ ∂
train_02714,∂ Ξ ∇ Ω Ξ ∂ ∂ Φ
train_02715,Ω ∇ ∇ ∇ ∂ Ω
train_02716,∇ Φ ∇ Ω Ω Ξ ∫ ∇ ∫ Ω
train_02717,∂ Φ Ω Ω Ξ
train_02718,∂ ∂ ∇ Ξ ∫ Ω ∇ ∇ ∇
train_02719,∂ ∂ Φ Ω ∇ ∫ ∂ ∫ Ξ Φ ∫ Ω ∫
train_02720,Ω Ω ∇ Ξ ∫ ∫ Φ
train_02721,∫ Φ Ω ∂ ∇ ∂ Ξ ∫ ∫ Ω ∂
train_02722,∫ ∂ Ξ Ξ ∇
train_02723,Φ Φ ∂ ∫ Ξ ∇ ∇ Ω Φ
train_02724,Ω Φ ∫ ∂ ∫ Φ Ξ Ξ ∫ Ω ∇
train_02725,Φ ∫ ∫ Ξ ∫ Ω ∫ Ω Ξ ∇ ∂ ∂
train_02726,∫ Ξ Ω Ξ ∂ Ξ
train_02727,∂ Φ Φ Ξ ∇ ∇ ∫
train_02728,Φ Ξ Φ ∇ ∇
train_02729,∂ ∂ ∂ ∂ Ω Ξ ∂ ∇
train_02730,Ξ ∇ Ξ Ω ∇ ∫ Ω Ω ∫ ∇ Φ
train_02731,Φ Ξ ∇ ∂ ∇ ∂ Ξ ∂ Ξ Ξ ∂ ∇ ∫
train_02732,∂ ∇ Ξ Φ Ξ ∇ ∫ Ξ
train_02733,Ξ ∂ Ω ∇ ∂ ∇ ∂ Φ ∫ ∫ ∂
train_02734,Φ Ξ Ω Ξ Ω Ξ ∫
train_02735,Φ Ξ Ξ ∫ ∇ Φ ∫
train_02736,Ξ ∂ Ξ Φ ∂ Φ ∇ ∂
train_02737,Ω Ξ Φ ∇ Φ Φ Ω ∫
train_02738,Φ Φ ∇ Ξ ∫ Φ Ξ Φ Φ Ω ∇
train_02739,∫ Ξ ∂ ∇ Ξ ∫
train_02740,∇ Ξ Ω ∂ Φ ∂ Ξ Ξ Ξ ∂ ∇
train_02741,∂ ∫ Φ ∂ Ξ ∂ Ω Ω Ω Φ ∂
train_02742,Φ Ξ Ω Ξ ∂ ∫ Ξ ∂
train_02743,Ω ∇ ∇ Ω ∇ Ξ ∇ Ω Φ Φ
train_02744,∇ Φ Ξ Ω ∂
train_02745,Ω ∇ Ω ∇ Ω ∇ ∫ ∫
train_02746,Φ ∫ ∇ Ω ∂ Φ ∂
train_02747,∂ Φ ∫ Φ ∇ ∂ ∇ Φ Ξ ∇ Ξ Ξ
train_02748,∫ ∫ ∫ ∫ ∫ Ξ Ω ∫
train_02749,∂ Φ Ξ Ω ∇
train_02750,Φ Ξ ∫ ∫ Ξ ∇ ∇ ∇ ∫ ∇ ∫ ∫ ∇ Φ
train_02751,∫ ∫ Ω ∫ ∇ ∇
train_02752,∫ ∇ ∂ ∂ ∂ Ω Ξ Ξ Φ
train_02753,Ω Φ Ξ ∂ Ω Ξ Ω Ξ Ω ∂ Ω ∇ Ξ Ξ
train_02754,Ξ Ω Φ Φ ∂ ∂ Ω Ξ ∫ Φ
train_02755,∫ ∫ Ξ ∫ Ω ∂
train_02756,Ω ∫ Ω ∂ Φ ∫ Ω ∇
train_02757,Ξ ∇ ∇ Φ ∫ Ω Φ ∂ ∇ ∂ Φ ∂ ∫ Ω
train_02758,Ω ∫ ∇ Φ Ω
train_02759,∇ ∇ ∂ Ξ ∫ Ω Ω ∫ Ξ ∂ ∫ Ξ ∂ Ξ
train_02760,Ξ Φ Ξ Φ Ξ Φ Ω Φ Φ ∫ Ξ Φ ∂ ∇
train_02761,Ω Ω Φ Ξ Ξ ∂ ∫ ∂ Φ ∂ Φ Ω
train_02762,∂ Ξ ∇ ∂ ∫ ∫ Φ ∫
train_02763,Ξ ∫ ∂ ∇ Φ ∂ Ω ∂ Ω Φ
train_02764,Ω Ξ ∫ ∂ ∂ ∫ Φ Ω Φ Ω Φ ∫ Ξ ∫
train_02765,Ω Ξ Φ ∇ Φ Ξ ∂ Φ ∂ Ξ Φ Ξ Ξ
train_02766,Ω ∫ Ω ∂ ∇ Ω Ω Ξ Ω ∂ ∂ Ω Ω Ξ
train_02767,Ω Φ ∫ Φ ∇ Φ ∫ Ξ ∫ Ξ Ξ ∇ ∇ ∇
train_02768,Φ ∫ ∂ Ω ∂ Ω Φ Ξ Ξ ∇
train_02769,∂ Ω ∫ Ω ∂ ∂ ∫ Φ ∫
train_02770,Φ ∫ Ξ ∂ Ξ
train_02771,Ξ Ξ ∫ ∂ ∇ ∫ Ω Ξ
train_02772,Ξ Φ Ξ ∂ Ω
train_02773,∇ Ω ∫ Ω ∫ Φ ∫ Ξ ∇ ∂ Φ Ξ
train_02774,Ξ Φ Φ ∂ Ξ ∫
train_02775,∂ Ξ Ω ∂ ∫ Ω Ξ Ξ Φ ∫
train_02776,∂ ∂ ∂ Ξ Ξ ∂ Ξ ∇ ∂ Ξ ∫ ∂
train_02777,Ξ Ω Ξ ∫ ∂ Ω ∂
train_02778,Ω Φ ∫ ∂ ∫ Φ Ω Ξ ∇ Ω Ω Ω
train_02779,∂ Φ ∂ Ξ ∇ Ω ∇
train_02780,Ω Φ Ξ Φ Φ ∇ ∇ Ω ∫ Ξ
train_02781,Φ Ω ∫ ∫ Φ Ξ
train_02782,∇ Ξ Ω ∫ ∫ ∫
train_02783,Ξ ∫ ∫ Φ Ξ Φ ∇ ∇
train_02784,∂ ∂ ∫ ∫ Ω Ξ ∇ ∇
train_02785,∂ ∇ Ω ∂ ∂ ∫ ∫ ∫ ∫
train_02786,Ξ Ω ∂ ∫ Ξ ∫ Φ Ξ ∫ Ω ∫ Φ ∂
train_02787,∫ Φ ∂ ∂ Ω Ξ ∂ Φ Ω Ξ Ξ Ω ∂ ∫
train_02788,∂ Ξ ∇ Ω ∂ ∇ Φ ∫ ∇ Ω Ξ
train_02789,Φ ∫ ∫ Ξ Ξ Φ Ω Φ Ξ ∂ ∇
train_02790,Ξ Ω ∇ ∂ Ω Ω Ω ∂ ∫ ∂ Ω Ω Ω
train_02791,∇ Ξ Ξ Ξ Ξ Φ Ξ ∇ Ξ ∇ Ξ ∫ ∇
train_02792,Ξ Ω ∂ Φ Ξ
train_02793,∂ Φ ∫ ∇ Φ Ω ∇ ∂ ∇ ∇
train_02794,∂ Ξ ∫ ∂ Ξ ∫ ∂ ∫ ∇ ∂
train_02795,Φ ∇ Φ Ξ Ω Φ ∇ ∫ Ω ∇ Ξ Ξ Ξ Ξ
train_02796,Ω Ω Ω Ω ∇ ∫
train_02797,∂ Φ ∫ Ξ Ξ ∂
train_02798,∇ Φ ∇ Φ Ξ ∫ Ξ
train_02799,Φ ∫ Ξ ∂ Ω Ω Φ ∇
train_02800,∂ Φ Φ ∫ ∂ ∇ ∇
train_02801,∇ ∇ ∇ Φ Ω Φ ∂ ∂ ∇ ∂
train_02802,Φ ∇ ∫ ∂ Ω Φ Ξ ∫ ∇
train_02803,∂ ∇ Ω ∂ Φ
train_02804,Ξ Ξ Φ ∫ Φ ∇ ∂ ∇ Ξ
train_02805,Ω Ξ Ω Ω Ω ∫ ∫ Ω
train_02806,Ω ∂ Φ Φ ∂ Ξ ∂ ∫ Ω Ω Φ
train_02807,Ω ∫ ∂ ∇ ∂ Ω ∫ ∂ ∂ Ξ Φ
train_02808,Φ Ω Φ ∫ ∫ Ω Φ Φ
train_02809,∇ Ξ Ξ ∂ ∫ ∂
train_02810,Ω ∇ Ω Ξ Ω Φ ∂ ∫ ∫
train_02811,Φ ∇ Φ Ω Ω ∂ ∂ Φ Ξ Ξ
train_02812,Φ ∂ Φ Φ Ω Φ ∫ Φ Φ ∂ Ω
train_02813,∂ Φ Φ ∫ Φ Ω Ω ∂
train_02814,Φ Φ ∇ ∂ ∇ Φ ∂ Ω Φ
train_02815,∫ Ξ ∂ ∇ Ω ∇
train_02816,Ω ∂ Ω Ξ Ξ Φ Ξ ∫ ∫ Φ ∂
train_02817,Φ ∂ Φ ∇ Ξ ∂ ∇ Ξ
train_02818,∫ ∇ ∂ Ξ Φ ∂ ∇ Φ Φ ∇ Ξ Ω ∇
train_02819,Φ Ξ Ξ ∫ ∂ ∫ Ξ ∫ ∫
train_02820,∂ ∂ ∫ Ξ ∫ ∫ ∂ ∫ ∇ Φ
train_02821,∇ ∫ Φ Φ ∇ Ξ Ω ∇ ∂ ∇ ∂ ∫
train_02822,∫ ∇ ∫ Φ Φ ∫ ∫ Φ Ξ Ω Ω Φ ∂ Φ
train_02823,Ξ ∫ ∂ Ξ Ξ ∂ ∇
train_02824,∇ Ω Ξ Ξ Ξ ∇ ∫ ∫ Ξ Ω
train_02825,Φ Ω Ξ Ω ∇ Φ Ω ∇
train_02826,∂ ∇ ∫ Φ ∫ Ω Φ Φ
train_02827,∫ ∇ ∫ ∂ ∫ Ξ Ξ Ω Ω Ξ Φ Φ Ξ ∇
train_02828,∫ ∫ Ω ∫ Ξ ∇ Φ Ω ∇ ∇ ∂
train_02829,∂ Ω ∂ ∫ Ξ Φ ∂ ∂ Ω
train_02830,Φ Ξ Ω ∫ Ξ Φ ∇ ∂ Φ Φ Φ ∇ Φ ∫
train_02831,∫ Ξ ∫ ∇ ∇ Φ Ξ
train_02832,∇ Φ Ξ Ξ Ξ Φ
train_02833,Ξ Φ Ξ Ξ Ω
train_02834,∇ ∇ ∫ ∂ Φ Φ ∫ ∂ ∂
train_02835,Ω ∫ Ω Φ ∫ Φ ∇ Ξ
train_02836,∇ ∂ ∇ ∫ ∫ ∫ Ξ Ξ
train_02837,∫ Φ Ω ∇ ∫ ∂ Φ ∂ ∇ Ω ∇ Ξ ∇
train_02838,Ω Ξ Φ ∇ Ω ∫
train_02839,∫ ∂ Ξ Φ ∂ ∇ Ω Ξ ∫ Ω ∇ ∂ ∇
train_02840,∂ Ω ∇ ∂ Φ ∂ ∫ ∫ ∇ ∇ ∫ ∫ Ω Ξ
train_02841,∇ ∂ Ξ Ξ ∫ Ξ ∂ ∇ Ω ∫ Φ ∇ ∂ ∇
train_02842,∫ Ω Φ Ξ ∇ ∂ ∫ ∇ Ω ∫ Φ ∇ ∂ ∇
train_02843,Ω ∂ Ω ∇ ∇ Φ Ξ ∇ ∫
train_02844,Ω ∇ Φ Φ Φ ∫ ∂ ∇ Ξ ∇ ∂
train_02845,Ξ ∫ Φ ∂ Ξ
train_02846,∇ ∇ Ξ Φ ∫ ∇ ∫ Ω ∂ Φ Ω ∫
train_02847,Ξ ∂ ∫ ∇ ∇
train_02848,∂ ∇ Φ ∂ ∇ Ω ∂ ∂ Ω ∂
train_02849,Φ Φ Ξ Ω Ξ Φ ∂ Φ Ω Ω ∂ Φ Ξ
train_02850,Ξ Ω Ω ∂ Φ ∫ ∇ ∇ Φ Φ
train_02851,Ξ Ξ Ω Φ Ξ Φ ∇ ∂ ∇
train_02852,∂ Φ Ξ Φ Ω ∇ ∂ Φ ∫ Φ ∫ Ξ
train_02853,∫ Φ Ω Φ ∂ Ω ∂ Ξ ∂ Φ Ω
train_02854,Ξ Ξ ∇ Φ ∂ Ω Ω ∂
train_02855,Ω ∇ ∇ ∇ ∇ ∂ Ξ ∇ Ξ ∂ Ξ Φ
train_02856,Φ ∇ Ω ∂ Ξ Φ ∇ Ξ ∫ Ξ Ξ Φ
train_02857,∇ ∫ ∇ ∇ ∫ ∂ ∇ Φ Ω ∂
train_02858,∇ ∇ ∂ Φ Ω Ξ
train_02859,Ξ Ξ Φ ∫ ∇ ∫ ∂ Φ Φ Φ ∫
train_02860,∂ ∇ ∇ Φ Ξ Φ ∫ ∂ Φ ∂
train_02861,Ξ Φ Φ ∂ Φ Φ
train_02862,Ω Φ ∇ Ω ∂ ∫ Ω ∫ Ω Ω
train_02863,Φ Φ Φ Ξ ∇ Ω Ω Φ Ω ∫ ∇
train_02864,∇ ∂ ∂ Φ ∫
train_02865,∇ ∇ ∂ Φ ∂ ∫ ∇ Ξ Φ ∫ ∫
train_02866,∂ ∫ Ξ ∇ ∂ ∫ ∇ ∫ Ω ∫ Ω Φ Ω ∫
train_02867,∫ Φ ∇ Ξ ∇ Ω ∇ Ω ∫ Φ
train_02868,Ω Ξ Ω Ω Ξ Ξ Ξ ∇
train_02869,Ξ ∂ ∂ ∇ ∂ Φ ∫ ∂ ∇ ∇ ∫
train_02870,Φ Ω Φ ∫ Ξ Φ
train_02871,∂ ∂ ∂ ∂ ∂ Φ ∂ ∂ Φ Φ Ω
train_02872,∫ Φ Φ Φ ∫ Φ ∫ ∇
train_02873,Ω Ξ ∂ ∫ ∫ Ξ
train_02874,∫ ∫ ∫ Φ ∇ Ξ Ξ ∂ Ω Ω
train_02875,Φ Ω ∂ ∂ Φ Ξ ∇ Ξ Φ ∂ ∇ Ξ Ξ ∫
train_02876,Φ Ξ ∇ ∂ Φ Φ Ω ∇ ∇
train_02877,Ξ Φ Ξ ∇ Φ
train_02878,∫ ∫ Φ Ξ ∫ Φ ∫ ∫ ∇ ∇ Φ ∂ ∇
train_02879,Ω ∫ Φ ∂ Ξ Ω ∫ Φ
train_02880,∫ ∂ ∇ ∫ ∫ Ξ ∫
train_02881,Ξ Ω Ω Φ Ω
train_02882,Φ ∇ Ω ∇ Φ ∫ ∂ Φ
train_02883,Ω Ξ ∇ Φ Φ ∇ Ω ∇ Φ Ξ Ω ∇ ∇
train_02884,Ω Ω Ξ ∇ Ω ∇
train_02885,∂ Φ Φ Φ Ω Φ Φ Ω Ω Ξ
train_02886,∂ ∂ ∇ ∂ Φ
train_02887,Φ Ξ ∂ ∫ Φ ∇ Ω Ω ∂ ∇ ∂ ∂ Ξ ∫
train_02888,∇ Ω ∂ ∇ ∫ Ξ
train_02889,∂ ∇ ∫ ∫ Ω Ξ ∫ ∇ ∂ Φ
train_02890,Φ ∫ Φ ∫ ∫ Φ
train_02891,∂ ∇ Φ Ω Φ ∂ ∂ Ω ∂ ∂ ∂ Ω
train_02892,∇ ∇ Ξ ∫ Φ Ω ∇ Ξ Ξ Ξ Ω ∂ ∫
train_02893,∇ ∇ Φ ∂ ∂ Φ ∇ ∫ Φ Ξ ∂ ∫ ∂ Ω
train_02894,∇ Φ ∫ ∇ ∇ ∫ Ξ Ξ
train_02895,∇ Φ ∇ ∂ ∂ ∂
train_02896,∇ Ξ Φ Ω ∂ ∂
train_02897,Ξ ∫ Ξ Ξ ∂ ∂ ∂ Φ
train_02898,Ω Φ ∇ ∫ ∇ ∂
train_02899,Φ ∫ ∇ ∇ ∇ ∂ ∂ Φ ∇ Ξ Φ Ξ
train_02900,Ω Φ Ξ Ξ ∫ Ξ ∂ Ω Ξ ∫ Ξ Ξ
train_02901,∂ ∇ Φ Φ ∇ Ω ∫ ∇ ∫ Ω
train_02902,Φ Ω ∂ ∂ ∫ ∫
train_02903,∂ ∇ ∇ ∇ Ξ ∂ ∇ Φ ∇
train_02904,Ξ Ω Ω Φ Ω ∫ ∫ ∇ ∇ ∫
train_02905,Ω ∫ ∫ Ω ∂ ∇ ∂ Ξ Φ Φ ∂
train_02906,Ω Φ Φ ∂ Ξ Ω
train_02907,∂ ∂ Ω ∇ Φ Ξ Ω
train_02908,Ξ ∂ ∂ Ω Φ ∂ Ω ∫ ∂ Φ
train_02909,Ξ ∇ ∂ Φ ∇ ∂ Φ
train_02910,Ω Φ ∇ Φ ∇ Ω Ξ Ω
train_02911,∫ Ξ Ξ ∇ ∂ ∇ ∂
train_02912,Φ Φ ∫ Ω Ω Ξ
train_02913,Ξ ∫ ∂ ∇ ∇ Ξ ∂ ∫ ∇ ∫
train_02914,∫ ∂ Ξ Ω Φ Φ Ξ ∇ Φ Ω Ξ ∫ Ω
train_02915,∫ Ξ Φ ∫ ∇ ∫ ∂
train_02916,Ω Ξ Ξ Φ Ξ Ξ
train_02917,∫ Φ ∇ ∂ Ξ Ω ∇ ∂ Ω Φ
train_02918,Φ Ξ ∂ Ω Ξ ∫ Φ ∂ ∫ ∂
train_02919,Φ ∂ ∂ ∂ ∫ Ω Ξ Ω
train_02920,∇ Ξ ∫ ∂ ∫
train_02921,Ξ ∂ ∫ Φ ∇ Ξ
train_02922,∫ ∂ ∂ Φ Ξ ∇ ∫ Ω ∫ Φ ∇ Φ
train_02923,∇ ∂ Φ ∇ Ξ Φ Ξ Ξ Ξ ∂ Ξ ∂ Φ ∇
train_02924,∫ Ξ ∂ Ω ∇
train_02925,Ξ Ξ ∫ ∇ Ξ ∫ ∂ ∂ Φ Φ Ξ ∫
train_02926,∇ Φ Φ Ξ Ξ Φ Φ ∫ Ξ Φ Ω ∇ ∫
train_02927,∫ ∫ Ω Ξ ∫ ∂ ∇
train_02928,Ω Ω ∇ ∇ ∂ Ω ∫ ∇ Φ Ω
train_02929,∫ Ω ∇ ∫ ∂ Φ Ω
train_02930,∇ ∇ Φ Ω ∂ Ω ∇ ∫ Ξ ∂ ∂ ∫ Ω
train_02931,∫ Ξ Φ ∫ Ω ∂ Φ ∇ Ξ ∂ ∫ Ω ∫ ∂
train_02932,Ω Ω Ω ∫ ∇ Ω Ξ Ξ ∂ ∂ Ξ
train_02933,∇ ∂ ∇ Φ ∇ ∂ ∂ ∇ Ω ∫ ∇ ∂
train_02934,Ω Ω Ω Ω ∂ Φ ∫ ∂ ∫ Ξ ∂ Ω
train_02935,∫ ∂ Ω ∇ Φ ∇ Ξ ∇ ∇ Ω
train_02936,∇ ∫ ∫ ∇ ∫ Φ Ξ ∂ Φ ∂ Ω Ω ∫
train_02937,∫ Ω ∫ ∫ Ω ∂ ∇ ∂ ∫ Φ
train_02938,∂ Φ Ω ∂ Φ ∂ Ξ Ξ ∂
train_02939,∫ ∂ ∫ Φ Ω Ξ Ω Ω ∂ Φ Φ Φ
train_02940,∫ ∫ ∂ ∇ ∫ Ω Ξ
train_02941,∂ ∫ ∂ ∂ ∂ Φ ∇ ∫ Ω Ω ∫ ∇
train_02942,Φ Ω ∂ Ω ∂
train_02943,Ω Φ ∇ Ξ Φ ∂ Ω Ξ ∫ Ω ∂ Ξ ∂
train_02944,∫ Ω Ξ ∂ Φ ∫ Ω ∂ Φ ∇
train_02945,∂ Φ ∂ Ω Ξ ∫ Ξ Ξ ∇ ∂ Ξ ∫ ∂ ∂
train_02946,Φ Ξ Φ ∂ ∇ ∂ Φ Ξ Ξ
train_02947,Ω Ω ∇ ∇ Ω Ω Φ ∂ ∇ ∂ ∇
train_02948,∂ Ξ Ω ∂ ∫ ∇ ∇
train_02949,∂ Φ Φ ∫ ∇ Ξ Ω Ω Ω Ω ∫ ∂ ∫ Ξ
train_02950,Ξ Ω Ω ∇ Ω ∂ ∇ ∇ Ξ Ξ Ξ Ξ ∇
train_02951,∂ ∇ Φ ∫ Ω Ω
train_02952,Φ ∫ ∂ Φ Ω
train_02953,∂ Ω ∂ Ξ Ω Ω Ω ∫ ∂ Ω ∫
train_02954,Φ Φ ∫ ∇ ∫
train_02955,∫ ∇ ∫ ∇ Φ ∇ ∂ Φ
train_02956,∇ ∫ ∇ ∫ Ξ ∫ Φ Ω ∇ Ξ Ω Φ
train_02957,Ξ ∇ ∫ Φ ∇ ∫ ∫ ∂ Φ Ω ∂
train_02958,∂ ∂ Ξ ∂ Ξ Ω ∇ Ω Ξ Φ ∂ Ξ ∂ Ξ
train_02959,∇ ∫ ∇ Ξ ∂ ∇ Ω Ω Ω ∫ ∂ ∂
train_02960,∂ Ξ Φ Ω Φ ∂ ∫ ∫ ∇ ∂ Ω
train_02961,∇ ∫ ∇ Ω ∫ ∇ ∇ ∂ Ω ∫
train_02962,∇ Ω ∇ Φ ∫ Φ Ξ Ω ∂ ∇
train_02963,∂ Ω ∇ Ξ ∫ ∫ Φ ∂ Φ Φ Ω
train_02964,∇ Ω Ξ Ω ∇ Φ Ξ Ξ
train_02965,∫ ∇ Φ ∫ Ξ ∇ Ω Φ ∇ Φ Ω Ω
train_02966,∫ Ω Ω ∂ Ω Ω ∫ ∂
train_02967,∇ Ξ ∂ Ξ ∫ Ω ∂ Φ ∂ Φ ∂ ∂
train_02968,∂ ∫ ∇ ∇ ∇ Ω Ω ∇
train_02969,Ξ ∂ ∫ ∫ ∂ Φ Ω Ξ ∫ ∫
train_02970,Ξ ∫ Ξ ∫ Ω ∂ ∂ Ω
train_02971,∂ ∂ Ω ∂ Φ ∫ Φ ∇ ∂ Ξ Ω ∫
train_02972,∂ Ω Ω ∫ ∂ ∇ Ω
train_02973,Φ Ξ Ξ Φ ∇ ∂ ∫ ∇ ∫ Ξ ∫ Ξ
train_02974,∫ Ω ∇ ∂ ∫ ∂ ∇ Ω ∇
train_02975,∫ ∂ ∇ ∫ Ω ∂ Φ Φ ∂ Ω ∇ Ω ∫ Ξ
train_02976,Φ ∫ Φ ∫ Φ Ω Ω ∫ ∇ Ω Φ
train_02977,Ω Ω Φ ∇ ∫
train_02978,∇ ∫ ∫ ∂ ∇ ∇ ∫ Ω ∇
train_02979,∂ Ξ Ξ ∂ Ω ∇ Ξ ∂ ∫
train_02980,∂ Φ ∫ ∂ ∫ Ω Ω ∫
train_02981,∫ ∫ Φ ∇ Ξ Ω Ω ∂
train_02982,Ω ∫ ∇ Φ ∂ Φ Φ Ξ ∂ ∂ Ξ Φ
train_02983,∫ ∂ ∇ Φ ∇ ∇ Ξ Ω
train_02984,∂ Φ ∫ ∫ Φ
train_02985,Ω Φ ∂ Φ Ω ∫ ∇ ∂
train_02986,Ξ Ξ ∇ ∂ Ω ∫ Φ Φ ∫ Φ ∫ ∫
train_02987,∇ ∇ ∫ Ξ ∫ Ξ ∇ Ω Ξ Φ ∇ ∇
train_02988,Φ Φ ∂ Ξ Φ ∫ Ξ ∂ ∇ Ω ∇ ∇
train_02989,Φ Ξ Ω Ω ∂ Φ ∂ Φ Ξ
train_02990,∂ Ω Ω Ω ∫ ∫ Φ Ω ∂ ∇ Ξ
train_02991,∂ Ω Ξ ∂ Ξ ∫ Φ ∫
train_02992,Ξ Ω ∇ Ξ ∫ Ω
train_02993,∂ ∫ ∇ Ξ ∂ ∂ ∂ ∇ Φ Φ ∫ Ω ∇ Ξ
train_02994,Ξ ∂ Φ ∫ ∫ ∫ Φ ∂ ∫ Φ Ξ ∂
train_02995,Ξ Φ ∇ Φ ∇ Φ
train_02996,∫ ∂ Ξ ∫ Ξ ∫ Ω ∫ Ξ Ω ∇ Φ ∇ Ω
train_02997,∂ Φ ∂ ∂ Ω Ξ Φ
train_02998,∇ Ξ Ω ∫ ∂ ∇ ∂ ∂ ∂ ∫ ∂ Ξ ∫ ∂
train_02999,∇ Ω Ω Ξ Ξ ∫ ∫
train_03000,Ω ∫ Ω ∇ Φ ∇ ∂ ∫ ∫ ∫ Ξ
train_03001,∇ ∫ Ξ Φ ∇ ∂ ∇
train_03002,∂ ∂ Ξ ∇ Ξ
train_03003,Ξ Ξ ∫ Φ ∂ Ω Ω Ω Φ ∫
train_03004,Ω ∂ ∂ ∂ Ω Ξ Ξ Ω
train_03005,∫ Φ ∫ Ω ∂ ∇ ∇ Ξ
train_03006,Ξ Φ ∂ ∇ ∫ ∇ Φ Ω ∫
train_03007,∂ Ω ∫ Ξ ∫ Ξ
train_03008,Ω ∫ ∫ Φ Ξ Φ Ω Ω Φ Ω ∇ ∂ Ω
train_03009,∫ Ω Ξ ∂ Ω ∂ Ξ ∂ Ω Φ
train_03010,Φ ∂ ∂ ∫ Ω ∫
train_03011,Φ ∂ Ξ Φ ∫ Φ Φ Ξ
train_03012,Ω Φ ∂ ∫ Ω Φ Ξ ∂ ∂ ∫ ∂
train_03013,Φ ∫ Ξ ∇ ∫ ∇ Ω ∇ Ξ Ω
train_03014,Ξ Ω ∇ Φ ∂
train_03015,∇ Ω Ω Ξ Ξ ∂ Ξ
train_03016,Φ ∂ Ω Ω ∫ ∂ ∫ ∇ ∫ ∇ Ω Ξ ∂
train_03017,∂ Φ Ω ∇ Ξ ∇ ∫ Φ ∂ Φ Ξ ∇
train_03018,∫ ∫ ∂ Ξ Ω ∂ Φ ∂ ∂ ∇ ∫ Φ
train_03019,Φ ∂ ∇ Φ Φ Ω Φ Ξ ∫ ∫ ∇ ∂
train_03020,∂ ∇ Ω Ξ ∂
train_03021,Ξ Φ ∫ ∇ Φ ∫
train_03022,Ξ ∫ ∂ Ω Φ Ω Ξ ∂ ∫ ∫ ∂ Ω
train_03023,∇ ∇ ∇ ∇ Ξ ∇ Φ Ω Ω
train_03024,∂ Φ ∂ ∇ ∫ Φ ∂ ∂ ∂ ∇ ∂ Ξ
train_03025,Ξ ∇ Ω Φ Φ ∇ ∇ ∇ ∫
train_03026,∂ Φ ∂ Φ ∂ Ω ∇ ∂ Ω ∫ ∫ Ω Φ
train_03027,∫ ∇ Ξ ∫ Ξ
train_03028,∫ ∇ ∇ ∇ ∂ ∇ ∫ ∂ Ξ Φ Ω
train_03029,∂ Φ Φ Ξ ∇ ∫ Φ Ξ
train_03030,Ω ∫ Ω ∫ ∇ ∫ ∂ ∂ ∇
train_03031,∇ ∫ ∫ ∫ ∇ ∫ Ξ ∇ Φ
train_03032,∂ ∂ ∇ Ω Ω Φ Ω ∇ ∫ Ω Φ
train_03033,∇ Ω Ω Ξ ∂ ∂ ∂ ∇ Φ ∂ Φ ∫ ∫
train_03034,∂ ∇ Ξ Ω ∫ Ω Ξ Φ Ξ Ω Ω ∂
train_03035,∇ ∇ Φ Ξ ∫ ∫ Ω Ξ ∇ ∫ Ω
train_03036,Ξ ∫ ∇ ∫ Ω ∇ Φ ∂ Ω ∫
train_03037,∫ ∫ ∇ Ω ∫ ∇ ∂ ∇
train_03038,Φ Ξ Ξ ∇ ∇ Ω
train_03039,Φ Ξ ∂ ∂ Φ ∂ Ξ ∇ ∇ ∂ Ω ∇ ∇ Φ
train_03040,Φ Φ Φ ∇ Ξ Ω ∫ ∫ Ω
train_03041,Ξ Φ Ξ Φ ∂ Ω ∇ ∫ Ω ∇ ∇ ∂ Ω
train_03042,Ω ∫ Ω Ω ∇ ∫ ∇ Φ Ω Φ ∫ Ω
train_03043,Ω Ω Φ Φ ∂ Φ ∂ ∫
train_03044,Φ Ξ ∇ Φ Ω ∫ Ω Ω ∇ ∫ ∂ ∇
train_03045,Φ ∂ ∫ ∇ ∂ ∂ ∫ ∇ Φ ∇ ∫ ∫ ∂ Φ
train_03046,∫ Ξ ∇ Ξ Ξ ∇ Ω ∇ ∇ Φ Ω Ω
train_03047,Ω ∇ ∫ Φ Ω Ω ∫ ∂ Ω ∇ ∇ Ω Φ ∫
train_03048,Ξ ∫ Ω ∇ ∇ ∇ Ω ∂ Φ ∂
train_03049,∇ Φ Φ ∂ ∫ Φ Φ Ω ∫ Ξ Ω Φ ∫ ∂
train_03050,Ξ Φ Ξ Φ Ξ ∫ Ω ∫
train_03051,∇ Ξ ∇ ∫ Φ ∇ ∇
train_03052,Φ Ω Ω Ω ∇ Ω Ξ ∇ ∫ Ξ
train_03053,∇ ∫ Φ ∫ Ξ Ξ Ξ Ξ
train_03054,Ξ ∫ Ξ Ω ∫
train_03055,Φ Ω Ξ ∫ ∫ ∂ Ω ∂ ∫ ∂ ∂ Ξ ∫ Φ
train_03056,Φ Ξ ∫ Φ Ω Ξ ∇ Φ Φ
train_03057,Φ ∫ ∫ Ξ ∫ ∇ Ω ∫ ∂ ∇ Φ ∇
train_03058,Ξ Ξ ∂ ∫ ∇ ∇ ∫ ∂
train_03059,Ω Φ Ω ∂ Ξ
train_03060,Ω ∂ ∂ Ξ Ω Φ
train_03061,Ω ∫ ∂ Ω ∇
train_03062,∂ ∫ ∇ ∂ ∇ ∇ ∇ Ξ Ξ Φ Ξ
train_03063,∇ Φ Ξ ∇ Ω ∇
train_03064,Ω ∂ ∇ Ω ∂ ∂ ∇ ∫ Φ ∇
train_03065,∇ Ω Φ Ω Ω
train_03066,Φ Φ ∂ ∂ Φ ∇ ∂
train_03067,∂ Ω Ω Ξ Ξ Ξ ∂
train_03068,Φ ∂ Φ ∫ Φ Φ ∇ ∇ ∇ ∂ Φ
train_03069,Φ ∇ ∇ ∂ Ξ Ω ∂ Φ Ω Φ Φ Φ Ξ
train_03070,Ξ Ξ ∫ Ω ∫ ∫ ∂ Ξ Ξ ∫ ∂ ∂ ∫ Φ
train_03071,∂ Φ Φ Φ Ξ Ω ∇ Ω
train_03072,∇ Ξ ∫ Ω Φ Φ Φ ∇
train_03073,Ω Φ Φ Ω ∫ Φ ∂ Ω Ω
train_03074,Φ ∇ Φ ∫ ∂ ∫ ∇ ∫ Φ
train_03075,∂ Φ Φ ∇ Φ Ω
train_03076,Φ ∫ Ξ ∫ ∂ Φ ∇ ∇
train_03077,∂ ∂ Ξ Ξ ∇ ∇ Ξ ∇ Φ
train_03078,Ω Φ ∫ Φ ∇ ∇
train_03079,∂ Ω ∂ Φ Ω ∇ Ω Ξ ∫ ∫ ∇
train_03080,Φ ∇ Φ ∂ Ξ Ω Φ ∂ Ξ Φ Φ ∇ Ω
train_03081,∫ ∇ Ω Φ Ω Ξ Ω ∫ Φ ∇ ∂ ∇ ∂
train_03082,∂ Ξ Ξ Ξ Ξ Φ ∇ Ω Ω ∇ Φ
train_03083,Ξ ∂ ∂ ∂ Ω Φ Ξ ∇ Ξ
train_03084,∇ ∫ Ξ Ξ ∇ ∇ ∫
train_03085,Ω Ξ ∫ ∫ ∫ ∫ Φ ∂ ∫ Φ ∫ Ξ ∫
train_03086,Ω Ξ Ξ ∂ ∇ Ω Ω ∫ Φ ∫ ∂ Ξ
train_03087,Φ Φ Ξ Ξ ∫ Ω Ω Φ
train_03088,∫ ∂ ∂ Ξ Ω Φ ∇ Ξ Ω ∫ ∫
train_03089,∂ Ξ ∫ ∇ Φ ∫ Φ ∂ ∇
train_03090,∇ ∇ Ξ ∂ Ω
train_03091,∂ Ω Φ Ξ Ξ ∫ ∫ Ω
train_03092,∇ Ξ Ω ∫ ∇ Φ Ω Ξ ∂ Φ
train_03093,∂ ∇ Φ Ξ ∂ Ξ ∂ Ω Φ Φ Ξ Ξ ∇
train_03094,∂ Φ Ω ∇ Φ Φ Ω Ω Ω Φ ∫ Ω
train_03095,∂ ∇ ∫ Ξ ∇ ∇ Φ ∂ Ξ ∫ Ξ
train_03096,∫ ∫ Ξ Ω ∫ ∫ Ξ Ξ ∇ ∇ Ξ Ω ∇
train_03097,Ξ ∫ ∇ Φ Ω ∂ Ξ
train_03098,Φ ∇ ∂ ∫ Ω Φ Ξ Φ
train_03099,∂ Ξ ∇ ∫ Ω ∇ ∇ Ξ Ξ Ω Φ ∂ ∫
train_03100,∂ ∂ Φ ∂ Ω Ξ
train_03101,Φ Ω ∫ Φ Φ ∂
train_03102,Ξ Φ ∇ ∇ ∇ ∫ ∇ ∫ Ω ∂ Φ ∇
train_03103,Ω Φ ∂ Ω ∂ ∇ Φ
train_03104,Φ ∂ ∫ ∇ Φ ∫ Ξ ∇ ∫ ∇
train_03105,∫ ∇ ∇ ∂ Φ
train_03106,∫ Ξ Φ Φ ∫ Ξ Ω ∇
train_03107,Ω ∂ Φ Ω ∫ Φ ∫ ∂ ∇ Ω Ξ ∫
train_03108,∫ ∂ ∫ ∇ ∫ ∂ Ξ Ξ
train_03109,Φ Ω Ξ Ω ∂
train_03110,Φ ∫ Ω Ξ Ω Ξ Ξ ∇ ∫ Φ ∫
train_03111,Φ ∂ Ξ Φ ∂ ∂ Φ Φ Ω
train_03112,Ξ Φ Ξ ∫ Ω Ξ ∫ ∂ ∂ Ω Ω
train_03113,∇ Φ Φ ∂ ∫ Φ ∂ ∫ Φ
train_03114,Ω ∇ Ξ Ξ ∇
train_03115,Ω ∫ Φ ∇ ∇ Φ Φ ∫ ∂ Φ
train_03116,Ξ Ω Ω ∫ Φ ∇ Φ ∫ ∂
train_03117,∂ ∂ ∇ ∂ Φ Ξ
train_03118,∇ Ξ ∂ Ω ∂ Ω
train_03119,Φ Ξ Φ Ξ Ξ
train_03120,∂ ∫ Φ ∫ ∇ ∇ ∫ Φ ∂ ∫
train_03121,Φ Ω ∂ ∫ Ω ∂ ∂ Ξ Φ Ω ∂ Φ ∇
train_03122,Ξ ∫ Ω ∫ Φ Ω ∫ Φ ∫
train_03123,∂ ∂ Ξ Ω ∇ Ξ ∂ Ω
train_03124,Φ ∂ Ω ∂ Ω Ω ∇ Φ ∇ Ξ Φ Ω ∫ Φ
train_03125,∂ ∂ Ξ Ξ Φ Ξ ∂ ∂ ∂ ∫
train_03126,∇ Φ ∫ Ξ ∫ ∇ ∫ ∇ Φ
train_03127,Φ Ω ∫ ∂ ∫
train_03128,Ω ∂ Φ ∂ Ξ Ξ ∇ ∫ ∂ ∫ Ξ
train_03129,∂ Ξ ∂ ∂ ∂ Φ ∫
train_03130,∂ ∂ Φ Ξ Φ Ξ Ω ∇ ∇ ∂ Ξ Ω Φ
train_03131,Ω Ξ ∂ Ξ ∇ Φ ∫ ∫
train_03132,∇ ∇ ∂ Ξ Ω ∇ Φ ∇ Ω Φ Φ ∂ Φ
train_03133,Ξ Ω Φ Ω Ξ Ω Ω ∇ ∫ Φ Ξ Φ
train_03134,∂ Φ Ξ Φ Φ Ξ ∂ Φ ∇
train_03135,∫ ∫ ∇ Ω Φ ∂
train_03136,Ξ ∇ ∇ Ξ ∂ Ω ∇ ∂ Φ ∇ ∇ ∫ ∂ Ω
train_03137,Ξ Ω ∂ ∇ Ξ Φ
train_03138,Ω Ξ Φ ∫ Ω Ξ Φ ∫ ∫
train_03139,Φ Ξ Φ ∂ ∂ Ω Ω ∇ Ξ
train_03140,Ω Ξ Φ ∫ Φ ∫ Φ Ξ Ξ ∇ Ω
train_03141,Φ ∫ Ω Φ Φ Ω ∂ Ω Ξ ∇ Φ Φ
train_03142,Ξ ∫ Ξ ∫ ∇ Ω
train_03143,Ω Ω Ω Ω Φ Ω Ω ∫ Ω ∫ Ω
train_03144,Ω Ω ∂ Φ Ω ∂ Ω Ξ
train_03145,∇ ∇ Φ ∂ Φ ∂ Ω ∇
train_03146,Ω Ξ Ω Φ ∂ ∫ ∇ ∂ Ω Ξ
train_03147,Ξ Ξ Ω Ξ Ω ∫ ∇ Ω ∂ ∂ ∇ ∂ Ξ
train_03148,Φ Ξ Ξ ∫ ∫ ∇ Ω ∂ ∫ Ω Ξ Ω Ξ
train_03149,Ξ ∂ ∇ ∫ Ξ ∫ ∫
train_03150,Φ ∂ ∇ Ξ ∇ Φ Ω ∂ Ω Ω
train_03151,Φ Φ ∫ ∫ Φ ∇ Φ Ω ∇ ∫ ∇ Ω
train_03152,∇ ∇ ∫ Ω Ω ∇ Ξ ∂ ∂
train_03153,Ξ Ξ Ξ Ξ ∫ ∂ Φ
train_03154,Φ Ω ∂ ∇ Φ Ξ Ω Ω ∇ ∇ ∫ Φ Φ ∇
train_03155,∂ Ξ Ξ Φ ∂ ∇ ∇ Ω Ξ Φ Φ Ω
train_03156,∇ Ξ Ω Ξ ∇ Ξ ∂ Φ Φ
train_03157,∫ ∂ Φ ∂ Ξ ∂ ∇ Ω ∂ Ω Ξ ∫ ∂ Φ
train_03158,Φ Ξ ∇ Ω Ω Φ ∫ ∂ ∂ Ξ ∫
train_03159,∇ ∂ Ξ ∇ ∫ Ξ ∫
train_03160,Φ Φ Ξ Φ ∂
train_03161,∫ Φ ∇ Φ ∫ Ω ∫ Ξ ∫ ∫ ∫ Ξ ∇ ∂
train_03162,Φ ∇ ∫ ∫ Ω
train_03163,Φ Ξ ∫ ∇ Φ ∫ ∫ ∇ ∫ ∫ ∫ Φ
train_03164,∫ Φ ∂ Ω Ω ∇
train_03165,Ξ ∇ ∂ Ξ ∇
train_03166,Φ Φ Φ Ω ∫
train_03167,∂ Ξ Ω Ω Ω
train_03168,∫ ∂ Φ Ξ Φ ∂ ∫ ∂
train_03169,∇ ∇ Φ Ω ∇ ∂
train_03170,∇ ∂ ∫ ∫ ∇ ∇ ∂ ∇ ∇ ∂
train_03171,∫ ∂ Ω ∂ ∇ Ξ ∇ Ω ∫
train_03172,∇ Ξ ∫ Φ ∫ ∫ ∫ ∂ ∂ ∇ ∫ ∇ ∇
train_03173,Ω ∂ ∫ Ξ Ω Ξ ∂ ∫ ∂ Ω
train_03174,Φ ∂ ∂ ∇ Φ Ω ∇ ∇ Φ ∫
train_03175,Φ Ξ Ξ ∫ ∫ ∫
train_03176,∫ ∇ ∫ ∇ ∂ ∂ ∇ Φ ∫ ∫ Ξ Ω ∫ ∇
train_03177,Φ ∫ ∇ Φ Ω ∇ Ξ
train_03178,Φ ∇ Ω ∂ ∇ ∂ Φ ∇ Ω Ξ
train_03179,∫ Φ ∂ ∇ ∫ Ω Ξ ∂ ∫ Φ Φ ∇
train_03180,∫ Ω ∇ Ω Ξ Ω ∇ Ξ Ω
train_03181,Ξ Ξ Ω Ξ Ω ∫ ∂ ∇ ∫ ∇ ∇ ∇ ∫ ∫
train_03182,Ω Ξ ∫ Φ ∫ Φ Ω ∂ Φ
train_03183,Ξ ∇ Φ ∂ Ξ ∇ Ξ
train_03184,∂ Φ ∂ Ξ ∫ Ω ∫ ∫ Φ ∇
train_03185,∫ Ω Ω ∫ Ξ ∫ Φ Ξ Ξ ∂
train_03186,∫ ∇ ∇ ∇ Ω
train_03187,Ξ ∂ Φ ∫ Φ Φ ∇
train_03188,∫ Ξ ∇ ∇ ∂ Φ Ω Ξ Φ ∫ ∂
train_03189,Ξ Φ ∂ Φ Ξ Ξ ∂ Ξ ∇ ∫
train_03190,Ξ ∂ Ξ Ω ∂ ∂ ∂ ∇ ∫ Ω Φ
train_03191,∫ Ω ∫ Ξ ∇ Φ
train_03192,∫ Ξ Ξ ∂ ∂ Ξ ∫
train_03193,Φ Φ Ω Ω ∂ Ω ∫ ∫ ∇ Ξ ∫ ∇
train_03194,Ω ∂ Ω ∇ ∇ ∂ ∇ ∂ ∂ ∂
train_03195,Φ Ω Ξ Φ Φ ∂ ∇ ∂ Φ Ξ ∫ ∫ ∫
train_03196,Ω ∂ Φ Ω Ω ∫ Φ ∫ ∂ Ω
train_03197,Ξ Ξ ∂ Ξ ∇ Ξ Ξ
train_03198,∂ Ξ ∇ Ξ Φ Ξ
train_03199,Ξ ∫ ∫ Ω Ξ ∫ Ω Φ ∂ Φ ∫ ∇
train_03200,Ω Ω ∫ ∂ Ξ ∂ Ω ∫ ∫ ∂ Φ Ω Φ ∫
train_03201,∇ ∫ ∫ ∇ Φ Ω Φ
train_03202,∂ ∇ ∫ Ξ Φ Φ ∇ Φ ∂ ∇ Ω ∫ ∂ ∇
train_03203,∇ Ω Φ ∇ Ξ Ω ∂ ∇ ∫
train_03204,Ω Ω Ω ∇ Ξ
train_03205,Ξ ∫ Ω ∂ ∇ ∫ Ω ∫ ∫ Φ Ω ∫
train_03206,Ω ∇ Ω ∂ Ξ ∫ ∫ ∂ Φ Φ ∫ ∇ ∇ Ω
train_03207,∇ Φ ∂ ∇ Φ Ω ∫ ∂ ∂
train_03208,∂ ∂ ∇ ∂ ∫
train_03209,Ω Ξ ∂ ∇ Φ Φ ∂ ∇ ∫ ∂ ∫
train_03210,Ω Ξ ∂ ∫ ∂ ∫ Φ Ξ ∇ ∫ ∇ ∂ Φ ∫
train_03211,∇ Ω ∇ ∫ Ξ Φ Ω ∂ Φ Ω Ω
train_03212,∇ Ξ Ω Ξ Ω Φ
train_03213,Ω Φ ∫ Ξ Ω ∂ ∂
train_03214,Ξ ∇ ∫ Ξ Ξ Ω ∂ Ξ Φ ∫
train_03215,∂ Φ Ω ∫ Ω Φ Ξ Φ
train_03216,∇ Ξ ∂ ∫ ∫ Φ ∇ Ω
train_03217,Ξ ∫ Φ Ξ Φ Φ ∂ Φ
train_03218,∫ Ξ Ω Φ Φ ∇ Φ
train_03219,∂ Ω ∇ Ξ Ξ Ω Ξ ∂ Φ ∂ ∂
train_03220,∂ Ω ∂ Ω ∫ Ω ∫ Φ ∂ Φ ∇ Ω Ξ ∇
train_03221,Ξ ∇ Φ Ξ Φ ∇
train_03222,Ω ∇ ∂ Φ ∂ Ω ∂ ∇ Ξ
train_03223,∂ ∂ Ω ∫ ∇ ∫ Φ Ω Ω ∂ ∂ ∂
train_03224,Ξ Φ Φ Ξ ∫
train_03225,Φ ∂ ∂ Ξ Ξ ∂ ∇ Ξ Ω ∇ Φ Ω ∂ Φ
train_03226,∇ Ω ∇ Φ Φ ∂ ∫ ∇ Φ
train_03227,∇ ∫ Φ Ξ ∂ Ω Ω Ω
train_03228,∇ Φ ∂ Ξ Ω ∂ Ξ Ω ∇
train_03229,Ω ∫ ∇ Ξ ∂ Ξ ∂ ∇ ∂ Φ Ω ∫ Φ
train_03230,Ω ∇ Ξ Ω ∇ ∫ Ω Ξ ∇ Ω ∂ ∫
train_03231,Ξ ∂ Ξ Ω Ξ Ω Ω ∇ Ξ
train_03232,Ξ Ξ Ξ Ξ ∫ ∫ Ω
train_03233,Φ ∇ ∫ Ω Ξ ∫ ∫ Φ Ω
train_03234,Φ ∂ Ω Ξ ∂ ∫
train_03235,Ξ Ω Ξ Ξ Φ ∇ ∫ ∫ Φ
train_03236,∂ ∫ Φ ∂ Ξ Ω
train_03237,Φ ∫ Ω Ω Ξ Ω Φ ∂ ∂ Ω Φ
train_03238,Ξ Ω Ξ ∫ Ω Φ ∂ Ξ ∫ ∂ ∇
train_03239,∫ Ω ∇ ∇ Ω Ξ ∫ Ω Φ Ξ
train_03240,Ω ∂ Ω Ω Φ ∂ Ξ ∫
train_03241,Φ ∫ Ξ Ξ Ω Ω ∫ Ω ∇
train_03242,∇ ∂ ∂ ∫ ∂ Φ
train_03243,∇ ∇ Ω ∂ Ξ ∇ ∇ ∇ Ω Ω ∂ Ξ Φ
train_03244,∇ ∫ ∇ Ξ ∇ ∂ Φ ∂ Ω
train_03245,Φ ∂ ∇ Ω Ω ∂ ∇ ∂ Ξ Ξ ∇ ∫ Ξ ∇
train_03246,Ω Φ Ω Ξ Ξ Ω Ω Φ Ξ ∂
train_03247,Ξ Ξ Φ ∂ ∫
train_03248,Ω Φ Ω ∂ Ξ ∂ Φ ∇
train_03249,∂ Ω ∂ Φ Ξ Ω ∂ Ω Ω ∫ Ξ ∂
train_03250,∇ Φ Ξ Ξ Ω Ξ Ω Ω ∂
train_03251,∇ Ξ Ξ Ω Ξ ∇ Ξ
train_03252,∇ Ξ ∇ Φ Φ ∇ Φ
train_03253,∫ ∂ Φ Φ Ω Ω Ω Ω ∇
train_03254,∇ Φ Φ ∫ ∫ ∇ Φ ∫ Φ
train_03255,∫ ∫ ∫ Ξ ∇ ∇ Ξ ∫ Ξ ∫ Φ Φ
train_03256,Φ ∂ Φ Ξ Ω Φ Ξ ∂ Ξ
train_03257,∇ ∂ Ω Ω Ω ∂ Φ ∇ Φ ∇ ∇ Φ
train_03258,Φ Ξ Ω ∇ ∂ Ω Ω Ω Ξ ∇ Ξ Φ
train_03259,∇ ∇ Ξ ∫ ∇ Ω Ξ ∂
train_03260,Ω ∂ ∂ ∇ Ω Ω
train_03261,Ω ∫ Ξ ∫ Ω
train_03262,Φ ∇ Φ Ξ ∂ Φ ∂ Φ Ξ Ω ∇ Ξ Ξ
train_03263,Ξ Φ ∇ ∂ ∂ Φ ∫ Ω Φ ∇ Ω ∇
train_03264,Ω ∫ Ξ Φ Φ ∫ ∫ Φ Ω ∇ Ω Φ ∇ Φ
train_03265,∫ Ξ Φ Ω Ω ∂ Φ
train_03266,∂ ∂ ∫ Ξ ∫ ∂ Φ ∂ Φ Ω Φ Φ
train_03267,Φ ∇ ∂ Ω Ξ
train_03268,∂ ∇ ∫ ∫ Ω
train_03269,Ω ∫ ∫ ∇ ∂ Φ
train_03270,∫ ∇ ∇ ∫ Φ ∫ Ω Ω ∇ ∂ ∇ ∇ Ξ
train_03271,∂ Ξ ∫ Ω ∂ Φ
train_03272,∇ ∇ ∫ Ξ ∇ ∂ Ξ ∫ Ω ∇ Ω Ω Φ
train_03273,Ξ ∇ ∂ ∂ Ω ∇ ∂ Ξ ∇ ∇ ∫ ∫
train_03274,Ω ∫ ∫ Ξ Φ Ω Φ ∂
train_03275,Ω Ξ Φ Ξ ∫ ∫ Φ ∇ ∂ ∇
train_03276,∂ Φ Ω ∫ Ξ Φ Φ ∫ Φ ∂ Ξ Φ ∫
train_03277,∂ ∫ ∫ Ξ ∫ Ω ∫ Ξ Ω Φ
train_03278,Ω ∂ Ω ∂ ∇ ∇ ∫ ∂ ∫ Φ
train_03279,Ξ Ω Ξ ∇ ∇ ∂ Ω Ω ∂ Ω Ξ ∂
train_03280,∂ Φ Φ Ω Ω ∫ Ω ∂ Φ ∫
train_03281,Ξ Ξ Ω ∫ Ω Ξ Ξ Ξ ∫ Ξ
train_03282,∫ ∂ ∫ Ξ ∫ ∂ ∂ Ω ∂ ∇ ∫ ∇ ∫ Ω
train_03283,Ξ Φ ∂ Ξ ∇ ∂
train_03284,∂ ∂ Φ Ω ∫ Ω Φ ∫ ∫ Ω
train_03285,Φ Ξ Φ ∫ Ω ∂ Φ Φ ∇
train_03286,∫ Ω Ω Ω Φ ∇ Φ Ω ∇ ∫ ∂ ∫ Ω
train_03287,∂ ∇ Φ ∇ Ω Ξ Φ ∂
train_03288,∂ ∂ ∫ ∇ ∇ ∇ ∇ ∫
train_03289,Ω Ξ ∂ ∫ Ω ∫ Ξ Φ ∇
train_03290,Φ ∇ Ω ∇ Φ Φ ∫ Ξ Ω ∂ ∇ ∂
train_03291,∫ Ω ∂ ∂ Ω Φ Φ ∇ ∇ Φ Ξ Ω Ξ ∂
train_03292,Φ Φ Ξ ∂ Ξ
train_03293,Ξ ∫ ∂ ∇ Φ Ω Ξ ∇ Φ ∇ ∫ Φ Ω
train_03294,Φ ∇ ∫ ∂ ∂ ∇ ∫ Ξ Ξ Ω
train_03295,Φ ∇ Ξ ∂ Φ ∇ ∫ Ξ
train_03296,∇ ∇ ∫ ∫ Ω Ξ
train_03297,Φ ∇ ∫ ∇ Φ ∇ ∫
train_03298,Φ Φ Φ ∫ ∇ ∫ Ω ∫ ∂
train_03299,Ω ∫ ∇ ∂ Φ Ω Ξ ∇
train_03300,∇ ∇ ∇ Ξ Φ ∇ Ξ ∂
train_03301,Ξ ∫ ∇ Ξ Ω Φ ∫ ∂ Φ Φ Φ ∇
train_03302,Ξ Ξ Φ Φ Φ Ω ∇ Φ ∂ ∫ Ω
train_03303,∇ ∫ ∫ ∫ ∇ ∇ Ξ Ξ ∫ ∂
train_03304,∫ ∫ Ξ Φ Ξ ∇ ∂ Ξ
train_03305,Ω ∇ Ξ Φ Φ
train_03306,∂ ∂ Φ Φ Ξ ∫ Φ Φ Ξ ∇ Ξ Φ ∇ ∇
train_03307,∂ Ω ∫ Ω Ω Φ Ω Ξ ∫
train_03308,Ξ Φ Ξ ∇ ∫ Φ
train_03309,Ω Ω ∇ Φ ∇ Φ Ω ∫ Ξ Ω ∫ Ω
train_03310,Ω Ω ∫ Ω Ω Ξ ∇ Φ Ω Φ
train_03311,∂ Ξ ∫ ∂ Ξ
train_03312,∇ Φ ∂ ∫ Ξ Ω
train_03313,Ω ∇ ∫ Φ Ω ∫ ∂ ∂ ∂ Φ Ξ ∇
train_03314,∂ Ξ ∇ ∫ Ω Φ Ω ∂ ∫ ∂ ∇ ∫ Ξ
train_03315,Φ ∫ ∇ Ω ∂ Φ ∫ ∫ Φ ∂ Φ ∫ ∫
train_03316,Φ ∫ ∂ ∇ Φ Ω Ξ ∫ Ω ∇
train_03317,∂ ∇ Φ Ω Ξ
train_03318,∂ Ω Ω Ξ ∇ ∇ ∫ Ξ Ξ ∂
train_03319,∂ ∫ Φ ∫ Φ ∫ Φ Ξ ∇ Ω Φ Ω
train_03320,∫ Φ ∇ Ξ Ω
train_03321,∂ Ω ∇ Ξ Ω
train_03322,∫ Ξ ∫ Ξ Ξ
train_03323,∇ Ξ Φ Ξ Ξ ∇ ∇ ∇ ∂ Φ Ω Φ
train_03324,Ξ Ξ ∇ Φ ∂ Φ Ξ Φ Φ ∂ ∇ Φ
train_03325,Φ ∇ Φ Ξ Ω ∂ ∇ Φ Φ Ξ Φ Ω Ω ∇
train_03326,Φ Ω ∂ ∫ ∂ Φ ∇ Φ
train_03327,Ξ Ξ ∇ Φ ∂ Ξ ∫ ∂ Φ ∇ ∇
train_03328,Ω Ω Ω ∫ ∇ ∇
train_03329,Ξ ∇ ∂ Ω ∂ Ξ
train_03330,Φ Φ ∫ Ω ∫ ∇ Ξ Ω ∂ ∇ Ξ
train_03331,∫ Φ Φ Φ Φ Ω Ω Ω ∫ Φ Φ Ω Φ
train_03332,∫ ∂ Ξ Ω ∫
train_03333,Ω Φ Φ ∂ Ω ∫ Φ Ω ∇ ∫ Φ ∇ ∫
train_03334,∫ Ξ Φ Ξ ∫ Φ ∂ ∫ Ω
train_03335,Φ ∂ ∇ ∇ Φ
train_03336,∂ ∇ ∫ ∇ ∫ ∇ ∂ Ω ∇ Ω Φ Ω ∂
train_03337,Ω ∂ ∂ Ω ∂ ∇ ∫ ∂ Ξ ∂ ∇ Φ ∂ Ω
train_03338,Ξ ∇ Ξ Ω Ω Φ ∂ Ξ ∂ ∂ ∫
train_03339,∇ ∇ Ξ Φ Ξ Ω Ξ Ξ Ξ Ω Ξ ∇
train_03340,Ω ∇ ∫ Ξ ∇ Φ ∇ Ξ Ω ∇ ∂
train_03341,Φ Ω ∇ ∇ ∂ ∇ ∫ ∇ ∫ Ξ ∂ ∂
train_03342,∂ ∫ Ω ∇ ∂
train_03343,Ω Ξ Ξ ∫ ∇ Ξ Ξ ∫ Ξ Φ Φ ∫ ∂
train_03344,∂ Ω ∫ Ξ Ω Ξ ∂ Ω Φ ∂ ∫
train_03345,Φ ∫ Ω ∇ ∫ ∫ ∂ ∂ Ξ Ω ∂
train_03346,Ω ∂ ∇ ∂ ∇ ∇ Ξ ∫ Ξ Ξ ∫ Ω ∂ Ω
train_03347,Φ ∫ ∇ ∫ ∇ Ξ Ω
train_03348,Ω Φ Ω Φ ∂ Φ ∇ Ξ Ω Φ
train_03349,∇ ∂ Φ ∫ ∇ Φ ∇
train_03350,∫ ∫ ∫ ∫ ∂ Ω ∫ Φ ∫ ∫
train_03351,Ω ∂ Φ Ω Φ
train_03352,∂ Φ Ω ∇ ∫ Ω Φ
train_03353,∇ Ω ∂ ∇ Φ ∇ Ξ ∇
train_03354,Ξ ∫ Φ ∇ Ω Ξ Ω Ω
train_03355,Φ ∇ ∂ ∫ Ω ∇ ∫ Φ Ξ ∂ Ω ∂ ∂ ∫
train_03356,∇ ∫ ∇ ∫ Ω
train_03357,Ξ ∇ Ξ ∂ Ξ ∫
train_03358,∇ ∇ Ω Ω Φ Φ Ω ∫ Ω ∇ Ω ∫ ∇
train_03359,Ω ∇ ∫ Ω ∂ ∫ Φ Φ Ξ Ω ∇
train_03360,Ω Ξ Ω ∇ Φ ∇ Ω ∂ ∫ Ξ Φ Ω Ξ
train_03361,∂ ∫ ∂ ∫ Ξ ∫ ∂ Ω
train_03362,∫ ∫ ∫ Ξ Ξ ∫ Φ
train_03363,Ω Ω Φ ∇ Φ ∂ Ω ∂ Φ
train_03364,Ξ ∂ ∂ Ξ ∫ Φ ∫ Φ ∫
train_03365,∂ Ω Φ ∫ Ω ∂ ∫ ∇ Φ Φ Ξ Ω Ω
train_03366,Ξ Ω ∇ ∇ Ω Ξ ∂ ∫ Ξ
train_03367,Φ ∂ Φ Φ Ξ Ω ∫ Φ ∫ ∇ ∫
train_03368,∇ ∂ ∂ Φ ∫ ∇ ∇ Ω ∂ ∂ ∂ ∫ Ξ
train_03369,∇ ∂ Φ ∫ ∂ Φ ∫
train_03370,∫ Ω ∫ ∂ Ξ ∇
train_03371,∫ ∇ Ω Ξ Ξ Ω ∫ ∇ Ω ∫ ∫ ∫ ∂ ∇
train_03372,Ξ Φ Ξ Φ ∫ Ξ ∇ ∇
train_03373,∂ ∂ Ξ ∫ Ξ Ξ ∇ Ξ Ξ ∇
train_03374,Ω ∇ ∫ ∫ ∇
train_03375,Ω Φ ∫ Ω ∂ Ω
train_03376,∂ ∇ ∇ Ω ∇ Ω ∇ ∂ Φ Ω Ω ∇ Ξ ∫
train_03377,Ξ Ω Φ Ω ∫ ∂ ∇ ∂ ∫ ∂ Φ ∇ ∂ Φ
train_03378,Ω Ξ Φ Φ ∇ Φ
train_03379,Φ Φ ∫ ∇ Ω Φ Φ
train_03380,Ξ Ω ∇ ∇ ∂ ∂ ∫
train_03381,∂ ∫ Φ ∂ Ω
train_03382,Ω Ω ∇ Ω Ξ Ω Ξ Ω ∫ ∇
train_03383,∇ ∇ ∇ ∫ Ξ Ω Ξ ∇ Ξ Ω ∂
train_03384,∇ ∇ ∂ ∇ ∂ ∇ Ω ∇ ∫ ∇ ∇ Ω
train_03385,∫ ∇ ∇ ∇ Φ ∫
train_03386,Ξ ∂ ∇ Ξ Ξ Ξ Ξ ∇ Φ Ω Φ Ξ Ξ ∂
train_03387,Φ Ω Ω ∫ ∫ ∂ Ξ Φ Ξ Ξ Ω Ξ Ξ ∫
train_03388,∂ Φ ∂ ∂ ∂
train_03389,∫ Ω Φ ∂ ∂ Ξ ∇ ∫ Ξ ∫ Φ Ω
train_03390,Ξ Ξ Φ ∇ ∫ Ω Ξ ∂ Ξ
train_03391,Ω ∂ ∂ Ω ∫ ∫ ∂ Ξ ∇
train_03392,Ω Ω ∇ ∫ ∂ Ω Ω Ξ Ξ ∫ Ω ∇
train_03393,Φ ∇ ∫ ∇ Φ Φ ∫ Ω ∂
train_03394,∂ Ω Ω ∫ ∂ ∂ ∫ Ω ∇ ∫ Φ ∫ Ω
train_03395,∂ Φ Ξ ∫ Φ ∫ Ω Ξ Ξ Φ ∂ Ω
train_03396,Ξ Ω Ξ Ω Ξ
train_03397,Φ ∇ Φ ∇ ∇ Φ Φ
train_03398,∫ ∇ Φ Ξ ∫ Ω ∫ Φ ∂ ∫ ∇ ∂ ∫ ∂
train_03399,Ξ ∫ ∫ Φ Ξ ∫ Φ Ω Ω Ξ ∫ ∇ Ω Ξ
train_03400,∂ ∫ Ξ Ω Ξ Ω Ω Φ ∇ Φ
train_03401,∇ Φ ∫ ∫ Ξ ∫ ∇ ∂ Ξ ∂ ∂ Φ
train_03402,∂ ∂ ∂ ∫ Φ Ξ Ω Φ
train_03403,Ω Φ Ξ Φ ∇ ∇ Φ Ξ Ω Φ ∫ Ξ ∇ Ξ
train_03404,∂ Φ Φ ∫ ∫ ∇ Φ
train_03405,Ω Ξ Ξ ∂ ∇ Φ Ω Ω Φ
train_03406,∂ Ω ∂ Ω ∂ ∇ Ω ∇ ∫ Φ Φ Φ
train_03407,Ω ∫ Φ Φ Ω Ξ ∫ Φ ∫ ∇ ∫ ∫
train_03408,∇ Φ Ξ Ξ ∫ Φ Ξ Ω ∇ ∇
train_03409,Ξ Ω Φ ∇ Ω Ξ ∂ ∂ Ω
train_03410,Ω ∇ ∂ Φ ∇ Ξ
train_03411,∇ Φ ∇ Ω Ξ ∇ Φ ∇
train_03412,∫ Φ ∫ Ω ∇ ∇ Ξ Φ ∇ Ω Φ
train_03413,Ξ Ω Ω ∫ ∫ ∫ Φ Φ ∇ ∇ Ξ ∫ Ω ∫
train_03414,∂ Φ Ω Ξ ∫ Φ ∂ Ξ Ω ∂ Φ
train_03415,∂ ∫ Ω Ξ Ξ ∇ ∇ Φ ∂ Ξ ∫ ∇ Ω ∂
train_03416,∂ ∂ Ξ Ξ ∫ ∂ Φ ∇ ∇ ∫ Ξ
train_03417,∫ ∇ ∫ Ξ Ω ∫ Ξ ∫ ∇ Ω Ξ Ξ Ξ
train_03418,∫ ∂ Ξ ∇ ∂ ∇ ∇ ∫ Ξ ∫
train_03419,Ξ Ω Ξ ∫ ∫ ∫ Ω ∫ Ω ∫ ∂ ∇ ∫ ∫
train_03420,Φ ∇ Φ ∂ ∇ ∫ Ω ∂ ∫
train_03421,∇ Ξ ∇ Ω Ω ∫ Ω ∫ Ω Ξ
train_03422,Ω Φ ∫ Ξ ∫ ∇ Ξ ∫ Ξ Ξ ∂ ∂
train_03423,∂ Φ ∇ Ξ Φ ∇ ∇ ∇ ∂ ∇ Ω Ω ∫ ∫
train_03424,Φ Ω ∂ Ξ ∇ ∫ Ω ∂ ∇ ∇ ∇ Ω ∇ Ξ
train_03425,∂ ∂ ∂ Φ ∇ Ω ∇ ∇ Ω Ω Ξ ∇
train_03426,Ω ∂ ∫ Φ ∂ ∇ Φ
train_03427,∂ Ξ ∫ ∫ Ω ∂ Ξ ∇ ∂ ∂ Φ Φ Φ Ξ
train_03428,∇ Ξ ∇ Ω ∫ ∇ Ω Ω ∂ Φ Ω ∇
train_03429,Ω Ω Ξ ∫ ∂ ∂ Φ Φ ∂ Ξ Ω ∇ ∫ ∇
train_03430,Φ Ω Ω ∇ ∫ Φ ∇ ∂ Φ Φ
train_03431,∫ Ξ Φ Ξ Ξ ∫ Ξ Ω ∫ ∇ ∇ ∂
train_03432,∇ Ω ∫ Ω ∫ ∫ ∇ Ξ
train_03433,∇ ∫ ∂ Φ Ω
train_03434,Φ Ξ Ω ∫ ∇ ∇ Ξ Φ Ξ
train_03435,Ω Ω Ξ ∂ ∫ ∇ Ω
train_03436,Φ ∂ Ω Ω Ω ∫ ∂ ∇ ∇ ∫ ∫ Ω Ω ∇
train_03437,Φ ∇ ∫ ∫ ∂
train_03438,∫ Ξ Ω Ξ ∂
train_03439,Ω ∇ ∂ Φ ∇ ∫ Ω Φ Ω Φ
train_03440,∇ Ω Φ ∂ ∫ Φ Φ ∫ Ξ ∫
train_03441,∫ Φ Φ Ξ Ω ∇ Ξ Ω Ω ∇ ∂
train_03442,∇ ∫ ∇ Ω ∇ Ξ ∂ ∂ ∇ ∫ Ω Ξ Ξ
train_03443,Ξ ∫ ∂ Φ Ω Ω ∂ Ω Ω ∫
train_03444,Ξ ∂ ∫ Ω ∂ Φ ∂
train_03445,Ω Φ Ω Ξ ∇ Ω ∂ Ξ ∫ ∇ Φ Φ Ξ
train_03446,∂ ∇ ∫ Ω ∇ Ω ∫ Ξ ∫ Φ Ξ ∇ Φ ∫
train_03447,∫ ∫ Ω Ξ Ξ Ξ Ω Ξ Φ ∂ ∫ Ξ
train_03448,∫ ∇ ∫ ∇ Ω ∂ Ω ∂
train_03449,∫ ∫ Φ ∂ Φ ∫ Ω
train_03450,Ω Ξ Ω Ξ Ξ Ξ ∂ Ω Ξ ∂
train_03451,Φ Ξ Ξ ∂ Φ ∂ Φ Ω ∫ ∇ Ξ
train_03452,Φ ∇ Φ Φ Ω Ξ Ξ Φ ∇ Ξ
train_03453,∫ ∫ Ω ∫ ∫ Φ ∇ ∂ ∇ Ξ
train_03454,∇ ∫ Φ ∫ Ω ∇
train_03455,∇ Ω Ω Ξ ∇ Φ ∇
train_03456,Ξ Ω Ξ Ω Ξ Φ ∫ ∇ ∇ ∂ ∇
train_03457,∇ ∇ ∫ ∫ Ω Ω ∂
train_03458,Ω ∫ Φ ∇ Φ
train_03459,∇ ∂ ∂ ∇ Ω ∫ ∂ ∫ ∫ Φ
train_03460,Φ Φ ∫ Ξ ∂ Φ ∫ Ω ∂ Ξ Ξ Φ
train_03461,Ξ Ω ∫ ∇ ∇ Ξ Φ ∫ Φ Ω ∂ ∫
train_03462,Ω Ξ ∇ ∇ ∫ ∂ ∫ Φ Ω ∫
train_03463,∂ Φ Ξ Φ ∫ Ω
train_03464,∇ Ξ ∇ Ξ Φ ∇ Ξ Φ Φ Ξ Ξ ∂ Ξ
train_03465,Ξ Ω ∇ ∫ Ω Φ ∂ Φ Ξ Ω ∇ Ω ∇ Ω
train_03466,Ω Φ ∂ Ξ Ξ ∂ Φ
train_03467,∂ ∫ Ξ ∂ Ξ Ξ Ω ∫ ∂ Ξ ∇ Φ
train_03468,Ξ Ω Φ ∫ Ω ∂ Φ Ξ Ξ ∇ Ξ
train_03469,∇ Ω Ω Ω Φ ∫ ∫ ∫
train_03470,∇ Φ ∂ ∫ Φ Ω ∫ Φ ∫ Ω ∂ Ξ
train_03471,Ω ∫ Ξ Φ Φ ∂ Ξ ∂ ∇ ∫ Ω Φ
train_03472,Φ ∂ Ω ∫ ∇ Ω ∇ Φ
train_03473,∂ ∫ Ω ∇ Ω ∫ Φ Φ Ξ Ω Ω Ω Φ
train_03474,Ω Ξ Φ Ξ Ξ ∂ Ξ Ω
train_03475,Ω ∫ Ω Φ Ω ∇ ∇ Φ ∂ Ω
train_03476,∂ Ξ ∂ ∫ ∇ ∂
train_03477,Ω ∇ ∫ Ω Ω ∫
train_03478,Φ ∇ Ξ ∫ ∇ ∂ ∂ ∂ Φ
train_03479,Ξ ∂ ∇ ∂ Ξ ∂ ∫ Ξ Ξ ∫ Ξ
train_03480,∫ ∇ ∂ Φ ∇ Ξ Ξ Ω ∂ Ξ ∫
train_03481,∇ ∇ Ξ ∫ ∇ ∫ Ω Ξ ∫ ∇ Ξ Ξ
train_03482,Ξ Ξ Ξ Φ Ξ ∇ ∇ Φ ∫
train_03483,∫ ∫ ∂ Φ Ω Φ ∂ Φ Ω Ξ Ω Ξ
train_03484,∇ Ξ Ξ Φ Ω ∇
train_03485,Φ ∂ Φ Ξ ∫
train_03486,Φ Φ Ξ ∫ Ω Ξ ∫ Ω ∇ ∫ Ω
train_03487,∫ Ξ Φ Φ Ξ Ω ∫ Ω
train_03488,∫ ∂ ∇ ∇ Φ ∂
train_03489,∇ ∇ ∫ Ξ Ω Φ
train_03490,∇ Ξ Ω Ω ∂ Ξ ∫ ∂ Ω Ω Ξ Φ Ω ∫
train_03491,Φ Ξ ∫ ∂ ∇ ∫ ∫ ∇ ∫ Ω Ξ Ω Ξ
train_03492,Ξ ∂ ∫ Φ ∇ Φ
train_03493,Ω ∂ ∂ Ξ Φ Ξ ∂ Φ Ω ∇
train_03494,∫ ∂ Ξ Ω ∇ Φ ∇ Φ ∫ Ω ∫ Φ Ω ∫
train_03495,∂ Ω Ω ∂ ∇ Φ
train_03496,∇ ∂ Ξ ∇ ∫ Ξ Ω
train_03497,Φ ∫ ∇ Φ Ω ∂ Ω ∂ ∂ Φ ∂
train_03498,Ω Φ Ω ∇ ∇ ∇ ∫ ∂ ∇ ∇ Φ Ω Ω ∂
train_03499,Ξ ∂ Ξ ∂ ∫ ∫ ∇
train_03500,∂ Ξ Φ ∂ ∇
train_03501,Ξ ∇ Φ Φ Φ ∇ Φ Φ Ω Ω ∇ ∂ Ξ
train_03502,∫ ∇ ∂ ∇ ∇ ∫ Φ ∇ Ξ Ξ ∂ Φ ∇
train_03503,Ω Φ Ξ ∫ ∇ Ξ Ω Ω Ω ∂ ∂ ∂ Φ
train_03504,Ξ ∫ Ξ Φ Ξ Φ ∂ ∇ Φ Ξ
train_03505,∫ Ω Φ ∂ ∫ ∫ Φ ∫ ∇ ∇
train_03506,∫ Φ Ω ∫ ∂ ∫ Ξ Ω Ξ ∫ Φ
train_03507,Ω ∫ ∇ Φ Φ Φ ∇ Φ
train_03508,Φ Ω ∫ ∇ ∂ Ξ
train_03509,∇ ∫ Ω ∂ Ξ Φ ∂ Φ Ω ∂ ∫
train_03510,∂ Ξ Ω Φ ∫ Φ Φ ∫ ∫ Ω Ω Ω
train_03511,Φ ∫ ∂ ∫ ∂ Ω ∫ ∫ Ω ∇
train_03512,∂ ∇ Ω Φ ∇ ∇ ∇ Φ ∇ Ω Ω
train_03513,∫ ∇ ∇ Ω Ξ Ξ Φ Ω Ω Ξ
train_03514,∇ Ξ Φ Ω ∫ Ω ∇ ∇ Φ Ω Ξ Ξ Ω
train_03515,∫ Φ ∇ Ξ Ω Φ Φ Φ Ω Ω Ξ ∂ Ω Ω
train_03516,∂ Φ Φ ∫ ∫ ∇ Φ Ω ∇
train_03517,∫ ∫ ∇ Ξ ∇ Φ ∇
train_03518,∂ Φ ∫ ∇ Ω ∂ Φ Ω ∂ Ω Φ
train_03519,∂ ∇ ∂ ∫ ∫
train_03520,∫ Ω ∇ Φ Φ
train_03521,Ω ∫ Ξ Ω ∇ Ξ Ξ Ξ Φ Φ
train_03522,Ω Φ ∂ ∫ Ω ∫ ∇ Φ Φ Ξ Ω
train_03523,Ξ ∂ Ξ ∇ Ξ Φ ∫
train_03524,∫ ∫ Φ ∇ Ω ∂
train_03525,∇ Ξ ∇ Ξ ∫ Φ ∂
train_03526,∂ ∂ Ξ Ξ Ω Ω
train_03527,∂ ∂ Φ ∂ Ω ∇ Ξ Φ
train_03528,Ξ Φ ∫ Ω ∫ ∫ ∫ ∫ Ω ∂ ∂ ∂ Φ
train_03529,∇ Ω Ξ ∂ ∂ ∇ Ω Φ
train_03530,∫ ∂ Ξ ∫ ∫ ∇ Ω ∫ Ω ∫
train_03531,∇ ∇ ∫ ∇ Ξ Ξ ∇ ∫ Ω Ω
train_03532,Ω Ω Ξ Ξ ∇ Ω ∇ ∫ ∫ Ξ ∇ ∇ ∫
train_03533,Ξ ∫ ∫ Ω ∫ ∫ Ξ
train_03534,Φ ∫ Ω Φ Ξ ∫ Ξ ∇ ∂ ∫ Φ Ω
train_03535,Ξ ∂ ∫ ∂ Ω ∇ ∇ ∂
train_03536,∂ ∇ ∫ Ω ∫ ∂ ∇ ∇ ∂ Ξ Ξ Φ
train_03537,∂ Φ Ξ Ω ∫ Ω ∂ Ξ Ξ Φ
train_03538,∇ ∂ ∂ Ω ∇ ∇ Ξ ∇
train_03539,∫ Ξ ∇ Ω ∇ Ω ∂ Ω
train_03540,Φ Ω ∇ ∂ ∂ ∫ Ξ ∂ ∇ ∇
train_03541,Φ Φ ∫ ∂ ∫ ∂ ∫ Ξ
train_03542,Ω Φ Ξ Φ Ω ∇ ∇ ∇ Φ Ω
train_03543,∇ ∂ ∫ Ξ ∂
train_03544,∇ Φ Ω ∂ Φ ∂ Ξ Ξ ∫ Ω Ξ Ξ Φ
train_03545,Ω ∂ Ω Ω Φ Ξ Ω
train_03546,Ξ Ω ∇ ∂ Ξ Φ Φ Φ Φ Φ ∇ Ω
train_03547,Ξ Ω Ξ ∫ ∇
train_03548,∫ ∂ Φ Ω Ξ Ξ
train_03549,Ξ Ξ ∇ ∂ ∂ ∇
train_03550,∫ ∂ Ω ∂ ∫ ∫ Ξ ∂ ∇ ∫ ∇ ∂ Φ
train_03551,∫ ∂ ∇ Ξ Φ Ξ Φ ∂ Ω ∂ ∇ ∇
train_03552,Ξ Φ Ω ∂ ∇ ∂ Φ ∇ Ξ ∇
train_03553,∇ ∫ ∇ Ξ Ξ ∂ ∇ ∫ ∂
train_03554,∫ Ω Ξ Ω Ω Φ ∂ ∂ Φ ∇ Ω ∂
train_03555,∫ Φ ∫ Ω ∇ ∂ ∇ ∂ ∇ ∇ ∫ Ω Φ
train_03556,Ω ∇ Ξ Ξ ∇ ∇ ∫ ∫ Ω Φ Ω Φ
train_03557,Ω Ω Ξ Ξ Φ
train_03558,∫ ∇ ∂ Φ ∂ Φ ∂ Ω ∫ ∫ ∇ Φ Φ
train_03559,∂ Ξ ∫ Ω Ξ ∫ Φ Ξ
train_03560,Ω Φ Φ ∫ ∇ ∇ ∇
train_03561,Ξ Ω Ω Ω ∫ ∂ Φ ∂ Ξ ∂ ∇ Ξ Ω
train_03562,∫ Ξ Ω Φ Φ ∫ ∫ ∫ ∇ Φ Ξ ∇
train_03563,∂ Φ ∫ Φ ∇ Φ Ξ ∇ ∂ Ξ ∫ Ω
train_03564,∇ Ω Ξ ∂ ∇ ∂ Φ Ξ ∇ Ω ∫
train_03565,Ω ∫ Φ ∫ Φ ∂ Ω ∇
train_03566,Ξ ∫ Ξ Ξ Ω Φ Ξ ∫ Ω Φ ∫ Ξ Ξ
train_03567,∂ ∂ ∇ Ω Ω ∂ ∇ ∂ Φ Ξ
train_03568,∇ ∫ Φ Ξ ∫ Φ Ξ Ξ
train_03569,∂ Φ ∫ ∇ ∂ Φ ∫ ∂ Φ ∫ ∇
train_03570,∫ Ω Ω Φ ∇ ∇ ∂ ∫
train_03571,Ξ ∇ ∇ ∂ ∂ ∫
train_03572,Ξ ∂ ∫ Φ ∫ ∇ ∂ Ω
train_03573,∂ ∂ Ω ∫ ∫
train_03574,∫ ∇ ∇ ∫ ∫
train_03575,∇ ∇ ∇ Ξ Φ ∇ Ω Ξ ∂ ∫
train_03576,Ω ∂ ∂ Φ Ω Ξ ∂ Φ ∫ Ξ
train_03577,∇ Φ Ξ Φ Φ ∂
train_03578,∂ ∂ Φ ∇ Ξ ∫ Ω Ω
train_03579,Ξ ∂ Ξ Ω ∂ Φ ∫ ∫ ∂ ∇ Φ Ξ ∫
train_03580,∂ Ω Ξ Ω Ω ∫ Ξ ∂
train_03581,Φ ∂ ∫ ∫ Ω
train_03582,∂ ∂ ∂ ∇ ∇ Ω Ω Φ
train_03583,∫ Φ ∇ Ξ ∫ ∇ Ξ Ω
train_03584,Ω ∂ Φ ∫ ∫ ∫ ∫
train_03585,∫ Φ ∇ ∫ Ξ Φ ∇ ∫ Ξ Ω ∫ Φ ∂ ∂
train_03586,Φ ∂ ∫ ∫ Φ Ω ∫ ∫ Ξ ∫
train_03587,∫ ∇ Ξ Ω ∇ ∫ ∂ ∂ ∫ Φ Φ ∂
train_03588,Φ Ξ Ξ ∂ Φ Φ Ξ Φ Φ
train_03589,Φ Ξ Ξ Ξ Ξ Ξ ∂ ∇ ∇ Ω Ξ ∇ Ξ ∂
train_03590,Ω Φ Ξ Ω Ξ Φ Φ ∫ ∫
train_03591,Ξ ∫ ∫ ∇ ∇ ∫ ∫ Ξ ∫ ∂ ∇ ∂ ∂ ∂
train_03592,Φ ∫ ∂ Ω ∫ ∂ Φ ∇ ∇ ∇ Φ Φ ∂
train_03593,∫ ∂ Φ ∂ Φ Φ
train_03594,Ω Φ Ω ∂ ∇ Ξ ∇ Φ Ω
train_03595,∫ ∇ ∂ ∂ Ξ ∂
train_03596,∂ Φ Ω Φ ∫ ∇ Φ ∇ ∫ Ξ Ω Φ ∫
train_03597,Ξ Ω Ξ Φ ∫ Ξ Ω ∂ ∂ Ω ∇ ∂ ∇
train_03598,∂ ∇ Φ ∇ ∇ ∇ Ω
train_03599,Ξ ∫ Φ ∂ ∂ ∫ ∇ ∂ Φ ∫ Φ ∇
train_03600,∇ ∫ Φ Ω ∇
train_03601,∇ ∫ ∫ ∇ ∫ Φ ∇ Ω Ξ Ξ ∂ Ξ
train_03602,∂ Ω ∂ ∫ Ω ∂ Ω Ω Φ Ξ Φ ∂ ∇
train_03603,∂ Ξ ∇ ∂ ∫ ∂ Φ Ξ Φ
train_03604,∇ ∇ ∂ ∇ ∇ ∂ Ξ Ω Ω Φ Φ
train_03605,∫ ∇ ∫ ∫ ∫ ∇ ∇ Φ ∫
train_03606,∫ Φ Ξ ∂ Ω Ξ ∂ Ξ Ξ Ω
train_03607,∇ ∂ ∂ Ω ∂
train_03608,∫ Φ ∫ ∇ ∂ ∫ ∇ ∇ Ξ Ξ Ξ ∫ ∫ ∂
train_03609,Φ ∫ ∇ ∂ Φ ∫
train_03610,∂ Ξ Ξ Ω Φ ∂
train_03611,∫ ∂ Ξ Φ Φ Ξ ∫ ∂ Ω
train_03612,∫ ∂ ∇ Φ ∂
train_03613,Φ Φ ∫ ∫ ∫
train_03614,∫ Ξ ∫ ∇ ∂ ∇ Ω ∇ ∇ ∇ Ξ
train_03615,∂ Φ ∫ ∇ ∫ ∂ ∫ Φ Ξ Ω
train_03616,∂ ∇ ∫ ∫ Ξ ∂ ∂ Ω ∂
train_03617,Φ ∇ ∫ Ξ Φ Φ Ξ ∇ Φ Ξ Φ Ξ Ξ ∫
train_03618,Φ ∇ ∂ Ω Ξ ∫ ∂ Ξ Φ ∇ Φ
train_03619,∫ Ξ Φ ∫ ∂ Φ ∇ ∂ Ω Ω Ξ ∇ Ω Φ
train_03620,∂ ∂ ∫ Φ Ω Ω Ξ Ω Ξ ∇
train_03621,∫ ∫ ∂ ∇ ∇ Ξ ∫ Ω Φ
train_03622,Ω ∫ Ω ∫ ∇
train_03623,Ω Φ Ξ Φ Φ ∫ ∫ Ω ∇ ∫ Φ Ω ∇
train_03624,Ω Ω ∫ ∇ Ω Φ Ω ∂ ∫
train_03625,∂ Ω ∇ ∇ Ω Ξ Φ ∇ Φ Ξ ∫ ∂ Ξ ∫
train_03626,Ξ ∂ Φ Φ Ω Ω
train_03627,Φ ∇ Ω ∂ Φ Ξ Ξ
train_03628,∇ Φ ∫ Φ Ω Φ Φ ∂ ∇ Ω Ξ Ξ Ω ∂
train_03629,Ω ∫ ∫ ∫ ∫ ∂ Ω Ξ Ω
train_03630,Ξ ∂ Φ Ξ Ξ Φ ∫ Ω Ξ Ξ
train_03631,Φ ∂ ∂ Ξ ∫ Φ ∂ ∫ ∂ Φ Ω Φ ∫ ∇
train_03632,∇ ∫ Ξ ∂ ∫ Ω ∂
train_03633,Ξ ∂ ∂ Φ ∫ Ξ
train_03634,∫ ∂ Φ Ω Ω
train_03635,Ω Φ Ξ ∫ ∂ Φ ∫ ∂ ∫ Ξ Φ ∫ ∂ Φ
train_03636,Φ ∇ ∫ ∫ Φ Φ Ω Ξ
train_03637,∫ Ξ Φ Ω ∫ ∇ Ω ∂ ∫ Φ ∂ ∇ ∂
train_03638,∂ Ω Ξ Ξ Ξ
train_03639,∂ Ξ ∫ ∇ Ξ Ω ∂ ∇
train_03640,∇ Φ Ξ Ω Φ Ω ∇ Φ ∫ ∇ ∫ ∂ Ξ
train_03641,∇ Φ ∂ Ξ Ω Ω Ξ Ξ Ξ ∫ ∫ ∇ ∂
train_03642,Ξ ∂ ∫ ∫ Φ ∇ ∫ Ω ∇ ∂ ∫ Ω
train_03643,∫ ∇ ∫ Ξ Ξ ∇ Ξ
train_03644,∫ Ξ Ξ ∫ ∫ ∫ ∫ ∇ ∂
train_03645,Ξ Ξ ∂ ∇ Ξ Φ ∇ ∂ ∇ Φ
train_03646,∂ ∂ ∇ ∇ ∂ Φ
train_03647,Ω ∂ ∂ ∂ Φ ∂ ∫ Ω ∫ Ω Ξ Ξ
train_03648,∇ Ω ∂ ∂ ∫ Ω Ω ∫ Ω Ξ Ξ ∂ ∫
train_03649,Ω Ω Φ Ξ Ω ∂ Ω
train_03650,Φ ∫ Φ Φ Ξ ∇ Ξ ∇ ∇ Ξ ∫ ∂ Ξ ∫
train_03651,Φ ∂ ∇ Ω Ω ∇ Ξ Ω ∇ Ξ Ξ
train_03652,Φ Ξ ∫ ∫ Ξ Ω Φ
train_03653,∇ Ξ Ξ ∇ ∂
train_03654,Ξ ∫ ∫ Ξ Φ ∫ Ξ Ξ Ω Ω ∇ Φ Ξ
train_03655,Ξ Ξ Ω ∇ ∇ Ξ ∫ Ω ∂ ∇ ∇ ∫
train_03656,Ω ∂ Φ ∂ ∫ ∂ Ω Φ
train_03657,Ξ ∇ Ω ∇ Ω ∇ ∇ Ξ ∫ ∂ Ω ∫ ∂
train_03658,∫ Ω Φ ∇ Ξ Ξ ∂ Φ Φ ∇ Ξ Ω ∂
train_03659,Ω ∫ Ω ∫ ∫ ∂ Ξ
train_03660,∇ Ω Φ Ω Ω
train_03661,∂ Ξ Ω Ξ ∂ Φ ∫ ∇ ∇ ∫ ∫ Ω
train_03662,Ξ ∇ ∫ ∂ Ξ
train_03663,∂ Φ Ω Φ ∂ ∫
train_03664,∇ Ξ Ω Ξ Φ ∂ Φ Ω ∫
train_03665,Ω ∫ ∫ Ω ∇ Ξ ∫
train_03666,∇ ∫ Φ Φ ∂ ∫ Ω Φ Ω Ξ Ω
train_03667,Φ Φ Φ ∂ Ξ ∫ ∇ ∇ ∫ Ω ∇ ∇ ∫
train_03668,Ξ ∇ Φ ∂ Ω Ξ ∇ Ξ ∫ ∂ Ω Ω ∇ ∫
train_03669,Ω Ξ Ω Ω Φ ∫ ∇ ∇ ∇ Ξ ∇
train_03670,Ω Φ Φ Φ ∫ Ξ ∫ ∂ ∂ ∇ Ξ ∫ ∂ Ξ
train_03671,∇ ∫ Φ Ω ∇ Ξ ∇
train_03672,Φ ∫ ∂ Φ Φ Φ ∫ Ω ∇ ∫
train_03673,Φ Ξ Φ ∫ Ω ∂ Ω Ξ Ξ ∇ ∫ Φ ∇
train_03674,Ξ ∫ Ξ Ω ∫ ∂ ∫ ∇ ∇ ∇ Φ ∇
train_03675,∇ ∂ Ξ ∂ Ω Ω ∂ ∂ Φ Ω ∫ Ξ
train_03676,∫ Ω Ω ∇ Ω Ω ∇ ∫ Ω ∫ Ω
train_03677,∫ ∂ Ξ ∂ Ω ∇ Ω Φ
train_03678,Ξ Ω Ω ∇ ∇ ∫ ∂ ∇ Φ
train_03679,Φ ∇ Ξ ∂ ∇ ∇ ∇
train_03680,∂ ∫ Ξ Φ ∇ ∫ ∇ ∇ ∇ Ω Ξ Φ
train_03681,∇ Ξ ∫ Ξ Ξ ∫ ∫ Ω Φ ∇ ∇ Φ Φ Ω
train_03682,Ω Ω Ω Ω Ξ Ξ ∂ ∇ ∇
train_03683,Φ ∇ ∂ Ω Φ ∂
train_03684,Φ Φ Ξ ∇ ∂
train_03685,∇ ∫ ∂ ∇ Ξ ∇ Ω Ξ ∫ Φ
train_03686,Ξ Ξ ∂ Ω ∇
train_03687,Ξ ∫ ∂ Ξ Ω
train_03688,Ω ∇ Φ Φ Φ Ω ∇ Ω
train_03689,∇ Ω ∫ Φ Ω ∂ Ξ Ω ∫
train_03690,∫ ∫ ∇ ∇ Φ Ω ∂ ∫ Ω Φ ∂
train_03691,∇ ∇ Φ Φ Ω Φ Ω ∇ Φ Φ Ξ Ω Ω ∫
train_03692,∇ ∫ Ω Φ Ξ
train_03693,∂ ∫ ∫ ∫ ∂
train_03694,Ω Φ ∇ Ω ∇
train_03695,Φ Ξ ∫ ∫ Φ Ω
train_03696,Φ ∂ Ξ ∇ Ω Ω Φ ∫
train_03697,∂ ∫ Φ ∫ ∫ ∇ Ω ∇ ∫ ∇ ∇
train_03698,∇ ∫ ∇ Ξ Ω Ω Ω Ξ ∫
train_03699,Ω Ω ∫ Ξ Ξ ∇ ∂ ∂ ∇ ∫ ∫
train_03700,Ξ Ξ ∇ Φ ∂ ∫ Ω Ξ ∫ ∫ ∂ Ξ
train_03701,Ξ ∇ Ξ Φ Ξ ∇ Φ
train_03702,∇ Φ ∂ Φ ∂ ∂ Ω Φ
train_03703,Ξ Φ ∂ ∇ Φ Ω ∂ Ξ Φ ∫
train_03704,Ω ∂ Ω ∇ ∂ ∇ ∫ ∫ Ω Ξ ∇ Φ Ξ
train_03705,Ω Ω ∇ ∇ Ξ ∫ Ω ∇ Ξ ∫ Ω Φ ∫ ∂
train_03706,∂ Ω Φ Ξ Φ
train_03707,∫ ∂ ∇ ∂ Ω Ξ Ξ ∂ ∫ ∂ Ω
train_03708,∫ Ξ ∫ ∂ Φ
train_03709,Ξ Ξ ∂ Ω ∫ Ξ ∂ ∂
train_03710,∇ Ξ ∫ ∂ Ξ
train_03711,∂ Φ ∇ ∇ Ω ∂ ∂ Ω ∂ Ξ Ω
train_03712,Ω ∇ ∫ ∂ Ξ ∂ ∫ ∫ ∇ Φ Ξ ∂
train_03713,Ξ Φ ∫ Ω Φ Φ Φ ∂ ∫ Φ Ξ Ω
train_03714,∂ ∇ ∂ Ξ ∇
train_03715,∂ Ω Ω ∇ ∫ Ω Ω Ω Φ Ξ Φ
train_03716,∇ Ξ Φ Φ ∇ Φ Ξ
train_03717,∫ Ω Ω Φ Φ Ω ∫ ∇ ∫
train_03718,Ξ ∇ ∫ Ξ ∇ ∫ ∇ Ξ
train_03719,Φ ∫ Ξ Ξ Φ Ξ ∂ ∇
train_03720,Φ Φ ∇ Φ ∫ Φ ∂ Φ Ξ Φ Ω Φ
train_03721,Ξ ∂ ∫ Φ ∫ ∇
train_03722,∂ Ω Φ Ω ∂ ∂ ∂
train_03723,Ω Φ ∂ ∫ Φ ∫
train_03724,Ω ∫ ∇ ∫ ∂ ∂ ∫
train_03725,Φ ∇ Ω Ω Ξ ∇ Ξ ∫ ∂ Ω Ξ
train_03726,Ξ ∇ Ξ ∂ Φ ∫
train_03727,∂ Ξ Φ ∫ Ω ∂ ∂ Ω ∇ Ω Ξ ∂
train_03728,∇ Ω ∇ Ξ Φ Ω ∇ Ω
train_03729,∂ ∂ Ω Ω ∂ Ξ ∂ ∫ Ω ∂ Ξ ∇
train_03730,∇ Ω Ω ∂ ∂ ∇ ∇ Ξ ∫ ∇ Ω Φ Ω
train_03731,∫ ∇ Ξ Ξ Ξ ∂ ∇ ∂
train_03732,Ξ ∇ Ξ ∂ Ω
train_03733,Φ Φ ∇ Ω Φ ∂ Φ ∂ ∇ Ω ∫ ∇
train_03734,∇ Ξ Φ ∂ ∂ Φ Ξ
train_03735,Ξ Ξ ∂ ∇ ∇ Φ Ξ ∂ Ξ
train_03736,Φ Φ ∂ ∇ Ω ∂ ∇ Ω Ω
train_03737,Ξ ∂ Ξ ∫ Φ Ξ Ξ ∇ Ω ∂ Ξ
train_03738,∇ ∂ Ξ Φ ∫ Φ ∂ ∫ ∫ ∂ Ω ∇ Ω ∇
train_03739,∂ Ξ ∂ Ω ∂ Ω Φ Φ Ω Φ Ω
train_03740,∫ Ξ Ξ ∂ ∂ Ξ ∫ ∂ ∫ ∫ Φ ∂
train_03741,Φ Ξ ∇ Ξ ∇ Ξ Ξ Φ Φ ∫ ∂ Ω
train_03742,Φ ∫ Ξ Ξ Φ ∫ ∂ ∇ Ξ Φ ∇ ∂ ∇
train_03743,∇ ∫ Ω ∫ ∂ ∫ Ω Ω ∫
train_03744,∫ ∂ Φ ∂ ∇
train_03745,Φ Ξ Ω ∇ ∫ Ξ ∂ Φ ∂ Ω Ξ Ω
train_03746,∫ Ξ Ω Ω ∫ ∫ ∇ ∂ ∂ Ω Ω
train_03747,Ω ∇ ∫ Ξ ∫ ∫
train_03748,Ω Φ Ξ Ω ∂ Ω ∫ ∇ Ξ ∇
train_03749,Ω Ω ∂ ∇ ∇ ∫ Ω
train_03750,∂ Ξ ∂ ∇ Ξ ∇ ∇ ∂ Ξ ∫ ∇ ∫ ∫ ∫
train_03751,Ξ Φ Ξ Ξ ∇ ∂ ∂ ∫ ∇ Ω ∂ ∂
train_03752,Φ Ξ Ω ∫ Ξ Ω Φ
train_03753,Ξ Ξ Ω ∂ ∂ Ξ ∇ Φ Ξ Ξ ∂ Ω Ξ
train_03754,Φ ∂ Φ ∂ Φ Φ Φ Ω Φ Ω Ξ ∇ Ω Φ
train_03755,Ξ ∂ ∇ ∫ Ω Ξ Φ Ω ∫ Ω ∂ ∇ ∫ ∇
train_03756,∂ Ξ ∇ ∫ Φ Ω ∫ ∫ Φ
train_03757,Ω ∫ Φ ∇ Ω Φ Ω ∇ Φ ∇ ∫ Ω ∇
train_03758,∂ Ω ∫ ∫ Ω Ξ
train_03759,∇ ∂ Φ Ξ ∇ ∂ Ω Ω ∂ Ω
train_03760,∂ Ξ Φ ∇ Ω Ξ Ξ ∂ Ω ∂ Φ Φ ∇ Ξ
train_03761,Φ Ω ∂ Ξ Φ
train_03762,Ξ ∫ Ω Ξ ∇ ∂ Φ ∇ ∫ Ξ ∇ Ξ Ω Ω
train_03763,Φ ∫ ∫ Ξ ∫ ∫ ∇ Φ Ξ ∫ Φ Φ Φ
train_03764,Ω ∫ Φ Φ ∇ Ξ Φ Φ Ω
train_03765,Ω Ξ Φ Φ ∫ Φ Ξ Ω Ξ Ξ Φ Ξ
train_03766,∂ Ξ ∂ Ω Ω ∫ ∂ ∫ ∫ Ω
train_03767,∂ ∫ Ω ∇ Φ Φ ∂ ∇
train_03768,Ω ∂ Φ ∇ Ω ∂ ∫ Φ Φ Ω Φ ∫ ∫ ∇
train_03769,Ξ Ξ ∇ Ξ ∂ Φ Ω ∇ Ω Φ Φ Ξ
train_03770,∫ Ω Ξ ∫ Ξ Ξ ∫ Φ Φ
train_03771,∇ ∇ ∫ ∫ ∇ ∂
train_03772,∂ ∫ Φ Ω ∂ ∂ Ω Ω Φ ∇ Φ
train_03773,∂ ∂ Φ ∇ ∂ Ξ Φ ∫ Φ ∫
train_03774,Ω ∇ ∫ ∫ Ω ∫ ∂ ∫ Ω Ξ
train_03775,Ω ∫ Φ ∂ ∫ ∂ Ξ Φ Φ ∇
train_03776,∇ ∇ Ω Ω Φ ∇ ∂ Φ Ξ ∇
train_03777,Ξ ∫ ∫ ∫ ∇ ∂ Φ Ω Ω Ω Φ
train_03778,∂ Ξ ∫ ∇ Φ ∇ ∫ ∫ ∫
train_03779,∂ ∫ ∇ ∫ Ω ∂ ∂ Ω ∂
train_03780,∫ Φ ∫ ∇ Ξ Ω Ω Φ
train_03781,∂ ∇ ∂ Φ Ξ ∫ ∂ Ω Ξ Ξ
train_03782,Ξ Ω ∇ Ω ∇ Φ Ω Ω ∫ ∫
train_03783,∇ Φ Ξ Ω ∫ ∂
train_03784,∂ ∫ Ω ∫ ∂ Ω Ω ∂ ∫ Ξ ∇ Ω ∫ ∫
train_03785,Ξ Φ Φ Φ Ω ∫
train_03786,Φ Ω Φ ∂ Ξ ∂ Ξ Ξ Ξ ∇ ∫ ∫ Φ
train_03787,∂ ∇ Ω ∇ Φ ∂ Ω ∂ ∫ Ω ∂
train_03788,∂ ∇ Ω Ξ Ω Ξ Ω Ω Ξ Ω
train_03789,Φ ∂ Ω ∂ ∫ ∫ Φ ∫ ∇ Ω Φ ∫ Φ Ω
train_03790,Ω ∫ ∂ ∇ ∫
train_03791,∫ ∇ ∫ Ω ∇ ∂ ∇ Ξ Ξ Ω ∂ Ξ
train_03792,Φ ∂ ∇ ∫ Ω Φ ∂ ∇ Ξ Ξ Φ
train_03793,Φ ∇ Ξ ∂ Ξ ∂ ∫ Φ Ω
train_03794,∇ ∂ ∫ ∇ ∇ Ξ
train_03795,∂ ∂ Φ Φ ∂ ∇ Ω Φ
train_03796,∇ Ω Ω ∇ Ω ∂ ∇ Ξ ∇ Ω ∇ ∇ ∇
train_03797,∫ Ω Φ Ω Φ ∫ Φ Ξ Φ Ξ
train_03798,Φ ∂ ∇ ∫ Ω ∫ ∇ Φ ∫ ∂ Ξ
train_03799,∂ Φ Ω Ω Ξ Ω Ξ ∇ ∂
train_03800,Ξ ∂ Φ ∇ Φ
train_03801,∇ Ξ Ω Ξ ∇ ∂ Φ ∇ Ω
train_03802,Φ ∇ ∇ Φ Ω Ξ
train_03803,Ω Ω Ω Ξ ∫ ∇ Ω Φ Ξ Φ Ω ∂ Ξ
train_03804,Ξ ∫ Φ ∂ Φ Φ ∫ ∇ Ω ∇ Φ Φ
train_03805,Ξ Φ ∇ ∫ Φ Ω Ξ ∇ ∇ Ξ ∫ ∂
train_03806,∂ ∫ ∇ ∇ ∫ Ξ ∫ Ξ Ω ∂ Φ ∫
train_03807,∫ ∂ Ω Ω ∂
train_03808,Φ Φ ∂ ∫ Φ Ω ∇ Φ Ω
train_03809,Ω Ω ∇ ∇ ∂ Φ ∫ Ω
train_03810,Φ Φ ∇ ∫ ∫ ∫ Ξ Φ ∇ Ω ∇ ∇
train_03811,Φ Ω Ω ∫ Ω
train_03812,Ω ∇ ∂ ∇ ∇ ∇ Ω Φ Φ Ω ∇
train_03813,Ξ Ξ Ξ Ω Ξ ∇ ∇ Φ
train_03814,∫ ∫ Φ ∂ Ω Ξ ∇ Ω ∫ Φ
train_03815,Φ ∇ ∂ ∂ ∂ ∂ Ω ∂ Ω Ξ
train_03816,Ξ ∫ Ω Ω ∇
train_03817,∂ ∫ Ω Φ ∇
train_03818,∂ ∫ ∫ ∂ Ω Φ ∂ Ξ Ξ Ξ
train_03819,Φ Ξ ∫ ∫ Ω ∫ ∂ Φ ∫ Ω ∇ Φ
train_03820,∫ ∫ Ξ Ω ∇ Φ ∂ Φ Ω Φ Ω Φ Ω Ω
train_03821,Ξ ∇ ∂ Φ Ξ Ω ∇ ∇ Ω ∂ ∫ ∂ ∫
train_03822,∫ ∇ Ξ ∂ ∂ Ξ Ξ Φ ∇ ∇ ∇ Ω Ω Φ
train_03823,∂ ∇ ∂ ∇ ∂ ∂
train_03824,Ξ ∫ ∇ ∫ ∇ ∂ Ω Φ ∇ ∫ ∇ Ω Ξ
train_03825,∂ ∇ ∫ Ω ∫ ∫ ∇ ∫ ∇ Ω Φ ∫ ∂
train_03826,∇ ∫ ∇ Ω ∇ ∂ ∇ ∫
train_03827,∫ ∂ Φ Ξ ∂ Ω ∫
train_03828,Ξ ∫ Ξ ∂ Ω Ξ ∂
train_03829,∇ ∂ Ω ∇ Ξ Φ Φ ∂ Ξ ∫ ∂
train_03830,Φ Ω ∇ Ξ Ξ Ξ Ω Ω ∫ ∂ ∂ ∫
train_03831,Ω Ω Ξ ∇ Ω Ω
train_03832,∂ Ξ ∫ Ω ∂ Ω ∇ ∇ ∂
train_03833,Φ Φ ∇ Ξ Φ ∇ ∫ ∇ Ω Φ ∫ ∇
train_03834,Ω Φ ∇ ∇ ∇ Ω Φ Ξ ∂ ∂ Φ Ω Ξ ∇
train_03835,∫ ∂ ∫ ∂ ∫
train_03836,Ξ ∫ Φ Ξ Φ ∂ ∫ Ω Ω Ω
train_03837,∫ Φ Ξ Φ Ω Ξ ∫ Ω ∫ Φ Ξ ∇
train_03838,∫ Ξ ∇ ∫ Φ
train_03839,Ξ ∂ ∂ Ω Φ
train_03840,Φ Ω ∂ Φ ∫ ∂ ∂ Ω Ω ∫
train_03841,Φ ∂ ∫ Ω ∫ Φ Ξ ∇
train_03842,∇ ∂ ∫ ∇ Ω ∇
train_03843,∇ Ω Ξ Ω ∇ ∂ ∫ ∂ ∫ ∇ Ξ
train_03844,∫ Ξ Ξ ∫ ∂ Φ
train_03845,∇ Φ ∫ ∂ ∫ ∫ ∂ Φ Φ ∫ Ξ
train_03846,∇ ∇ Ξ ∇ ∇ ∫ Φ Ω ∇
train_03847,Ξ Ω Ξ ∇ Φ ∂ Φ Φ ∂ ∇ ∂
train_03848,Ω Ξ ∂ ∂ ∫ Φ ∇ ∇ ∂ Ξ
train_03849,∇ Φ Ξ Φ Φ Ω Ω Φ Ξ ∫ Ξ ∫ ∇
train_03850,∂ Φ ∂ ∇ ∫ ∫ Ξ ∂ Ω
train_03851,∇ Ξ Ω ∂ ∇ ∇
train_03852,Ω Ω ∇ Ω ∂ ∇ ∇ Φ Ξ Ω Ω ∫ ∇ ∂
train_03853,Ξ ∇ Ω ∫ Φ ∇ ∂ Ξ ∫ ∫ Ω
train_03854,∫ Ξ ∂ ∫ ∇ Ω ∇ Ξ Φ
train_03855,Φ ∇ ∇ ∇ ∇ Ω
train_03856,∫ ∂ ∇ Ξ Ξ ∫ Φ ∫ ∫ ∫ Ξ Φ Ω
train_03857,∂ ∇ Ω Φ Φ ∇ Ω Ξ Ω Ξ
train_03858,Ω Ξ ∇ Φ ∂ ∇ Ω Ω ∇
train_03859,∫ Ω ∇ Φ Φ ∇ ∂ Ξ Ξ ∫ Ξ
train_03860,∇ Ξ ∂ ∇ Ω Ξ ∫ Ξ ∇ ∇ Ξ
train_03861,∂ Ω ∂ ∇ Ω Φ ∂ Ω Ω Ω ∂ ∫
train_03862,Ξ ∫ ∫ Ξ Ω Ω Ω ∫ Φ Φ Ξ ∂ Ξ
train_03863,Φ ∇ Ω ∫ ∫ Φ Ξ ∫ Ξ Φ ∇
train_03864,Ω ∫ Ξ ∇ ∇ ∇ ∫ ∇ Ξ ∫
train_03865,∫ ∇ Ξ ∫ ∫ ∇ ∇ Ξ ∇ ∫ ∂ Φ ∇
train_03866,Ξ Ω ∇ ∂ Ω
train_03867,Ξ Φ Ξ ∇ ∇ Ω ∇ ∂ Ω Φ ∇ Φ Ξ
train_03868,∇ Ω Φ ∂ Φ ∫
train_03869,Ω Ξ Ω ∂ ∂ ∂ ∂ Ξ ∇ Ω Ω ∂ ∂
train_03870,∫ Ω ∂ ∇ Φ Φ Ω ∫
train_03871,Ξ Φ ∂ ∇ ∂ ∇ ∂ ∫ ∫ Ξ ∇ ∇ ∇
train_03872,∫ ∇ Ω ∇ ∂ Φ ∫ Ξ
train_03873,∂ Ω ∫ ∫ ∇ ∇ ∫
train_03874,Φ Φ ∂ ∇ ∫ ∫ Ω Ω ∂
train_03875,Φ Φ ∂ ∇ Φ Φ ∇ Ω ∇ Ξ Φ Ξ
train_03876,∂ Ω Φ ∫ ∫
train_03877,Ξ Φ ∂ Ξ ∇ Ξ ∇ ∇ Ξ
train_03878,∫ Ω Φ Φ ∂ ∇ ∇ ∂
train_03879,∫ ∂ Φ ∂ Φ Ω
train_03880,∂ ∇ ∂ Ω Ω ∇ Φ Ξ ∂ ∇ ∇ Ξ ∂ ∇
train_03881,Ξ Φ Ω Φ ∫ ∫ ∂ Φ ∂ ∇ ∂
train_03882,∂ Φ Ξ Ω Ω ∇ Ξ ∂ ∫ Ω Φ
train_03883,∫ Ω Ω ∇ ∂ Φ Ξ
train_03884,∫ ∂ ∫ Ξ Φ ∇ ∇ Φ ∫ ∇ Ξ Φ Ω Ω
train_03885,∫ Ξ Ω Ξ Ξ Ω Ω ∫ Φ ∂ ∫ ∫
train_03886,∫ ∇ Ξ ∂ ∫ Φ ∂ ∫ ∇ Ξ ∇ ∂ ∂
train_03887,Ω ∫ ∂ Ω ∇ Ξ Φ Φ ∫ Ω Φ ∂ ∇
train_03888,Φ ∂ Φ ∂ Φ ∇ Ξ Ω ∇ ∇ Φ Ξ ∇
train_03889,∂ ∫ Ω ∫ Ω ∂ ∂
train_03890,Ξ ∇ ∂ ∂ Ξ Ω Φ
train_03891,Ω ∇ ∫ Ξ Ξ ∫ Ω ∂ Φ Φ Φ Ω ∫ ∇
train_03892,∂ Ω Ω Ω ∂ ∂ Ω
train_03893,∇ Ω Ω Ξ Ξ
train_03894,∇ Ω ∇ ∫ Φ
train_03895,Φ Φ ∫ Ω ∂ Ω Φ ∇ ∂ ∇ ∂
train_03896,Ω Ξ Ω Ξ ∫ ∇ ∇ Ξ Ξ ∇ Φ ∂ Ω ∂
train_03897,Ω Ω ∫ Ω Φ ∇ ∂ ∂ Φ Φ
train_03898,∇ ∫ ∫ Ω ∂ ∇ ∇ ∇
train_03899,Ξ ∇ ∇ Ξ ∫ ∇ Ξ ∂
train_03900,∫ ∫ ∂ Ξ Ξ Φ Ω Ω
train_03901,Ξ Ξ Ω ∂ ∇ Φ ∇ Φ
train_03902,Ω ∇ ∫ ∇ ∫ ∂ ∫ ∫ ∫ ∫ Ω Ω Ω
train_03903,∫ ∇ Φ Ξ Φ ∇ ∂ ∇ Φ Ω ∇ Ξ Φ
train_03904,∂ Ω ∫ ∇ ∇ ∇
train_03905,Φ ∇ Ξ Φ Ω Φ Φ
train_03906,∂ Ξ Φ ∫ Ξ ∂ Ω Ξ Ξ ∇ Ω Φ Φ
train_03907,∂ ∇ ∇ ∇ ∇ Ω ∂
train_03908,Ω ∫ Φ ∂ Ω
train_03909,∇ ∇ ∇ Ξ ∇ Ω Φ ∂ Φ Φ Ω Φ ∫ Φ
train_03910,∂ ∫ ∫ Ξ ∫ Ξ Ξ ∫ ∇ ∂ Ω ∇
train_03911,∇ Φ Ω ∂ Ξ Ω ∂ Ξ Ξ ∫ ∇
train_03912,∇ ∇ Ξ ∂ Φ ∇ Ξ
train_03913,∇ ∇ ∇ ∂ ∫ Ξ ∇ ∂ ∫ ∫ Ξ
train_03914,∫ ∂ ∇ Φ ∫ Φ Ω Ω ∫ Ξ Φ ∇ ∇ Ξ
train_03915,Ξ Ξ ∇ ∫ ∂ Ω Ω Ξ Ξ ∇
train_03916,∂ Ω ∫ Ω Φ Ω Φ Φ Ξ ∂ ∇
train_03917,Ξ Ω Φ Ω ∫ Ω ∂ ∂ ∂ Ω ∇ Ω Φ
train_03918,Ξ Ξ ∇ ∫ ∇ Φ ∇ Φ ∇ Ω Φ
train_03919,Ω ∫ Φ ∂ ∇ Ξ ∫ ∇ Ω Ξ ∂ Φ
train_03920,∇ ∂ Ξ ∇ Ξ ∇ Ω ∇ Φ
train_03921,∫ Ξ ∇ Ω Ω Φ Ω Φ Φ ∇ Φ ∇
train_03922,Ξ Φ ∂ ∇ ∇
train_03923,∂ Ω Φ ∫ Φ Ω Ω
train_03924,Φ ∫ ∂ ∂ ∇ Φ Ξ Φ Ξ Ξ ∫
train_03925,Ξ ∇ ∂ Φ ∇ ∇ Ξ Φ Ω Ξ ∂ ∫
train_03926,∇ ∫ ∂ Φ ∂ Ξ ∂ ∇ Φ ∫ ∫ ∇ Ω Φ
train_03927,Ξ ∂ ∇ Ξ Ω ∫ Φ Ω ∫
train_03928,∫ ∂ ∇ ∫ Ξ Φ ∫ Ω Φ Ξ
train_03929,∫ Ξ Φ Φ ∂ Φ Ξ Ξ
train_03930,Φ Φ ∫ Ω Φ Ξ Φ Φ ∂ Ω Ξ
train_03931,Ω ∇ Φ ∂ ∫ ∂ Ω ∫ Ξ Ω Φ Ξ ∂
train_03932,Φ ∫ ∂ Φ ∂ Ω ∂ Ω ∫ Ξ Ξ ∂
train_03933,∫ ∫ Ξ ∇ Ω ∫ ∂ Ξ ∇ ∇
train_03934,Ω ∇ ∂ Ω Ξ ∂ Ω
train_03935,Φ ∂ Ξ Ξ Φ ∇ Ω Ξ Ω Ω ∫
train_03936,Ξ Φ Φ Φ Φ ∂ Ξ ∇ Ξ
train_03937,∫ ∂ ∇ ∫ ∂ ∇ ∇ ∂ Ω Ξ Ω Φ ∇
train_03938,∫ ∫ ∂ Φ Φ ∫ Ω Ω ∫ ∂ Φ Ω
train_03939,Ω ∇ Φ Ξ ∇ Ω ∇ ∇
train_03940,Ξ ∫ ∇ Φ Φ Ξ ∂ Ω Ξ Φ Φ ∇ Ω Ω
train_03941,Φ Ξ Φ Φ ∇ Φ ∫ ∫
train_03942,Ξ Φ ∂ Ω ∂
train_03943,Ξ Φ ∫ ∇ ∫ ∇ ∇ ∂ ∂ Ω ∂
train_03944,Ω ∫ Ξ Ω ∂ ∫ Ω ∇
train_03945,Φ ∂ Ξ Ξ Φ Ω Ξ ∂ ∇ ∇ Φ ∫
train_03946,∇ ∫ ∇ ∇ Ω
train_03947,∫ ∇ Ξ ∂ Φ ∇ Φ Φ Ξ Φ
train_03948,Ξ Ξ ∫ ∇ ∫ ∂ Ω ∂ ∇ Ξ ∇ ∇ ∫ Ω
train_03949,Ξ Ξ Ξ Φ Ω Ω
train_03950,Φ Ω Ξ ∇ Ξ Ξ Φ ∂ Φ ∂ ∇ Ω
train_03951,∂ Φ ∂ Ω ∫ Φ ∇ Ξ Ω Φ Φ ∇
train_03952,Ξ ∫ Φ ∂ Φ Φ Ξ
train_03953,Ξ ∂ Ξ Ω Ω Ξ ∂
train_03954,∇ ∫ ∂ ∫ ∇ Ω Ω ∂ ∂ Φ ∇ ∂ ∂ ∂
train_03955,∂ Ξ ∫ ∇ Ξ Ω ∫ ∇ Ξ ∫ ∇
train_03956,∫ ∇ Ω ∫ ∫ Φ ∂ ∂ Ξ
train_03957,Φ Ξ Φ ∂ Φ Φ Φ ∇
train_03958,∫ Φ ∂ Φ ∂ Ω ∂ ∫ Ω Φ Φ Φ Ω Ξ
train_03959,Ω ∫ ∇ Φ ∂ ∂ ∇ ∇ Φ Φ
train_03960,∫ Φ Ξ Φ Φ ∫ Ω Ω Ξ ∫ ∂ ∂ ∫ ∂
train_03961,Ξ Ξ ∂ Ξ ∫ Φ
train_03962,∇ Ξ ∂ Φ ∫ ∫
train_03963,Φ ∇ ∂ Φ ∂ Φ
train_03964,Φ Φ ∫ ∫ ∂ ∂ ∫
train_03965,∂ Φ Ω Φ Ξ ∇ ∂ ∇
train_03966,∂ ∫ Ξ ∂ ∂ ∇ Φ ∫
train_03967,Ω ∫ Φ Ξ Ξ Ω ∂ ∫
train_03968,Ω ∫ ∂ ∇ ∇ ∫ ∂ ∂ Ω ∇ Ω ∇
train_03969,Φ Φ ∇ ∂ Φ Φ
train_03970,∂ Φ Ω ∇ Φ Φ ∫ ∫ Φ ∫ Ω ∂
train_03971,Ξ Ω ∫ ∫ ∫ Ξ ∫ ∫ Ω Ω ∫ Ξ Φ Φ
train_03972,Φ ∫ Ξ ∫ ∇ Ω Ξ ∇
train_03973,∇ Φ Ω Ω Ξ
train_03974,∫ ∂ Φ Ξ Ω ∂ Φ Ξ ∫ Ω Ω ∂ ∂
train_03975,∇ Ω ∂ ∇ ∂ Ω ∇ ∂
train_03976,Ξ ∫ ∫ Ω Ω Ω Ω ∇ ∂ ∂ Φ ∫
train_03977,∇ Ω Φ ∇ ∂ ∇
train_03978,Φ Ω ∂ Φ Φ ∂ Φ ∂
train_03979,Ω Φ ∂ ∂ ∂ ∇ ∫ Ω Ω Ω
train_03980,∇ ∇ ∂ ∂ Ω ∂
train_03981,∇ Ω Φ Ξ ∇ ∇ ∂
train_03982,Φ ∇ Ω ∂ Ξ ∫
train_03983,∇ ∫ ∇ ∇ ∇ ∫ ∫ Ξ
train_03984,Φ Ξ ∫ Ω Ξ ∇
train_03985,Φ ∫ ∫ ∇ ∇ ∇ ∂ Ξ ∇ ∇ ∫
train_03986,Ω ∂ Φ ∇ Ω ∇ ∂ ∇ ∇ ∇ ∇ Φ ∂ Ω
train_03987,Ω Φ ∇ ∂ ∇ Ξ Ω Ω Ω Φ ∂ Ξ ∇
train_03988,Φ Ω Φ ∫ ∫ Φ ∇ Ξ Ω ∂ ∂ ∫ Ω ∫
train_03989,∫ ∇ ∂ ∫ ∂ Φ Ω ∇ Ξ Ξ ∇ ∫ ∂
train_03990,Ξ Ω ∫ Φ Ξ Ξ Ω Ω
train_03991,∫ Ξ Ξ Φ ∂ ∫ ∫ ∇ ∫ Ξ ∂
train_03992,∇ ∫ ∂ ∂ Ξ Ω ∂ Ω Φ Ω Ω ∫
train_03993,∂ Ξ Ω Ω Φ
train_03994,∇ ∫ Φ ∇ ∂ ∇
train_03995,∇ Φ Ω Ω ∂ Ξ ∇ Ξ
train_03996,Φ ∂ Ξ ∫ Ω
train_03997,∇ ∂ ∂ Ω Ξ ∫ ∂ ∫ ∂ Φ Φ Φ Φ ∂
train_03998,∫ Φ ∂ Φ Ω ∇ ∂ Ω
train_03999,∂ ∇ Ω Ξ ∫ ∇ Ξ ∂ Ω Ω
train_04000,∫ ∂ Ξ ∇ Ω Ω
train_04001,Φ ∇ ∇ ∂ Ξ ∫ Ξ Ξ Ξ ∇ ∂ Ξ
train_04002,∫ ∇ Ξ ∇ ∂ ∫ Ω Ω ∇
train_04003,∫ ∫ ∂ ∫ ∇ ∇ ∂ Ξ Ω Φ ∂ Φ Ξ ∂
train_04004,Φ Ξ ∇ ∫ ∂
train_04005,Φ Ξ Ξ ∂ ∂ Ω Φ ∇ Ω ∇ Ξ ∫ ∂ ∂
train_04006,Ξ ∇ Ξ ∂ ∫ Ξ ∂ Ω Ξ ∇ ∇ ∇
train_04007,∫ Φ Ω Φ Φ Ξ
train_04008,∂ Φ Ξ ∂ ∫ Ξ Ξ
train_04009,Ξ Ξ Ξ ∂ Ξ ∇ ∂ ∇
train_04010,Ξ Ω Ω Ξ Ω Φ ∫ ∇ ∂ ∂ Φ Ξ
train_04011,∇ ∇ ∂ ∂ ∂ ∇ ∂ ∂ ∇ ∂ ∇ ∫
train_04012,∂ ∂ Φ ∂ Ξ ∫ Ω ∂ ∂ Φ Ξ ∇ ∇ Ω
train_04013,Ξ Ω Ξ Φ ∫ Ω Ω ∂ ∫ ∂ Φ ∂ Ξ
train_04014,Ω Ω Φ Ω ∫ Ω ∂ ∇ ∫ Ξ
train_04015,Φ Ω Ξ ∫ ∫ Ω Ξ Ξ Ω Φ Φ
train_04016,∫ ∂ Φ Ξ ∇ Φ ∂
train_04017,∂ Φ ∫ Φ Ω ∇ ∫ ∇ Φ ∫ Ω
train_04018,∇ Ω Φ Ω Ω ∇ Ω Ξ ∫ Φ Φ Ξ Ω
train_04019,Ω Ω Ξ Ω ∇ ∂ Ξ ∇ Ω ∇ ∫
train_04020,Φ Ξ Ξ ∇ ∫ Ω Φ Φ Ω ∇ ∂ Φ
train_04021,Ω ∂ Φ ∂ ∇ Φ Φ Ω ∂ Ξ ∇
train_04022,Φ ∇ ∂ ∂ ∫ ∂
train_04023,∫ Φ Ξ ∫ Ξ Ω ∇
train_04024,∂ Ω Ω Φ Φ ∫ ∇ Ω Ξ Ω
train_04025,Φ ∫ ∂ ∇ ∇ ∇ ∂ ∇ Φ Φ
train_04026,∇ Φ Φ ∫ ∇ ∇ ∂ Φ Φ
train_04027,Ξ Ξ ∂ Ξ ∂ Ω ∂ Ξ ∫
train_04028,∂ ∂ ∂ Ω Ω ∫ Ω Ξ ∇ Ξ Ξ Φ Ω
train_04029,Φ Φ ∂ ∇ Ξ ∇ Ω Ξ ∂ ∫ Φ
train_04030,Ω Φ ∫ ∂ ∫ ∫ ∂ Ξ Φ
train_04031,∂ Ξ Φ Φ ∫ ∇
train_04032,∇ ∫ Ω ∇ Ω Ξ ∂ Ξ Φ
train_04033,∇ Ξ ∇ Ξ ∫ Ω Ξ Ξ Φ Ω
train_04034,Ω ∂ ∇ Ω Φ Ξ Ω Ξ Ξ Φ ∇
train_04035,∂ ∫ Ξ Ω Φ ∇ Ω Ξ
train_04036,∫ Φ ∂ ∂ ∇ Φ Φ ∫ Ξ ∫ Ω ∫ Ξ
train_04037,Ξ Φ ∇ Ξ Ξ ∂ ∇
train_04038,Ξ Φ ∇ Ξ ∫ Φ Φ Φ ∂ ∫ Ω
train_04039,Φ Ξ Ω ∇ Ω ∇ ∂ ∂ Ξ ∇ Ξ ∇ Ω
train_04040,∇ Ξ Ω ∇ Φ Ξ Ξ ∇ Ω ∫ Ξ Ξ
train_04041,Ω ∇ ∫ Φ Ω
train_04042,∂ Ω Φ Ω Φ Ω ∂ ∫ ∂ ∇ Φ Ω
train_04043,∇ Ξ Ω ∇ ∂ ∫ ∫ ∇ ∂ ∂ Ω
train_04044,Ω Ω Ω ∂ ∇ Ω
train_04045,Ω ∫ Ω ∇ Ξ Ξ ∂ ∇ ∫ Φ ∂ ∂ Ω
train_04046,∂ Ξ ∇ ∇ Φ Ξ ∇ ∫ Ξ
train_04047,Ω ∫ ∫ Ω Ξ Φ Ξ Ξ
train_04048,Ω Ξ ∫ ∫ Ω
train_04049,Ω ∫ ∂ ∂ Ξ ∫ Ξ
train_04050,Ξ Ξ Ω ∂ ∇
train_04051,∇ Φ Ξ ∂ Ξ ∂ Ξ ∇ Ξ Φ ∇ Ω
train_04052,∂ ∇ Φ Ξ ∂ Ω ∂ Ξ Ξ Φ ∂ ∇ Ξ Ξ
train_04053,Φ ∇ ∇ ∂ Ω Ξ Ω Ω Φ Φ
train_04054,Φ Ξ ∫ Ω Ω Ξ ∫ Φ Φ Ξ Φ
train_04055,∫ Φ ∇ ∫ ∂ Φ
train_04056,∫ ∫ ∇ ∫ ∂ Φ Ω Φ Ξ ∇ Φ
train_04057,∂ Ω Ω Φ Ξ Ω ∂ Ω ∇ Ω ∇ ∫ Ω Ω
train_04058,∫ ∂ Ξ ∂ Φ ∂ Ω Ω ∂ ∂ Φ
train_04059,∫ Ω ∂ Ξ Ξ Φ ∫ Ξ ∂ Φ Φ ∫
train_04060,∂ Ξ ∫ Ω Ξ Ξ ∇ ∇ Φ Φ
train_04061,∫ Φ ∫ ∫ Ξ Ω ∂ Ξ Ξ Ξ Ξ Ξ ∇ ∫
train_04062,Φ ∂ ∫ Ω Φ ∫ Ξ ∇ ∫ Ξ ∇ ∂ Φ
train_04063,∂ Φ ∂ ∇ ∂ Ξ ∇ ∫ ∇ ∂ ∇ Φ
train_04064,∫ ∫ Ω ∫ Ξ Ξ ∂
train_04065,Ω ∫ ∂ ∂ ∫ ∫ ∂ ∂ ∂ ∫ Ξ Ω Ξ ∇
train_04066,∇ Ξ ∇ ∫ Ξ ∂ Φ Φ ∂ Φ Φ Ξ Ω ∇
train_04067,Ω Ω Ξ ∇ Φ Ξ Ξ ∂
train_04068,∂ ∂ Ξ Φ ∇
train_04069,Ω ∫ Φ Ω Ξ Φ
train_04070,∇ ∫ Ω Ω Φ ∂ ∫ Ξ ∂ ∇ ∇ Φ Ω Φ
train_04071,∇ ∂ Ω Ξ Ω ∫ Ω
train_04072,Ω Ω ∂ Φ ∫ ∫ ∂ Φ ∂ Ω Ω ∫ ∇
train_04073,Ξ Ω ∇ Ξ ∂ Φ Ξ ∂ ∂ Ξ Ω
train_04074,∇ ∇ ∇ Φ Ξ ∫ Ω Ω ∇ ∂ Φ Ξ ∫
train_04075,Φ Φ ∂ ∫ Ω ∇ Ξ Ξ Ω ∫
train_04076,Ω Ω Φ Φ Ω ∇
train_04077,∂ Φ ∫ Ω Ξ Φ Φ Ω ∫ ∫ Ω ∇ Ξ Ω
train_04078,∇ ∇ ∇ ∂ Φ Φ ∂ ∫
train_04079,Φ Φ ∫ ∇ Ω ∂ Ω Φ ∇ ∂ ∇ ∂
train_04080,∂ Ω ∇ Ξ ∫ ∫ Ω ∂ Φ Ω
train_04081,∇ Φ ∇ Φ ∇ Ω Φ Ξ ∫ ∫ ∫ ∫ Ω Φ
train_04082,Φ Ξ Ω Ξ Ξ Ω ∂ Ξ
train_04083,Φ ∇ Φ Ω Ξ
train_04084,∫ Ξ Φ Ξ ∇ Ω
train_04085,∂ ∇ Φ ∂ ∂ Φ Ω
train_04086,∇ ∫ Ω Ω Ω Ξ ∫
train_04087,Ξ ∫ ∂ ∫ ∇ ∂ ∇ Φ Φ Ξ ∇ Φ ∫ Ω
train_04088,∫ Ξ ∂ Ω ∂ Ξ Φ ∂ Ω Ω
train_04089,Ξ ∇ ∇ ∇ ∇ ∂ Φ
train_04090,∂ ∇ ∫ Φ Φ ∫ Φ Ω
train_04091,∇ Ξ ∇ Ξ ∫
train_04092,Ω Φ Ω Ξ ∫ Φ Ω ∂
train_04093,∂ Ω Ω Ω Ξ Ω ∇ ∫ ∂ ∇
train_04094,Ω Ξ Ξ Ξ Φ Φ ∇ ∂ Ξ ∫ ∂ Ξ Ξ
train_04095,Ξ ∇ Ξ Ω ∂ Ξ ∇ Ξ Φ ∇
train_04096,Ω Φ Ξ ∂ ∇ Ω ∫ Φ Ω ∇ Ξ
train_04097,∫ ∂ ∫ Ξ ∫ Ω Ξ ∂ Ω
train_04098,Ω ∂ ∇ ∫ Ω Ξ ∂ Φ Ω ∂ ∇ ∫ ∂ ∇
train_04099,Ω ∂ ∫ Ω ∂ Ω Ξ Ω Ξ Φ
train_04100,Ω Φ ∇ Ξ Φ ∇
train_04101,Φ Ω Ω Ω Φ Ξ
train_04102,∫ ∇ ∂ ∫ Φ ∫ ∂ ∇ ∫ ∇ ∇ Ω ∂ Φ
train_04103,Ω Ω ∫ ∂ ∫
train_04104,∫ Φ ∫ Ω ∂ Ξ Ξ Φ
train_04105,∇ ∂ ∫ Ω ∫ Ξ ∂ ∇ Ξ ∫
train_04106,Ω Ξ Φ ∇ ∇ Φ
train_04107,Φ ∫ Ξ ∇ ∂ ∂ Ξ ∇ ∇ ∇ Ξ Ξ ∂
train_04108,∂ Φ ∇ Ω Φ ∂
train_04109,∇ ∂ Ξ Ξ ∇ Ξ ∂ Φ Ξ Ω Φ Ξ
train_04110,Ω ∇ ∂ Φ ∂ Ξ Ω Ω Ξ Ω Ξ Φ Ξ ∫
train_04111,Ω Φ Ω ∫ ∇ ∂ Φ Ω Ω Ξ Ω ∇ Ξ ∇
train_04112,∂ Ω Φ Ω Φ Φ ∫ Φ ∫ ∂ ∂ ∇ Ω
train_04113,Ω Φ Ω Ω Ω Φ Ξ
train_04114,∫ Ω ∇ Φ ∂ ∂
train_04115,∂ Φ Ξ Φ ∇ Ξ Φ ∂ ∫ ∫ ∂ Ξ Ξ Ξ
train_04116,∫ ∫ Ξ ∇ Ω ∂ ∇ Φ
train_04117,∇ Ω Φ ∇ ∂ ∇ Ξ Ω Φ ∂ ∂ ∫ ∂
train_04118,∂ ∂ Ξ Ω ∇
train_04119,∫ ∂ Ξ ∫ ∫ ∫ ∇ Ξ ∫ Φ Ξ Φ Ω
train_04120,Ξ ∇ Ξ ∂ Ξ ∇ ∂
train_04121,∫ Ω Ξ ∇ ∫ ∇ ∇ Ω ∇ Ω ∫
train_04122,Ξ Ξ ∇ Ω Ξ
train_04123,∫ ∇ Φ Φ ∂ Ω Ξ Ω
train_04124,∇ Φ ∇ Ξ ∇ Ω Φ ∂ Φ Ξ
train_04125,Ω Φ Ξ Φ Ω Ξ ∂ ∇
train_04126,Φ Φ Φ ∫ ∇
train_04127,Ξ Ω ∂ ∂ Φ ∇ Φ ∇ Ω Φ
train_04128,∂ Ω ∫ Ω Φ Φ Ξ Ω Φ Φ ∂ Ω Ξ
train_04129,∂ Ξ Ω Ω Ω ∇ Ω Φ ∇ ∫ Ξ
train_04130,∇ Ω ∇ Ω ∫ ∫ ∂ Ξ ∇ ∫
train_04131,Ξ Ξ Ξ Ξ Ω Ω Ξ ∇ ∂ ∂ Ξ Φ ∂
train_04132,Ξ ∂ ∇ Ξ ∂ Ω ∫ Φ Φ
train_04133,∫ Ξ Φ Ξ Ξ ∫ Φ ∂
train_04134,Ω Φ ∫ Ξ Ω Φ ∂ ∫ Ω ∇ ∂ Φ Ω
train_04135,Ξ ∫ Ω ∇ ∂ Ω Φ ∇ Ω ∂ Ξ ∂
train_04136,Ω Ω ∇ ∂ ∇ Ω ∇ ∇ Ξ
train_04137,Ξ ∇ Ξ ∂ Ξ Ξ Ω Ω ∇ Ω ∇
train_04138,Ω Φ ∫ ∂ ∇ Ω Ω ∇ Ω ∫ Ξ Ξ
train_04139,Φ ∫ Ξ Ξ Ω Ω Φ ∇ ∫ Φ ∇ Ξ ∇ ∇
train_04140,Ω ∇ ∂ Φ ∇ Ξ ∂ Φ ∫ ∫ ∇ ∇ Ξ Ξ
train_04141,Ω Ξ ∇ ∂ Ξ Φ ∂
train_04142,Ξ Ξ ∂ Ω ∫ ∇
train_04143,Φ ∇ ∇ ∂ ∂ ∇ ∫ Ξ Φ Φ Φ ∫ Φ
train_04144,Ω ∂ Ω Ω ∫
train_04145,Φ ∂ ∇ Ω Ξ ∫ ∇ Φ ∂ ∂ Ω ∫ Ω
train_04146,∫ Ω Ξ ∫ ∫ Ω Ξ ∂ Φ ∫ Ξ Ξ Φ Ω
train_04147,∫ Ξ ∇ ∇ Ξ ∇ ∫ Ω
train_04148,Φ Ξ Φ Φ ∇ ∫ ∂ ∂ Ω
train_04149,∫ ∂ Ω Ξ Φ Ξ ∇
train_04150,∫ Ξ Ξ Φ Φ ∫ ∂
train_04151,∫ Φ Ω ∂ Ξ ∇ Ω Ξ Ω
train_04152,∫ Φ Ξ ∫ ∂
train_04153,Ω Ξ Ξ ∂ Ω Ξ ∇ ∂
train_04154,∫ ∇ Ξ Ξ Ω ∂ ∫ Φ
train_04155,∂ Ω Φ Ω Ω Φ ∇
train_04156,Ω Ω ∇ ∫ Φ ∫ Ξ Ξ Φ ∇
train_04157,∇ Ω ∇ ∇ ∇ Φ ∫ ∂ ∇ Ξ Ξ
train_04158,∇ Ω ∫ Ω ∇ ∇ ∂ ∇ ∫ ∇
train_04159,∇ ∫ ∂ Φ Ξ Ξ
train_04160,Ξ ∂ Ξ ∂ ∇ Ξ ∇ Ω ∇ Φ Ω ∫ Ξ Ω
train_04161,∇ ∂ ∇ Ω Φ Φ Ω ∫
train_04162,Ω Φ Φ Ω Φ Ω ∂ ∇ Φ Ω Ξ ∇
train_04163,∇ Ω ∂ ∫ Ω ∇
train_04164,∂ ∂ ∫ Φ ∂ ∇ ∇
train_04165,Φ ∇ Ξ Ω ∇ Ω
train_04166,Ω Φ Ξ ∫ Ω ∇ ∇ Ω Φ ∫ ∂
train_04167,∇ ∫ Ω Ω ∇ Ξ ∂ Φ ∫ Ξ Ω ∂ Ξ
train_04168,Φ ∂ Ξ ∫ Φ ∂ ∫ Ξ
train_04169,Φ Φ ∫ Ω Ω
train_04170,∂ Ω Ω ∫ ∫ Ω ∇ Φ Φ ∇ ∫
train_04171,∇ Ω Ξ ∇ Φ ∫ ∂ Φ Ξ
train_04172,∂ Ξ ∇ ∫ ∇ ∂ Φ ∫ Ξ
train_04173,∫ ∫ ∇ ∫ ∫ Φ Ω ∇ ∂ ∫ Ω ∂ ∇
train_04174,∇ Ξ ∫ ∇ Φ Ξ ∇ Ω ∫ ∫ Φ ∫
train_04175,Ω ∂ ∫ ∇ Ω ∫ ∇ ∇ ∇ Ξ ∫ ∇
train_04176,∂ ∂ ∇ Ξ ∇ ∇
train_04177,Ξ Φ Ω ∇ ∇ ∫ Ω Ξ Ξ ∂ ∂ Φ ∂
train_04178,Ω Φ ∂ Ω Ω Ω ∇
train_04179,Ω ∫ Φ Ω ∂ ∇
train_04180,Φ Ω Ξ ∂ ∫ ∫ ∂ Φ
train_04181,∂ Φ Ω ∂ Ω
train_04182,Φ ∂ Ω ∂ ∂ Φ
train_04183,Φ Ξ Φ ∇ ∫ Ω Ω Φ ∇
train_04184,Ξ ∂ Ω ∂ Φ Ω ∫ Ξ
train_04185,∇ ∇ Ξ Ω Φ ∫ ∫ Φ Ξ ∇ Ξ ∂ Ω
train_04186,∇ ∇ Ξ ∂ Φ ∂ Φ Ξ Φ
train_04187,∫ Ξ Φ ∫ Φ Ω Ξ Ω ∇ Φ Ω Φ ∫ ∫
train_04188,∇ ∇ Φ ∫ Φ Φ Φ Ω ∫ ∂ ∇ Ω ∇ ∇
train_04189,Φ Φ Ω Ξ Ξ ∫ Φ Ω Ω ∫
train_04190,Ω Ω ∫ ∫ Ξ Ξ ∇ Ξ ∫ Ξ Ω
train_04191,∂ Ξ ∫ ∇ ∂ ∇ ∂ Ξ ∫ ∇ Ω Ξ
train_04192,∂ ∫ Ω ∇ ∂ Ω ∂ ∇ Ω ∫ Ω ∫ Ξ
train_04193,Ω Ω Ω ∂ Ξ
train_04194,Ξ Ξ ∂ Φ ∇ ∂ Φ Ξ Ξ Ω Φ Φ ∇ Φ
train_04195,∇ Φ ∫ Ω Ω Ξ
train_04196,∫ ∇ Ξ ∂ ∇ ∫ ∇ Ξ Ξ
train_04197,∇ Φ ∇ Ω Ω Ω ∂ Φ Ω
train_04198,Φ ∇ ∇ ∇ ∂ Φ ∇ ∫ Ω Φ ∫ Ω ∇ Φ
train_04199,Ξ ∂ Ξ Ξ Φ Φ ∇ Ξ Φ Ξ ∫
train_04200,∇ Φ Φ ∂ ∇ ∫ ∫ Ω ∇ Ω ∇
train_04201,Ω Φ ∂ Ω Φ Ξ Ξ ∫
train_04202,∇ Φ ∇ Ω ∇ ∇
train_04203,Ξ Ξ Ξ Ω ∇ Ξ ∂ Ξ ∇ Ξ
train_04204,∇ Ω Ξ ∇ Ω Ω ∂ ∫ Ω Ξ ∫ Ξ Φ
train_04205,Ω Ξ ∇ Ω ∫ ∂ ∫ ∫
train_04206,∫ ∫ ∂ Ξ Φ Φ Φ Ω ∇ ∇ Φ Φ
train_04207,∫ ∂ ∇ ∂ ∂
train_04208,∇ ∂ Φ ∇ Φ Ξ Ξ ∇ Ξ
train_04209,∂ ∫ Φ ∫ Ω ∇ ∇ Φ
train_04210,Φ Φ ∇ Ω Ξ Ξ ∇ Ξ Ξ Ω ∇
train_04211,Φ Ω ∫ Ω ∫ Φ Φ ∂
train_04212,Ω ∂ ∇ ∇ ∂ ∫
train_04213,Φ Φ ∫ ∇ Ω ∫ ∇
train_04214,∂ ∂ ∂ ∫ ∫
train_04215,∇ ∇ ∫ Φ ∂
train_04216,∫ ∂ Ξ ∫ ∂ ∇ Ω
train_04217,Φ Φ ∇ Ω ∂ Ξ Ω Ω Φ ∂ Ω Φ Ξ Ξ
train_04218,∇ Φ Φ Ξ Ξ Φ ∂ ∇ ∇ Φ Ξ ∫ Ω ∫
train_04219,Ω ∇ ∂ Ω Φ Ξ Ξ
train_04220,∇ ∇ ∫ Ξ Φ Ξ ∇ Ω Ω ∇ Ξ ∂ ∇ ∂
train_04221,∇ ∇ ∂ ∫ ∇ Φ Ω ∂ ∂
train_04222,Φ Ω Ξ ∂ ∂ ∂
train_04223,Φ ∫ Ξ Ω Ξ Ξ ∂ ∫ Ω ∫ ∫
train_04224,∂ Ξ ∇ ∫ Ω Ξ Ω Ξ Ξ ∇ Φ ∇
train_04225,∂ Ξ Ω Φ Ξ Ω Φ Ω Ω Ξ
train_04226,∇ Ξ ∂ ∇ ∂ ∫ Ξ ∂ ∂ ∇ Ω ∇ Ξ
train_04227,Ξ Ω Φ Ω ∫ ∫ ∇ Φ ∫ ∂
train_04228,∇ ∇ Φ ∫ Ω Ω ∇ ∫ ∫ ∂
train_04229,Ω Φ Ω Φ Ξ ∫ ∂ ∫ Ξ Ξ ∇ Ξ
train_04230,Ξ Φ Ξ Ξ Φ Ξ Ω ∫ Ω Ω ∇
train_04231,∇ ∇ Φ ∂ Ω Φ Ω ∂ Ω Φ
train_04232,Φ Ξ Ω Ξ Ξ Ξ ∇ ∇ ∂
train_04233,Ω Ω Ξ ∫ Ω ∇
train_04234,Φ ∇ Ξ Ξ Ξ Ω ∫ Φ Ω ∇
train_04235,∇ ∇ ∇ ∂ Ξ Ω Ξ ∫ ∂ ∫ ∇ ∂
train_04236,Ω ∇ ∫ ∫ Ξ
train_04237,Ξ Ω ∂ ∂ ∫ Φ
train_04238,Φ Φ ∂ Ξ Ω Ξ Ω
train_04239,∇ ∂ ∇ Ω ∇
train_04240,∫ ∇ ∂ Ξ ∂ Φ ∫
train_04241,∂ ∂ ∫ ∂ Ξ Ξ
train_04242,∂ ∇ Ξ Ω ∫ ∫ Ξ
train_04243,Φ ∫ Φ ∫ Ξ
train_04244,Φ ∇ ∇ Ω ∇ ∫ Ξ ∇ Φ ∂ Φ
train_04245,Φ Φ Ξ Ω Ω ∂ ∫ ∫
train_04246,∇ ∫ ∂ ∫ Φ Φ Ω
train_04247,Ω ∂ Ξ Ω ∇ ∂ ∇ Ξ ∇ ∂ Ξ ∫
train_04248,Ω ∫ Ξ Φ Φ ∂ Φ ∫
train_04249,Ξ Ω Ξ Φ Φ Ω ∫ ∇ Φ ∇ Ξ
train_04250,∇ Ξ Ξ Φ ∫ ∇ ∫ ∇ ∂ Ξ
train_04251,∇ Φ ∇ Ω ∂ ∫ ∫ Ξ Ω ∂ Φ ∫ Ξ Φ
train_04252,∇ ∇ Ω ∫ ∫ Φ Φ
train_04253,Ξ Φ ∂ Φ ∂ Ξ Ξ
train_04254,∫ Φ Ξ ∇ ∂ ∂ ∂ ∫
train_04255,∫ ∫ Ξ ∂ ∂ Ω Ξ Φ ∇
train_04256,Ξ Ξ Φ Ω Ξ Φ Φ Ξ Φ Ω Ξ Φ Φ
train_04257,∂ ∇ Ξ Ω ∫ ∂ ∫
train_04258,Ξ ∂ ∫ Φ ∇ ∫ Φ ∂ Φ ∇ ∇ ∂ ∫
train_04259,∂ ∂ ∫ ∂ Ξ
train_04260,Ξ ∇ Ω ∫ Ξ Ω Φ Ω Ω ∂ ∂ ∇ ∂
train_04261,∫ Ω ∂ Φ Φ ∇ Ω Ω
train_04262,Φ ∂ ∫ Ω ∂ ∂ Φ ∂ Ω Φ
train_04263,∫ ∫ ∂ ∇ ∫ ∇ Ω Ω ∂ ∂ ∂ Ω
train_04264,∂ Ξ Φ ∇ Ω ∇ Ω
train_04265,Ω Ω ∇ Φ ∂ Φ
train_04266,∇ ∂ Ω ∂ Φ ∫ Ω Ξ Ξ
train_04267,Ξ Ξ ∫ ∫ ∂ ∇ Φ Φ ∂ Ξ
train_04268,∇ ∫ Ξ Ξ Φ ∫
train_04269,∇ ∇ ∇ Ω Ξ Φ Ω ∫ ∫ Φ ∫ Ω
train_04270,Ξ Ω Ξ Ω ∇ Ω Ξ ∇ Ξ ∂ ∫ ∂
train_04271,Ξ ∂ ∫ ∇ ∇ ∫ Ω ∫
train_04272,∇ ∇ Ω ∫ ∇
train_04273,Φ ∫ ∂ ∇ ∫ Φ ∫
train_04274,Φ Ξ ∂ ∫ ∂ ∇ Ω
train_04275,Φ ∇ ∫ ∫ Ξ ∇ Ω ∫ Ω Φ
train_04276,Ξ ∇ Φ ∂ Φ ∂ Φ ∇ ∂ ∂ ∂ Ξ
train_04277,∇ Ω ∂ Ω Φ ∫ ∇ ∇ ∫ Ω ∫ Ω ∇ Ω
train_04278,∂ Φ Ω ∇ ∇ ∂ ∇ ∂ ∇ ∇ ∫ ∂
train_04279,Ω Ω ∫ ∫ ∇ Ξ Ξ Ξ ∂ Φ Ξ
train_04280,Ξ Ξ Ξ ∫ Ω ∇ Φ ∇ ∫ ∂ ∫ Ω
train_04281,Ξ Ω Ξ ∂ Ω ∂
train_04282,∫ ∫ ∂ ∇ Ω Ω
train_04283,∇ Ω ∂ ∂ ∫ ∫ ∇ Φ Ω Ξ ∂ Φ Ξ Φ
train_04284,∂ Φ Ξ ∇ ∂ Φ ∫ Ω Ξ
train_04285,Ξ ∂ Φ Ξ Ω Ω
train_04286,∂ ∂ Φ ∂ ∇ Ξ
train_04287,Ω ∫ ∂ Ω Φ Ω Φ
train_04288,Ω ∂ ∫ Ξ ∂ ∂ Ω Ω Φ ∫ ∫ ∇ Ξ ∂
train_04289,∇ Ω Ξ Ξ ∫ ∇ ∇ Φ ∂
train_04290,∂ Ω Ω ∇ Ξ Ξ Ξ ∫ Ξ Φ ∂ ∫
train_04291,∫ ∂ ∇ ∂ ∫ ∫ ∂
train_04292,Ξ Ω Ξ Ω Ω Ω Ω Φ ∇ Ξ Φ Φ Φ Φ
train_04293,Φ Ω ∫ ∇ ∇ Ξ Φ
train_04294,∫ ∇ ∂ ∇ ∫ Ω Φ Ω Ξ Φ
train_04295,∇ Φ Ξ Ξ ∇ ∫ Ω ∫ Ξ Ω ∇ ∇ Φ
train_04296,Ξ Ω ∂ ∫ Φ ∂ Φ ∫
train_04297,Φ Ω Ω ∫ ∇ Φ ∇ ∫ ∇ Ω ∇ ∇
train_04298,Ξ Ξ ∂ Ω ∂ Φ
train_04299,Ω ∫ Φ ∂ ∇ ∂ ∂ Φ ∂ ∇ ∫ ∫
train_04300,∫ Ω Ω ∂ ∇ ∂
train_04301,∇ ∇ Ξ Φ ∫ Ξ ∂ ∇ ∂
train_04302,Ω ∂ Ξ ∫ Φ Φ
train_04303,Ω Ξ Ξ Φ Φ ∫ Ω Φ Ω Ξ
train_04304,Ω Φ ∇ ∂ ∇
train_04305,∫ Φ Ξ ∫ Φ Ξ ∂ Φ Ω ∂ ∇ ∫ Φ
train_04306,∂ Ξ ∫ ∇ ∇ Φ ∂ ∇ Ξ
train_04307,Φ ∂ ∂ ∫ Ω ∫ Ω Ω ∂ ∇ ∫
train_04308,∇ ∇ ∫ Ξ ∇ ∇ ∇ ∇ Φ ∇ Ξ
train_04309,Φ ∇ ∫ ∂ ∂ Ξ ∂ ∫ ∫ Φ Ξ
train_04310,Ξ ∂ ∫ ∇ ∂
train_04311,∫ Ω ∇ ∫ ∇ ∇ ∂ Ξ ∂ Ω ∂ Ω Ω
train_04312,Ω ∫ Φ ∫ Ξ ∫ Ξ Ω ∇ ∂ Ω ∂
train_04313,Ξ Ξ ∂ ∫ Φ ∫ Ω ∂ ∇ ∂
train_04314,Ξ ∫ Ω Φ ∫ Φ ∫ Ω
train_04315,∫ ∫ ∫ Φ Ω
train_04316,Ξ Φ ∂ Φ Ω Ω
train_04317,Ω Ξ Ξ Φ ∇ ∂ Ω ∇ Φ
train_04318,Ξ ∇ ∇ ∇ ∇
train_04319,∂ ∫ Ξ Ω Ξ ∇ Ξ ∇ ∫ Ξ ∇ ∇
train_04320,∫ ∫ Φ Ω Φ Ω ∫
train_04321,Ξ Φ Ω Φ Φ Ξ Ω Ω Ξ Ξ ∂ ∇ ∫ Φ
train_04322,Ω Ξ Φ Ω Ξ Ω Ξ Ω ∫
train_04323,Φ ∫ ∫ Ξ Ξ Ξ Ξ Ξ ∇
train_04324,Ξ ∂ Ξ ∂ Φ Φ ∇ ∇ Ξ ∫ Ξ Φ ∫ ∫
train_04325,Ξ ∇ ∇ Ξ ∂ ∫ ∂ ∇ Ω ∂
train_04326,∇ ∇ Ω ∂ Φ Ω Ω ∂ Φ Ω Φ ∫ ∇ ∇
train_04327,∫ ∂ ∇ ∇ ∂ Ξ ∇ ∂ Φ
train_04328,Φ Ξ Ω ∫ ∫ Ω
train_04329,∫ ∂ Ξ Ω ∫ Ξ
train_04330,∂ Ξ Ξ Ξ ∇ Ξ Ω Ω ∫ Φ ∂ ∂ ∫
train_04331,Ξ ∂ ∂ Ξ ∫ ∫
train_04332,Φ ∇ ∫ Ω ∫ ∇ ∂ ∂ ∇ ∇ Φ ∂ Φ Φ
train_04333,Ξ ∂ Ω ∂ ∂ ∇ Φ Φ Ξ ∇
train_04334,∇ ∇ ∫ ∇ ∫ Ω Φ ∂ ∫ Ξ ∇ ∂
train_04335,Ξ Φ Ω ∇ ∇ Ξ ∇ ∫ ∇ Ξ ∂ ∫ ∂
train_04336,Φ ∂ Ξ ∇ ∂ Φ Ω ∂ Φ Φ ∇ Ξ Ω ∂
train_04337,Ω Φ Φ Ω Ξ
train_04338,∫ Ω Ω ∫ Ω
train_04339,Ω ∇ ∫ ∇ Ξ ∂
train_04340,∫ ∂ ∇ ∂ ∇ ∫ Ω Φ ∫ ∇
train_04341,∫ ∂ Ξ Ω Ω Φ
train_04342,∂ ∫ Ξ Ω ∫ Ξ Φ ∂ Φ
train_04343,∫ ∫ ∂ ∂ Φ ∫ Ω Ω ∫ Ω
train_04344,Ω Ω ∫ Ω ∂ Ξ ∫ ∫ ∂ Ω
train_04345,Ξ ∂ ∫ ∇ Ξ ∇ ∫ Ξ
train_04346,Ξ Ω Φ Φ ∂ ∇ Φ Φ Φ Ξ ∂ Ξ
train_04347,Ξ ∫ ∇ ∫ Ω ∫ ∫ Ω ∫ ∇ Ω Ω ∫ ∂
train_04348,∇ Ω ∂ ∇ Φ ∫ ∫ Φ Φ ∇ ∫ ∫ Ξ ∇
train_04349,∂ ∫ ∫ ∫ Ξ Ξ Ξ Ξ ∇ Ω ∫ Ω
train_04350,Ω ∇ ∂ Φ Ξ Ξ Φ ∂ Ω Ω ∇ Ξ Φ
train_04351,Φ ∂ ∫ Ξ ∫ Φ ∇ Φ Ω ∂
train_04352,∂ Ω Φ Φ Ω Ω Ξ ∇ Ω
train_04353,∂ Ω Φ Φ ∫ Φ Ξ Ω ∂ Ξ ∫ ∇
train_04354,Ω Ω Φ Φ ∇ Ω Ω ∫ Ω Ω
train_04355,Ω ∇ ∫ ∂ Ξ ∂
train_04356,∂ Ξ Φ Φ Φ ∂ ∫ ∂
train_04357,Φ Ω Ω Φ Φ Ξ ∫
train_04358,∫ Φ Ξ ∫ Ω ∇
train_04359,∂ Ξ Ω ∫ Φ Ξ ∇ ∫
train_04360,∂ ∇ ∇ ∇ ∇ ∂ ∫ ∫ ∫ Ξ
train_04361,∇ Ω Ξ ∫ ∇
train_04362,Ω Φ ∫ ∫ ∂ Φ Ω Ξ Ξ Ω Ξ Ξ Φ Ξ
train_04363,∂ Ω Ω ∂ Ω ∇ Ω Ξ ∂ ∫ Φ Φ ∂
train_04364,∇ Φ ∂ ∂ ∫ Ξ
train_04365,∇ Ξ Φ Ω Ω ∂ ∇ ∇ Φ ∂ Ω Φ
train_04366,Ω Φ Ξ Φ Φ
train_04367,∫ ∇ Φ ∂ Ω
train_04368,∫ Φ ∂ Ξ ∂ Φ Ξ Φ ∂ ∂ Ω
train_04369,∇ Ω Ξ ∂ Ω ∇ ∫ ∇ Ω Ξ ∇ Ξ
train_04370,Ω Ω ∫ ∇ Ω ∇ Ξ
train_04371,∫ Φ ∇ ∇ ∂ ∂ Ξ Ξ Φ ∫ ∫
train_04372,Ξ Ξ Φ ∫ Ξ
train_04373,∂ Φ Ξ ∂ Ω Ω Φ Φ Ξ
train_04374,Φ ∫ ∫ Φ ∇ ∫ ∂ Ξ
train_04375,Φ ∇ Φ Ξ ∫ ∫ ∫ ∇
train_04376,∇ Φ Ω ∫ ∂
train_04377,Ξ ∫ ∂ ∇ Ω ∇ Ω
train_04378,Φ Ω ∂ ∫ ∂ Ω Ω Ω ∇ ∫ Ξ ∫ ∫
train_04379,Ω Φ Φ Ω Φ ∫ Φ Ω ∇ Ξ Ω
train_04380,∇ ∇ ∇ ∫ ∫ Φ Ξ ∂ ∇ Ξ ∂
train_04381,Ξ ∇ ∂ ∇ ∇ ∂ Ξ ∇ Φ ∂ ∂ ∂ ∫ ∫
train_04382,Φ Ω Ω Φ Φ Φ Ω ∇ Ξ ∫ ∫ ∇ ∫
train_04383,∫ ∂ ∇ Φ Ξ ∇
train_04384,Ξ Φ ∂ Φ Ξ ∫
train_04385,∂ ∇ ∂ ∇ ∂ Ξ
train_04386,Ξ ∂ ∇ Ξ Ξ Φ Φ Ξ ∇ Φ Ω Φ Ω
train_04387,Φ Ω ∇ ∫ ∫ ∫ ∂ ∂ Ξ Ξ
train_04388,∫ ∇ ∇ ∂ ∂ ∫ Φ
train_04389,Ω ∂ ∇ Φ ∇ Ω
train_04390,Ω ∇ ∫ Ω ∇ Ω Ω ∇ ∇ Ξ
train_04391,Ω Ω Ξ Ω ∂ ∇ Ξ Ξ
train_04392,Ξ ∫ ∂ Ξ Ξ ∇ Φ Ξ Ω ∇
train_04393,Ξ ∫ Φ ∇ Ξ
train_04394,∇ ∂ Φ Φ ∫ Ξ ∫
train_04395,∫ Ω ∇ Φ Ξ Ω ∫
train_04396,Ω Φ Ω Ω Ξ Ξ ∂ Ω Ω Ξ ∇
train_04397,∫ ∇ ∫ ∫ ∂ ∂ Φ ∂ Ξ Φ
train_04398,∂ Φ ∂ ∂ Φ
train_04399,Ω Ω Ξ ∇ ∂ ∇ Φ ∇ ∇ ∇ Φ Φ
train_04400,∇ ∇ ∇ ∇ Φ ∫ Ω Ξ Ξ ∫ Ω Φ Φ
train_04401,∇ ∫ ∇ ∂ ∫ Ω ∂ Φ
train_04402,∂ Ξ Ξ Φ Ξ ∂ Φ ∇ Ω Ξ ∂
train_04403,∂ Φ ∂ Ω Φ ∂
train_04404,∂ Ω ∫ ∫ Φ ∂ Ω ∇ Ξ Ω Ω Φ
train_04405,Φ ∫ Ξ ∇ Φ Ω Ξ ∫ Φ ∫ Ξ Ω ∇
train_04406,Ω ∂ ∫ Ξ ∇ Φ ∂ ∇
train_04407,Φ ∂ ∂ ∇ ∫ Φ ∇ Ω ∫ Ξ ∫
train_04408,∫ Φ ∂ Φ ∫ ∂ ∇ Ξ Ω ∇ ∫
train_04409,∂ ∇ Ξ Φ Ω ∂ Φ ∇ ∫ ∫ ∂
train_04410,∂ Ξ Ξ ∇ ∂ ∇ ∫ Ξ Ω ∇ ∫
train_04411,Φ Ω Φ Ξ Φ ∫ ∫
train_04412,Ξ ∇ ∇ Φ Ξ ∇ ∇
train_04413,∫ Ω Ξ ∂ Φ Ω ∫ ∇ ∂ Ξ ∫ ∂ ∇
train_04414,∫ Φ ∇ Φ ∫ Φ Ξ ∂ Φ ∂
train_04415,Ω Φ Ξ ∫ Ω ∇ Ξ Φ ∂ ∫ ∫ ∂ Ω
train_04416,Ω ∇ Ω ∫ Ω ∂ ∫ ∫ Ω ∫ Ξ Ξ Ω
train_04417,Ξ Ξ ∇ ∫ Ω ∫ Ξ Ξ Ω
train_04418,∇ ∂ Φ ∇ ∇ Φ Ξ ∂
train_04419,∫ Ξ Φ Ω ∂
train_04420,Ξ Φ ∫ Φ Ξ Ξ Ξ ∫ ∂ ∇ Ξ
train_04421,Ω ∂ ∫ Ω ∫
train_04422,Ω ∇ ∂ ∫ Ξ Ω
train_04423,∫ Ω ∇ Φ ∫ Ξ ∂ ∂
train_04424,∇ Ξ Φ ∂ Ω ∫ Ξ ∂
train_04425,Φ Ξ Φ Ξ ∫ Ω ∂ Φ ∫ ∫ Ξ ∂ ∂
train_04426,Ξ ∫ Φ ∂ Ω
train_04427,∇ Φ ∫ Ξ ∂ ∫ ∇ ∂ ∂ Φ Φ ∫ ∇ ∇
train_04428,∂ ∫ ∫ ∂ ∂ ∇ Ξ ∇ Ξ Ξ Ξ ∫
train_04429,∫ ∇ Ξ Ξ ∂ ∫
train_04430,∂ ∫ Ω ∇ Ξ Ω ∇ Ω Ω ∂ ∫ ∫ ∂ ∂
train_04431,∇ ∇ ∇ ∂ ∫
train_04432,Ξ ∫ Φ Ω ∂ Ξ Ω ∇ Φ Ω ∇ Ξ ∫ Ω
train_04433,Φ ∇ Φ Ξ Φ ∫ ∫ ∫
train_04434,∫ Ξ Ω ∇ Ξ Ω ∂ ∂ Ξ ∂ ∇ Φ
train_04435,Ω ∂ Ξ ∇ ∂ ∂
train_04436,∫ ∇ Ω Φ Φ ∇
train_04437,Ξ ∂ Ω Ξ ∇ ∂ ∂ ∫ Φ Φ ∫
train_04438,Ω ∫ Ξ Ω Ω Ξ Ω ∂ ∇ ∇ Ξ
train_04439,∇ ∇ Ω Ξ Ω ∂ Ω Ω ∂ Ω Ξ ∫ ∫
train_04440,Φ ∫ Ω Φ ∫ Ξ ∇ Ω ∂ ∇ ∫ ∇ Ξ ∫
train_04441,Ξ ∫ Ω ∫ ∂ ∂ ∂ ∇ ∫ Φ ∇ Ξ
train_04442,∫ Ω ∂ ∂ ∫ Ω ∇ ∂ Φ Ω Φ Ξ
train_04443,Ω ∇ ∂ Φ ∇ Ξ ∫ ∫ ∫ ∇ Ξ ∂ Ξ
train_04444,∇ Ω Ω ∂ Ξ Ξ Φ ∫ Φ Ξ Ξ
train_04445,∫ Ξ ∇ Φ ∫
train_04446,∫ ∇ Ξ ∇ Ξ Ξ Ξ Ω ∇ Φ Φ ∫ Φ Ξ
train_04447,Ξ Ξ Ξ ∂ ∇ Ω Ω ∫ Ω ∂ Φ
train_04448,∫ Φ ∫ ∂ Φ ∫ Ω Ω Φ ∇ ∂ Ξ Ω Ω
train_04449,Ξ ∫ ∇ ∫ ∂ ∇ Ω ∫ ∇ Ξ Φ
train_04450,∂ Ξ Ξ Ω Ξ ∫ ∫ ∫ Φ Φ Ω ∂
train_04451,Ξ Ξ ∇ Φ Ω Ξ ∇ ∇ Ω Ω
train_04452,∫ ∂ Ω ∇ Ξ Ω ∂
train_04453,Φ Φ ∇ ∇ ∇ Ω Ξ Ξ
train_04454,∫ Φ Ξ Φ ∇ Ξ ∇ ∇ Ξ ∂ ∫ Φ Ξ ∇
train_04455,Ω ∂ ∇ ∫ Φ ∇ ∇ Ω ∂ Ω ∇ ∇ Ω ∫
train_04456,Ξ Ξ ∫ Φ ∇ Φ Φ Ξ ∫ Ξ
train_04457,∇ ∫ Ω ∂ ∫ ∇ ∂ ∂ Ξ Ξ ∫ ∂ Ω ∂
train_04458,∇ ∫ ∂ ∫ ∫ ∫
train_04459,∫ ∫ Ξ ∫ Ω Φ ∂ Φ ∫ Ξ
train_04460,∫ Ω Ξ ∫ ∇ Ω Ω Φ ∫ ∂ Ω
train_04461,Φ ∫ Ω Φ ∂
train_04462,Ω Φ Ξ ∫ Φ Φ ∇ ∇ Ξ
train_04463,Φ ∫ Φ Ω ∇ Ξ Ω ∫
train_04464,Φ ∫ Ξ Φ ∫ Φ ∫ ∇ Φ Ω Ξ Ω ∫ ∫
train_04465,Φ Ω ∫ ∂ Ω
train_04466,Φ ∇ Ω Ξ Ω ∫ Ω Ω ∂ Φ Ω ∇ Ξ ∫
train_04467,Ω Ω ∂ Ω ∂ Ω ∇ ∂ ∇ Ξ ∫ ∂ ∇ ∇
train_04468,∂ ∫ ∫ Ξ ∇ ∇ Ω ∇ ∂ ∂ ∇
train_04469,Ω ∫ Φ ∂ Φ ∂ Φ Ω Ξ Ω
train_04470,Φ ∫ Φ ∇ Ω Ω Ω
train_04471,∇ ∂ ∫ Φ ∂ ∂ ∂ Ω ∇ ∂ ∂ Ξ
train_04472,∂ Φ ∇ ∇ ∂ Ω
train_04473,Ξ Ω ∫ ∫ ∫ Ξ Ξ ∇
train_04474,Ξ Ω ∫ Ξ ∫ Φ Ξ ∫ ∫ ∫
train_04475,∫ ∂ Φ ∇ Ω ∇ ∫ Ω ∫ Ω Ω Ξ ∫
train_04476,Ξ Φ ∂ ∫ Ω Ω
train_04477,∇ Φ ∂ Ω ∫ ∇
train_04478,Φ ∂ Ξ ∫ ∂ ∫ ∫ ∂ ∫ ∂ ∂ ∫
train_04479,Φ Φ ∇ ∂ ∇
train_04480,Φ Ω ∫ ∫ ∇
train_04481,∫ Φ Ω ∇ Φ Ξ ∇ ∂
train_04482,∂ ∂ ∫ Φ ∇
train_04483,Φ ∂ Φ ∂ ∫ ∇ Ξ ∇ ∇
train_04484,∂ Ξ Φ Ω Φ Ξ Ξ Ξ Ω Ξ ∫ ∂ ∫ ∫
train_04485,Ξ Ω Ω Φ ∇ ∫
train_04486,Ξ Φ ∫ Ω ∂ Φ ∇ Ξ Ξ Φ ∂ Φ Ξ
train_04487,∂ ∂ ∫ Φ Ξ ∫ Φ ∂ Ξ ∂ ∂
train_04488,∫ ∫ ∇ Ξ ∂ ∫ ∂ Ξ
train_04489,∇ ∫ ∫ ∫ Ω ∫ ∂ Ξ ∇
train_04490,∫ Ξ ∂ ∇ Ξ Φ ∂ Ω
train_04491,Ω ∫ Ξ ∫ Ξ
train_04492,∫ Ξ Ω ∫ Ω ∫ ∂ Φ Ω Ω Ξ
train_04493,∂ Ω ∫ Ω Ω
train_04494,∇ ∫ Ξ Ω Ω ∇ Φ
train_04495,Ω ∇ Ξ ∇ ∂
train_04496,∂ ∂ Ξ ∂ Ω ∂ ∇
train_04497,∇ ∫ ∫ ∂ ∇ ∇ Φ Φ Ξ Ξ Ω Ω
train_04498,Φ Ω Φ Ω Ω ∇ ∫ Ξ ∇ ∇ Ξ
train_04499,∂ Ω ∂ ∇ Ω Ξ Ξ Φ ∂ ∫ ∂ Ω
train_04500,Ξ ∂ ∂ ∂ ∫ Φ Φ ∫ ∇
train_04501,Ω Φ ∂ ∂ ∂ Ω ∂ Φ Ξ Ω Ω ∇
train_04502,Ω ∇ ∫ ∂ ∫ ∂
train_04503,∫ Ω ∂ Ω Ω Φ Ξ ∇
train_04504,Φ Ω Ω ∫ Ω Ω Ω Ω ∫ Ξ Ω Ξ Ξ
train_04505,Φ ∂ Φ Ξ ∇ Ξ ∫ Φ
train_04506,Ω ∫ ∂ ∇ ∂ ∂ ∫ Ξ
train_04507,Ω ∫ Ξ ∫ ∇ ∂ ∇
train_04508,Φ Ξ ∫ ∂ ∂ ∇ Ξ Ω Φ ∫ Ξ Φ
train_04509,∇ Ξ ∫ ∇ Ω ∂ Φ Ξ ∇ Φ ∫ ∂ Φ
train_04510,Ξ Ω ∫ ∂ ∇
train_04511,∫ Ξ Ξ ∫ Φ ∂ Ω Ξ ∫ Ω ∫ ∫ Ω
train_04512,∂ Ξ Ω Ξ ∂ Φ ∇ Φ
train_04513,Ω ∇ Φ Φ ∫ Φ Ξ Φ ∫ Ξ Ξ Ω Φ ∂
train_04514,∂ Ξ ∫ ∫ Ω
train_04515,Ξ Φ Ξ ∂ Ω
train_04516,∂ ∂ ∫ ∫ ∂ ∫ ∂ Φ Φ ∇ ∂
train_04517,Ω Ω Ξ Ω Ω ∂ ∇ Ξ Ξ ∫ ∂ Ω
train_04518,Ξ ∫ Φ Φ Φ ∂
train_04519,Ξ ∇ ∇ Ξ Φ ∫ Ω ∫ ∇ ∂ ∂ ∂ Ξ
train_04520,Ξ ∫ ∫ ∂ ∫ ∇
train_04521,Φ Φ ∫ ∂ ∫ ∫ ∫
train_04522,Φ Ω ∂ Ξ Ξ Ξ Ω ∫ Φ ∫ Ω
train_04523,∂ Φ Ξ Ξ ∂ ∂ Ω ∇ Ω Ξ ∂ Φ ∂
train_04524,∇ Ξ ∇ ∇ Ξ Ω Φ ∇ Ξ ∫
train_04525,Φ Φ Φ ∇ Ξ Ξ Ω Ξ
train_04526,∫ Φ Ω ∇ Φ ∫ ∇ ∇ ∇ Ξ Φ Φ ∫ ∇
train_04527,Ξ Ξ Ω ∂ ∇ ∇
train_04528,∇ ∇ Ξ Φ ∂ ∂ Ξ ∂ Ξ ∂ Ξ ∫ Φ Ξ
train_04529,Φ Ξ ∂ Ω ∫ ∇ ∇ ∫ Φ Ω ∂ Φ Φ
train_04530,∂ ∫ Ξ ∫ Ξ ∂ Φ Φ ∂ Φ ∇ Ξ Ξ
train_04531,∫ ∇ Φ ∇ Ω Ω Ξ Ξ Ω ∂
train_04532,∂ ∂ ∫ Φ ∂ ∫ ∫ ∂ ∂
train_04533,∂ Ω Ω ∇ ∇ Ξ Φ Φ Ξ ∫ ∫ Φ Ξ
train_04534,∇ Φ ∂ Ξ ∇ Φ Φ ∫ Ω Ξ ∂
train_04535,Ω Ξ ∇ Φ Ω Ξ ∫ ∇ Ξ Φ ∫
train_04536,Φ Ξ Φ Ω ∫ ∇ ∫
train_04537,∂ Φ Φ ∂ ∇ ∫ ∂ Ξ Φ ∂ ∂
train_04538,Ξ Ω Ξ Ω Ξ
train_04539,Ξ Ξ ∇ Ξ ∫ Φ ∂ Ω
train_04540,∫ ∇ Ξ Ω ∂ Ω ∂ Φ Ξ ∂ ∇ ∇
train_04541,∇ Ω Ω ∫ ∂ Ω Φ ∇ ∫
train_04542,∇ ∇ Ω ∇ Φ
train_04543,Ξ Ω ∂ ∂ Ξ Φ ∂ Ω Φ ∫ ∂ ∇ Ω ∫
train_04544,∇ ∂ Φ Ω ∫ Φ
train_04545,∫ Ξ ∂ ∇ Ξ ∇ Ξ
train_04546,∂ ∫ Ω ∂ ∫ Ω Ω ∇ ∂
train_04547,∂ ∫ Ω Ω Ω ∇ ∫
train_04548,∫ Φ ∫ ∇ ∇ ∫ ∇ Ξ ∫ ∂ ∇ ∇ ∫ Ω
train_04549,∂ ∂ Ξ ∂ Ω ∫ Ω Φ Ξ ∇ ∂ ∇ Φ ∇
train_04550,Φ Φ ∂ Ξ ∇
train_04551,∂ Φ Ω Ξ ∂ ∫ Ξ Φ Ξ Ξ ∂
train_04552,Ξ Φ ∫ ∂ ∂ ∂ Ω Φ ∇ Ξ Ξ
train_04553,∫ Ω Φ ∂ Ξ Ξ Φ Ω ∇ Ω ∫ ∇
train_04554,Ξ Ω ∫ Ω ∂ ∂
train_04555,∂ Ω Ω Ξ Φ Ξ ∂ Φ Φ
train_04556,∇ ∂ ∇ Ξ ∫
train_04557,∂ ∫ Φ Ω Ω Ξ ∂ Ω ∫ Ξ Φ ∫ Ξ
train_04558,∫ ∂ ∫ Ξ Ξ ∂ Ξ
train_04559,∇ Ξ ∂ Ξ Ξ ∇ Ξ Ξ Ω ∫ ∇
train_04560,Φ Φ Ω Φ Ξ ∫ Ω
train_04561,Ξ ∂ ∫ ∫ Φ
train_04562,Ω ∇ Φ Φ Φ ∇
train_04563,Φ Ξ Ξ Ω Ξ ∫ ∇ ∂ ∫ Φ Ω Φ ∂ Ω
train_04564,Ξ ∂ Ω ∇ ∂ Φ Ξ ∇ ∇ ∫ Ξ
train_04565,∇ Φ Ξ Ξ ∂ ∫ ∇ ∂ ∂ ∂ ∫ ∫ Ω
train_04566,Φ Φ Ξ Φ Ω Φ Φ Ω Ξ Ξ Ξ Φ Ω
train_04567,Ξ ∫ Φ ∫ ∫ Ξ ∇ ∇ Ω ∫ ∂ ∂ Φ
train_04568,Φ ∇ Φ ∫ ∫ Φ ∂ Ξ ∫
train_04569,Ξ ∫ ∂ ∇ ∫ Φ ∇ ∫ Ξ
train_04570,∫ Ξ Φ Ω Ω ∫ Φ Ω
train_04571,Ω Φ ∂ Φ ∂ Ω Φ ∫
train_04572,∂ ∫ ∫ Ω Φ Ω Ξ Ξ ∂ Ξ ∫ Φ Ω Φ
train_04573,Φ Φ Ω Φ ∇ Φ Φ Ξ
train_04574,∂ ∂ Ξ ∫ Ξ Ξ Φ Ξ Ξ Ω
train_04575,∫ ∇ Ξ ∫ Ω ∇ Ξ ∫ ∫ ∂ Ξ ∇ ∂
train_04576,∫ Ξ ∇ Ξ ∫ Φ Ξ ∂ Φ ∇ ∂
train_04577,∇ Ω ∫ Φ Ω Ξ ∂ Ω Ξ Ω ∂ Ξ Φ
train_04578,Ω Ω ∇ ∫ ∫
train_04579,∇ Φ Ξ ∫ Ω Ξ ∫ Φ
train_04580,Ξ Ξ ∫ Φ Φ ∇ ∇ Φ
train_04581,∇ Ξ ∂ Φ ∂ Ξ ∇ Ξ ∇ Ω ∇
train_04582,∫ Φ ∂ Ξ Ω ∇ ∂ ∇ Ξ Φ Ξ
train_04583,Ξ ∂ Ω ∂ Ξ ∂ ∫ Ω ∇ Ξ ∫
train_04584,Ω Ω ∇ ∂ ∫ ∇ Ω Φ ∫ ∂ Ξ Ξ ∂ ∂
train_04585,∫ ∫ Φ ∂ Φ ∇ Ω Ω ∇
train_04586,∇ ∫ Ξ ∫ Ω Φ ∇ ∇ Ξ
train_04587,∫ ∫ ∂ Ω Ξ ∫ Ξ ∫ ∫ Φ ∂ ∂ ∇ Φ
train_04588,Φ Ω ∇ Ω Ξ ∫ ∇ ∇ Φ
train_04589,Φ ∂ Ξ Φ Ξ ∇ Φ ∇ ∫ Ξ Ξ Ξ ∇ ∂
train_04590,∂ Ξ Ω Ξ ∇ Ξ Ω Φ ∫ Φ ∇ ∫ Φ
train_04591,∂ ∇ Ω ∇ ∂ Ξ Ξ Ω Φ Ξ Ξ Ξ
train_04592,Ω ∫ ∫ Ξ Ω ∂ ∇ ∫ Ω
train_04593,∇ ∫ Φ Ω Ξ Φ Ξ
train_04594,Φ ∇ Ω ∫ ∂ Ω ∫ ∂ Ξ ∇
train_04595,∂ Ω Ω ∫ ∫ Ω ∂ ∫ Ω ∫ Ξ Ξ Φ
train_04596,Ξ ∂ ∂ Φ ∇
train_04597,∂ Ξ ∫ Φ Ξ Φ ∫ Ω Φ
train_04598,Φ ∇ ∂ Φ ∂
train_04599,Ξ Φ Ξ Ξ ∂
train_04600,Ξ ∫ Ω ∂ Φ
train_04601,Ω Ξ ∇ Φ Ω Φ ∂ Ξ ∫ ∇ ∂
train_04602,Ξ Φ Ω Φ ∂ Φ Ξ Ξ Ω ∂ Ξ Φ
train_04603,∂ Ξ ∇ Φ ∇ Φ ∫ ∫ Ω
train_04604,Φ ∫ Ξ ∂ ∂ ∫ Ξ Ω
train_04605,∂ ∂ Φ ∂ Φ Φ ∫ Ξ Φ ∫ Ξ ∇
train_04606,∇ Φ ∂ Ξ ∇ ∇ Φ Ξ ∫ Φ Ω ∇
train_04607,Ω Ξ ∇ Φ Ω Ξ Ξ Ξ ∫
train_04608,Φ Ω Φ ∂ ∫ ∂ Ξ Ξ
train_04609,Φ Ω ∇ ∫ Ξ Ξ ∂ Ξ ∇ ∫ Ω ∫ ∂
train_04610,∇ ∂ ∂ Ω Ξ Φ Ξ Φ ∂ ∂ ∇
train_04611,∂ Φ ∂ Ξ Ω Φ ∇ ∫ Φ Ω ∂
train_04612,∫ ∫ Ξ ∇ Ξ Ξ Ξ Φ ∇ Ω Ξ
train_04613,∇ ∫ ∂ ∂ Ω Φ Ω
train_04614,∂ Φ ∇ Φ Ξ ∫ ∇ Φ Ξ ∂ Ω Φ Ω
train_04615,∂ Ω Φ Ω Φ ∫ Φ Φ
train_04616,Ξ Ω ∫ ∫ Ω Φ ∂ ∂ ∇ Ω Ξ Ω Φ
train_04617,∫ ∂ ∇ ∫ Φ Ω Φ
train_04618,Ξ ∫ ∂ ∫ Ω ∂ Ω Φ Φ Φ ∂ Φ Φ ∂
train_04619,Ξ ∇ Ξ ∫ Ω Ξ ∂ Ξ Ξ Ω Ξ
train_04620,Ω ∫ ∇ Ξ ∂ Ω ∫ Φ Ξ ∇ ∂ Ξ ∇ ∂
train_04621,Φ Ξ ∂ Φ Φ Φ ∫ ∂ ∂ ∂ Ξ ∫ ∫
train_04622,∇ Ξ Φ ∫ ∫ ∇ Ω Ω Ξ Φ Ξ Ξ ∂
train_04623,Ξ ∇ ∂ ∇ ∇ Ξ ∂ ∇
train_04624,∫ Ξ Ξ ∂ ∫ Ω Ω ∇
train_04625,Φ Φ Φ ∂ ∫ Ω Φ ∂ Ξ ∫ Ξ
train_04626,∂ ∫ Φ ∂ Φ ∫ Ξ
train_04627,Ξ Ξ ∫ Ω Ξ ∇ ∇ Ω
train_04628,∂ Ω ∫ Ω ∇ Ξ ∇ ∇ Ω ∂ Ω
train_04629,∫ Φ Ω ∫ ∫ Ω ∇ ∂ ∫ Φ
train_04630,Ξ Ξ ∂ Ω ∂ ∂ ∫ Ω Ω ∂ ∂ ∫ Ξ ∇
train_04631,∇ ∇ Ξ ∫ ∂ ∇ Ξ Ω Ξ Φ ∇ Ω ∇
train_04632,Ξ ∫ ∇ Ξ ∂ ∫
train_04633,∇ Φ ∫ Ω Φ ∫ Φ Φ Ξ ∇
train_04634,∂ ∫ ∇ ∂ Φ Ω ∫ Φ ∫ Ω Φ ∇
train_04635,Ξ ∂ ∇ Φ ∇ Φ ∫ Ξ Φ ∇ ∫ Ω Ω ∂
train_04636,∂ Φ ∇ ∫ ∇ ∫ Ω ∇ ∂ Φ
train_04637,∇ Φ Φ ∇ Ω Ξ Ω ∇ ∫ Φ Ξ ∂
train_04638,Ω ∇ ∂ ∇ ∇ Ω Φ Ω ∇ Φ Φ ∇ Ξ Ω
train_04639,∫ ∫ Ξ Ω ∇ Ω Ξ Φ ∇ Ξ Ω
train_04640,∇ Φ Ξ Φ ∂ Ω ∂ Φ ∂ ∂ Φ Ξ Φ
train_04641,∇ ∫ ∫ Ω ∫ Φ Ξ ∫ ∇
train_04642,Φ Φ Φ Ω ∇ ∇ ∫ Φ ∫ ∂ ∇ ∫ Ω
train_04643,Ξ ∫ ∫ Ω Ω ∂ ∫ Ω
train_04644,Ξ Ω Ω Φ ∂
train_04645,Ω ∫ Ξ Ω Ξ ∂ Ω ∇ ∂ ∂ ∇ ∇ Ξ Ω
train_04646,∫ Ω ∂ ∫ ∂ Φ Ω ∂ ∇ ∫ ∂ ∂ Ξ Ξ
train_04647,Φ Φ ∇ ∫ ∇
train_04648,Ω ∇ Φ ∫ ∫ ∇ ∂
train_04649,Φ ∇ ∂ Ω ∂ Φ Ω Ξ Ξ ∇ ∫ Ξ ∫
train_04650,Ξ ∇ ∂ Φ ∇ ∂ Ξ Ξ ∂ ∫ ∫ ∫ ∂
train_04651,Ξ Φ Φ Ω Ξ Ω ∫
train_04652,∇ ∇ ∂ Ξ Ω ∂ Ξ Φ Ω ∂
train_04653,∂ Φ ∂ ∫ ∂ Ω Ξ Ξ ∫ ∫ Ω Ω Φ ∫
train_04654,Ξ Ω ∫ Φ Ξ
train_04655,Φ ∂ Φ Φ Ξ ∂ Φ ∇ ∫ ∫
train_04656,Ξ Ξ Ξ Ω Ξ Ω Ξ
train_04657,∫ ∫ ∇ Ξ ∂ ∇ Φ ∂ Ξ Ξ
train_04658,Φ Φ ∂ ∫ ∂ ∇ ∂ Ξ Φ ∫ ∇
train_04659,∫ ∂ Φ Ξ Ω Ξ ∇ ∂ Φ Ω Ω ∇ ∫
train_04660,Ω Ω Ω ∫ ∇ ∇ Ω ∫ Φ
train_04661,Φ Φ ∇ ∇ ∂ ∇
train_04662,∇ ∂ Ξ ∂ ∇ Φ Φ ∂ Ω Ξ Ω Ω
train_04663,Φ Ω ∇ Ξ Φ Φ ∇ ∫ Φ Ξ ∫ ∇ Φ Φ
train_04664,∂ Φ Φ ∂ Ω Φ Ξ Ξ Φ Φ Ω
train_04665,∂ Ξ ∇ Ξ ∫ ∫ Ω ∇ ∫ ∂ Φ ∫ Ω
train_04666,∂ Ξ Ξ Φ Ω Ω ∫ Ξ ∇ Φ
train_04667,∇ Φ ∂ ∫ Ω Φ Ω ∇ ∇ ∇ Ξ
train_04668,∇ Ξ ∂ ∂ ∂ ∂ Φ ∫ Ξ Φ Ω Φ
train_04669,∇ Ξ Ω Ω ∫ Φ ∂
train_04670,∂ Φ ∇ ∂ ∇ Ξ ∇ Φ ∇ ∫ Φ Ξ ∇
train_04671,Φ ∂ ∫ Ω Ω Ξ ∇ Φ
train_04672,∇ Φ Ω Ξ ∫ Ω ∫ Φ Ξ Ξ ∫ Ω ∫ ∫
train_04673,Ξ Ξ ∂ ∫ ∂ Φ ∇ Ξ Ω Φ
train_04674,∫ ∇ Ξ ∂ ∇ ∫
train_04675,∂ ∂ ∂ Ω ∇ ∫ Φ ∂ ∂ ∇ Ξ ∇ ∇
train_04676,∇ ∇ Ω ∂ ∫ ∇ Ξ ∇ Φ Φ
train_04677,Φ Φ ∂ Ξ ∫ ∫ ∫ ∫ ∂ ∇ Ξ ∇
train_04678,∇ Ω ∂ ∂ Φ Ω ∂ Ω
train_04679,∇ ∂ Φ ∇ Ω Φ ∫ ∫ ∇ ∂ ∂ Ω
train_04680,∇ Ξ Ω Φ ∫ ∫ ∫ Ω ∇ ∂ ∂ Φ Ω
train_04681,∇ ∇ ∫ ∂ ∫ Φ ∂ ∇ Ω
train_04682,Ξ Ξ ∇ ∫ Φ
train_04683,∇ ∂ ∇ Φ ∂ Ω Ξ ∇ ∇ Ξ Φ Ξ ∇ Ω
train_04684,Ω ∇ ∂ ∂ ∂ Φ ∫ ∂ Φ Ξ Φ ∇ Φ
train_04685,Φ ∫ ∫ ∂ ∂ ∇ ∇
train_04686,∂ Ω ∂ Φ ∫
train_04687,Ω Ξ Ω Ω ∇ Φ
train_04688,∫ Φ Φ Ω ∇ Ω ∫ ∂ ∫ ∇ Φ
train_04689,Ω ∫ Φ Ξ Ω ∫ Ω ∇ Ξ ∫ Φ Φ
train_04690,∇ ∂ ∫ ∇ Ω ∂ ∫ Ω
train_04691,∫ Φ Ω Ξ Ω
train_04692,Ω Ω ∇ ∫ ∇ ∂ Ω Ξ Ω ∂ ∇ ∂ ∂
train_04693,∇ ∇ Ω ∂ Φ ∫ Ξ
train_04694,Φ ∂ ∂ ∫ ∂ Φ ∂
train_04695,∇ Φ Φ ∂ ∫ ∫ ∫ ∫ Φ ∂ ∫
train_04696,Ω Ω Ξ Ω Ω Φ Ω Φ ∇ ∂ ∫
train_04697,Φ ∇ ∂ Ξ ∇ Ω ∫ ∇ Ω Ω ∫ Ξ Φ
train_04698,Ω Ξ ∫ Φ ∇ ∂ Ω ∇ ∇ ∫
train_04699,∇ Φ Φ ∫ ∫ Ω Φ ∇ ∂ Ξ
train_04700,∫ Φ ∫ Φ Φ Ξ ∇ ∂ ∇ ∂ Ξ ∂
train_04701,∇ Ω Ξ Φ Ω Ω Ω Ξ ∂ Ω Ξ Φ Ξ ∇
train_04702,Ξ ∇ Ξ Ξ ∇ Φ ∫ ∂ ∂ Ξ Φ ∫ Φ ∂
train_04703,Φ Φ ∇ Φ ∫ ∫ Ω Φ Ξ ∂ ∇ Φ ∂ ∫
train_04704,∂ Φ Ξ Φ Φ Ω Ξ ∂ Ξ ∇ ∫
train_04705,Φ ∇ Ω ∫ Φ ∇ Φ Φ ∫
train_04706,Φ ∫ ∫ Ω Φ ∫ Φ Φ ∂
train_04707,Φ Ξ ∫ ∂ ∫ Ξ Ξ Φ Ω ∇ Φ Ω ∂
train_04708,Ω ∂ Φ ∫ Φ ∫ Ξ Ξ Ξ ∂ ∂ ∂
train_04709,Ω ∇ Φ ∇ Ξ
train_04710,∂ ∂ ∂ ∫ ∫ ∇ Ω ∇ ∇
train_04711,Ω Ξ Ξ Ξ Φ Ω Φ ∇ ∇ ∇ Φ
train_04712,Φ ∇ ∫ ∂ Φ Ω ∂ ∇ Ξ ∇ ∫
train_04713,∂ ∂ ∫ ∫ Ξ ∫ Ξ Φ ∫ Φ
train_04714,Ω ∇ Φ ∇ Φ ∫ Φ Φ Ξ ∫
train_04715,Ξ ∇ ∫ ∇ Ξ ∫ ∇ ∂ ∇ Φ
train_04716,∫ Ξ Φ Ξ Φ ∂
train_04717,∇ ∂ Φ ∇ ∂ ∫ ∇
train_04718,Ω Ω ∫ ∂ Ξ Ξ Φ ∂ Ξ ∇
train_04719,Φ Ω Ξ ∂ ∫ ∫ ∇ Ω ∇ Ω Φ Ξ
train_04720,∂ ∇ Ω ∫ Ξ Ω ∇
train_04721,∂ Ω Ξ ∇ ∂ Ξ ∂ ∂
train_04722,Φ Φ Φ Ξ ∂ ∂
train_04723,∫ Φ ∫ Ξ ∇ ∫ ∇ ∫
train_04724,Φ ∂ ∂ Ω Ξ Φ
train_04725,Ξ Ω ∇ ∂ ∂ Ω Ξ
train_04726,Ω Ω Φ Ω Φ Ξ ∂
train_04727,∇ Φ ∇ ∂ Φ ∫
train_04728,Ω Ξ ∂ ∂ Ω Ω Ξ ∂ Φ ∇ ∇ ∂
train_04729,∫ ∂ ∂ ∇ ∂ Ξ Ω ∇ Φ ∫ ∂
train_04730,Ξ ∇ Ω ∇ Ω Φ
train_04731,∂ Ξ Ξ Ξ Φ Φ Φ ∂ Ξ ∂ ∫ ∇ Φ
train_04732,Φ ∫ ∂ Ω ∫ Φ ∫ Φ
train_04733,Ω ∂ Ω ∫ Ω Φ Ξ Φ Φ
train_04734,Φ Ξ ∇ Ω ∇ Φ ∫
train_04735,Ξ Ξ Ω ∫ Ω ∫
train_04736,∇ Φ Φ ∂ Ξ ∫ ∇ ∂ Ω ∫
train_04737,Ω ∂ ∫ ∂ Ξ ∫ ∂ Φ
train_04738,∇ ∫ Ω Ξ ∂ Ξ ∇ Φ Ξ Φ Ξ Ξ Ω ∂
train_04739,Φ ∂ ∫ Ω ∇ ∇ Ξ ∫
train_04740,∫ ∂ Ξ ∇ Φ Ω ∂ ∂ Φ ∇
train_04741,∂ ∂ ∫ Ω ∇ Ξ ∇ Ξ ∇ Φ Ξ ∫
train_04742,∇ ∂ Φ ∇ Φ ∫ Ω ∇
train_04743,Ξ Ω Φ Ω Ω ∇ Ω ∇ Φ Ω ∇ Ω ∂ Φ
train_04744,Ω Ξ ∫ Φ Φ Ξ ∫ Ω ∂ ∫ ∂ ∫
train_04745,Ξ ∂ Φ ∫ Φ Ξ ∂ ∫ Ω ∂
train_04746,∫ ∂ Ξ ∇ ∇ ∇ Ω ∇ Ξ Φ ∂ ∇ ∂ Ω
train_04747,∇ ∫ Ω Ω ∂ Ξ ∫
train_04748,Φ Ω Ω ∂ ∫ ∇ ∫ ∫ Ξ ∂ Ω Ξ
train_04749,∇ Ξ Ξ ∫ Ω
train_04750,∇ ∫ Ω ∇ ∫ Ξ ∫ Ξ Ξ Φ ∫ Φ Φ
train_04751,Ξ Φ Ω Ξ ∇ Ω Ξ Φ Ξ ∂ ∫ ∇ Φ
train_04752,Ω Ω ∫ Ξ Ω Ξ Φ Φ Ξ
train_04753,Ξ Ξ Ξ ∇ ∇ Φ ∇ ∂
train_04754,Φ Φ Φ ∇ Ξ Ξ Φ ∫ Ω ∂ Ω ∇
train_04755,∫ Ω Φ ∇ Ω ∂ ∫ ∂ ∫ ∂
train_04756,Ξ ∇ ∂ ∇ ∫ ∂ Ξ
train_04757,∂ ∂ ∇ ∂ Ω Φ ∂
train_04758,∂ ∇ ∫ ∫ Ξ ∫ ∫ Ξ ∂ Φ ∇
train_04759,Ξ ∫ Ω Ξ Ξ ∇ Ω Ω ∇ ∇ ∫
train_04760,∂ ∂ Ω Ω ∫ ∫ Φ ∂ ∂ ∫ Ξ Ξ
train_04761,∫ Ω Ω ∫ ∂ Ω
train_04762,∂ ∇ ∂ ∇ ∂ ∇ ∇ ∂
train_04763,∫ ∂ Φ ∫ Φ ∫ Ξ Ξ Ω Φ ∇ ∫ ∇ Φ
train_04764,∫ ∇ ∂ Ξ ∇ Ξ Ω Φ ∂
train_04765,Ω Ω Ξ Ξ Φ ∂ ∇ Ξ ∫ ∫ Ξ ∂
train_04766,∇ Φ ∂ Φ ∫
train_04767,∂ ∫ Ω ∂ Ω ∇ ∇ Ω
train_04768,Ω ∫ Ω Ξ Φ Φ ∫ Ω Ω
train_04769,Ω ∂ ∂ Φ Ω ∂ ∂ Φ ∫ Ξ ∇ ∫ ∇
train_04770,Ξ Ξ ∫ ∫ ∇ Ω ∫ ∫ ∂ Ξ Ω ∫ Ξ
train_04771,∂ Ξ Φ ∫ Φ ∂ Φ ∂ ∇ Ξ
train_04772,∫ Ω ∂ Φ ∇ Φ Φ
train_04773,∂ Φ ∇ ∂ ∇ ∂ Φ ∂ ∇ Ω
train_04774,Φ Ξ Ω Ξ ∂ ∫ ∫ ∂ Ξ
train_04775,∇ Φ Φ Φ Ω ∇
train_04776,∫ ∇ Ξ ∇ ∂ Ω
train_04777,Φ Ω Ω ∂ Ω Ξ Ω ∇ Ξ Φ ∂
train_04778,∂ Ω ∇ Ξ Ω ∂ ∫ Φ ∂ ∫ Ω Ω
train_04779,Ω ∇ Ω ∇ ∫
train_04780,∇ Φ ∫ Ξ ∇ ∂
train_04781,Ξ ∂ Ξ ∫ Φ ∇ ∇ ∇ Ω Ω
train_04782,Ω ∫ ∫ ∫ ∫ ∂ ∫
train_04783,∂ ∇ ∫ Ω Ξ Ω ∫ ∫
train_04784,Φ Ω Φ Φ ∫ ∇ Ξ Ξ ∇ ∂ Φ ∫
train_04785,∇ Ω Φ ∫ ∫ ∂ Φ ∫
train_04786,Ω ∂ Φ ∂ ∫ Ξ ∇ ∫
train_04787,Ω ∇ ∇ Φ Ω ∫ ∂ ∂ Ξ Ω Ω
train_04788,∫ Ω Ξ Φ ∂ ∇ Ω Φ Φ
train_04789,Ω Φ ∫ Φ Ω Ω ∇ ∂ ∇ Ξ ∂ Ω ∂
train_04790,Ξ ∫ Φ Ω Ξ ∫ Ξ Ω ∫ ∂ Ξ Φ Ω
train_04791,∫ ∫ ∫ ∇ ∇ Ω Φ Ξ Φ Φ Ω ∫ Ξ
train_04792,∫ ∇ ∫ ∫ ∇ ∇ Φ ∫
train_04793,Ω ∇ ∫ ∂ ∂ ∇ ∫
train_04794,Ξ ∂ Ξ ∇ ∫ ∫
train_04795,∫ ∇ Φ ∂ ∇ Ξ ∂ Ω ∫ ∫
train_04796,∂ Ξ ∂ ∂ Ω
train_04797,∂ Φ ∇ Ω ∇ ∫ ∇ Ω Ξ Ω ∇
train_04798,Ξ ∂ ∫ Ξ ∫
train_04799,Ω Ω ∇ ∫ Ξ Φ
train_04800,∇ ∇ ∂ Ξ ∂ Φ Ω ∇ Ω ∇ ∫ Ξ ∂ ∇
train_04801,∇ ∫ ∂ Ω ∇ ∂ Ω ∫ ∇ Φ ∫ ∫
train_04802,∂ Ω ∫ Ω Ξ Ξ Φ Φ ∂ ∂
train_04803,Ξ ∇ Ξ ∂ ∂ ∂ ∇ ∂ Φ Ξ
train_04804,∇ Φ ∫ ∇ ∇ Ω
train_04805,Φ ∇ ∫ ∂ ∂ ∂ ∇ ∂ ∇ Ξ Ω
train_04806,Ξ ∫ ∂ Ξ ∂ ∫ Ω ∫ ∇
train_04807,∂ Ξ ∂ Ω ∇ Ξ ∇ Φ Φ Φ Φ Φ
train_04808,Ω Ω ∫ ∂ Φ Ω Ω Φ
train_04809,Φ Ω Φ Ω Φ Ω
train_04810,Ξ Ω ∇ Φ Ω ∇ ∫ Ξ ∂ ∂ ∂ Φ
train_04811,Ξ ∇ ∇ Ω Φ ∫ Φ Φ Φ Ξ
train_04812,Φ Ω Φ Ξ ∫ ∫ ∂ Ω ∫ Ω
train_04813,∂ ∫ Φ Ξ Ξ Ξ Φ Ξ ∇ Φ Φ
train_04814,∫ ∇ ∇ Ω Ω ∫ Ξ Φ ∂ Φ Φ ∫ Φ
train_04815,Ω Ω ∫ ∫ ∇ ∂
train_04816,Ω Ξ ∂ Ω ∇ ∂ ∇ Ξ Φ ∂ Φ Φ ∂ Ω
train_04817,∫ Ω ∂ ∫ ∫ Φ ∇
train_04818,∫ ∂ Φ Ξ ∂ ∫
train_04819,Φ Ω ∇ Ω ∇ ∇
train_04820,Ξ Ξ Ξ ∂ ∂ ∂ Φ ∫
train_04821,Ξ ∂ ∫ ∫ Ξ Ω
train_04822,∇ Ξ Ω Ξ Φ ∂ ∂ ∫ Ξ ∇
train_04823,∇ ∇ ∫ ∇ ∇ Φ ∇ ∫ Φ Ξ Ω ∇
train_04824,∇ ∇ ∫ ∫ Ξ ∇ ∂ ∂ ∫ Ω Ξ ∇
train_04825,∂ Ω ∂ ∫ Ξ Φ
train_04826,Ω Φ Φ ∂ Ω ∂ Φ Ξ Φ Φ ∇ ∫ ∂ Ξ
train_04827,Ξ Ω ∫ Φ Φ
train_04828,∂ Ω Φ Ω Ξ Ξ ∇ Ξ ∇ Ξ ∫
train_04829,Ξ Φ Ξ Ω ∇ Φ Ω Φ Ω ∇
train_04830,∫ Φ Φ Φ Ξ ∂ ∫ ∇ ∇ ∂ Ω ∇ ∫
train_04831,∫ Φ Φ Ξ Ω ∫ ∫ Ξ ∫ Φ ∫ Ξ ∫ Ω
train_04832,Φ ∇ ∂ Ξ Φ ∂ ∂ ∂ Ω ∂ Φ Ω Ω
train_04833,∫ ∂ Φ ∂ ∫ Φ Ξ ∂ ∂
train_04834,∫ ∇ ∫ ∇ Φ
train_04835,Ω ∂ ∂ ∫ ∫ Ω ∇ Ω ∫ ∫
train_04836,∫ ∫ Φ Ω ∂ ∇
train_04837,Ξ ∂ ∫ ∫ ∇ ∫ Ω ∫ ∂ Ω
train_04838,∫ ∂ ∇ ∂ ∫ Φ ∂ ∂ Φ ∫ Ξ Ω Ω
train_04839,Ω ∫ Φ ∂ Φ Ξ ∇ ∫ Ω ∫ Φ Ξ ∫
train_04840,Φ Ξ Φ ∂ ∂ ∫ Ω Ξ Ξ ∂ Φ
train_04841,∂ Φ Ξ Ξ ∂ ∫ ∇ Φ ∇ ∫ Φ Ξ Φ ∇
train_04842,∇ ∫ Ξ Ξ Ξ ∫ Ω ∂ ∫ Ξ ∫ Φ ∂
train_04843,Φ ∫ Φ ∫ ∫ Ω Ω ∫
train_04844,Ω ∫ Ω Φ ∫ Ξ Φ ∫ Ξ Ξ Φ Ξ Ω
train_04845,∂ ∫ Ξ Ω ∂ ∇ ∇ Ξ
train_04846,∇ Φ Ξ ∂ ∫ ∇
train_04847,∂ Ξ ∇ ∇ Ω
train_04848,∂ ∫ Ω Ω Ω ∫ Ω ∂ Ξ Φ Ω ∂ Ξ Φ
train_04849,Ξ ∇ Φ Ξ Φ
train_04850,Ξ Ω ∇ Ω ∇ ∇ Ξ Φ ∇ ∂ Ω
train_04851,Φ ∇ ∇ ∂ ∇ ∇ Φ ∂ ∫ Φ
train_04852,Φ Ω Ξ Ξ ∫ ∇ ∇ Φ Φ Ω
train_04853,∂ Φ Ξ ∂ ∂ Φ
train_04854,Ω Ξ ∇ ∇ Ξ Ω Φ
train_04855,Φ ∫ Ω Φ ∇ ∫ Φ ∂ ∂ Ω Φ ∂ ∂
train_04856,∇ Ξ Ξ Ξ Φ Φ Ω
train_04857,Ξ ∇ ∂ ∂ Ξ ∇ Ξ Ω ∇ Ξ
train_04858,∇ ∂ Ω Ξ Ω
train_04859,Φ ∫ ∇ ∇ Ω Ω ∫ ∫
train_04860,∂ ∂ Φ ∂ Φ Ω ∇ Φ
train_04861,Ω ∇ ∫ Φ Ω Φ Φ Ξ ∂ Ω ∇ ∫ ∫ Ξ
train_04862,Ξ ∫ Ω Φ ∫ ∇ Ω ∇ ∂ ∇ ∇
train_04863,∫ ∇ Φ ∫ ∫ ∇ ∇ Ω Φ Ξ ∂
train_04864,∂ ∇ ∇ Φ Ξ ∂ ∇ Ξ
train_04865,Φ ∇ ∫ ∇ Φ Ω Φ Ξ ∂ Φ Φ Ω ∇
train_04866,∂ Ξ Φ ∂ ∂ ∇ Ξ Φ ∇ ∂ Ξ ∂ Φ Φ
train_04867,∂ ∫ Φ ∫ Ω ∇ ∫ Ω Ξ Φ Ξ Φ ∂ ∂
train_04868,∂ Ξ Φ Φ ∇ Φ ∇ ∫ Φ ∇ Ω
train_04869,∇ Φ ∂ Ξ ∂ Φ ∫ Φ ∇ Ω ∂ ∇ ∫ ∇
train_04870,Ω Ξ ∇ ∇ ∂ ∂ Φ ∇ Φ
train_04871,Ω ∂ ∂ Φ ∂ ∇ Φ ∫ ∂ Ω Ξ ∇ Ω Φ
train_04872,∇ Ω Ξ ∂ Φ Ω ∫ Ξ
train_04873,∫ Ξ ∂ Ω ∂
train_04874,Ξ Ξ Ω Ξ ∂ ∇ Ω ∇ ∫ ∂
train_04875,∂ ∇ Ξ Ω ∇ ∂ Ω ∫ Ξ ∂ Ω ∫ ∇ ∫
train_04876,Ξ ∇ Ω ∂ ∫ ∫ Φ
train_04877,Φ Ω Ξ ∫ ∇ Ξ ∇ ∇ Ω Φ Ξ ∫ ∇ ∫
train_04878,∂ Φ Φ ∇ Ξ Ξ ∇ ∫ ∫
train_04879,Ω Ξ Ξ ∫ ∫ Φ Ξ Ω Φ Ω
train_04880,∇ ∂ Ω ∇ ∂ ∂ ∇
train_04881,∂ Ω ∂ ∇ ∫ ∂ ∫ Ξ
train_04882,∫ Ξ Ω Φ ∂ Ξ
train_04883,Φ ∇ Ω Ξ ∇ ∫ Ξ ∂
train_04884,∫ ∇ Ω Φ Ξ ∂ ∇ Φ ∫ ∇ ∂ ∇
train_04885,Ξ Φ Ω Φ ∂ Ξ
train_04886,Φ Φ Ω Ξ Ω ∂
train_04887,∇ Ω Ω ∂ Φ Φ ∫ ∂ Ω ∂
train_04888,∫ ∇ Ξ ∂ Ξ Ξ ∫ Φ ∇ ∇ Ξ Φ ∫
train_04889,∇ Ω Φ ∂ Φ Ξ ∫ ∇ Ω ∇
train_04890,∇ ∇ ∫ Ω ∂
train_04891,Φ ∂ Ξ Φ ∫ Φ ∇ ∫
train_04892,∫ Ω Ω Ξ Ω ∫
train_04893,∫ Ξ ∫ Ω ∫ Ξ Ξ ∂ Ω ∇ ∇
train_04894,Ξ ∂ ∂ Ξ Ω ∇ ∂ ∂ ∫ Φ ∫ ∂ Φ Ω
train_04895,∂ ∂ Ω ∇ ∇ Ξ ∇ Ξ
train_04896,∫ ∇ Φ ∂ Ξ ∇ Φ Φ ∇ Ω
train_04897,Ω ∂ Ω ∇ ∫ ∇ ∂ Ξ Ξ Ω Ω ∇ ∫ ∫
train_04898,Ξ ∂ Φ ∇ Φ Φ
train_04899,Φ Φ Φ ∂ ∂ ∇ Φ
train_04900,Ξ ∫ ∇ Ξ ∫ Φ ∫ Ξ ∂ Ω ∂
train_04901,∇ Ξ ∂ ∇ Ξ Ξ ∫ ∂ Φ Ξ Ω Φ ∂ ∇
train_04902,Ω Ξ Ω ∇ ∇ Ω Ξ Ω Ξ
train_04903,Ξ Φ ∇ Ω ∇ Ω
train_04904,∫ ∂ Ω ∇ Ω ∂ ∂ Φ Φ ∫ ∫ Ω ∇
train_04905,∇ ∇ ∇ Φ ∫ Ξ Ω ∇ ∇ Ω ∫ Ξ
train_04906,∇ ∂ Φ ∂ Φ Ω Φ
train_04907,∂ ∇ Ω Ξ Ω Ω Ξ
train_04908,Φ Ω Ξ Ξ Ξ
train_04909,Ω Ξ ∇ ∂ ∂ ∂ ∂ ∇ Φ Ξ Φ
train_04910,Φ ∂ Φ ∇ ∫ Φ ∇ Ω Ω Ξ Ω Φ
train_04911,Ξ Ξ Ξ ∂ Ω Ξ
train_04912,∫ Ξ Ω ∇ ∇ Φ ∂ ∫
train_04913,Ω ∇ Ξ ∇ ∂ Ω Φ ∇ ∂
train_04914,Φ ∇ ∇ ∇ ∇ ∂ Φ ∂ Ξ ∇ ∇ Ξ Ω ∇
train_04915,∫ Ω ∫ Ω Ω ∂ ∫ Ξ ∫
train_04916,Ω Φ Ξ ∫ ∂ ∂ ∫ Ω ∇ ∫ Ξ ∫
train_04917,Φ Ξ ∫ Ω Φ Ξ ∇ Φ Ω ∂ ∂ ∫ Ω ∫
train_04918,∫ Φ Φ ∇ ∂ Ξ ∇ ∇
train_04919,∫ Ξ ∫ ∫ ∂ ∫ ∂
train_04920,∂ Φ ∫ ∫ ∂ Ω ∂ ∫ ∫ Ξ ∇ Ξ
train_04921,Ξ ∇ ∫ ∫ Φ Ξ ∫ ∇ Φ ∇ Φ
train_04922,Ξ Ω Ω Ω ∫ Ξ Ω ∂ ∇
train_04923,Ξ Φ Ω ∇ Ω
train_04924,∂ ∂ ∂ Ξ ∂ Φ Φ Φ ∇ ∫ Ω Ω ∂
train_04925,∂ Ω ∫ Ω Ξ ∇
train_04926,∫ ∫ ∂ Ω Ω
train_04927,∇ ∂ ∂ ∫ ∇ Ξ ∇ ∫ ∇ ∫
train_04928,Ξ ∫ ∫ ∇ Ξ ∫ Ω ∇ Ω ∇ ∇ ∇ ∫ Φ
train_04929,∂ Ω Φ Ξ ∂ ∇
train_04930,Ω Ω Ξ Ω ∂ Ω Φ Ξ Ξ Φ ∂ Φ Φ Ω
train_04931,∇ ∇ ∂ ∂ Ω Φ ∇ Ξ Ω ∫ ∇ Ξ
train_04932,∇ ∂ Φ ∇ Ω Φ ∫
train_04933,∇ ∂ ∇ Ξ ∂ Ω
train_04934,Ω Ξ Φ Ω ∫ Ω ∇
train_04935,∇ Ξ Φ Ξ ∂ ∂ ∫ Ξ Φ ∫
train_04936,∂ Φ ∂ ∫ ∂ Φ ∫ ∇ Ξ Ω ∇ ∇ Ξ
train_04937,Ω ∇ Φ Ω Ξ Ω Ω Ω Φ ∂ Φ
train_04938,∇ ∫ Ω Ω ∫ Ω ∇ ∫ Ξ Ω ∂
train_04939,Φ ∫ ∇ ∂ ∫ Ξ
train_04940,Φ Ω ∂ ∂ ∇ ∫ ∂ Ω ∫ ∇ Ξ Ω Ξ Φ
train_04941,Ω ∫ ∂ ∫ ∫ Φ Ω Ξ ∇ ∫ ∇ ∂
train_04942,∫ ∫ ∫ Ξ Φ Φ ∫
train_04943,∫ Ξ Ω ∫ ∫ ∂ Ω Ω ∂
train_04944,Ξ Ξ Ω Ξ Ω ∂ ∇
train_04945,Ω ∇ ∫ Ω ∂ ∫ ∫ ∂ ∫ ∫ Φ Φ
train_04946,Ω ∇ Φ Ξ Φ ∂ Φ ∂ ∇ Ξ ∂ ∂
train_04947,∇ Ω Ω ∫ Ξ Ξ
train_04948,∇ ∂ ∫ ∫ Ω Ξ
train_04949,∂ ∇ Ω Ω Ω ∇ ∇ ∫ Φ ∇ Φ Ω
train_04950,∂ Ξ ∇ Ξ ∇ ∇ ∫
train_04951,∫ ∇ ∇ ∂ ∫
train_04952,∂ Φ Ξ Ξ ∇ Φ ∂ Φ
train_04953,∫ Φ ∫ Ξ Ω Ξ Ξ ∇ ∇ Φ
train_04954,∇ Ξ Ξ ∇ ∫ ∫ ∫ Φ
train_04955,∂ Φ ∇ ∇ Φ Φ Φ Ξ ∂
train_04956,∂ Ξ ∂ Ξ ∇ ∇ Ω ∇ Ω Ξ ∇ Ξ
train_04957,Ω ∫ ∫ Ω Ω ∇ Ξ ∇ Φ ∂ ∂
train_04958,∇ ∫ ∂ ∂ ∇ Ξ Ω Ξ Φ ∇ Φ ∫ Ω
train_04959,∇ Ω ∫ ∫ Ξ Ω ∫
train_04960,∫ ∫ Φ ∇ Φ ∂ ∇ Ξ Ξ Φ Ω
train_04961,∂ Ξ ∫ Ω Ω ∫ ∂ ∇ ∂
train_04962,Ξ ∇ ∇ ∂ Ω ∂ ∂ ∫ ∫ ∇ Ξ Ξ ∇
train_04963,∫ Φ Φ ∂ ∇
train_04964,Φ Φ Ω ∂ ∂ Φ
train_04965,∂ Ω ∇ Ξ Φ
train_04966,∇ Ω ∂ ∂ Ω Ω ∂ Φ Φ
train_04967,Ξ Ω Ω Φ ∇ Ξ ∂ Ω Φ ∂
train_04968,Ω Φ Ξ Ω Φ ∫ Ξ
train_04969,Φ Ξ ∫ ∇ ∫ ∇ ∂ Φ ∂
train_04970,Ω ∇ ∂ Ω ∂ ∂ Ω ∫ Φ
train_04971,∫ Ξ Φ ∂ Ξ Ω
train_04972,Ω Ω Ω Ω Ξ Ξ ∫ Φ
train_04973,Φ ∇ ∂ ∇ ∇ Ω ∇ Ω
train_04974,Φ ∂ ∫ Φ Φ Ω
train_04975,∇ ∇ ∫ ∫ ∇ Ξ Ξ ∂ ∫ Ξ ∇ Ω ∇
train_04976,∫ Φ Ω ∂ ∫
train_04977,∂ ∫ Ξ Φ Ξ Ω Ξ Φ
train_04978,Φ Ω ∇ ∫ ∂
train_04979,Ω ∂ ∂ Ω ∫ ∫ ∂ Ξ
train_04980,Φ Φ Ω ∂ ∇ Φ ∫ Φ
train_04981,∫ ∇ Φ ∫ Φ Ξ ∫ Ξ ∫ Φ Ξ ∂ Ξ Ω
train_04982,Ξ ∂ Ω ∫ Ω
train_04983,∂ ∇ Ξ Ξ ∫
train_04984,∫ Ξ ∇ Φ Ξ ∫ ∇ Ξ Ξ
train_04985,Ξ Φ ∇ Ξ ∇ ∇ ∇ Ω Φ
train_04986,Ω ∂ Φ Ω Ω ∫ Ξ Ξ Ω
train_04987,∂ Φ ∫ ∫ ∫
train_04988,∂ ∫ Ω ∇ Ξ ∫ ∇ ∇ ∂ ∂
train_04989,Ω ∇ Ω ∇ Ξ Ω ∫ ∇ ∂ Ξ Ξ ∇ ∫
train_04990,∂ ∇ Φ Ω ∇ Ω Φ Ξ ∂
train_04991,Φ Ω ∇ Ξ ∫ ∫ ∇ ∂ Φ ∇
train_04992,∇ ∇ Ξ Φ ∂ Ξ
train_04993,∫ Ξ ∫ Ξ Φ ∂ ∫ Ω Ω Φ ∂ ∇
train_04994,Ω ∫ ∇ ∇ ∫
train_04995,∫ ∇ Ω ∂ ∇ ∫
train_04996,Ω Ω Φ Φ Ω Ξ
train_04997,∫ Φ ∫ ∇ Ξ Φ ∂ Ω
train_04998,∫ Ω Ξ ∇ ∂
train_04999,Φ ∇ Ω ∇ Ξ ∫ Ξ Ω Φ ∂
train_05000,∇ Ξ ∇ ∂ ∇ ∂ ∂ ∫ Φ Ξ Φ Ξ Ω ∂
train_05001,Ξ ∫ ∂ Ξ ∂ ∫ ∫
train_05002,∫ ∇ Φ ∂ ∂ ∫ ∂ ∂ Φ
train_05003,∂ Ω ∂ Ξ Ξ ∫ ∂ ∇
train_05004,Ξ ∫ Ξ Ξ ∂ Ξ ∇ Ξ ∫ ∇ Ω Ξ Ξ Ω
train_05005,Φ Ξ ∇ Ω Ξ ∇ ∫
train_05006,Ω Ω ∇ ∇ Ω ∇ Ξ Ω ∫ Ξ Φ Ξ
train_05007,Ξ ∫ Ξ ∇ ∂ Φ ∂ Φ Φ Ω
train_05008,∂ Φ ∫ ∂ ∂ ∇ ∫ Ω
train_05009,Ω ∫ ∇ ∇ Φ Ω ∂ ∫ Ξ ∫ ∫ Ω
train_05010,∫ Ξ Φ ∇ Ξ Φ ∂ Ξ Φ
train_05011,∫ Ξ Ω ∇ ∇ Ξ ∇ ∂ Ω Ξ ∂ Φ ∂
train_05012,Ω ∫ Ω ∫ ∂ ∇ ∫ Ω Ω ∇ Ω Ξ
train_05013,Ω Φ Ω ∂ ∫ ∇ Ξ ∂
train_05014,∇ ∇ Ω Ω Ω Φ ∇ ∫ Ξ Ω Ω Φ ∇
train_05015,Ω ∂ ∇ ∇ Φ ∂
train_05016,∫ Ω ∇ ∂ Φ ∂ Ξ Φ ∂ ∂ Φ ∫ ∂ Ξ
train_05017,Ξ Ξ ∂ ∫ Ξ ∇ ∇ ∫ ∫
train_05018,Φ ∇ Φ Ω Ω Ξ ∂ Ξ ∫ Ω ∫ ∂
train_05019,∫ ∂ ∫ Ξ ∂ ∇ Ξ ∇ ∇ ∇ Φ Φ Ω Ω
train_05020,Ξ ∫ ∂ Ω Φ ∇ ∫ Ξ
train_05021,∇ Ξ Ξ Ξ ∇ Ω ∂ Φ Ξ Ξ Ω Ω
train_05022,Ξ ∂ ∇ Ξ Ω ∂ Φ ∇ ∫ ∇ Φ ∫ Φ ∫
train_05023,∫ Φ Ω ∇ Ω ∂ ∫
train_05024,Ξ ∂ Ω ∫ ∂ ∫ Ξ ∂ Ξ Φ Φ ∂ Ξ
train_05025,∇ Ω ∇ ∇ ∫ Ω ∂ Ξ Ω Ω ∇ ∂
train_05026,Φ ∫ ∫ Ξ Ξ Φ Φ ∫ ∇ ∇
train_05027,Ξ ∇ Ω Φ ∇ Ξ ∂ ∫
train_05028,∇ ∂ Ξ Ξ ∂ Φ Φ Ω Ω ∂ Φ ∂ ∇
train_05029,Φ ∫ ∫ Ξ Ω ∫ ∫ ∇ Φ ∇ Φ Ω ∂
train_05030,Ξ Ω Φ ∂ ∫
train_05031,Ξ Ω ∫ ∂ ∂ ∂ ∇ ∂ Ξ ∇ Φ Φ
train_05032,Φ ∫ ∇ Φ ∇ ∇ ∫
train_05033,∫ ∇ Ω ∇ Ξ Ω ∇ ∫
train_05034,Ω ∫ Ξ ∫ ∇
train_05035,Ω ∂ ∇ Ξ Ξ
train_05036,Ξ ∫ Φ Ω ∂ Ξ ∫ ∫ Ω Φ ∇ Ξ
train_05037,Ω Ξ Ξ ∫ ∂ Φ Φ ∫ Φ
train_05038,∇ ∂ Ω Φ Ξ ∂ ∇ ∇ ∫ ∇ ∂
train_05039,∂ ∇ ∂ Φ Ξ ∫ ∫ Ω ∫ Ξ ∇ Φ ∂
train_05040,Ω Ξ Ξ Ξ Ξ Φ Ξ ∂ ∂ ∫ ∇
train_05041,∫ ∫ ∇ ∂ ∇ ∫ ∫ ∫ Φ Ω Ω ∂ ∇ Ξ
train_05042,∂ Φ ∇ Φ Φ Ξ ∫ ∂ ∇ Ξ
train_05043,Ω ∫ ∇ ∇ ∂ Φ ∇ ∫ ∫ ∂ Ξ Ξ
train_05044,∫ ∇ ∇ ∂ Ω ∫ Ω
train_05045,∫ ∂ Φ Φ ∫ ∂ ∂ ∂ ∫ ∇
train_05046,Ξ Ξ Ξ Ω Ξ ∫ Φ Φ Ω ∇ ∇ Φ ∂
train_05047,∂ Ω Ξ ∫ ∇ ∇ ∂ ∫ ∫ ∂ ∇ Φ
train_05048,∫ Φ ∇ ∫ Ξ Ξ ∇ ∇ ∂
train_05049,∇ Ξ ∇ Ξ Φ Φ Ξ
train_05050,∫ Ω ∫ ∂ ∇ Ξ ∇
train_05051,Φ Φ Φ ∫ Φ ∫ ∇ ∇ ∫ Ξ ∫ ∂ ∇
train_05052,Φ Φ ∫ Ω ∫ ∂ Φ Φ ∂ Φ ∫ Ω
train_05053,Φ Ξ ∇ ∇ ∂ Ω
train_05054,∇ Φ Φ ∇ Φ
train_05055,∂ ∫ ∂ Φ Φ ∫ Ω ∫ Ξ Φ ∫ Ξ Φ ∂
train_05056,∇ Φ ∫ Φ ∇
train_05057,∫ Ξ Ξ ∂ Ω ∂
train_05058,∂ ∂ Ω Ω Ξ ∂ ∇ Ξ Ξ
train_05059,Ω Ξ ∂ Ω Ξ
train_05060,∫ Ξ Φ Ξ Ξ ∂ ∂
train_05061,Φ ∇ ∇ Ξ ∇ Φ Ω Ω ∇
train_05062,Ω ∫ ∫ Ω Ω Φ Ξ Φ Ω ∫ Ω ∂ ∫
train_05063,∂ Ω ∇ Φ Ξ ∫ ∂
train_05064,Ω ∂ ∂ ∂ Φ Φ Φ Φ Φ ∫ Ξ Ξ ∂
train_05065,∇ ∂ Φ ∂ ∇ Φ
train_05066,Ξ Ξ Ξ Φ Φ ∫ ∇ ∫ Ξ ∇
train_05067,Φ Φ ∂ ∇ ∇ ∇ ∫ Ω
train_05068,Ξ ∇ Ω Ξ Ω ∫ Ω ∫ Ω ∇ Ω Φ ∫ Ξ
train_05069,∫ ∇ Φ Ω Ξ Ξ ∫
train_05070,∫ Φ ∇ ∇ ∇ Φ Ξ ∂ Ξ ∂ Φ ∂
train_05071,Φ ∫ ∫ ∫ ∫ Ω ∂ Ξ
train_05072,Φ ∂ ∫ ∇ ∫ ∫ ∇
train_05073,∫ ∇ ∇ Ξ Ω
train_05074,∂ Ξ ∇ Ξ ∂ ∫ Ω ∫ ∇
train_05075,∫ ∫ ∫ Ξ Ξ Φ
train_05076,∇ Φ ∇ ∂ ∂ ∇ ∇ ∫ ∫
train_05077,∇ ∂ ∇ Φ ∇ Ξ ∫ ∫ Ξ ∇ Φ
train_05078,∫ Ω ∫ ∂ ∫ Ω ∂ Ξ ∫ Φ Φ ∇ ∫ ∂
train_05079,Ξ ∂ Ξ ∂ Ω Ξ
train_05080,Ω Φ ∫ ∂ ∇ Ω Φ ∂ Ξ Ξ Ω ∫ ∂
train_05081,∫ ∂ Ξ Φ ∫ Φ Ω Ω Φ Ω Ω Φ Φ
train_05082,∂ ∂ Φ Ω ∇ ∇
train_05083,Ω ∇ Φ Ω ∇ ∫ ∫ ∂ ∂ ∇ Φ Ω ∇
train_05084,∫ Ξ ∇ ∇ ∫ ∫ Ω
train_05085,Φ ∂ Ξ Ω Φ ∂
train_05086,∇ ∇ ∂ ∂ Ω Ω Ω ∇ ∫ Ξ ∂ Ω
train_05087,∫ ∫ ∇ Ξ Φ Ξ
train_05088,Ξ ∇ Φ ∂ Φ Ξ ∇ Φ Ξ ∇ Φ ∇ ∇
train_05089,∫ Ξ Φ ∇ ∇ Ξ ∇ ∫ Ω Φ Ω ∂ ∫
train_05090,∫ ∇ Ξ Ω ∇ Ξ Ω Φ Ω Ω Φ ∂ ∫ ∇
train_05091,∂ ∇ Φ ∇ Ξ Ξ Ω ∫ ∫ Ξ Ξ Φ Φ Ξ
train_05092,Φ ∂ Ξ ∇ ∂ ∂ ∇ ∂
train_05093,∂ ∂ ∫ Φ Ω ∫ Φ Φ Ξ Ξ ∇ Φ
train_05094,Φ Ξ Ω Ξ ∫ Ξ Φ ∫ Φ ∂ ∇
train_05095,∂ Ω ∂ ∇ ∂ ∇
train_05096,∫ ∇ ∫ ∫ ∫ Φ
train_05097,∫ Ξ ∇ ∇ ∇ Φ ∂ Φ ∫ Φ ∇ ∇ ∇ Ω
train_05098,Ξ Ω ∫ ∫ ∇ ∫ Φ ∫ Ω ∇ Ω
train_05099,∇ ∇ ∂ ∇ ∇ ∫ Φ Ξ ∂ ∫ ∫ ∇
train_05100,Φ Ω ∫ ∂ Ω Ξ ∇ Ω ∫ ∫ Ξ ∫
train_05101,Ξ ∇ ∇ Φ ∫ ∫ Ξ ∂ ∇ Ξ ∫ Ξ Φ ∂
train_05102,Ω Ξ Ω Ω ∇ ∇ ∫ Φ ∇ ∂ ∂ ∇ ∫
train_05103,Φ ∂ ∂ Φ Φ ∂ Ω Φ Φ Ξ ∫
train_05104,Φ Φ ∂ Φ ∇ ∇ ∂ ∇ ∂ ∫ ∂
train_05105,∫ ∂ ∫ Ξ Ξ Ω ∇ Ω ∇ ∂
train_05106,Ξ Φ Ω Φ ∫ Φ Ξ
train_05107,Ω Φ ∂ Ω ∂ Ω ∫ Ω Ξ ∫ ∇ Φ Φ ∇
train_05108,Ω ∇ ∂ ∂ Ω Ξ ∇ ∫ Φ ∇
train_05109,Φ ∂ ∂ Φ ∂ ∇ ∂ ∫
train_05110,∇ ∇ ∫ Ξ Φ Ω Φ ∇ ∂ Ω Ξ
train_05111,Ω ∂ ∂ ∇ Ξ ∂
train_05112,∫ Φ ∫ ∫ Ξ ∇ ∇ Ξ Φ ∂ ∇ ∇ ∇
train_05113,∫ Φ Ξ Ξ Φ Φ Ξ ∫ Ξ Φ ∫ Ξ Φ
train_05114,∇ Ξ ∇ ∂ ∫ ∫ ∂ ∇
train_05115,∫ Ξ Ω ∫ ∫ ∫ Φ ∫ Ω Ξ ∫
train_05116,Ξ Ω Φ ∂ Φ ∂ Φ Ω Ω Ξ Ω Ω ∫ ∂
train_05117,Ω ∫ Ξ Ξ ∇ ∂
train_05118,∂ Ξ Φ ∂ ∂ Ξ ∂ Φ
train_05119,∫ ∂ Φ Ω Φ Ω Ξ Ξ ∫ Φ
train_05120,Ω ∫ ∂ Ξ Ξ ∇
train_05121,Ω Ξ Φ Φ Ω ∫ Φ ∫ ∂ ∇
train_05122,Ω ∂ Ω Φ ∇ ∂ ∫ Ξ
train_05123,∇ ∂ ∂ ∇ ∫ ∂ Ξ Ω ∇
train_05124,∇ ∇ Φ Φ Ω ∂ ∫ ∫
train_05125,∇ Φ Ξ Ω ∂ ∫ ∇ Φ
train_05126,∂ ∂ Ξ Ω Ω ∇ Ω ∂ ∇ Ξ ∇ Ω ∇ ∂
train_05127,Ξ Ξ ∂ Ω Φ Φ Ξ ∫ ∂ Ξ ∂ ∫ Ξ
train_05128,Ξ ∂ ∫ Ω ∇
train_05129,∇ Ω Ξ Ξ ∇ Φ ∇
train_05130,Ξ Φ Ω ∂ Ξ Φ
train_05131,Ω ∂ Φ ∇ ∇ Ω ∂ Ξ ∂ ∂ Ξ
train_05132,Ω Ω Ξ ∇ ∂
train_05133,Ξ ∇ ∂ Ξ ∂ ∇ ∫ Φ Φ Ω ∂ Φ ∫ ∇
train_05134,Φ Φ Ω ∂ Φ ∫
train_05135,Ξ Ω ∇ ∂ Ω ∫ ∂ ∇ Ξ
train_05136,Ξ ∇ Ξ Ω ∫ Ω ∂ Ω Ω Ξ ∇ ∇
train_05137,∫ Ξ ∂ Φ ∂ Ω Φ ∂ Ξ Φ ∇
train_05138,Ξ ∂ Ω Φ Ω ∫ ∂ ∫ ∫
train_05139,∂ Φ Φ ∂ Φ ∂ ∂ Ω ∇ Ξ ∂
train_05140,∂ Ξ ∂ Ξ Ω Ξ ∇ ∇ Ξ ∫ Φ ∂
train_05141,Ω ∇ Ξ Φ Φ ∂ Ξ Ω ∂ Φ Φ ∂
train_05142,∇ Φ Ξ Ω Φ Φ Φ ∂ Φ
train_05143,∫ ∫ Φ ∇ ∫ ∇ Ξ Φ ∫ ∂ Φ Ω Φ
train_05144,∂ ∇ Ξ ∇ ∫ Ω ∫ Ω ∂ Ω Ξ ∫
train_05145,∂ ∂ ∇ Ω ∂
train_05146,∫ ∂ Ω ∇ ∇ Φ Ξ ∂ Ω ∫ Φ ∫
train_05147,∫ ∇ Ω ∇ Φ ∂ ∇ Ω Ω
train_05148,∇ Φ Φ Φ ∂ ∂ ∫
train_05149,Ω Ξ Ξ Φ ∂ ∫ ∫ Ω Ω Φ ∂ Ξ
train_05150,Φ Φ Ω ∫ Ω ∇ Ω Ξ ∂ Ξ
train_05151,∇ Ξ ∂ ∂ ∂ Ω ∂ ∂ ∂ Ξ Φ
train_05152,∇ ∂ ∂ ∫ Φ ∫
train_05153,∂ ∂ ∫ Ξ Φ
train_05154,Ω ∫ ∫ ∇ Ω ∇ ∂ Φ ∇ ∫ Ω ∂
train_05155,Ξ ∂ Φ ∫ ∂ Ω ∇ ∂ Ω Ξ ∫ Φ
train_05156,Ξ ∇ Ω Ω Ξ Ω Φ Φ Ξ Φ Φ ∫
train_05157,∇ ∫ ∂ ∇ ∇ Ξ Ω ∂ Φ Φ ∫ ∂ Φ ∫
train_05158,Φ ∂ ∂ Φ ∫ Ω ∫ ∫ ∫ Ω Φ Φ
train_05159,∂ Φ Ξ Ξ ∇
train_05160,∇ ∫ ∫ ∫ Ξ Φ Ω ∫ Φ ∂
train_05161,Ω ∇ ∂ Ξ Φ ∇ ∫ ∇ Ω
train_05162,Ω ∂ ∫ Ω ∫ Ω ∫ ∇ Φ Ω Ξ ∂
train_05163,∫ Ξ Ξ ∂ ∇ Ξ ∇ ∂ Ω
train_05164,Ξ Φ Φ Ω ∂ ∂ Ξ Φ Ξ ∫
train_05165,∂ Ξ ∇ Ω Ω ∇ ∫
train_05166,Φ Ω Ω Ξ ∂ Ξ Φ
train_05167,∇ Ω Φ ∇ Ξ Φ Ξ Ω ∇ ∇ Φ
train_05168,∇ Φ ∫ ∂ ∫
train_05169,Φ ∫ Ω ∇ Ξ Φ Ω ∂ ∇ Ξ
train_05170,∇ Ξ ∫ Ξ Ξ Ω Ω ∫
train_05171,∂ ∫ ∇ Ω ∂ ∂ ∇ Φ ∇ ∇ Ξ Ξ ∫
train_05172,∫ ∇ ∇ ∫ Φ ∇ Φ Ω Ξ ∫ ∫ ∫ Ω ∫
train_05173,Ω Ω ∇ ∇ ∫ Ω ∫ Φ ∂ Φ Φ
train_05174,∇ ∇ ∫ ∫ Ω Ξ ∇ ∂ ∫ ∂ ∫ Φ ∇ ∇
train_05175,∫ ∂ ∫ Ξ ∂ ∇ ∂ ∇ Ξ
train_05176,∫ ∫ Ω Ω ∫ Ξ
train_05177,Φ Ω ∇ ∂ ∂ Ξ Φ
train_05178,∇ Ω ∇ ∂ ∇ Ξ Ω
train_05179,Ξ Ω ∂ ∫ Φ ∂ ∇ Ω Ξ ∂ Ξ ∂ ∫
train_05180,∇ ∇ ∇ Φ ∂ Ξ Ω Φ Ω ∇ Ξ ∇
train_05181,∫ ∫ Ω Ω Ω Ω Ω Φ ∇ ∇ ∇ ∫ ∇
train_05182,Ω ∂ Ξ ∇ Φ Ξ Ξ ∂ ∫
train_05183,Φ ∫ ∇ Ξ ∇
train_05184,∇ ∫ ∇ ∂ Ξ ∇ Ξ
train_05185,∂ ∇ ∇ Ω ∇ ∂ Ξ ∂ Ξ
train_05186,∫ Φ Φ ∇ Φ Φ ∫
train_05187,Ξ Φ ∫ Ξ Ξ Ω Ω ∫ Ξ ∇
train_05188,∂ ∫ ∇ Φ ∂ Φ Ω ∇ Ξ Φ
train_05189,∫ ∇ ∫ Φ ∂ Φ ∂ ∫ Ω
train_05190,∫ Φ ∫ ∫ Ω ∇ Ξ ∂ ∇ ∇ ∂
train_05191,Ξ ∫ ∇ ∫ ∇ ∇ Ξ Φ ∫ ∫
train_05192,Φ Φ ∇ Φ Ω Φ ∂ Ω ∇
train_05193,∂ Φ ∫ Ω ∂ Ξ ∫ Ξ Ω Ξ Φ Ω ∫
train_05194,∇ ∂ ∇ ∇ ∂ Ω ∂ Φ ∇ Ω
train_05195,Ω ∂ ∇ ∫ Ω
train_05196,∫ Φ ∇ ∫ Ξ ∂ ∫ Ω ∂ ∇ ∂
train_05197,∇ ∇ Ξ ∫ ∇ ∂ ∫ ∇ Ω ∇ Ω
train_05198,∂ ∂ ∂ Φ ∂ ∇ Ξ ∇ ∇ Φ ∇
train_05199,Φ ∂ Φ Ξ ∂ Ω Ω Ξ ∇ ∫
train_05200,Φ ∇ ∇ Ω ∇ ∇ Ξ ∂ Ω Φ Ξ ∂ Ξ
train_05201,∇ Φ ∇ Ξ ∇ ∂ Ω Ξ
train_05202,Ξ ∫ Φ ∂ Φ ∂
train_05203,∇ ∇ Ξ ∫ Ξ ∇ Φ Ω ∇ ∇
train_05204,Ω Φ Ξ Φ ∇ ∂ ∫ ∂ ∂ ∂
train_05205,Ω ∇ ∇ Ω ∂
train_05206,Φ Ω ∂ Φ Ω ∂ Φ Ξ ∇
train_05207,Φ Φ ∇ Φ Ω
train_05208,Ξ ∫ ∫ ∇ ∂ ∂ ∂ Ξ ∫ Φ ∂
train_05209,∂ Φ Ω Φ ∇ Ξ ∇ Ξ Ω Ω Ω Ω
train_05210,∇ Ω ∫ ∇ ∂ Ξ ∇ Ω Ω ∫ Ω
train_05211,∂ ∇ ∇ Ξ ∂ Ω ∂ Ω ∇ ∫ Φ
train_05212,∫ ∫ ∂ ∇ Ξ ∂ Ξ Ξ Ξ Φ Ω ∇ ∇
train_05213,∇ Ξ ∫ ∫ ∂ Φ ∇ Ω ∫ ∂ Ξ Ξ
train_05214,Ξ Φ Ω Ξ Φ ∫
train_05215,∇ ∂ Φ ∂ Φ ∂ Ξ ∂ ∇ ∂
train_05216,Φ ∇ Φ Ξ ∫ ∇ Ω ∇ Φ ∂ ∇ Ξ Ξ ∂
train_05217,∫ ∇ Ω Φ Ω Ξ
train_05218,Φ ∫ Ω Ω ∂ Φ Ξ ∇
train_05219,Ω Φ Ξ Ξ ∇ Φ ∇ ∂ Φ ∂ Ω
train_05220,∫ ∫ ∂ ∇ ∂ ∂ Ξ ∫ Φ ∂
train_05221,Φ Φ Φ ∇ ∫ Ξ Ω ∂ ∫ Φ
train_05222,∂ ∇ Φ Φ Ω Φ Ξ Ω ∇ ∫ Φ ∂ Ξ Ω
train_05223,Φ ∂ Ξ ∫ Ξ Φ ∫ Ξ ∂ ∂ Ω Ξ
train_05224,∇ ∂ Φ ∇ ∂ ∂ ∇
train_05225,∇ Ω Φ ∂ ∂ Ω
train_05226,Φ Φ ∇ Φ Φ
train_05227,∂ Ω ∇ Φ Ω ∂ Ω Ω ∂ ∂ ∂ Ω
train_05228,∂ ∂ ∫ Ξ Ω ∇ Ξ Φ ∫ ∫ Ξ Φ Φ ∂
train_05229,Φ Φ Ξ Ω Ξ ∇ ∇ Φ ∇ Φ ∫
train_05230,∫ ∫ ∫ Ξ Ξ ∫ Ω
train_05231,Ω ∇ Φ Φ Ξ Φ Φ ∫ ∂ Ω Ξ
train_05232,∫ ∂ ∇ ∂ ∇ Φ Ξ
train_05233,Ξ Φ Φ ∇ ∇ ∫
train_05234,Ξ ∫ Φ Φ Ω ∇ Ξ
train_05235,Ω Φ Φ ∫ ∂ ∂
train_05236,∇ Φ ∇ Φ ∫ Ξ Φ Φ
train_05237,Ξ Ξ Ω ∫ ∫ Φ ∇ Ω Φ ∇ ∇
train_05238,∇ ∂ ∫ Φ Ω Φ ∫ Ω Φ Φ
train_05239,∇ Φ ∫ ∫ Ω ∂ Φ Ξ Ξ Φ Ξ Ω ∂
train_05240,Ξ Φ ∫ ∫ ∂
train_05241,∇ ∂ ∂ Ξ ∂ Ω Ω Ξ Φ ∇
train_05242,∂ Ξ Ω Ω ∫ ∂ ∂ ∇
train_05243,∂ Ξ Φ ∫ Φ Ω Ξ
train_05244,Φ ∂ Ω Φ Ξ ∫ Ω
train_05245,∂ Ξ Φ Ω Ω Φ
train_05246,∂ Φ ∫ Ω Φ ∫ ∇ ∂ Φ Ω
train_05247,∇ Φ ∂ Ξ ∇ ∇ ∇ Ξ
train_05248,∂ ∇ ∇ Ξ ∂ ∂
train_05249,Φ ∇ ∇ Ξ ∫ Ω Ξ ∫ Ω Ω
train_05250,∫ Ω ∫ Ω ∇ ∇ ∂ Ω Φ
train_05251,∫ Φ Φ Ξ Ω ∇ ∫ Φ ∇ Ω Ω ∇ Ξ ∫
train_05252,Ξ Ω ∫ Ω ∫ Ξ Ξ Ω Φ
train_05253,∂ Ξ ∇ ∂ Ξ Φ ∇ Ω ∇ ∫ ∇ Φ
train_05254,∇ ∇ ∇ Ξ ∫ Φ ∂ Φ
train_05255,Φ ∫ Ξ ∇ Φ Φ ∫ ∫ ∂ ∇ ∂
train_05256,Ω ∫ ∇ Φ ∫ ∫ ∫ Φ Ω ∇ ∫ ∂ Ω ∫
train_05257,Ω Ω Ξ Ω Φ ∇ ∂ ∫
train_05258,∇ Ω ∫ Ξ Ω Ω ∂ ∫ Ξ
train_05259,Ξ Φ ∫ Ξ ∫ Ω Ξ ∂
train_05260,∂ Φ ∂ Φ Ξ ∫ ∇
train_05261,Φ ∫ Ξ Ω Φ
train_05262,Ω Ξ ∂ ∂ Φ
train_05263,Ξ ∇ Ω ∇ ∂
train_05264,∫ Ξ ∫ Ξ ∫ Ω Ω ∇ Ω Ω Ξ Φ ∂ Φ
train_05265,∫ ∂ Ω ∫ ∂ Φ
train_05266,∇ Φ ∇ ∇ ∂ ∇ ∂
train_05267,∫ Ω ∂ Φ ∂ Ξ ∫ ∂ ∫ Φ ∂ ∂ Φ ∂
train_05268,∫ ∂ ∇ Φ ∂ Ω ∇ Ω ∫
train_05269,Ω ∂ ∂ ∫ Ω Φ ∇ Ξ Φ ∫ ∫ ∂ Ω ∇
train_05270,∫ Ξ Ξ ∇ Φ Ξ ∇ Ω ∇ Ω
train_05271,Ω ∂ Ξ ∇ Φ
train_05272,∫ Φ Ξ ∫ ∇ ∫ Ω Φ ∇
train_05273,Ω ∇ ∫ ∂ Ξ Ξ ∇ Ξ ∫ Ξ ∇ Ω Ξ
train_05274,∫ ∂ Φ Φ ∂ Ω ∫ Ξ ∂ Ξ Ξ ∂
train_05275,∇ ∫ ∂ Ω Φ Ξ Φ ∂ Ω ∇ Ω
train_05276,∫ Ω Ω Ξ Φ ∂ Ξ ∫ Ξ ∫
train_05277,Φ ∂ ∂ Ξ Φ
train_05278,Φ ∂ Φ Ω Ω Ω Φ ∂ Ξ Φ ∂ ∇
train_05279,Ξ Ξ Φ ∫ Ω ∂ ∂ Φ ∫ Ξ Ω ∇ ∇
train_05280,Ξ Φ ∫ Φ Φ Ξ
train_05281,∫ ∂ Ω Ω ∂ ∇ ∇
train_05282,Ω ∇ Ω ∫ ∇ Φ Ω ∇ Ω Φ ∫ ∫ Ξ Ω
train_05283,∇ ∫ ∂ Φ Φ Ξ
train_05284,Φ ∂ ∂ Φ ∇ Φ Φ
train_05285,∫ Φ Ω Ξ Ω ∇
train_05286,∫ Φ ∇ Ξ ∫ Ω ∇ ∫ ∇
train_05287,∂ ∂ Ξ Ξ ∇ ∂ Ξ ∇ Ω Ξ ∫ Ω ∫ Ξ
train_05288,Ξ ∫ Ξ Ξ Ω Ω ∂ ∇
train_05289,∫ Φ ∇ ∇ ∇
train_05290,∇ ∇ ∂ ∇ ∇ ∇ Ω Φ Φ ∫ Ω
train_05291,Ξ ∫ Ξ ∇ ∫ Ξ Ξ ∫ Ω Ξ ∂ ∫ Ξ
train_05292,Ξ Ω ∇ ∇ ∫
train_05293,Ω Ω ∇ ∂ ∫ ∇
train_05294,∂ Φ Φ ∫ ∇ ∇ ∫ Ξ Ω Φ
train_05295,∫ Φ ∫ ∫ ∂ ∂ Φ
train_05296,∫ ∫ Φ ∇ ∫ Φ ∇ ∇ ∫
train_05297,Ω ∫ Ξ ∂ Ξ ∂ ∂ ∇ ∂ ∂ Ω Ξ ∫ ∇
train_05298,Φ Ξ Ω Ξ ∫ Ξ Ω Ω ∂ Ξ Ω Ω Ξ Ω
train_05299,∇ ∫ ∫ Ω ∂ Ξ ∫ Φ
train_05300,Φ Ξ ∂ Ω ∂ ∂ Ω Φ
train_05301,∫ Ξ Ξ ∫ ∇ ∫ ∂ ∇ ∂
train_05302,∇ ∇ ∫ ∇ ∇ ∇ ∇ ∇ Ξ ∂ ∇ ∂ ∇ Ω
train_05303,∫ ∫ Φ ∫ ∫
train_05304,∫ ∫ Φ Ξ ∇ ∂ Φ Φ ∫ Ω ∇ Φ ∇
train_05305,∇ ∇ ∫ Ξ Φ ∫ ∇
train_05306,∂ ∫ ∇ ∂ ∫ ∂ ∂ Φ Ω
train_05307,∂ ∂ ∇ Φ ∇ Ξ ∂
train_05308,Ξ Ξ Φ ∫ ∫ ∇ Ξ Ξ
train_05309,∇ ∂ Φ Ξ Ξ ∇ Ξ Ξ ∇ Φ
train_05310,Φ ∂ Ω Ξ ∫ Φ Ω Ω Φ ∫ Φ ∇
train_05311,∂ Φ ∂ ∇ ∇ ∂ ∂ Ω ∫ ∇ ∫ ∫ Ξ
train_05312,Ξ ∇ Ω ∫ Ξ ∂ Φ ∫ ∂ ∫
train_05313,∇ ∂ ∇ Ω Φ
train_05314,Φ ∇ ∫ ∇ Φ Ξ ∫ Ξ ∂
train_05315,Ξ Ω Φ Φ ∂ ∂
train_05316,∫ ∫ ∫ ∇ Ξ ∇ ∫ ∇ ∂ Ω
train_05317,Ξ Ξ ∫ ∇ Ξ ∂ Ω Ξ
train_05318,∂ ∂ Ω Ω Ξ Φ ∫ ∫ ∇ ∫
train_05319,Ω ∫ Ξ Ω ∫ ∂
train_05320,∫ Ξ ∂ ∂ ∫ ∫ ∇
train_05321,∫ Ξ Ω ∂ ∂
train_05322,∇ Ξ ∫ Ξ ∫ ∇ Ξ Ω
train_05323,Φ ∂ Φ ∇ Φ ∫ Ω ∇
train_05324,∫ Φ ∇ Ξ Φ Φ Ω ∂ ∂ ∫ ∫ ∂ ∂ ∇
train_05325,∇ Ω ∂ Φ ∂ Φ ∇ ∫ ∇ Ξ Ξ ∂ Φ Ω
train_05326,Ω Φ Φ Ω Ξ ∫ ∇ ∫ ∂ ∇ Φ ∂ ∇ ∫
train_05327,Ω ∂ ∫ ∫ Ξ Ω ∂ ∫ Ξ Ξ ∫
train_05328,∇ ∇ Ξ ∇ Ω Φ
train_05329,∂ Ω ∇ Ω Ξ Ξ Ξ Φ Ω ∫
train_05330,∫ ∇ ∇ ∇ Ω Ξ Ξ Ω ∂ Φ ∂ ∂
train_05331,∂ ∂ ∫ Φ Ξ Φ Ξ Ξ
train_05332,Φ ∂ ∇ Φ ∇ ∇ Ω Ξ ∇ Φ ∫ Ξ ∇
train_05333,∂ Ω ∇ Φ ∂ Φ ∂
train_05334,∂ Ξ ∫ Φ ∂
train_05335,Φ ∇ ∂ ∂ ∇
train_05336,Ξ ∫ ∂ Ξ Ξ ∂ ∂ Ξ Ξ Ξ
train_05337,Ξ Φ Ω ∇ ∇ Φ ∫ Ω
train_05338,Ξ Ω Ξ ∇ Φ Ξ ∇ Ξ ∫ Ω ∫
train_05339,∫ ∂ ∫ ∇ ∇ Ξ ∇ ∫ Ω ∂
train_05340,Ξ Φ ∫ ∇ ∫ ∇ ∫ ∇ Φ ∂ Φ ∫
train_05341,Ξ ∇ Ω ∂ ∫ Φ Ω Φ ∇ Ξ ∂ Φ
train_05342,Ξ Ω Ω ∫ Ω Ω Ξ Φ Φ ∂ ∇ ∂ ∇ Ξ
train_05343,∇ ∂ ∇ Ω ∇ Ξ Ω Ξ Ω Ξ
train_05344,Φ Φ ∂ Ξ ∂ Φ Ξ ∂ Ω ∫ ∂
train_05345,Ω Ξ Ξ Φ ∇ ∂ ∇ Φ Ω
train_05346,Ξ Ξ Φ ∂ ∂ Ω ∂ Ξ ∇ ∇ Ξ Ξ ∫
train_05347,∂ Ω Ω ∂ Ξ ∂ Φ Ω ∂ ∫ Ω
train_05348,Φ ∫ Ω Φ ∂ Φ ∫ ∫ Ξ
train_05349,Φ ∂ Ξ Ξ Ξ Ω Φ Ω
train_05350,∂ Ω Ξ ∂ ∫ Ξ Ξ Ξ Φ ∫ Ω ∂ ∂
train_05351,∇ ∂ Ω Φ ∇ Φ Ξ Ω Ξ ∫ ∫
train_05352,Ξ ∇ ∂ ∂ ∂ ∇
train_05353,∫ ∂ Φ ∂ Ξ ∫ ∇ Φ Ξ Φ Φ Φ
train_05354,∇ Φ ∂ ∇ ∫ ∇ Φ Ω Φ ∫ ∫
train_05355,∂ Ω Φ Φ ∫ ∂ Ξ ∫ ∫ ∇
train_05356,∇ ∂ Ξ ∂ ∇ ∂ Φ ∂ Ξ Φ Ω Ω
train_05357,∫ ∫ ∫ ∫ Φ ∇
train_05358,∂ Ξ Ξ Ξ Ξ Φ Φ Ξ ∫
train_05359,∇ ∫ ∂ ∇ Ξ ∂ Ξ Ω ∫ Ξ
train_05360,Φ Φ Ω Ω ∂ Φ ∂ Ξ ∇ ∂ Φ ∫
train_05361,Ω ∇ ∂ ∇ Φ ∫ ∫ ∂
train_05362,∫ Φ ∇ Ξ ∇ ∫ ∫ Φ Φ
train_05363,∇ Φ ∫ Φ ∫ Ω ∂ ∇ ∇ ∇ ∂ ∂
train_05364,∇ Ω ∇ ∂ ∇ ∫ Ω Ξ Ω ∫
train_05365,Φ Ξ ∫ ∂ Ω
train_05366,Ξ ∇ ∇ Ξ Ξ Ξ Φ Φ ∇ ∂ Ξ ∫ Φ Ω
train_05367,Ω ∫ Ω Ξ Ω Φ ∇ Φ Ω ∂ Ξ ∇ ∇
train_05368,Ξ ∇ Ξ Φ Ξ
train_05369,Ω ∇ Ω ∫ Φ Ξ ∫ ∂
train_05370,∫ ∂ ∇ ∫ Ξ ∇ ∇ ∫ Ξ ∂ ∇ Ω
train_05371,∇ Ω ∫ ∫ Ω ∇ Φ ∇ Φ
train_05372,∂ ∇ Φ ∇ Φ ∇ ∂ ∇ ∂ Ξ Φ ∫ ∇
train_05373,∫ ∫ Ξ ∇ Ξ Ξ ∫ Φ ∂ Φ ∫
train_05374,Ω Ω ∫ Ξ Ξ ∇ Φ Ξ
train_05375,Ξ ∂ ∇ ∇ Ξ Φ ∂ Ξ Ξ Ω Φ ∇ ∫
train_05376,Ξ Φ ∂ Ξ Ω Ξ ∂ ∫ Ω
train_05377,Ω Φ ∇ Ξ Ω ∂
train_05378,∫ Ξ ∇ Φ ∫ Ξ Ω ∇
train_05379,Ω ∂ ∇ Ω Ξ ∇ ∂ Ω ∫ ∫ ∂ ∫ ∫
train_05380,∇ Φ Ω ∇ ∇ Ω ∫ Φ Φ Ω ∂
train_05381,∇ Ω ∇ ∂ ∫ ∂ ∂ ∂ ∫ ∫ Ξ
train_05382,∂ Ξ Ω Ω ∫ Φ Φ
train_05383,Φ Ξ ∇ Ξ Ξ ∇ ∂ ∫ ∂ Ω
train_05384,∂ ∂ Ω Ξ Φ Φ ∇ ∇ Φ
train_05385,∂ Φ ∇ ∫ ∫
train_05386,Ξ Ξ ∇ Ξ Ξ ∂ ∂
train_05387,∫ Φ ∫ ∇ Ω ∇
train_05388,Ξ Φ ∇ Ω ∇ ∇
train_05389,Ξ Ξ ∫ Ω ∂ Ξ ∂ Ξ ∫ ∫ Ξ Φ Ω ∇
train_05390,Ξ Ξ ∫ ∂ ∫ Ω
train_05391,Φ Ω ∂ Ξ ∂ Ω
train_05392,Ω Ω ∫ ∫ ∂ ∫
train_05393,∫ Ξ ∇ ∫ Φ ∫ Ω ∇ ∂ ∫ ∇ Φ Ξ ∫
train_05394,Ω Ω Ξ Φ ∂ Ξ Φ Ω ∂ ∫ ∫ ∫ ∂
train_05395,∇ ∫ Ξ ∂ Φ ∇ Ω Ω ∇ Φ Φ Ω ∫
train_05396,Ω Φ Ω ∂ ∇ Ξ Ω ∇ Φ Φ
train_05397,Φ Φ ∫ Ξ ∂ Ξ Ω Ξ ∂ Φ Φ Ω
train_05398,∫ Ξ ∫ Ξ Ω Ω ∫ ∇
train_05399,Ξ Ω Ω ∇ Ξ Ω Φ ∇ ∂ Ω ∂ Ξ ∂
train_05400,Φ Ξ Ω Ξ Ω Φ ∇ Ω
train_05401,Ξ Φ Ξ Ξ Φ Ω Ξ ∇ ∂
train_05402,Ξ ∫ ∂ Ω Ω ∇ Ω ∂
train_05403,∇ Ξ ∇ Ω Ξ Φ Ω ∂ Ω Φ Φ ∫ ∂
train_05404,Φ ∫ Ω ∇ Φ Ξ ∇ ∂ ∇ ∂
train_05405,Φ ∫ Ξ ∫ Ω ∇ ∇ ∫ ∫ Ω Ω
train_05406,∫ Ξ ∂ Ξ ∫ Φ ∇
train_05407,∇ ∫ ∫ Ω ∇ Ω ∫ ∂ ∂ Ω
train_05408,∂ Ω Ξ ∂ ∇ ∫ Ξ
train_05409,Φ Ω ∫ ∂ ∂
train_05410,∂ Ξ ∇ ∇ ∂ Φ ∂ Ξ ∂ Φ ∂ ∇
train_05411,∇ ∫ ∂ Ξ Φ
train_05412,∂ Ω Φ Ξ ∇ Ω
train_05413,∂ Ξ ∂ Ω ∇
train_05414,∂ Ξ Ω Ξ Φ ∇ Ω Ξ
train_05415,Ξ ∇ Ω Ξ Φ ∫ Φ ∂ ∂ ∂ Ξ ∂ Ξ
train_05416,∂ Ξ Φ Ξ ∂
train_05417,Ω Ω ∫ Φ ∫ Φ ∇
train_05418,∫ ∫ ∂ Φ Φ ∂
train_05419,∂ ∇ Φ ∇ ∂ Ω
train_05420,Ξ ∫ ∂ ∇ Φ Φ Φ Ω
train_05421,∇ Ξ ∇ ∇ ∫ ∂ ∫ Ξ Ω Φ Ω
train_05422,Ω Ω ∇ Φ ∂ ∫ Ω Φ ∇ ∂ ∇
train_05423,Ω Φ Ξ ∇ Φ Φ Ω ∫ ∂
train_05424,Ξ Ξ Φ Φ ∫ ∇ Ω Ω ∂
train_05425,Φ ∇ Ω Ω ∫ ∫ Ω ∫ ∇ ∫ Φ Ξ Φ
train_05426,Ξ ∫ ∫ Ω Φ Ω Ξ ∫
train_05427,∂ ∫ Ξ Ω Ξ ∫ ∂ ∂ Ξ ∇
train_05428,Φ Ξ ∇ Φ Ω
train_05429,∫ ∫ Ξ ∇ ∂ Φ Φ Ω Ξ ∫
train_05430,Ξ ∂ Ω ∂ ∫ Φ ∇ ∂ ∂ ∇ Φ Ω Φ
train_05431,∇ Ξ Ξ ∇ ∂ ∂ ∂ Ω ∇ Ξ ∇ Ω Φ
train_05432,Ω Φ Ξ Φ Ξ Ξ ∇ ∫ ∇ Ξ ∇ ∇ Ω Φ
train_05433,Ξ Ξ ∫ ∫ ∇ ∇ Ξ
train_05434,Ξ ∇ ∇ Φ Ξ
train_05435,∂ Ω Ξ ∂ Ω Φ Ξ ∇ Ξ
train_05436,∂ ∫ ∇ ∂ ∂ ∇ ∂ Ω Ω ∇ ∫ ∇
train_05437,∫ ∫ Φ ∇ ∂ ∇ ∫ ∇ ∂ ∫
train_05438,∂ ∇ ∇ Ξ Ω ∂ ∂ ∫
train_05439,Ξ Φ Φ ∂ Ξ Ω ∇ ∇ Φ Ξ Φ
train_05440,∇ Ξ Φ ∫ Ω
train_05441,Ξ Ξ Φ Ω ∂
train_05442,Ξ ∫ ∂ ∇ Ξ Ξ ∂ ∂ ∫ ∫ Φ
train_05443,∇ Ξ ∫ Φ ∂ ∂ Ξ Ω Ξ
train_05444,∫ Φ ∇ Ξ ∂ Ξ Φ Φ ∇ ∇ ∂ Φ ∫ Φ
train_05445,Ω Ω Φ Ω ∫ Ξ Ω ∫ ∫ ∫ ∫
train_05446,∫ ∂ ∇ ∫ ∫ Φ Φ ∇ Φ Ω ∫ ∂ Ξ ∫
train_05447,∇ Ξ ∂ ∂ ∫ Φ ∂ Ω Ω ∂ Ω Ω Ω Ξ
train_05448,Φ Ω ∇ Ξ ∂
train_05449,Ξ Φ Ξ ∂ ∇ ∂ ∂ ∫ Ω ∇ Φ ∂
train_05450,∂ ∇ ∂ ∂ ∫ Ξ
train_05451,Φ ∇ ∂ ∇ Ξ Ξ ∫ Φ
train_05452,∫ Ξ Φ Ξ Φ Ω Ξ ∇ ∇ ∇ Φ
train_05453,∇ Φ Ω ∫ ∇ ∇ ∂ Φ
train_05454,∫ Ω Ω Ξ Ω ∂ Ξ Ξ ∫ Ξ ∫ Ξ Ω Ω
train_05455,∂ ∫ Φ Ω Ξ ∇ Φ ∇ Φ Φ ∇ Φ
train_05456,∂ Ω ∇ ∇ ∂ Ω Ξ Ξ Ξ ∫ Φ Ω
train_05457,Φ Ξ ∂ Ω Ω Φ ∫ Ξ ∂ Ξ Ω Φ Ω
train_05458,∂ Φ Φ Ξ ∇ ∫
train_05459,∇ ∇ Ξ ∂ ∂ Ω Ω Ξ ∫ ∇ ∂ ∇ ∇
train_05460,Φ ∇ ∫ ∂ ∫ ∫ Φ ∂ ∂ ∫ Φ Ξ ∂ Ξ
train_05461,∇ ∇ Ξ ∂ ∫ Φ ∇ Ω ∫ ∂
train_05462,Ω Ξ ∇ Ω ∂ Ω Ω ∇
train_05463,Ω Φ Φ ∇ ∫ Φ Ω Ξ ∂ ∇ ∇ Φ ∇ ∫
train_05464,Ξ Ω Ω ∇ ∇ ∫ ∂ ∂
train_05465,∇ Ξ ∫ ∂ ∇
train_05466,Φ ∇ ∇ ∫ ∇ Ξ
train_05467,Ω Φ Φ ∫ ∂ ∂ Ξ ∇ Ξ
train_05468,∇ Ω Φ Ω ∇ ∂ Ω Ξ ∇ ∂
train_05469,Ξ ∫ ∇ ∇ ∂ ∫ Ξ Φ ∫ ∂
train_05470,∂ Φ ∫ Φ Φ ∫ ∫ Ξ ∇
train_05471,Ω Ω Ξ Ξ ∫ ∇
train_05472,∂ ∂ Φ Ξ ∇ Φ ∫ ∂ ∫ ∫ Ω
train_05473,∫ Ξ Ω Ω ∫ ∂ ∫
train_05474,Φ Ξ Ω Ξ ∫ ∇ ∇ Ξ Ξ
train_05475,∫ Φ Ξ ∂ Φ ∫ Ξ Ξ Φ Φ Ω Φ ∇
train_05476,Ω Φ Ω Ξ Ξ ∇ Ξ ∫ ∂ ∇ Ξ Ω ∫
train_05477,Ω Ξ ∇ Ω ∂ ∇ Φ ∇ ∇ Ω
train_05478,∇ ∇ ∂ Ξ Ξ Φ ∂ Ω ∇ Φ ∂ ∇
train_05479,∫ ∇ Φ Φ Φ ∂
train_05480,Ξ ∫ ∂ Ξ Φ Ξ Φ ∂ Ξ Ω Φ
train_05481,∫ Ξ ∫ ∂ Φ Ω ∫ Φ ∂
train_05482,∫ ∂ ∫ ∫ ∇ Ω Ξ ∇ ∇ Ξ
train_05483,∫ ∫ ∫ Ω ∫ ∫ Ξ ∇ ∫ Ξ ∂ Ξ Ω
train_05484,Ξ ∇ Ξ ∂ ∇ ∂ ∇ Ω Φ ∫ ∇ ∇ Φ
train_05485,∂ Ω ∇ Ξ ∇ Ω Ξ Ξ ∂
train_05486,∇ ∇ Ω Φ ∫ Ω
train_05487,Ξ Ω ∂ ∇ Ξ ∫ Φ ∫ Ω ∇ ∂
train_05488,Ω Ω Ω Ω Ξ Ω Φ
train_05489,∇ Ξ ∫ ∫ Ξ ∂ ∇ Φ ∫ Ξ ∂ ∂ Φ ∫
train_05490,∇ Φ ∫ ∂ Ξ ∇ ∇
train_05491,Ξ ∫ ∫ ∂ ∂ Ξ ∫ Φ ∂ ∂ ∇ ∇ ∂
train_05492,Ξ ∂ ∇ Φ ∫ Ω
train_05493,∇ ∇ ∫ Ω ∇ ∂
train_05494,∫ ∇ Φ Ξ ∂ ∫ ∇ ∫ Ω Ξ ∂ ∇ Φ Ξ
train_05495,∫ ∫ ∫ ∫ ∫
train_05496,Ξ Ξ Ξ ∇ ∂
train_05497,∇ Ω Φ ∇ ∂ ∫ Φ
train_05498,∂ ∂ ∇ ∇ ∂ ∫ Φ ∂ Φ
train_05499,∂ Ω ∂ ∂ Ξ Ω Φ Ω ∇ ∇ Ω Ω ∇ ∫
train_05500,∂ ∇ ∇ ∫ Ω ∫ Φ Φ Ω Ω
train_05501,Ξ ∂ ∂ ∂ Φ ∫ ∇ ∫ Φ
train_05502,Φ ∇ ∫ Ξ ∂ ∫ Ξ Ω ∫ Ω Φ Φ ∫ ∫
train_05503,Φ Ω Ω ∂ Ξ Ξ ∫ ∫ Φ ∂ ∫ ∇ ∫
train_05504,∇ ∂ Ω Φ Ξ ∫ Ω Φ Ω Φ Φ
train_05505,Φ ∫ ∫ ∫ Ξ ∂ Ω ∂ Φ
train_05506,Φ Ω ∂ Ω Ω
train_05507,Ξ ∫ ∫ Ω Φ ∂ Ξ Ω Φ Φ
train_05508,Φ Φ ∫ Ω ∫ Φ Φ ∂ ∂ Ξ
train_05509,Ξ Ω ∫ Ξ Φ Φ ∫ Ξ ∇ Φ Ω Φ Ξ Φ
train_05510,∇ Ω Φ ∇ Ξ Φ Ξ ∇
train_05511,Ω Ω Ξ ∇ ∫ Ω ∇ ∇ Ξ
train_05512,∫ ∇ ∂ Ω Φ ∂
train_05513,∇ Φ ∫ Ω ∫ ∂ Ω Φ Φ Ξ
train_05514,Φ ∂ Ξ Φ ∂ ∂ ∂
train_05515,Ξ ∫ ∂ ∂ ∫ Ξ Φ ∂ ∂ ∂ Φ
train_05516,Ξ Ξ Φ Ω Ξ ∇
train_05517,Φ ∂ ∇ ∇ Φ Φ ∇ ∂
train_05518,Φ Φ Ξ Φ ∇
train_05519,Ξ ∇ Φ ∇ Φ
train_05520,Φ ∂ Ω ∇ ∂ Ω Ξ Φ ∇ ∂ Φ ∂ ∂
train_05521,Ξ ∂ ∇ Ξ ∫ Ξ Φ
train_05522,Φ ∇ ∂ Φ Ω Ξ ∇ ∫ ∫ ∫ Ω ∇ Ξ
train_05523,Φ ∇ ∂ Φ Ω Ξ ∇ ∫ Φ Ξ Ω Ω Ξ
train_05524,Ξ Ξ Ξ Ω Φ Ξ Ξ Ξ ∫ ∇
train_05525,∇ Ξ Φ Ω ∂ ∇ ∫ Ω
train_05526,Ξ Φ ∇ Ω Ω ∇ Ξ Ω Ω Φ Ξ Φ
train_05527,∂ ∇ ∫ Ξ ∂ ∂ ∫ Φ Ω
train_05528,Φ ∂ ∂ Φ Φ ∇ ∫ ∇ Ξ ∇ Ξ Ξ
train_05529,Φ ∇ ∂ Φ Ξ ∂ Ω Ω Ω ∂ Ω ∂
train_05530,∫ ∇ ∇ Φ Ξ Ξ Ξ
train_05531,Ξ Ω ∫ Ξ ∇ Φ Ω ∫ ∂ Φ ∇
train_05532,∂ ∂ Φ Φ Ξ Φ ∫
train_05533,Ω Φ ∇ ∫ ∫ ∂ ∫ ∇ ∫ ∂
train_05534,∂ ∇ Φ Φ ∫ ∂
train_05535,Ω Φ Ξ ∇ ∂ ∫ ∂ Ξ ∂ Ω Ω ∇ Ω ∇
train_05536,Φ Φ Ω ∂ ∇ ∇ Φ
train_05537,Ξ ∇ Ω Ω ∫ Ξ Ξ Ω ∂ ∫ Ξ
train_05538,Φ Ω Φ ∂ ∫ Φ Ξ ∇ Ξ Ξ Φ
train_05539,Ω ∫ ∫ Ω ∫ ∇ ∫ ∫ Ω ∫
train_05540,∫ ∇ Ω ∇ ∇
train_05541,∇ Ω Ω Φ Ξ Ξ ∇ ∇ Ω ∫ Ω Φ
train_05542,Ω ∫ Φ ∫ ∫ Ξ Ξ ∇
train_05543,∂ Φ ∫ ∫ ∫
train_05544,Ξ Φ Ξ Ξ Ω Φ ∇
train_05545,∫ Ξ Ξ ∇ Ξ Ξ ∇ Φ
train_05546,∫ Ξ Ξ Ω ∇ Ω Ξ Ω ∇ ∂
train_05547,Ω Ω Ξ Φ Ω ∫ Ω ∇
train_05548,Φ ∂ Ω ∂ Ξ ∂ ∂
train_05549,∫ Ω ∇ ∇ Ξ Ω ∫ ∇
train_05550,∫ Ξ ∫ ∫ ∂ Φ Ξ Ω ∂ ∇ Ξ Ω
train_05551,Ω Φ Ξ Ω Ω Ω ∇ ∇ ∇ ∇ ∂ ∇ Ω
train_05552,Φ ∫ ∫ ∇ ∫ Ξ ∫
train_05553,∫ ∇ Ξ Ω Ξ ∇ Ξ ∂ Ω ∂ Ξ
train_05554,Φ ∫ ∂ Φ ∇ Ξ Ξ Ω ∂ ∂
train_05555,Ω Φ Ω Φ Φ ∫
train_05556,Ξ Φ ∫ Φ Ξ Φ ∫ Ξ ∇ ∂
train_05557,Φ ∇ ∇ Ξ ∇ ∇
train_05558,Ω ∫ ∫ Ω ∂
train_05559,Ξ ∫ ∂ Ξ ∇ Ω Ξ Φ Φ ∇ ∫ Φ
train_05560,Ξ ∫ ∂ Ω Φ ∂ ∫ ∫ ∂ ∇
train_05561,Φ Ω Ω Φ ∫ ∫
train_05562,∫ Φ ∫ ∫ Ξ ∂ Ξ Ω Ω ∫
train_05563,Ω ∂ Φ ∇ ∇ Ω Φ
train_05564,Φ Ξ ∂ Ξ Ω ∂ Ξ Ω
train_05565,Ω ∂ Ξ Φ ∂ Ω
train_05566,∫ Φ ∂ ∇ Ξ Ξ ∫ Φ ∂ Ω
train_05567,Ω Ω Ω ∇ Φ Ξ ∫ Φ ∂ Ω
train_05568,∂ Ω Φ ∇ Ω Ω Ω
train_05569,∫ Ω ∂ ∇ Ω
train_05570,Ω Ξ ∇ ∇ ∂ Ω Ξ Φ Ξ Φ
train_05571,∇ Ξ Ω ∂ Φ Ω
train_05572,∇ Ω Φ Φ Φ Ξ Ξ ∂ ∂
train_05573,Ξ Φ Ω ∫ ∇ ∫ Ω
train_05574,Φ ∂ ∫ ∂ ∇ ∇ Ξ ∫ ∇
train_05575,∂ ∫ Ξ Ξ ∂ Φ Ω ∇ Ω Φ ∂ Ω ∫
train_05576,Ω Ω Ω Φ ∂ ∫
train_05577,∫ Ξ ∇ ∇ ∂ ∂ ∂ Φ Ξ
train_05578,∂ ∂ ∫ ∇ ∇ Ξ ∂ ∇ ∫ ∂ ∫ ∇
train_05579,Ω Φ ∇ Φ ∂ Ξ
train_05580,Ω ∫ ∇ Ω Ξ Ω Ω Ω Ξ Φ
train_05581,Ω Ω ∫ Ξ Ω ∂ ∇ ∫ ∇ ∂ ∫ ∫ ∂ Ω
train_05582,∇ ∇ Ω ∂ Ω
train_05583,Ξ ∫ Φ Ξ ∫ ∂ ∫ ∇ ∂ ∂ ∇ ∫ Ω ∇
train_05584,∫ Ξ ∇ ∫ ∇ ∫ Φ Φ
train_05585,Φ Ω Φ Φ ∫ Φ ∂ ∫ Ω ∂ Ω ∂ ∫ Ω
train_05586,∂ ∂ ∇ Ω ∇ ∂ ∇ Φ Ξ ∫ Φ Φ
train_05587,∂ Ω Φ ∇ ∂ ∂ Ω
train_05588,Ω ∫ Φ ∂ ∂ ∂ Ω ∇ Ω ∫
train_05589,Ω Ω ∂ Φ ∂ Ξ ∂ ∇ ∂ ∇
train_05590,∇ ∂ Ξ Ω ∇ Φ ∇ Ω Φ ∫ Ξ
train_05591,Φ ∫ Ξ Ξ Ξ ∫
train_05592,∫ ∇ Ξ Ω ∇
train_05593,∇ ∂ ∂ ∂ ∇ ∫ ∂ ∫ Ω
train_05594,∫ ∇ Ξ ∇ Φ Ξ
train_05595,Φ ∇ ∇ ∫ Ξ Φ ∇ ∫ Ω Ξ ∫
train_05596,Ω Ω Ξ ∇ ∂
train_05597,Ω Ξ ∂ ∂ Ω ∫ Φ Φ ∫ Ω Φ ∇
train_05598,Φ Ξ ∂ ∇ ∇ ∂ Φ Ω ∇ ∇ Ω Ω Ξ Φ
train_05599,Ω Φ Ξ Ξ Ω Ξ ∂ ∂ Ω Φ Φ
train_05600,Φ ∫ ∇ ∂ Ω ∇ ∂ ∂ ∫ ∫ Φ
train_05601,Ξ ∫ Ξ ∂ ∇ Ξ Ω ∇ Ω ∇ ∂ Ξ Ξ ∫
train_05602,∇ ∂ ∇ ∂ ∂
train_05603,Ω ∂ Ω Ξ Ω Φ Ξ ∂ Φ Ω Ξ
train_05604,Ω Ω Φ ∂ ∇ Ξ Φ ∫ Φ ∂ ∂
train_05605,Ω ∂ Ω Ω Ω ∇ Φ Ω Ω Ω
train_05606,Ξ ∇ Φ Φ Ω ∇ ∇ Φ ∂ Ξ Ξ Ξ
train_05607,Ω ∇ ∂ ∂ ∫
train_05608,∫ Ξ Ω ∇ ∂ ∂ Ξ ∇ ∇
train_05609,Ξ Ω Ξ ∇ Ξ Φ ∂ Ξ Ω Φ ∫
train_05610,Ξ ∇ ∫ Ω ∂ ∂ Φ Ξ Ξ ∇
train_05611,∂ Ω Ω Ω Φ
train_05612,Ω ∂ Ω Ξ Ω ∫ ∇ Φ Ω
train_05613,∫ ∫ Ξ Φ Ξ Ω ∫ Ξ ∂ ∇ Φ
train_05614,Ω ∇ ∫ Ξ ∂ Ω ∫ Ω ∇
train_05615,∫ ∫ Φ ∇ Ω ∫ ∇ Φ ∫ ∇
train_05616,Φ Φ ∇ Ξ ∂ ∫ Φ
train_05617,∫ Ω ∂ ∇ ∫ ∫ ∫ ∂ ∫ ∫ Φ
train_05618,∇ Φ ∂ Ω Ω ∫
train_05619,∂ Φ ∇ Φ Ξ ∂ Ξ ∫ ∂ Ξ Ξ Ξ ∂
train_05620,Φ Φ ∂ Ω Ξ
train_05621,∇ Ω Φ ∂ ∇ Ω
train_05622,Ξ Ξ Ω Ω Ξ ∂ Φ
train_05623,Ξ ∂ Ξ Φ ∂ ∇ Ω ∇ ∂
train_05624,Φ Ω Ξ Φ ∂ ∂ Ξ ∂
train_05625,Ξ Ξ ∇ ∇ Φ ∫ ∫ Φ ∂ Ω ∂ Ξ ∇
train_05626,Ξ Ξ Ξ Φ Ω Ω Ω ∇ Ω ∂ ∂ ∫ ∇
train_05627,∫ Φ ∂ Ω ∂ ∫ ∇ Ξ ∇ ∫ Ω ∫ ∇ ∇
train_05628,∫ Ξ ∂ Φ ∇ Ξ Ω ∂ ∇ ∫ ∇ ∇ Ω ∂
train_05629,Ξ Ξ ∫ ∫ Φ ∫ ∫ Ξ ∂ ∫ ∂
train_05630,Φ ∇ Ξ Ξ ∫ ∇ ∇
train_05631,Φ Ω Ω Ω Ω ∇ ∇ ∫ ∫ ∫ ∫ Ω Φ
train_05632,Ω Ω Ω ∂ ∂ ∇
train_05633,∫ Ω Ξ Ω Ω ∫ ∫ ∂ ∫ ∂ Φ
train_05634,Ξ ∇ Φ Ω Ξ
train_05635,∫ Φ Φ ∂ Φ ∫ ∇
train_05636,Φ Ξ Φ ∫ ∫ Φ Ξ
train_05637,Ω Ξ Ξ Ξ Φ Ω ∫
train_05638,Φ ∇ ∂ ∂ ∇ Ξ Ξ
train_05639,Φ ∂ Ω Φ Ξ ∇ ∂ ∂
train_05640,∇ ∂ ∇ Ω Φ Ω Ξ Ξ ∇ Ξ Φ Φ
train_05641,∇ ∂ Φ ∇ Ξ ∂ ∫ ∫ ∇ Ω Ξ Φ ∫ ∂
train_05642,∇ ∂ ∫ Φ Ξ
train_05643,∇ ∫ ∂ Ω Ξ Φ Ω ∫ Ω ∂ ∂ ∇
train_05644,Ω ∫ ∇ ∂ ∫
train_05645,Φ Ξ ∂ Ξ ∇ Ξ Ω ∫ ∇ ∇
train_05646,Ξ Ξ ∫ Ω ∇ Φ Ω Φ Ξ
train_05647,Φ ∇ Ξ Φ Φ Φ Φ
train_05648,∇ ∂ ∇ ∫ ∂ Ξ ∇ Φ Ω ∫
train_05649,∂ Ω Ξ ∂ ∂ ∇
train_05650,Φ ∫ Ω ∇ Ξ Φ
train_05651,∇ ∂ Φ ∇ ∇ ∫ ∂ ∇ Ξ Ω ∂ ∫ ∫ Ξ
train_05652,Ξ Φ ∇ ∫ ∇ Ω Φ ∇
train_05653,Φ Φ Ω ∇ Ω ∫ ∫ Ξ Ξ
train_05654,∂ ∂ Ξ Ξ Ξ ∫ Ξ Ω ∫ Φ Ξ
train_05655,∫ Φ Ω Φ ∂ ∇ Ω Ω ∂ Φ ∫
train_05656,∂ Ξ ∂ Φ Ω Ξ
train_05657,Ξ Ξ Φ Ω Φ ∂ ∫ ∫ Ξ
train_05658,Ξ ∂ ∂ ∂ ∫ Φ ∫
train_05659,Ξ Φ Φ ∇ Ω Ω
train_05660,Ω ∫ Ω Φ Ω Φ Ξ Φ ∫ Ξ Φ ∂ ∇ ∫
train_05661,∂ Ξ Ξ ∫ ∇ ∫ Ω ∫ Φ Φ
train_05662,Ω Ω ∫ ∫ ∇ Ξ Ξ ∂ ∫ Φ Ω ∇ ∫ ∇
train_05663,∫ ∫ Ω Φ Φ Ξ ∇ Ξ ∇
train_05664,Ω Ξ Φ ∫ ∇ Ω Φ Ω Ω ∇ Ξ Ξ ∇ ∂
train_05665,Φ ∇ Ξ Ξ Ξ ∇ ∇ ∂ ∇ Φ
train_05666,Ξ Ω Ξ ∫ Ξ ∂ ∇ ∫ ∇ ∫ Ω Ξ Ω
train_05667,∂ Φ ∂ Ξ ∫ Φ ∇ Ξ ∫ Φ
train_05668,∫ ∂ Ω Ω Φ Ω
train_05669,Φ ∇ ∫ ∇ ∇ ∂ ∇ ∇ ∂
train_05670,∂ ∇ Ξ Ω Ξ ∂ ∂
train_05671,Ξ ∇ Ω ∇ Ξ
train_05672,∂ Ξ ∫ Ξ Φ Φ
train_05673,Ξ ∫ Φ ∂ ∫ Ξ Φ
train_05674,∂ Φ Φ Φ ∫ ∇ Ξ Φ Ξ ∂ Ξ ∫ ∇
train_05675,Φ ∫ ∂ ∫ Ξ Ξ Ω
train_05676,∇ ∇ Ξ Ξ Ω Ω ∂ ∫
train_05677,Φ ∫ Ξ ∂ Φ
train_05678,∇ Ω ∫ Ω Ω ∫
train_05679,∇ ∂ ∂ ∫ Φ
train_05680,Ω ∫ Ξ Ξ Φ ∇ ∫
train_05681,Ω Ξ ∫ ∂ Φ Ξ
train_05682,∂ ∂ Ξ Ω Ω Ξ Ω ∇ ∫ ∫ Ξ Ω ∫ Φ
train_05683,∇ Ω Φ ∇ Φ
train_05684,∂ Φ Ξ ∂ Ξ
train_05685,Φ ∇ ∂ ∫ ∫
train_05686,Φ Ξ Ξ Ξ ∂ ∫ ∫ Ω Ξ ∂ ∇
train_05687,Φ ∇ Ω ∂ Φ Φ
train_05688,∂ ∫ Ξ ∂ ∇ Ω Ξ ∂ Φ Ξ ∂ ∫
train_05689,Φ ∂ ∂ ∂ Ω Ξ
train_05690,∫ Φ Ξ Ξ Ω ∇ Ξ Φ Ω Ξ
train_05691,Ξ Φ Φ Ω ∫ ∫
train_05692,Φ Ω Ω ∇ Φ ∂ Ξ ∇ Ω Ω Ω
train_05693,Ω Ξ ∂ Φ ∫ Ω Ω ∂ Ω ∂ ∇ Ξ ∫ Ξ
train_05694,∫ ∂ Ξ Ξ Φ ∇ ∂ Ξ ∫ ∫ Ω
train_05695,∫ ∫ ∂ ∂ ∇ ∫ ∫ Ξ Φ ∂
train_05696,∫ Φ ∂ Ξ ∇ Φ Ξ ∇ ∫ Ω
train_05697,∫ Ω Φ Ω Ω Φ ∇ Ξ ∂ Ω Ω Ω
train_05698,∫ ∫ Ω ∇ Ω Ω Ξ ∂ Ξ ∇ ∂ Ξ
train_05699,∂ Φ Ξ Ω Φ ∫ ∫
train_05700,∇ Ξ Ξ Φ Ω Ξ Ξ
train_05701,Ω Ω Ξ Ω Φ ∫ Ξ Ω
train_05702,Ξ ∫ Φ Φ Ξ ∂ Φ Φ Φ Φ Φ Ω ∇ ∂
train_05703,∫ Ξ Ω Φ Φ Ω Ω Φ ∫ Ω
train_05704,Φ Ω Ω ∂ ∂ ∫ ∇ ∇ ∂ Ξ Ω Φ ∫
train_05705,∂ ∫ ∇ Ω ∂ ∫ Ω
train_05706,∂ Ξ ∫ ∫ ∇
train_05707,∇ Φ ∫ ∇ ∫ Φ ∂ ∂ ∂ Ω Ξ
train_05708,∂ Ξ Φ ∂ ∇
train_05709,Ξ ∫ ∇ Ω ∂ Ξ Ω ∇ Ω ∫ Ξ
train_05710,Ω Ω ∇ Φ Ω Ω Ξ Ξ
train_05711,Ω ∫ ∂ ∂ ∂ Φ Ω ∇ Ω
train_05712,Ω ∫ ∇ ∂ Φ Φ Ω ∂ Ω
train_05713,Ω Ξ Ξ ∂ Ξ ∫ Ω Ω ∂ Ω Φ ∫ ∇ ∂
train_05714,∂ ∂ ∂ ∫ ∂ Ξ Ω ∫ ∫ Ξ ∇ ∇ Φ ∇
train_05715,∇ Ξ ∇ Ξ Ξ ∂ ∇ Ω ∇
train_05716,∫ Ξ Ξ Φ ∫ Ω Φ ∇ Ξ Ξ Ξ
train_05717,Ω ∫ ∂ Ξ ∫ Ω ∂
train_05718,Ξ ∂ ∇ ∇ Ω Ξ
train_05719,Ξ Ω ∂ ∂ Φ ∇ ∇
train_05720,∂ ∫ ∂ Ξ Φ ∇ Φ ∇
train_05721,∇ ∂ Φ ∂ Ξ ∫ ∇
train_05722,Ξ ∇ ∫ Ξ Ω Ω Ξ
train_05723,∇ Ω ∫ Ω Φ ∂ ∇
train_05724,Ω Φ Ω ∇ ∂ ∇ Ξ ∂
train_05725,Ω ∫ Φ ∫ Φ Ξ ∫ ∂ ∇ Ω Φ Ξ
train_05726,∂ Ω ∇ ∂ Ω Ω ∂ Ξ
train_05727,∫ Φ Ξ Ξ Φ ∂ Φ Φ ∂
train_05728,∂ ∇ Φ ∂ ∇ ∂ ∫ Φ ∂ ∇ Φ
train_05729,∂ ∫ Ξ ∫ ∇ Ω ∇ ∇
train_05730,Ξ ∫ ∂ Ω Ξ Ω ∇
train_05731,Φ Ω Ξ ∇ ∂ ∇ Ω Ω ∂
train_05732,Ω Ξ ∇ Ξ ∫ Φ Ω ∇ Ω Ω
train_05733,∂ ∫ ∫ Ξ ∫ Ω Ω ∇ ∂
train_05734,Ξ Φ Φ ∫ Ξ ∂ Ω ∫ ∫ ∇ Φ ∂ ∂
train_05735,Φ Ω Ω Ξ Φ ∂
train_05736,Ω Ξ ∇ Ω Ξ ∫ Φ Ω ∫
train_05737,Ω Ξ ∂ ∫ Ω Ξ ∇ Ω Φ
train_05738,Ξ ∫ Ξ Ξ ∂ Ω ∫ Φ Ω Ξ Φ Ω Ξ
train_05739,∇ Φ ∂ ∂ ∇ ∫ ∫ ∫
train_05740,∇ Ω Ξ ∫ Ξ ∂ ∫ Φ Ω Φ Ξ ∇ Φ
train_05741,∇ Ω ∂ ∫ ∫ ∫ Ξ ∂ Φ Ξ Ω ∇
train_05742,Φ Ω ∫ ∇ ∫ ∫
train_05743,∇ ∂ ∇ Φ Ω Φ Ω ∇ Ω
train_05744,∫ ∇ Ξ ∂ Φ Ξ ∂
train_05745,∂ ∂ Ξ ∂ ∫
train_05746,∂ Ξ Φ ∂ ∇ Φ Ω ∫ ∂ ∇ Φ Ξ
train_05747,∂ Ω Ω ∇ ∫ ∇ Ξ
train_05748,∇ Ξ Ξ Φ Φ ∇ Ω
train_05749,∂ Φ ∫ ∫ Ξ
train_05750,∫ ∇ ∇ Ω Ω ∇ ∇ Ξ ∫
train_05751,∫ Φ Ξ ∫ ∂
train_05752,∫ ∫ ∇ ∇ ∇ Ξ ∇ ∂ Φ
train_05753,Φ Ω Ω ∇ Ξ Ω ∂ Ξ Ξ
train_05754,Ξ Φ ∇ ∂ Ξ ∫ Ω
train_05755,Φ ∇ Ξ ∂ ∂ ∫ Ξ ∂ ∇ ∂ ∇ Φ ∇
train_05756,Ω ∫ Ω Ω ∫ Ω ∫
train_05757,Ω ∫ Ω ∫ Ξ Ω ∫ ∫ Ω ∂ ∫ ∂ Φ Φ
train_05758,Ξ Ξ ∇ Φ ∫
train_05759,∂ ∇ Ω Φ ∫ ∇ ∇ Ξ ∂ Ω Ω Ξ Ω Ω
train_05760,∇ ∂ ∇ Φ Ω Ω ∇ ∂ Ξ ∫ Ξ Φ
train_05761,∇ Φ Ω Φ Φ
train_05762,∇ Ξ Ω ∂ Φ ∫ ∫ Φ ∂ ∂ Φ ∫ ∂
train_05763,Ξ Φ Ω ∂ Ω
train_05764,Ω Φ Ω Ω Φ ∇ Φ ∇ ∇
train_05765,∂ ∫ Φ ∫ Ω Ξ Ω ∇ ∇
train_05766,∂ Φ ∫ Ξ Ξ ∂ Φ Φ
train_05767,Φ Φ ∂ ∇ Φ
train_05768,Ω ∫ ∂ Ξ ∇ Ω ∂
train_05769,Φ Φ Ω ∂ ∇ ∫ ∫ Φ ∇ Ξ ∇ ∂ Φ
train_05770,∫ ∇ ∫ Ω Φ ∂ Ω ∫ ∇ Φ ∇ ∂ Ξ ∂
train_05771,∂ Ξ Ξ Ω Ω Φ Ω
train_05772,Ξ ∂ ∂ Ω Φ ∫ Φ Ω
train_05773,Ω ∇ ∫ Ω ∫ Ω ∫ Ξ Ξ ∫ Ξ Ω
train_05774,Φ ∫ ∇ Ω ∂ Ξ ∂ Φ ∫ ∂ ∂ ∂
train_05775,Φ Φ Φ ∂ Ξ ∇ ∫ ∇ Ω Φ ∂ ∂
train_05776,Ξ Ξ ∇ ∂ ∂ Φ ∂ Ξ ∫ ∇ ∇ Ω
train_05777,Ξ ∂ Ξ Ξ Ω Φ ∂ Ω Ξ ∇ ∫ Ξ Φ
train_05778,∇ Ξ ∂ Ω Ω Ω Ξ ∂
train_05779,Φ ∇ ∇ ∫ Ξ Ξ ∫ Ω Ξ Ω ∇ ∇ ∂
train_05780,Ξ Φ Ξ ∫ ∇ Φ ∂ ∂
train_05781,∇ Ξ Ξ ∂ Ξ ∂ ∂ Ξ ∫ Φ Ξ Φ ∇
train_05782,∫ Ξ Ω ∇ Ξ Φ ∫ ∫ ∫ ∇ Ξ Ω
train_05783,∇ ∂ ∂ Ω Φ ∇ Ω Ξ Ξ
train_05784,∇ Ω Ξ Ω Ω Ω ∫ Ξ Ω ∇ Ω ∫ Ω Ξ
train_05785,Ω ∫ Ξ ∫ ∫ Ω Ω ∇ ∂ Ω ∂ ∫
train_05786,Ω Ξ ∇ Ω Ξ ∂ ∇ ∇
train_05787,Ω ∇ ∫ Φ ∂ ∂ ∇ Φ Ω Φ Φ Ω Φ
train_05788,∂ ∇ Ω ∇ ∫ Ω ∂ Ξ ∫ Ξ Φ ∫ ∇
train_05789,Φ ∇ ∇ ∇ Ω Ω ∫ Ξ ∂
train_05790,Ξ ∂ ∫ Ω Φ ∇ ∫ ∫ Ξ
train_05791,∇ Φ Ω ∂ ∫ Φ ∇ ∂ ∇ ∫ Φ Ξ Φ ∂
train_05792,∂ ∂ Ω Ω Φ Ω ∫ Φ
train_05793,∫ ∫ Φ ∇ ∫ Ω Ξ
train_05794,Ω ∫ Φ ∂ Φ Φ Φ ∫ ∂ Ω Ξ
train_05795,Ω ∫ Ω Ω Ξ ∂ ∫ Φ Φ ∫ ∫ ∫ ∂
train_05796,∇ ∇ Ω Ω Ω Φ ∫ ∫ ∇
train_05797,Φ ∇ ∂ ∂ ∫ ∫ ∂ ∇
train_05798,∂ ∇ Φ ∇ Ω Ω Ω Ω ∂ Ξ
train_05799,Φ ∫ ∇ Ξ ∂ Φ
train_05800,∫ Ξ ∫ Ω ∇ Ω Φ ∂ ∫ Ξ ∇ ∂ Φ
train_05801,∫ Φ Φ ∫ ∇ ∂ ∫
train_05802,Φ Φ ∂ Ξ Ω
train_05803,∫ ∂ ∂ ∫ Ω ∇ Ξ
train_05804,Ω Ξ Φ ∂ Ω Ω ∫ ∂
train_05805,Φ ∂ Φ Ξ ∇ ∫ Ξ Ω
train_05806,Φ Ω Ξ ∂ Ξ ∂ Ξ Ω ∂ ∫ ∂ Ξ Ω
train_05807,Ξ Ω Ω ∇ Φ
train_05808,Ξ ∇ Φ ∫ ∂ Φ Ξ ∫ ∫ ∫ Ω
train_05809,Ξ Ξ ∂ ∇ ∫ ∇ ∂ Ξ
train_05810,∫ ∫ ∂ ∇ Φ Φ ∇
train_05811,∂ ∂ ∂ Φ Φ Ω ∂ Φ Φ ∇ Φ Φ
train_05812,∇ ∇ Φ ∇ ∫ Ω ∇
train_05813,∫ Ξ ∇ ∫ ∫ Ω ∇ Ξ ∂
train_05814,Φ ∇ ∂ Ξ Ξ
train_05815,∇ ∂ Ξ ∇ ∂ Φ ∇ ∇ Φ ∂ Ξ Ω Φ
train_05816,∂ Ω ∂ Ω Ω ∫ ∫ Ξ ∫ Ω ∫ ∫ ∂
train_05817,Φ Ω ∇ Φ Ξ Φ Φ Ω Φ ∫ ∫ ∫ ∫
train_05818,Φ Ω Ω ∇ ∂ Φ Ω ∇ ∇ Ξ
train_05819,∫ Φ ∫ ∫ Φ
train_05820,∂ Φ Φ ∇ ∂ ∂ ∫ ∫ Φ ∫ Ξ ∂ ∇
train_05821,∇ Ω ∇ ∂ ∇ Ξ Φ ∫ Ω Ξ
train_05822,∫ Ξ ∫ ∫ ∫ Φ
train_05823,Ω Ξ ∇ ∫ ∫ Φ ∫ ∇ Φ
train_05824,∫ Φ ∇ Φ Ω Φ ∇
train_05825,Ω ∇ ∂ Ω Ω ∂ Φ Ξ Ω ∇
train_05826,∫ Φ ∂ ∇ ∇ Φ Ξ ∂ Φ Φ ∇ ∂ ∇
train_05827,Φ Ξ ∫ ∫ ∇ Ω ∂ Ξ ∂ Ξ Ξ
train_05828,Φ ∫ Φ Ω ∇ Ξ ∂ Ξ Ξ Φ
train_05829,Ξ Ξ ∫ ∂ Ω Ω Ω Φ ∂ ∫ ∇
train_05830,Ξ ∫ ∂ Φ Φ Ξ ∇ ∂ Ξ Ω Ω Φ Ξ
train_05831,Ω Ξ ∫ Ξ ∇ ∫ Φ Φ ∫ ∇
train_05832,∂ Ξ ∂ Ω Ω Φ ∇ ∇ Ξ Ξ
train_05833,Ω Ω Ω ∇ ∫ ∂ Ξ Ξ ∇ ∫ ∫ ∂ ∂ Φ
train_05834,Ξ ∂ Ω ∇ Ω Φ Ω ∫ Ω Φ
train_05835,Φ ∂ Ω Ξ Ω ∇ ∫ Ξ Φ Φ
train_05836,Φ ∂ Ω Ξ ∇ Ξ ∇
train_05837,∇ ∫ Ξ Ω ∇ ∫ Φ
train_05838,∂ Ω Ξ ∫ ∂ Ξ Ω Ξ Ξ
train_05839,∇ Φ Ω Ω Φ
train_05840,∇ Ω ∫ ∇ Ξ Ω Ω Φ Φ
train_05841,Φ Ω Φ Ξ ∫ Φ ∫ Ξ Ξ Ξ
train_05842,∂ ∇ Ω Φ ∫ Φ ∇ Ω Φ ∂ Ξ ∫ Ω Ω
train_05843,∇ Ξ ∂ Ξ ∫ Φ Φ Φ ∂ Φ Ω ∫ ∇
train_05844,∫ ∫ Ξ Ξ ∇ ∂ Ξ Ω ∇ ∇ Φ ∂ ∂ Ω
train_05845,Ξ ∫ ∂ ∂ Ω ∫ ∫ ∫ ∇
train_05846,∂ Ω ∇ ∇ ∂ ∂ ∫ ∫ ∫ Ξ Φ ∇ ∫
train_05847,∇ Ω ∫ Ξ ∇ ∫ Φ ∂ Ξ ∂
train_05848,Φ ∇ ∇ ∂ Φ ∫ Ω Ω Φ Ξ ∫ Ω Ω ∂
train_05849,Ξ Φ ∇ ∂ Φ Ξ
train_05850,∂ ∇ ∂ ∇ Ω
train_05851,∂ Ξ ∂ ∇ ∂ ∫
train_05852,∂ ∇ Φ ∂ ∂ ∇ ∫ Ω ∂ ∇ ∇ Φ Ξ ∫
train_05853,Ω ∫ Φ ∇ ∇ Φ Φ ∫ ∂
train_05854,∫ ∫ ∫ ∫ ∇ ∂ Φ Φ ∇ Ω ∂ Ω
train_05855,∫ Ξ Ξ Ω ∂ ∫ ∇ Ξ ∇ Φ ∂ Φ
train_05856,∇ ∫ ∇ ∫ Ω
train_05857,Φ ∇ ∂ ∫ ∇ ∇ Ξ Φ Ξ
train_05858,∂ ∇ ∫ ∫ ∂ ∂ ∇ Φ Φ ∫ Ω Φ
train_05859,Ξ ∫ ∇ Φ Ω Ω
train_05860,∫ Ω Φ Ω ∫ ∇ ∇ Ξ Ξ
train_05861,Ξ Ξ ∇ Ω Φ Φ
train_05862,Ξ ∫ Φ Φ ∂ ∇ Φ ∫ Φ ∂
train_05863,Φ ∫ Φ ∇ ∂ Ω Φ Ω Ξ ∇ ∫ ∂ ∂
train_05864,∂ ∂ Ω ∇ ∂ Ξ Ξ Ω Φ Ω Ξ Ω
train_05865,Ω ∂ Ω ∂ ∇ Φ Ω ∫ Ω ∫ ∂ ∇ Φ Ω
train_05866,∂ ∫ ∫ Ξ ∫ Φ ∂ ∂ ∫ Ω Ξ ∂ ∫
train_05867,Ξ ∇ ∇ Φ ∂ Ξ ∇ ∂ Φ ∫ Φ Ξ ∂
train_05868,∂ Ω Φ Φ ∇ Φ ∂ Ω
train_05869,Ω ∫ Ξ ∂ Φ
train_05870,∇ ∫ ∫ ∇ ∂ Ω ∂ Ξ Ξ ∫ Ω Φ ∫
train_05871,∫ ∫ Φ Ξ ∇ Ω ∇ Φ ∇ ∫ ∫
train_05872,∇ ∫ Φ ∇ ∫ Ξ Ω ∂ ∇ Ξ Φ
train_05873,∫ ∂ Ω ∂ ∫ Ξ ∇ Φ ∫ Ω Ω ∇ Ξ
train_05874,∂ Φ ∫ Ξ Ω ∫ ∇ ∫ ∫ Φ Ω Ω Ω ∇
train_05875,∂ Ξ Ω ∫ Ξ Ξ Ω Ω Ξ Ω ∇ Φ
train_05876,∫ ∂ Φ Φ Ξ Ξ ∂ ∫ ∂ ∫ ∂
train_05877,∂ ∫ Ξ Φ Φ ∇
train_05878,Ω ∫ Φ ∇ Ξ ∇ Ξ
train_05879,Φ ∂ Ω Φ Ξ ∇ ∇ Ω ∫ ∫ Φ
train_05880,∫ ∫ ∂ Φ Φ ∂ ∇ ∫
train_05881,∫ ∫ Ω ∇ Ω ∫ ∂ Ω Ξ Ξ Φ Φ Ω Ω
train_05882,Ξ Ξ ∇ Φ Ξ Ξ ∫ Ω ∂ ∂ Ω Φ
train_05883,Φ ∫ ∂ ∂ Φ Φ Φ ∂
train_05884,Ω Ω ∂ ∫ Ω
train_05885,∫ Ξ ∇ ∂ Ω
train_05886,Ξ ∂ Ξ Ξ ∫ ∂ ∇ Ω Φ ∂ Φ Ξ
train_05887,∫ ∂ ∂ Ξ Φ Ω ∇ Φ
train_05888,∫ ∇ ∫ ∂ Ω Ω Φ ∫ ∂ Φ
train_05889,∂ Ξ ∇ ∇ ∫ ∂ ∇ Φ Ω ∇ Φ ∂
train_05890,∫ ∇ Φ ∇ ∇ ∫ Ξ ∫ ∂ Ω
train_05891,∫ ∫ ∂ Ξ ∇ ∫ ∫ ∫ Φ Ξ ∫ ∂
train_05892,∇ ∂ Ω Ξ Φ
train_05893,∫ ∂ ∇ ∇ ∫ ∇ ∇ Φ ∂ ∇ Φ ∫
train_05894,Φ Ω Ω Ω Ξ
train_05895,Ω Φ ∇ Φ Ξ Ω Ω Ω Ξ Ω
train_05896,∂ ∇ Ξ ∂ ∂ Ω
train_05897,∫ Ω ∂ ∫ Φ Φ Ω ∫ ∫ ∫ ∫
train_05898,∇ Ξ Φ ∫ ∫ ∇ ∫ Ω ∇ ∫ ∂ Ω ∇ Ξ
train_05899,∇ ∫ Φ Φ ∂ Ω Ω Φ Φ ∂ ∂ ∂ ∇
train_05900,∫ ∂ ∫ Ω Ξ Ω Φ ∇ ∇ Ξ ∇
train_05901,∫ Ξ ∫ ∫ Ξ Φ Φ Ξ Ξ Φ Ξ ∫
train_05902,∫ ∫ Ξ ∇ Ξ Φ
train_05903,∇ Ω Ω Φ Ξ Ω Φ Ξ
train_05904,Ξ Ω Ω Ξ Φ Ξ Ξ ∇ ∫ Ξ ∇
train_05905,∫ ∇ ∫ Φ Ω Ξ Ξ Ξ ∫ Ω Ω ∂ ∫ ∫
train_05906,Ω ∂ Ω ∂ Ξ ∂ Φ ∫ Φ Ω
train_05907,∫ Ξ Φ ∂ Φ ∫
train_05908,∂ ∂ Φ Ξ Ξ ∇ Φ Φ ∂ Ξ Ξ ∫
train_05909,∂ ∇ ∫ ∇ Ξ ∇
train_05910,∂ Φ Ξ Ξ Φ Ω Ξ ∫
train_05911,∫ ∫ ∫ Ξ ∇ ∇ Φ Ω ∫
train_05912,∫ Φ ∇ Ξ ∫ ∇ ∂ ∂ Φ
train_05913,∂ ∂ ∫ Φ Φ Ω Φ Ω Ξ
train_05914,Ω Ω ∂ Φ Φ Φ ∫ ∇ ∇ Φ Ω ∂ ∂
train_05915,Ω ∂ Φ Ω Ξ ∇
train_05916,∂ Ω Ξ ∇ Φ ∂ Ξ Ξ ∂ ∇ Ω ∂
train_05917,Ξ Φ ∂ ∇ Ω Ξ Ξ ∂ Φ
train_05918,∫ ∫ ∫ Ξ ∫ ∫ Ω ∂ ∂ Ω Ξ ∫ Ξ
train_05919,∇ Ω ∇ Φ Φ ∫
train_05920,Φ Ω ∇ ∫ ∇ Ξ ∇ ∂ ∇ Ξ ∫ Ξ
train_05921,Ξ ∇ Φ ∇ Φ
train_05922,Ω Ξ ∂ Ω ∇ Φ ∇ Ξ ∂ Ω ∂ Ω Φ
train_05923,Φ Ξ Ω Ξ ∫ Ξ ∇ ∇ ∫ Ω Ω ∇
train_05924,∫ ∫ Ξ Φ ∫ Φ ∫ Ω ∫ ∇ Ξ Ω Ξ
train_05925,Ξ ∫ Ξ Φ Ω ∂ ∫ Φ Ξ
train_05926,Ω ∂ ∫ ∇ Ξ Ξ
train_05927,∇ ∂ Φ ∫ ∇
train_05928,Ω Ω Ω ∇ Ξ Ω Ξ Ξ ∫ ∂
train_05929,Ω ∂ ∂ Ω Ω ∫ ∇ Ξ Ξ
train_05930,Φ ∂ Ξ Φ ∇ Ξ Ξ Φ ∇ Ξ Ω Ω Ω
train_05931,Ξ ∇ Ω ∇ Φ ∇ Ω Ω
train_05932,Ξ Ξ ∂ Ω ∫ Φ Ξ Ξ Ω
train_05933,∂ Ξ ∂ ∂ Φ Φ Ξ ∇ Ξ ∫ ∫ Ω Φ
train_05934,Φ ∂ ∇ ∇ Ω Ω ∇ ∂ Ω ∂ ∇ ∫ ∂ ∇
train_05935,Ξ ∂ ∇ ∂ ∫ ∫
train_05936,∫ Ω Φ ∇ ∫ Ω ∂ ∇ Ξ ∫ ∫ ∇
train_05937,Ω Ξ ∫ Ξ Ω
train_05938,Φ ∇ Φ Φ ∂ ∇ ∫ ∂ Ω
train_05939,∫ Φ ∇ ∂ ∫ ∇ Ξ ∫
train_05940,∇ Ω Φ ∫ ∇ ∇ Ξ Ξ ∇ Φ
train_05941,Φ ∫ Ξ ∫ ∂ ∇ Ω Φ Ξ Ω Φ ∫
train_05942,∇ Φ Φ ∂ ∫ ∫ Ξ ∂ Ω ∫ Φ
train_05943,∂ Ω Ω Ξ ∇ ∂ Φ ∂ Φ ∂ Ξ
train_05944,Φ ∫ Ξ ∇ Ξ Ξ ∫ Ω Φ
train_05945,Ω Φ ∫ ∫ Ξ ∂ ∫ ∂ Ω ∂ ∂
train_05946,Φ Φ Φ Φ Φ Ω ∇ ∫ ∇ ∂ Φ ∂ Ξ ∇
train_05947,∫ ∫ Ω ∇ ∇ ∇
train_05948,Ω ∇ Ξ Φ Φ Ω Ξ Φ Φ ∇ ∇
train_05949,∂ Ξ Ω Ω Ω
train_05950,∂ ∫ ∇ ∂ Ξ ∂
train_05951,Ω ∂ Ξ Φ Ξ ∫ ∫ ∇ ∫ Ξ ∂
train_05952,∫ ∫ ∂ Ω Ξ Ω ∂ Ξ
train_05953,∇ ∂ ∫ ∫ ∂
train_05954,∇ ∇ Φ Ω ∂ ∇ ∂ ∂ ∇ ∂
train_05955,Ξ ∂ ∇ Ξ ∂ ∇ Ω
train_05956,∂ Φ Ω Ξ Ξ ∂ ∫ Ω Ω
train_05957,∇ Ξ ∇ Ω ∂ Ξ
train_05958,Ξ ∇ Ω ∫ Ξ Ξ ∇ ∫ Φ
train_05959,∫ Ω ∂ Φ ∫ ∫ ∫ Φ ∂ ∫ Ω Ω Ω
train_05960,Ω Ω Ω Ξ Ξ
train_05961,Φ Φ ∇ Ω Φ Φ ∫ Φ Ξ
train_05962,∇ Ω ∇ ∂ Ξ Φ Ξ
train_05963,Ω ∇ ∫ Ω Φ Ω Ω Ω ∂ Ξ Φ
train_05964,∂ ∂ ∇ ∂ ∂ Ω ∂ ∫
train_05965,Ξ ∇ Ω Ω Ξ Φ Ξ ∂ Φ Ω Ω ∇ Ξ
train_05966,∂ Φ Ω Ω ∂ Φ ∇
train_05967,Ω ∇ Ω Ω Φ Ξ ∇ Ξ Φ Φ Φ ∇ Ξ
train_05968,Φ Φ Φ ∫ Ω Ξ ∂ Ξ Ξ Ξ ∫ ∂ Φ
train_05969,∇ ∫ Φ ∂ ∇ ∂ Ξ
train_05970,Ω ∇ ∂ Ξ ∂ Ω Ξ ∫ ∂
train_05971,∂ Ξ Ξ Φ ∂ ∂
train_05972,Ω Ω ∂ ∂ ∂ Φ Φ Ω
train_05973,∂ Ξ ∇ ∫ ∫ Φ Ω
train_05974,Φ ∇ ∇ Φ Ω
train_05975,Ω Ω Ω Φ ∇ ∂ Φ ∂ ∫ ∂ ∇ ∇
train_05976,Φ ∫ ∇ Ξ ∂ ∇ Ξ Ω ∫ ∫ ∇ Φ Ξ
train_05977,∫ ∂ ∂ Φ ∇ Ξ ∂ Ξ ∂ ∫ ∇ Ω Φ
train_05978,Ξ Ω Ξ Φ Ξ
train_05979,∂ Ξ Ξ Ξ Φ Ω ∫ ∇ Ω Φ ∫
train_05980,∂ ∫ Ξ Ω ∇ Φ ∂ Ξ ∇ ∫
train_05981,Ξ Ξ Φ Φ Φ ∫ Φ Φ ∇ ∂ Ω ∇ Ξ Φ
train_05982,∫ Ξ ∇ Ω ∇ Ω Ω Φ Ξ Φ Ξ
train_05983,∂ Ω ∫ Φ ∂ Φ ∇ Ω ∇
train_05984,∇ Ω ∂ Ω Φ Φ ∫ ∇ ∫ Φ
train_05985,Φ Φ ∂ ∇ Ω ∂ Φ Ω ∫ ∇ Φ Φ Φ Ω
train_05986,∫ ∫ Φ ∫ ∂ ∂ Ξ ∇ ∇ Φ ∇ ∇ Φ Ω
train_05987,∂ Ξ Ξ ∫ Φ Φ
train_05988,Φ ∂ Φ Ξ Ξ Φ ∫ ∂ Ω
train_05989,Φ Ξ ∂ ∫ ∂ ∇ Ω Φ Ω
train_05990,∇ Φ ∫ Φ ∂ Ω ∂ ∫ ∫
train_05991,Ξ Ω ∫ ∫ Ω ∂ Ξ Ξ ∇ Ξ ∂ Φ Ω
train_05992,∇ ∇ ∂ Ξ ∂ Ω Ξ Φ Ω Φ Ω Φ
train_05993,Ω ∂ Φ Φ Φ Ξ Φ ∫ ∂ Φ Φ
train_05994,Φ ∂ Φ Ω ∇ ∫ ∂
train_05995,Ξ ∂ ∇ ∇ Ω ∇ Ω Ξ Ξ ∇ Φ Φ
train_05996,∂ Ξ ∂ Φ Ξ ∂ ∂ ∂ Φ
train_05997,∫ Ω Ω Φ Ξ Ξ
train_05998,∂ Ξ ∇ Ω ∇
train_05999,∂ Ξ ∇ Φ ∇ Ξ Ω
train_06000,∫ ∫ ∫ Φ Ξ
train_06001,Ξ Ξ ∂ ∇ Φ Φ ∇ ∫ Φ ∂ Φ Ω ∫ Ω
train_06002,Ξ ∂ Ω ∫ Φ ∫ Φ Ξ Ξ ∇ Ω ∂ Φ Ω
train_06003,∫ ∫ Φ Ω Ω ∇ Ω ∫
train_06004,Φ Φ ∂ Ω ∫ Φ Ω ∂ Ω
train_06005,Ω Φ ∇ Ξ Ξ Ξ ∂
train_06006,∫ Ω Φ Ω Φ
train_06007,∇ Ξ ∇ ∫ Ξ Ξ ∇ Ω Ξ
train_06008,∂ ∫ ∂ ∂ ∂ ∇ ∇ Ω ∂ Φ ∫ ∂
train_06009,∇ Ξ Ω Ω ∂ ∫ Ω ∂ Ξ ∫
train_06010,∂ Φ ∂ Ω Ξ ∂ ∫ Φ ∇ ∫ Φ Ω
train_06011,∂ Ξ Φ ∇ Ξ Φ ∫ Ξ Ξ ∂ ∇ Ω Ξ
train_06012,∂ Φ ∫ Φ ∂ Φ ∇
train_06013,Φ ∫ Ξ ∫ Ξ Ξ
train_06014,Ξ Ξ ∫ Φ Ξ ∇ Φ ∫ ∫ ∂ ∫ Ξ ∂
train_06015,Φ Ω Ξ ∇ ∂ Ω
train_06016,∂ ∫ Ξ Ω ∫ ∫
train_06017,∫ Ξ Ω Φ ∂ Φ Ω ∇ ∫ ∫ ∇
train_06018,Φ Φ ∂ Φ Ω
train_06019,∂ ∂ ∫ Ξ ∇ ∫ Φ Φ Ξ Ξ ∇
train_06020,Ω ∫ Φ ∂ ∫
train_06021,∂ ∫ Ω ∇ ∫ ∫ Φ Φ
train_06022,Ξ ∫ Φ ∂ ∇ Ξ
train_06023,∂ ∫ Φ ∂ Ω ∂ Φ Ξ Ξ
train_06024,∂ ∇ Φ Ξ ∇ Ξ Ξ ∇ ∫ Φ Ω ∫ ∫
train_06025,Φ ∇ ∂ ∫ Ξ Φ Φ Ω Ω Ω
train_06026,∇ Ω Ω ∂ ∂ Ξ Φ ∫ Ξ Φ ∂ Φ Ξ ∫
train_06027,∂ Ξ Φ ∂ Ω Φ Φ Ω ∂ Φ Ξ
train_06028,Ξ ∇ Ω Ξ Ω Φ Ω ∂ Ω Φ Ξ Ω
train_06029,Ω ∫ Ξ Φ ∂ Ξ Ω Φ ∫ ∂ Ξ Ω ∂
train_06030,Ω Φ Ω ∇ ∫ ∫ ∂ Φ
train_06031,Ξ Ξ ∂ Ξ Φ
train_06032,∫ Φ Ω Ω ∫ Ω Φ ∂ ∂ ∂ Ω
train_06033,∫ Ω Ξ Ω ∇ ∂ ∂ ∂
train_06034,Φ ∂ ∂ ∇ ∇ ∇
train_06035,Ω ∂ ∂ ∇ ∇ ∫ Φ Ω ∂ Φ Φ Ξ Φ
train_06036,Ξ ∂ ∂ Ω Ξ
train_06037,Ξ Ξ Ω ∇ Ω ∫
train_06038,Ω ∇ ∂ ∇ Φ
train_06039,Φ ∂ Ω Φ ∇ Φ Φ
train_06040,Ω Φ ∇ Φ ∂ Φ ∇ Ξ Ξ Φ ∇ ∂ ∫
train_06041,∂ Φ ∫ ∂ Ω ∂ ∂ ∫ Φ Ω Ω ∂
train_06042,Ω Ξ ∂ ∫ Ω ∇ Ξ Ω Ω
train_06043,Φ Ξ Φ ∫ Ω
train_06044,Ω ∫ Ξ Ω ∫ ∂ Ξ Φ Ξ Φ Ω Φ ∇ Ω
train_06045,∂ ∫ Φ Ω ∫
train_06046,∫ ∂ ∫ Φ Ω Ω ∇ ∇ ∫ ∂ Φ ∫ ∇
train_06047,Ξ Ξ Ω Ξ Ω Ξ Ξ Φ ∇
train_06048,∂ ∫ ∂ ∫ Φ Φ Ω Ω Ξ
train_06049,∂ Ξ Ω ∇ ∫ ∇ ∇ Ω Φ Ξ
train_06050,∂ Ω Ξ Ω ∇ Ω ∫ ∇ ∫ Ξ ∂ Ω ∇ Ω
train_06051,Φ Φ ∫ ∂ ∂ Ξ ∇ Ξ Φ ∫ Φ Ω
train_06052,Ξ Φ ∂ ∂ ∫ ∫ Φ Ω Ξ ∂
train_06053,∂ Φ ∂ Φ Ξ ∇ Φ ∇ ∇ ∫
train_06054,Φ Φ ∂ ∇ ∇ ∫ ∂ ∇ Φ Φ
train_06055,Ω Φ ∫ Φ ∫ Ω Ξ
train_06056,Ω Ξ Φ ∇ ∇ Φ Φ ∫
train_06057,Φ ∂ ∂ Ω Ξ Φ Φ
train_06058,Φ Φ Ω ∇ Ω ∇ ∂ ∫ Φ Φ
train_06059,Ξ Ω ∫ ∇ ∂ ∂ ∫ Ξ Ξ Ω
train_06060,∫ Ω Ξ Φ Φ
train_06061,Ξ ∇ ∇ ∫ Φ Ω ∫ Ξ ∫
train_06062,∇ Ξ Ξ Φ ∂ ∇
train_06063,Φ Ω ∇ ∫ ∫ Ξ ∂ ∫ ∫ ∂ Ω ∇ ∇ Φ
train_06064,Φ ∇ Ω Ξ Ξ Ξ ∂ Φ ∇
train_06065,∇ ∂ ∫ Φ ∂ ∂ ∫ ∇ ∇
train_06066,Φ Φ ∂ ∇ Φ ∇ ∫ ∂
train_06067,Ω ∫ ∫ ∫ Φ ∫ ∇ Ξ ∂ Ω
train_06068,∇ ∂ ∇ ∂ Ξ Ω Ω
train_06069,∫ Ω ∫ Ω Φ ∫ ∂ ∫ ∇ ∫ Ξ
train_06070,Ω Ξ Φ ∂ ∫ Ω Ω ∇ ∫ Φ Φ
train_06071,∂ Ω Ξ ∇ Ξ Ξ ∂ ∫ ∇ ∫ Ξ Ξ ∫ ∫
train_06072,Ξ ∇ ∂ Ξ ∫ Φ
train_06073,∂ Ω ∫ Ω ∇ ∇ Ξ Ξ
train_06074,∫ ∇ Ξ Φ ∇ ∇
train_06075,∂ ∂ ∂ ∫ Ω Φ
train_06076,∇ Ω ∇ Ω ∂ Ξ ∂ ∇ Φ
train_06077,Ω Ξ Ξ Ω Ω ∫ ∫ ∇ Φ Ω
train_06078,Ω ∇ Φ Ξ Ξ Ω ∂ Ξ Ξ Φ
train_06079,∂ Ω Φ ∂ ∫ Ω Ω Ξ Ω
train_06080,Φ ∇ Ω Ξ ∂ Ω Ξ Φ Φ ∫ ∇
train_06081,Φ Ω Ξ Ξ Φ
train_06082,∂ Φ ∇ ∫ ∇ ∂ Φ Ξ Ξ Ξ Ξ ∇ ∂ Ξ
train_06083,∫ ∫ Ω ∇ ∇ Φ Ξ Φ ∇ ∇ Ω ∫ ∫
train_06084,∂ ∂ Φ ∂ Ξ Φ Ω Φ
train_06085,Φ ∫ ∂ ∫ ∇ Φ Φ ∂ ∂ Φ ∂
train_06086,Ω ∇ ∇ Ω Φ Ξ Ω
train_06087,∇ Φ ∫ ∇ Ξ Ω ∇ Ξ ∂
train_06088,∇ ∇ ∇ ∫ Φ ∂ ∇ ∂ ∫ ∫ ∂ Ω
train_06089,Ξ ∫ Ω ∂ ∇ Ω
train_06090,∂ Ξ ∇ Ω ∫ Φ Φ ∇ Ω ∫ Ξ
train_06091,Ξ ∇ ∂ Ξ ∂ ∂ Ω
train_06092,∇ Ξ Φ Φ ∇ ∂ ∂ ∇ ∂
train_06093,∇ Ω Ω ∂ ∇ Ξ
train_06094,Ω Φ Ω Ω ∂ Ω
train_06095,∇ Φ Ξ ∫ ∫ ∫ Ω ∇ Ω ∇ Φ ∇ ∇ ∂
train_06096,∫ Ω Ω Ω Φ Ω Ξ Ξ ∂ ∫ Φ Ξ
train_06097,∫ Ξ Ξ Ξ Φ Φ ∂ Ξ Ξ Φ ∂
train_06098,Φ ∇ Ξ ∇ Φ Φ ∫ Ω Ξ
train_06099,Ω Ω ∂ ∇ ∇ Ω ∇ Φ ∇ Ξ Ξ
train_06100,Ξ Ξ ∫ ∇ ∫ ∇ Ω ∫ Φ Ξ ∫ Ω
train_06101,∂ Φ Ω ∫ Ω ∇ ∂
train_06102,Ω ∫ ∫ ∂ ∫
train_06103,∇ ∇ Ω Ξ Ω ∇ ∇
train_06104,∇ Ω ∇ ∂ Φ Ω Φ ∫ Ω Ξ Ω ∫
train_06105,Ξ Ω ∇ ∂ Ω Ω ∇ Ξ ∫ Φ ∂ Φ ∂
train_06106,Φ ∂ Φ Ξ ∇
train_06107,∂ ∂ Ξ Ω ∇ ∫
train_06108,Ξ ∇ Φ ∇ ∇
train_06109,∫ ∇ Φ ∇ ∂ ∇
train_06110,∇ ∂ ∇ Ω ∫
train_06111,Φ Φ ∂ Ξ Ξ Ω Ω ∫ ∫ Φ Ξ Φ ∫
train_06112,∇ ∇ Ω ∇ ∇ Ξ
train_06113,Φ Φ ∇ Ξ ∂ ∂ Ξ
train_06114,∂ ∂ Ω Ω Φ
train_06115,Ω Ξ ∫ Ξ ∂ Ξ Ω Ω ∫ ∂
train_06116,∂ Ξ Φ Ξ ∂ ∫ Ω
train_06117,Ξ Ξ Ω Φ ∫ ∇ ∂ ∇ Φ Φ
train_06118,Ξ ∫ ∫ Ξ ∇
train_06119,∇ ∂ ∂ ∫ ∇ ∫ Ω Φ ∫ Ω ∂ Ξ
train_06120,Ξ ∂ Ξ Ξ ∫
train_06121,∫ ∫ ∇ ∂ ∇ ∂ ∇ Φ ∇ ∂
train_06122,Ω Φ ∂ ∫ ∂ ∫ ∇ ∂ Φ ∂ ∂
train_06123,Ξ Ω ∇ ∫ Φ Ξ ∫ Ξ ∂ Ξ Ω Ω ∂ ∇
train_06124,∇ Ξ Ω Φ ∫ ∫ ∫ Ξ
train_06125,Φ ∫ ∂ Ω Ω ∂ Ω Ω ∂ Φ ∂ Ξ ∂ Φ
train_06126,∇ Ω ∇ Ω Φ ∂ Ω Ξ ∫
train_06127,∂ Ξ ∫ Φ ∫
train_06128,Φ ∫ Ξ Ξ Ξ ∫ ∇ Ξ Ξ
train_06129,Ω ∇ ∂ Φ Φ Φ ∫ Φ ∫ Ω Ξ ∫ Φ
train_06130,∫ ∂ Ξ ∇ Ω ∫ ∇ ∇ ∂
train_06131,∫ ∇ Φ ∇ Ω Ξ
train_06132,∫ ∇ ∂ Φ Ξ ∂ Φ ∇
train_06133,Ξ ∫ ∇ Φ Φ Ω Ξ ∂
train_06134,∫ ∫ ∫ ∫ ∫ Ξ ∇ Φ ∇
train_06135,∂ ∇ Φ ∇ Ω ∂ Ξ ∂
train_06136,Ξ Ξ Φ Ξ ∫ Ω Ω ∂ Ξ ∇ ∇ Φ
train_06137,∫ Ω Ω Ω Φ Ω ∫ Ω ∇
train_06138,Ξ ∇ ∂ Ξ ∂ ∇ Ξ ∂ Ω Φ
train_06139,∫ Ξ Ω ∫ Φ Ω ∇
train_06140,Ω Ω Ξ Ω Ξ ∫ ∫ ∫ Ω Ξ Ξ
train_06141,Φ ∇ Ω Ξ Ξ ∇ ∇ ∫ Ξ ∫ ∂
train_06142,Ω Φ ∫ Ω Ω Ξ Φ Ω Ξ ∇ Ω
train_06143,∇ Φ Ξ ∇ ∂
train_06144,∇ Φ ∇ Ω ∂ ∫ ∂ ∫ ∫ ∇
train_06145,∇ ∂ ∫ Ξ Ξ ∫ ∂ Φ Φ Ω
train_06146,∇ Φ Ξ ∫ ∂ Φ
train_06147,Φ Ω Ω ∫ ∂ ∇ Φ ∫ ∇ Ξ Ω ∂ ∂ Ω
train_06148,∫ ∂ Ξ ∂ ∂ ∫ Φ ∫ ∫ ∂ ∂ ∂
train_06149,Φ ∂ Ω ∇ ∇ Ω ∂ ∂ ∫ Ω ∇
train_06150,∇ Ξ ∫ Ξ ∫ Ξ ∫ Ξ ∇ Ξ ∂
train_06151,∫ ∂ ∂ ∫ ∇ ∇
train_06152,Ω Ω ∇ ∫ Φ ∫ Ξ Φ ∇ Ω
train_06153,Φ ∫ Φ ∂ Ξ ∇
train_06154,Φ ∂ Ξ Ω ∂ ∇ Φ Ξ ∫ ∫
train_06155,∇ ∂ Φ Ω ∇
train_06156,Ω ∇ ∫ Φ ∇ ∂ Ω Ω ∂ ∫ ∇ Φ
train_06157,∇ ∇ Ξ Ξ Ω Ω ∂ Ω ∂ ∇ ∫ Ω Ω
train_06158,Ω Ξ ∇ ∂ ∇ ∇ Ω ∂ Ξ Ξ ∇
train_06159,∂ ∇ ∇ ∂ Φ ∇ ∫ Ξ Φ Ξ ∫
train_06160,∇ Ξ Ξ Ξ Φ ∫ Ω Φ Ξ Ω ∇ ∂ Ξ
train_06161,Φ Φ Ξ ∫ Φ ∫ Ω Φ Ξ Φ Φ
train_06162,Ω Ω Φ ∂ Ω ∫ Ξ Φ
train_06163,∫ ∇ ∇ ∂ ∇ Φ ∇ ∂ ∇ Ω Ξ ∇
train_06164,Ω ∂ ∫ ∂ ∇
train_06165,∫ Ξ ∇ ∂ ∂ ∂ ∂ Φ Ω ∫ ∫ ∫ Ω
train_06166,∫ ∇ Ω Ξ ∇ ∇ Ω Φ ∂ Φ
train_06167,Φ ∇ ∇ ∫ ∂ ∇ Ξ ∂ Φ Φ
train_06168,Ω Ω Ξ ∂ Ω Ξ Ξ ∂
train_06169,Ω Ξ ∂ ∇ Φ
train_06170,Ω ∂ Ω Ω Ω ∇ Ξ ∂ Ξ
train_06171,Ω Ξ ∇ Φ ∂ ∇ Ω
train_06172,Ω ∇ Ξ ∂ Φ Ω ∂ Φ
train_06173,Ξ ∫ Φ ∫ ∫ Ξ ∂ ∂ ∂ ∂ ∂ ∇
train_06174,∫ Ω Ξ Ω ∂ Φ ∂ Ξ Ξ Ξ ∫ ∇ Ξ
train_06175,∫ Ω Ω Ξ ∇ ∇ ∫ ∇ ∂
train_06176,∂ ∇ ∫ ∂ ∂ Φ
train_06177,Ξ Ξ Ω Φ Ξ Φ Φ Φ ∇ ∇ ∇ ∫ Φ
train_06178,∇ Ω Φ Φ ∫ Ξ ∫ ∂ ∂ ∫ ∂
train_06179,Ξ ∇ Φ Φ ∇ Ξ ∫ Φ ∫ Ω Ξ Ω
train_06180,Ω ∂ Ω ∇ Ω ∇ ∫ ∂ Ξ ∫ Ω ∇ ∇
train_06181,Ω ∫ ∇ Φ Φ Ω
train_06182,Ω Ξ ∂ ∇ Ξ ∂ ∂ Ω Ξ ∇
train_06183,Ξ Φ Ω ∇ ∇ Ξ Φ ∫
train_06184,∂ Ξ ∂ Ω Φ
train_06185,Ω ∫ Ω ∫ ∂ ∂
train_06186,∇ ∇ Ξ ∇ ∇ Ξ ∫ Ξ
train_06187,∫ Φ ∂ ∇ Ω
train_06188,Ξ ∫ ∇ Ω Ω ∇ Ξ ∫
train_06189,Ω ∫ Ω ∫ ∂ ∫
train_06190,Φ ∂ Ω ∇ Ξ Ξ Φ Φ ∂
train_06191,∂ Φ ∫ ∫ ∂ Ω Ω ∇ Ξ Ξ Ω Ω ∂ Ξ
train_06192,Ω ∇ ∫ Ω Ξ ∇ Ω ∫ ∂ ∂ Ω Ω Ξ
train_06193,∫ Ω Ξ Ξ Ω ∇ Φ ∂ Φ
train_06194,Φ Ξ Ω Ω Ξ ∂ ∇ ∇ ∂ ∫ ∇
train_06195,∇ ∂ Φ Φ ∫
train_06196,Ω ∇ Ξ Ξ ∇ ∫ Ω Ξ Φ Ξ ∇
train_06197,Φ Ω Ξ Ω ∫ ∫ Ξ Φ Ω Ξ ∇
train_06198,Ξ Φ Φ ∂ ∇ Ξ Φ ∂ Ω ∇ Φ Φ Ω
train_06199,Φ ∫ Φ Φ Ω Ξ ∫ Φ ∫ Ω
train_06200,Φ ∫ ∇ Ω Ω
train_06201,Ω ∂ Ω ∂ Ω ∂ Ξ
train_06202,Ξ ∇ Φ ∂ Ω
train_06203,∂ Ξ ∇ ∇ Φ ∇ Ξ
train_06204,∫ Ξ Φ Φ ∫ ∂ ∫ Ξ ∫ Ξ ∂ Φ
train_06205,Ω Φ ∇ Ω Ω
train_06206,∂ Ξ ∂ ∂ Ω ∫ ∇ ∫
train_06207,∫ Ξ Ξ ∫ ∂ Ξ ∫ Ξ ∫ Φ Φ ∇ Ξ
train_06208,∇ Ω Φ ∇ Ω ∂ ∫ Ω ∇ ∫ ∂ Ω
train_06209,∂ ∇ ∂ ∫ ∇ Ω ∇ ∇ ∫ Ξ
train_06210,∫ ∇ Ξ ∂ ∂ Ω Φ Φ ∇ Ω Ξ ∇ ∫
train_06211,∇ Ξ ∇ ∫ ∂ ∇ ∂ ∂
train_06212,Ω Φ Ω Ξ Ξ Ξ
train_06213,∇ ∂ Ω Ω Φ ∇ ∇
train_06214,Ξ Ω ∂ Ξ Ω Ξ ∇ ∇ ∫ ∂
train_06215,Ω ∇ ∂ ∂ Ξ Ξ Ξ Ω ∂ ∫ Ω Ξ
train_06216,Ξ Ξ Ξ Ξ ∂ Φ ∇ ∇ Φ ∫ Ω Φ ∂
train_06217,Ξ ∂ ∇ Ξ Ω ∇ ∫ ∇ Ξ
train_06218,Ξ Ξ ∇ Ξ Φ Ξ ∂ Ξ ∂ ∫
train_06219,∂ Ξ Ξ Φ ∫ ∇ Ω ∇ ∂ ∂ ∫
train_06220,∫ ∇ ∇ ∇ Ω Ω Φ
train_06221,∇ ∫ Ξ Φ Φ
train_06222,Ξ Ω Φ Φ ∫ ∫
train_06223,Ω ∂ ∫ ∂ Ω Ω ∫ ∂ ∫
train_06224,Ξ Ξ Ω Ξ Φ Ω
train_06225,Ω Ξ Ξ ∂ Φ ∇ Φ ∂
train_06226,Φ Ξ ∇ ∇ ∇
train_06227,∂ Ξ ∇ ∇ Ω Φ Ω ∫ ∇ Ω Φ ∇ Ω ∇
train_06228,Ξ ∇ Φ ∂ ∫ ∇ ∇ ∇ Φ Ξ ∇ ∂ Ω ∫
train_06229,Φ Φ ∇ Ξ ∂ Φ Ξ ∂ Ω Ω ∇ ∫
train_06230,∂ ∫ ∇ Φ ∫ ∂ ∇ Ω Ω Ω Φ ∫
train_06231,∂ ∫ ∇ Ω ∂
train_06232,Ξ ∂ ∂ Ξ ∂ Ξ Ξ ∫ ∫ Φ ∇ ∫
train_06233,∇ ∂ ∫ ∫ ∇ ∇ ∂ ∂ Ξ
train_06234,∇ Ξ Φ Φ Ω Φ Φ Φ ∂ Ω Ξ ∇
train_06235,Ω ∂ Ω Ξ Ξ
train_06236,∂ ∂ ∫ Φ Ξ ∇ Ξ Ω Φ
train_06237,Ω Ξ Φ ∫ ∇ ∫ ∂ ∇ Ω Φ ∂ ∇ ∫
train_06238,∫ Ξ ∇ Ω Ξ Ω ∇ ∫ ∂
train_06239,∫ ∫ Φ Ξ Ξ ∫ ∂
train_06240,∂ Φ ∫ ∂ Ξ Φ ∇ ∇ Ω ∇ Ω ∂ ∇
train_06241,∇ Ξ ∇ Ω ∇ ∂ ∇ ∫
train_06242,∫ ∂ ∇ ∫ Ω ∫ ∫ ∇
train_06243,∫ Φ ∂ ∂ Ω Φ ∇ Φ Φ Ξ Φ
train_06244,Φ Φ Φ Ω ∂ ∫ ∇ Ω Ξ ∂ Ω ∂ ∫
train_06245,∫ ∇ ∫ Φ ∫ ∂ ∂ Ω Ω Φ ∇ ∇ Ξ
train_06246,Φ ∂ ∇ ∇ Φ Ω ∫ ∫
train_06247,Φ Ξ ∇ Φ ∂ ∫ Ξ ∇ Ξ
train_06248,∫ Ω Φ ∂ Ω Ξ ∇ ∫ Ξ ∫ Ξ ∂
train_06249,Ξ ∫ ∂ ∫ Φ Ξ Φ Φ ∫ ∇ ∇ ∂ ∫
train_06250,∇ ∂ Φ Ξ Ξ ∂ Ω
train_06251,∇ ∂ ∇ Ω Ω ∂ Ω ∫ Ω
train_06252,∂ Ω Ξ Φ Φ Φ ∫ Φ Ω ∂ Φ Φ ∂
train_06253,∇ ∫ ∫ ∂ ∇ Ξ Ξ ∂ ∇
train_06254,Ω ∫ Ξ Ξ Ω Ξ ∂ ∫ ∇
train_06255,∂ Ξ ∂ Ω ∂ ∫
train_06256,Ξ Ξ ∂ ∇ Φ Φ Ξ ∫ Ξ ∇ ∫ Ω ∇ ∂
train_06257,∇ ∫ Φ ∫ Φ Ω ∂ Ω ∇ ∫ ∫ Φ Ω
train_06258,∂ Ξ ∫ Ξ ∂ ∇ Φ Ξ Ω ∂ Ξ ∫ Ξ ∂
train_06259,Φ Ω ∇ ∂ Ξ ∇ Φ ∂ ∫ ∇ Ω
train_06260,∇ Ξ Φ Ω ∇ Ξ Φ ∫ ∇ Φ Ω
train_06261,Φ ∫ Ω Φ Φ Φ
train_06262,∫ Φ Ω ∫ Ω Φ Φ ∇ Ω ∫ ∇ Ω ∂ Φ
train_06263,Ξ Φ ∇ Φ Ξ Ω ∂
train_06264,∇ ∂ ∇ Ω Ω ∫ ∇
train_06265,∫ Φ ∇ ∫ Φ
train_06266,∂ ∂ Φ ∫ ∫ ∫
train_06267,Ξ Φ Ξ ∫ Ω Ξ ∫ Ξ ∂ Ω Ω
train_06268,Φ ∇ ∫ ∂ Ω
train_06269,Ω ∇ Ω Ξ ∂ Ω Φ
train_06270,∫ ∂ ∇ ∂ Φ ∫ Ω Ω Ξ ∇
train_06271,∫ Φ Ξ Φ Φ Ξ Φ Φ ∫ ∫ ∫ Ω ∂ Ω
train_06272,Ω ∫ ∂ Ω ∇ Φ Φ Ξ Ξ ∂ ∇ ∂ ∂ Φ
train_06273,∂ Ξ Ξ ∇ ∂ ∂
train_06274,Φ Ω Ω Ξ Ω Ω ∂ ∂ Ξ ∂ ∇ ∂ Ξ Ω
train_06275,∇ Φ ∫ Ξ ∂
train_06276,Ω Ξ Ξ Φ ∇ Ξ ∫ Φ ∫ Ω Ξ ∇ Ω Ω
train_06277,∫ Φ Φ Φ ∇ Ξ Ξ ∫ Ω ∂
train_06278,∂ ∫ Ξ Φ Ω ∂ ∇ ∂ ∇ Ω Φ Ω ∂ Ξ
train_06279,Ω Ξ Φ Ξ ∂ ∫ Ξ Φ ∂ Φ ∇ Ξ Ω ∫
train_06280,Ξ Φ ∂ ∇ Ω ∫
train_06281,∂ Ξ Ξ Ξ ∂ ∇ ∫ Ξ Φ Ξ ∫ Ω Ω
train_06282,∇ ∫ ∂ ∂ Ξ Ω ∫ ∇ ∇ Ξ Ω ∫ ∫ Ω
train_06283,Ξ ∇ Φ Ω ∇ ∫ ∫ Ξ Φ ∇ Ξ
train_06284,Φ Ξ Ω ∂ Ξ ∫ Ξ ∇ Ω Φ
train_06285,∂ Ξ ∇ ∂ Ξ Ω ∇ ∇ ∂ ∇ ∂ ∫
train_06286,Ω ∂ Ξ Ξ Φ ∂ ∇ Φ ∂
train_06287,∇ ∫ Φ ∇ ∂ Φ Ω Ω ∫
train_06288,Ξ ∫ ∫ Ξ Φ Ω
train_06289,∫ ∫ Ω Ξ ∫ ∇ ∂ Ξ
train_06290,Ξ ∂ Ξ Ξ ∫ ∫ Ξ ∇ Ξ Ξ ∂ Ω ∇ Ξ
train_06291,Ω Ω Φ ∫ ∇ Ξ Ξ Ξ ∂
train_06292,∫ Ξ Ω ∂ ∫
train_06293,Ω ∂ ∇ Ξ ∇ Φ Ω Ω Ξ
train_06294,Ξ Ω ∂ ∫ ∫ ∂ ∇ ∂ ∂ Φ ∫
train_06295,Ω Ω ∫ Ξ Φ ∂ Ω ∇ Ξ Ξ Φ Φ
train_06296,Φ Φ Ξ Ξ ∂ Ω ∇ Φ ∂ ∂ Ω Φ
train_06297,∂ Ω Φ Ω Ω
train_06298,∂ ∫ Φ ∂ Ω ∂ Ξ Ω Φ ∂ ∇ ∫ ∂
train_06299,∫ Ω Ξ Ω ∇ ∫ Ω
train_06300,∂ Ω ∇ ∫ ∫ ∇ Ω ∂ ∂ ∫ Ω
train_06301,Ω Ξ Ω ∇ ∂ ∇ Ω Ξ Ω ∇ ∂
train_06302,∫ Ω Ω Φ ∂ Ω ∫ ∫ ∇ Φ ∇
train_06303,Ξ ∫ Ξ Ξ ∂ Ω ∫ Φ Ω
train_06304,Φ ∂ ∇ ∫ Φ Ξ Φ Ξ
train_06305,Φ ∫ ∫ ∫ ∂ Φ ∫ Ω Ξ
train_06306,∇ ∂ ∫ ∇ ∫ ∂ ∫
train_06307,Ξ ∂ ∫ ∫ Ξ Ω ∫ Ω ∇ ∇
train_06308,∂ Φ Φ ∂ ∫ Ω ∫ ∫ ∂ Ω
train_06309,∫ ∂ ∇ Ξ Ξ Ξ ∫ Ξ Ξ Ξ ∇ ∫ ∫
train_06310,Ω ∂ ∫ ∇ ∂ Ω ∇ Φ ∇ ∂
train_06311,Φ ∫ Ω Ω Ω Ξ Φ ∂ Ξ
train_06312,∇ ∫ ∇ ∂ Φ Ω
train_06313,Φ Ξ Ω Ω ∫ Ξ ∂ ∫ Ξ ∂ Ω ∇ ∇ Ω
train_06314,Ω Ξ Φ Ξ Ξ Ξ ∇ Ξ ∫
train_06315,Ω ∇ Ξ Φ ∂ Ω Ξ Ω ∫ Ξ ∇
train_06316,Ξ ∂ Ξ ∫ Ω Φ Ω ∇ ∇ ∇ ∫ Φ
train_06317,Ξ Ω ∫ Ξ ∇ ∇
train_06318,Ξ Ω Ξ ∇ Φ Φ Ξ ∇ ∇ Ξ Ξ ∇
train_06319,Φ Ω ∂ Φ ∫ Ξ ∫ ∫ Ξ
train_06320,∇ ∇ Ξ Φ Ω Ω Ξ
train_06321,∫ ∇ Φ Ξ Ξ ∇ Φ Ω ∇ ∂ ∫ ∇ Ξ
train_06322,Φ Ξ Φ ∫ Ξ
train_06323,Ξ Ξ ∇ Ω Φ ∂ ∫ ∂ ∫ Ω ∇
train_06324,∫ ∇ Ξ ∫ ∫ ∫ Φ Ξ Φ Ω ∂
train_06325,Ξ Ω ∫ ∇ Φ Ξ ∂ ∇ ∂ Ω ∂ ∫ ∫
train_06326,Φ ∇ Φ ∇ ∇ ∫ ∫
train_06327,∇ Ξ Φ Φ ∫ Ξ ∇ Ω ∫ Ω Ξ Ξ
train_06328,∫ Ξ Ξ Ω ∇
train_06329,∂ Φ Φ ∇ Ω ∇ Ω Ω Ω Φ Ω ∂ ∂
train_06330,Φ Ξ ∫ Ω Ω ∂
train_06331,Φ ∇ ∇ Ω Φ ∫ Ξ ∂ ∂
train_06332,∇ Ω Ω ∇ ∂ Ω Ξ
train_06333,∇ Φ Ξ Φ ∂ Ξ ∂ ∂
train_06334,Φ ∫ Ξ ∫ Ω Ξ ∇ Φ ∂
train_06335,∇ Ξ ∇ ∂ Φ Φ ∇ ∇ ∇ Ω ∫ Ξ Φ
train_06336,Ω ∂ Φ Φ ∇ Ω ∂ ∫
train_06337,Ξ Ω ∫ Φ ∂ ∫ ∫ ∫
train_06338,∂ Ξ Φ ∫ ∫ Φ ∫ ∇ ∫ Ω ∇ ∂ ∂ Ω
train_06339,Ω Φ ∫ ∫ ∫ ∂ ∂
train_06340,Ω Ξ ∇ ∂ Ξ Ω
train_06341,∫ Ξ Φ Ξ Ω Ξ Ω ∇ ∫
train_06342,Ξ ∇ Ω Φ Φ Ξ Φ Φ Ξ
train_06343,∇ Ω Ω ∫ ∇ Φ ∂
train_06344,Ω ∫ Φ ∫ ∇ Ω ∇ Ξ Ω Ξ Φ Ξ
train_06345,∂ ∫ Ω Ξ Ω ∫ ∫ ∫ ∇
train_06346,Φ ∂ ∂ Ω Ξ
train_06347,∇ ∇ Ω Ω ∫
train_06348,∇ ∇ Ω Ω ∫ ∫ ∇ Ξ ∫ ∂ Ξ Ξ
train_06349,∫ ∫ ∫ Φ ∫ Ω ∫ ∇
train_06350,Ξ ∫ Ω ∂ Ω Ω ∫ Ω Ω Φ Ξ ∂ ∂ Ω
train_06351,∫ Ξ Ω ∇ Ω ∫ Ξ ∂ ∫ Ω
train_06352,Ω Φ ∫ Ω ∂ Ξ ∇ Ξ ∫ ∂
train_06353,∫ Ξ Ξ Ξ ∫ ∫ Φ
train_06354,Φ ∇ ∫ ∇ Ω ∫ ∇ Ω
train_06355,Ω ∇ ∇ ∂ Ξ
train_06356,Φ Ξ Ω ∇ ∂ Φ ∫ ∂
train_06357,Ξ ∫ Φ ∫ ∂ Ω ∇ ∇ Φ ∫ Ξ Φ Ω Ξ
train_06358,Φ ∂ Φ Ω Ξ ∫ Ξ Ω
train_06359,∫ ∂ ∇ Ω ∂ Ω ∇
train_06360,∫ ∫ ∂ Ω ∂ Ω ∇ Ξ ∂ Φ Φ Φ Φ ∫
train_06361,Φ Ξ Ξ ∫ ∇ Ξ Ξ Ξ Φ ∇ ∂ ∇ ∇
train_06362,∇ ∫ ∇ ∂ ∂ ∫ ∇
train_06363,Ω ∂ Ξ Φ Ω Ω Φ ∫ Φ ∇ ∇ ∂ Ξ Ξ
train_06364,∂ ∂ Ω ∇ Ξ ∂ ∇ ∂ Ω
train_06365,Φ Ξ Φ Ω Ξ Ξ Φ Ξ Ω ∂
train_06366,∫ ∂ Ω ∫ Ω ∇ Φ ∫
train_06367,∇ ∇ ∂ ∇ Φ Φ ∫ Φ ∂ Φ
train_06368,∇ ∇ Φ ∇ ∇ ∫ Ξ Φ Ξ ∇ Φ
train_06369,Φ Ξ Ξ Φ Φ ∇ ∂ Ξ Φ Φ ∇
train_06370,Φ ∂ Ω ∂ Ξ
train_06371,Ω Ω ∇ ∇ Ω Φ ∫ Ω Ξ ∂ ∫ ∂
train_06372,∫ ∂ Φ Ω Ξ ∫ Φ ∇ ∂ Φ Φ Ξ
train_06373,∇ Ω Ω ∫ ∇ Φ ∇ ∫ Φ Ξ
train_06374,∂ ∂ Φ ∫ ∇ ∇ Φ Φ ∫ Φ Φ ∫ ∂ Ω
train_06375,∇ ∂ Ω Ξ ∂ Ξ Φ
train_06376,Ξ ∂ ∫ Ξ Φ Ω ∂ ∫
train_06377,∇ ∫ Ω ∂ ∫ Φ ∫ ∫ Φ Φ Φ
train_06378,∇ Ω Ξ Ω ∫ Ξ Φ Ξ Ω
train_06379,Ω Ξ Φ Φ Ξ ∫ ∇
train_06380,∂ ∫ Φ Ω Ξ Ξ ∫ Ξ ∂ ∫
train_06381,Ξ ∇ Ξ ∫ ∇ Ω ∇ ∂ Ξ ∂ Ω Ω
train_06382,Φ ∇ ∇ ∂ ∇ Ω Φ Ω Ω Ω Ξ ∇ ∫ ∇
train_06383,Ξ ∫ ∫ ∫ ∂ Ξ Ξ Φ ∂ Ω Ξ Ω ∂ Ω
train_06384,∂ Ξ Ξ ∂ Φ ∂ Φ
train_06385,Φ ∂ Ω Ξ ∇ ∫ Ξ Ξ Φ ∫ Φ ∂ Ξ
train_06386,Ξ ∇ Ξ Ω Ω Φ Ξ ∂ ∫
train_06387,Ξ Ω ∂ ∫ ∂ Ξ Ξ Ω Φ
train_06388,Ξ ∇ ∫ Ω Ω ∇ ∇ Ω ∇ ∂ Ω
train_06389,Ω Ξ ∂ Ω ∫ Ω ∂ ∫ Ω Φ ∂ ∂ ∂
train_06390,Ξ Φ ∇ Ξ Ω Ω
train_06391,∫ ∇ ∂ Ξ ∂ ∂ Φ Ξ Ξ
train_06392,∫ Ξ ∂ Ξ Φ Φ ∂ Ω
train_06393,∫ Ω Φ Ω ∫ ∂ ∂
train_06394,Ξ Φ ∂ Ω ∇ Φ Φ ∫
train_06395,∂ Φ Ξ Φ ∂ Φ Φ Φ ∫
train_06396,Φ Φ Ω Ξ ∇ ∂ ∇ Ω ∇ ∫ Ξ Ξ ∇ ∂
train_06397,Ξ Ξ ∫ ∇ Ω Ξ ∫ ∇ Ω
train_06398,Ξ Φ Ξ Ω Φ ∂ Ω Ω Φ Ξ Ξ
train_06399,∫ ∂ ∇ Ξ ∇ Ω
train_06400,Ω ∇ ∇ ∫ Ξ ∫ ∇ ∂ ∂ ∫ Φ ∇ ∫ ∇
train_06401,Ξ ∫ Φ ∇ ∂ Ξ ∇ ∇
train_06402,Ω ∂ Ω Ξ ∇ Ω ∂ ∂ Φ Ξ ∂ Ξ
train_06403,Ω ∫ Ξ Ω Ξ ∂ ∫ Φ
train_06404,Ω ∫ ∫ Ξ ∫ ∂ Ω Ω ∂ Φ Ω ∂
train_06405,∇ Φ ∂ ∇ Ξ ∫ ∫ ∂ Ξ ∇ ∫ ∇ ∇ Ξ
train_06406,∇ ∂ ∇ ∫ ∫ ∫ Ω ∂ Φ ∫ Ω ∇ ∇
train_06407,Φ Φ ∂ ∂ ∫ ∫ ∫ ∇ ∂
train_06408,∫ Ω Φ ∂ ∇ Φ Ω ∫ Φ Ω ∇ ∂ ∫
train_06409,∫ Ξ ∇ Ξ Ω ∂ Φ Ξ ∂ ∫ Ξ
train_06410,Ω ∫ ∇ Ξ ∫ Ξ ∂
train_06411,Φ Ξ ∫ Ξ Φ Φ ∇ Ω Φ ∫ ∂ ∂
train_06412,∫ Φ Φ ∫ ∫ ∇ ∂ ∂ ∇ ∂ Φ ∇ ∫
train_06413,∇ Ω ∂ Ξ ∫ ∫ ∇ ∇
train_06414,Φ Ω Ω ∂ ∇ Ξ ∫ Ξ Φ
train_06415,Φ ∫ ∫ Ω Ω Ω Ξ ∫ ∂ Φ
train_06416,Ω Ω Ξ Φ Ξ ∇
train_06417,Ω Ξ Ξ ∫ ∇ ∂ Ξ Φ ∂
train_06418,Ξ Ω ∂ ∂ ∂ ∂ Φ ∂ Ξ ∂ ∫ ∫ Ξ
train_06419,∫ ∫ Ξ Ξ Ξ Ω Ω ∫ ∫ ∫ ∇
train_06420,∇ Ω Φ Φ Φ Φ ∂ Φ Ω ∇ ∂ ∂ Ξ
train_06421,∇ Ξ ∫ ∂ Φ Φ Φ ∂ Ω Ω ∫
train_06422,Φ Ω Φ ∫ ∫ ∂ Φ ∫ ∇ Φ
train_06423,∂ Ξ ∫ Ξ Ξ Φ Ξ ∇ Ω ∇ Φ
train_06424,Φ Ξ ∂ ∫ Ω ∫
train_06425,∫ Ω Ξ ∇ ∂ ∫ ∇ Ξ ∫ Φ Ω ∫ ∂
train_06426,∫ ∂ Φ ∫ ∂ Ω Φ ∂ Ξ
train_06427,Ω ∫ ∫ Φ ∂ Ω ∇
train_06428,∇ ∇ Φ Φ ∇ Φ ∫ Ξ ∇ Ω
train_06429,Φ ∂ Φ ∇ ∫ Ω ∇ ∂ ∇ Ξ ∇ Ξ ∫ ∇
train_06430,Ω Φ ∫ Ξ ∂ Φ ∂ Φ ∇
train_06431,Φ ∇ ∇ Ξ ∂ ∂ ∫ Ξ Ω Ω ∂ Φ
train_06432,Ω ∂ Φ ∫ Ξ Ω
train_06433,Φ ∇ ∂ ∫ Ω Φ Ω ∂ Ξ
train_06434,∫ ∇ Ω Φ ∇ ∫ ∫ Ξ Φ Ξ Ξ ∇ ∂ Ω
train_06435,Φ ∇ ∂ Ξ ∇ ∫ ∫ ∂ ∫ ∇ Φ
train_06436,∇ Ξ Ω Φ ∂ Ω Φ Φ ∂ ∫ Ω ∇ ∇ ∫
train_06437,∇ Φ ∇ Ω ∂ Ξ Ω ∫ Φ ∂ Ξ ∇ Ξ ∇
train_06438,Φ ∇ ∫ ∇ ∫ ∫ Ω ∇ Ω Ξ ∂
train_06439,∂ ∇ Ω Ω Φ ∇ ∫ Ξ ∇
train_06440,Ω Ω Ξ ∂ ∫ ∇ Φ ∫ ∂ Ξ Φ Ω ∂
train_06441,∇ ∂ ∇ Ξ Φ ∇ ∇ ∇
train_06442,∂ ∂ Ω Ξ Ω ∫ ∇ Ξ ∫ Φ Ξ Ω
train_06443,Ω ∇ Φ ∇ ∫ ∇ ∂ ∂ ∫ Ω ∇ Ξ
train_06444,∇ Ξ Φ Ξ Φ ∂ Φ ∂ ∇ ∇ ∫ Φ
train_06445,∂ Ω ∫ ∫ Ξ ∂ Ω
train_06446,∂ Ξ ∫ Φ Ω ∂ Ξ ∇ ∇
train_06447,Ω ∂ Ω Φ Ξ Ξ Φ ∇ ∫ Ω Ω Ξ
train_06448,Ξ Φ Ξ ∇ ∂ ∇ ∇ ∂ ∫ ∫ ∫ ∫ Φ
train_06449,Φ Ξ Φ Ω Ω ∇ Ω ∇ Φ ∇
train_06450,∇ Ω Φ ∫ ∫ Ω ∂
train_06451,Φ ∫ Ξ ∇ ∂ Φ ∫ Ξ ∇ Φ Ξ Φ
train_06452,Ξ Ω Ξ Φ ∇ ∇
train_06453,Φ Ω Φ ∇ Ω ∫ ∫ Φ
train_06454,Ξ ∂ ∫ ∇ ∇
train_06455,Φ ∫ ∇ ∫ ∫ ∂ Ω Ω Ξ Ω Ω ∫ ∫ Φ
train_06456,∫ ∇ ∫ Φ Ω
train_06457,∇ Ξ ∂ Ω Φ
train_06458,∇ Φ Ω Ξ ∂
train_06459,Φ Ω ∂ Φ Ω ∂ ∇
train_06460,Ξ ∂ ∂ Ξ ∂ ∇ Φ Ω
train_06461,Ξ ∂ ∫ ∂ Φ ∫ ∂ Φ Φ Ξ ∂ ∇
train_06462,∂ Ω ∇ Ω Ξ Ξ ∇ Ω Ξ ∫
train_06463,Ω Ω Ω ∇ ∫ ∂ ∂ Ξ ∫ ∫ ∇
train_06464,∇ Ω ∇ Φ ∇ Ξ Φ ∇
train_06465,Ω ∇ ∂ Φ ∂ ∂ ∂ ∫ Ξ
train_06466,Ω Ω ∂ ∇ ∂
train_06467,Ω Ω Φ ∇ ∫ Ξ ∫ Ξ ∂ ∂ ∂ Ω ∂ ∫
train_06468,Ξ ∂ Ξ ∫ Φ ∫ ∫
train_06469,∫ ∫ ∇ Φ ∇
train_06470,∇ ∫ Ω Ξ ∂ ∫ Φ Φ ∫ Ξ
train_06471,∂ ∂ Ω ∂ Ω Ω ∂
train_06472,∇ ∇ Ξ Φ Φ Φ
train_06473,Ξ Ξ ∇ ∇ Ω ∇
train_06474,∂ ∇ ∂ Ξ Ξ ∫ Ω ∫ ∇ ∇ ∂ Ω ∇ ∫
train_06475,∇ Ω ∫ ∫ ∂ Ξ Ω ∫ Φ ∫ ∇ ∇ ∂ ∇
train_06476,Ω Ω ∂ ∫ Ξ ∇ Ξ ∇ ∫ ∫ ∇ Ξ ∫ Φ
train_06477,∫ ∇ Ω Ω ∫ ∂
train_06478,Ξ Ω ∫ Φ ∇ Ω Ω ∫
train_06479,∇ ∇ ∇ ∇ ∇ ∇
train_06480,∇ Φ Ω ∂ ∇ ∂
train_06481,∇ ∫ Φ ∫ Ξ ∇ ∂ ∫ Ω Ω Ξ ∂ ∇
train_06482,∫ ∂ ∫ Φ Ξ ∇ ∂ ∂ Φ
train_06483,Ξ Ξ Φ Ω Ω ∫ Φ Φ ∇ Ξ ∂ Ξ Ξ
train_06484,Ω Φ ∇ ∇ Φ Ω ∫ Φ Φ ∂ ∇ ∫ Ξ ∂
train_06485,Ω ∂ ∇ Ω Ξ ∇ Ω Φ Ξ Φ Φ ∫
train_06486,∇ Ω Ω ∫ Φ Ω Φ
train_06487,∇ Ξ ∂ ∇ Ξ ∂ Ξ Ξ
train_06488,Ξ Ξ Ω Ω Ω ∂
train_06489,Φ ∂ ∂ Ξ ∂ Ξ Ξ
train_06490,Φ Φ Ω Ω ∇ ∇ ∇ ∇
train_06491,Φ ∇ ∇ Ω Ξ ∇ ∫ ∇ Ξ Ξ ∂
train_06492,∂ Ξ Φ ∇ ∇ ∫
train_06493,Φ ∇ Ω Ξ Ξ
train_06494,∇ ∫ ∂ ∫ Ξ Φ Ξ Φ
train_06495,∇ Ω Φ ∇ Φ ∂ ∇
train_06496,∫ ∂ ∇ ∂ ∫ Ω
train_06497,∂ Ω ∇ Φ Ω ∫ Ξ Φ ∇ ∇ Ξ ∫ ∫ Ξ
train_06498,∂ ∇ ∫ Φ Ω
train_06499,Φ ∂ ∂ ∫ ∇ ∫ Ω Ξ Ω
train_06500,∇ ∂ Φ Φ Φ Ω Φ Φ
train_06501,∫ ∫ Ξ Ξ ∫
train_06502,∂ Φ ∂ Ω Ω ∇ Ω ∂ ∫ Ξ Ξ Φ
train_06503,Ω Φ ∂ Φ ∂ Φ Ξ
train_06504,∂ ∇ ∂ Ξ Ξ ∇ Ω Φ Ω ∇ Ξ
train_06505,∫ ∇ Φ ∂ Φ Ξ ∂ Ξ
train_06506,Ξ Ω Ω ∫ ∇ ∇ Φ ∇ ∇ Ξ ∫ Ω Ω ∇
train_06507,∇ ∫ ∇ ∇ ∫ Ω Φ Φ Φ ∫ ∂
train_06508,Ω Φ Φ ∇ ∫ Φ ∇ Ω ∇ Ξ ∇ ∂ ∂ ∂
train_06509,∂ Ξ Ξ ∫ Ω Ξ
train_06510,Ω ∇ ∂ Ω ∂ Φ Φ Φ ∇ ∇ Ξ
train_06511,∫ Ω Φ ∫ Ξ Φ ∫
train_06512,∇ ∇ ∫ ∫ Ω ∇ ∇ Φ ∂ ∂
train_06513,∂ Ω ∫ ∂ ∫
train_06514,Ξ Φ ∇ ∂ Ω Φ
train_06515,Ω Ω ∇ Φ ∫ Ξ Φ ∫ Ξ Ξ Ξ
train_06516,∇ ∂ Ω Ξ ∂ Φ Ξ Φ Ω Ω Ω ∇ Φ
train_06517,Ω ∂ Ω Φ ∫ ∫ Ξ Ξ Ω Ξ Ω Ξ
train_06518,∫ Ω ∫ Ξ ∂ Ξ Ω Ξ Ω ∂ ∇ Ξ
train_06519,∂ ∂ ∂ ∫ ∂ ∫ ∫ ∂ ∇
train_06520,∂ ∇ ∇ Ξ ∫ ∇ ∇ Φ Ω Φ ∂ Φ
train_06521,∫ ∂ Ξ Ω Ξ ∫ ∇ Φ ∫ ∇ Ω ∂ ∇
train_06522,Ω ∇ ∫ Ω ∂ ∂ Φ Ξ Ω Ω
train_06523,Ξ Φ Ω Ω ∫ Φ ∫ ∂ ∂ Φ Ω
train_06524,∂ ∫ Ω ∫ Φ Ξ Ω Ω Ξ Ξ Ξ
train_06525,∇ Ω ∇ ∫ Ξ ∇ Ω ∫
train_06526,Ξ ∇ ∇ ∫ Ω Φ ∂ ∫ ∂ Φ ∇ ∫ Φ Ω
train_06527,Φ Φ ∫ ∇ Ω ∫
train_06528,Ξ Ω Ω Ξ ∫ Ω ∇ Ξ ∂ ∇
train_06529,Ξ ∂ Φ Ξ ∂
train_06530,Φ ∇ Ω Ω ∂ Φ
train_06531,∇ ∂ Ξ Ξ ∂ Ξ Ω
train_06532,∇ Ω ∇ Ξ Ξ ∇ Ω Φ Φ ∇ Ω Φ
train_06533,∇ ∇ ∂ Ξ Φ ∇
train_06534,Ξ ∇ Ξ ∂ Ω Ξ Ω
train_06535,Ξ ∇ ∫ Ξ ∫ Ω ∂ Ω ∇ Ω Ω ∂ Φ
train_06536,∫ ∂ ∇ ∇ ∫ ∇ Ω Ξ Φ Ω ∫ ∂ Φ ∫
train_06537,Ω Ω Ξ Ω ∂ Ω Ξ Φ Ω Φ ∂ ∇ ∇
train_06538,Ξ ∇ ∫ Ξ ∇ ∇
train_06539,Φ ∫ ∂ Ξ Ω Φ ∂ Ω Φ Ξ ∂ Ω
train_06540,∂ ∇ ∂ Ξ Φ Φ
train_06541,Φ Φ Φ Ξ Ξ
train_06542,Φ ∂ ∫ Φ ∇ Φ Ξ ∂ ∫ ∂ ∂ Ω
train_06543,Ξ Ω Φ ∂ Ω ∂ Φ ∂ Φ Ξ
train_06544,Ω ∂ Ω Ω ∇
train_06545,∇ Φ ∂ Φ ∫ Ξ Ω
train_06546,Ξ Φ ∂ ∫ ∂
train_06547,Φ ∂ ∂ ∫ ∇ Ω ∫ ∫ ∂
train_06548,Ω ∇ ∇ Ω ∫
train_06549,∂ ∫ ∂ ∫ Ω ∂ ∇
train_06550,Φ Φ ∂ Ξ Ξ
train_06551,Φ Ω Φ ∫ ∇ ∂ Φ ∂ Ω ∇
train_06552,Ξ Ω Ξ Φ ∇ ∇ ∫ ∫ Φ Ξ ∫
train_06553,∫ Φ Ξ Φ Φ Ω Φ Ω ∇ ∫ Ω ∫ Ξ ∫
train_06554,∫ ∇ Ω ∫ Φ ∇ Φ ∫ ∂ ∂ ∂ Φ Φ
train_06555,∇ ∫ Φ ∫ ∇ ∫ ∫ Ω Ω Φ
train_06556,Ω ∂ Ω Ξ Ω Ω ∇ Ω
train_06557,∇ ∇ ∇ ∇ ∫ Ξ ∇ ∂ ∫ ∫ ∫
train_06558,Φ Ω Ω Ξ Ξ
train_06559,∫ ∂ ∫ ∂ ∂ ∇ Ω ∫ ∇ Ξ ∇ Φ Ξ
train_06560,∇ ∇ ∂ Ξ Φ ∂ Φ ∇ ∂ Ξ Φ ∂
train_06561,Ξ ∫ ∇ ∂ ∫ Φ Ω Φ Ω Φ
train_06562,∂ ∫ Ξ ∇ ∫ ∇ Φ ∇ ∫
train_06563,Ξ Ω ∂ Φ ∫ Ξ Φ Ω ∇ ∂ Φ
train_06564,∇ Ξ Ξ Ξ Ω ∇ Ξ
train_06565,∂ ∫ Ω Ξ Φ ∂ Ξ Ω ∫ ∂ ∇ ∫ ∂
train_06566,∫ Ω Φ Ω Ω ∫
train_06567,Ξ ∇ Φ Ω Ω ∇ ∂ ∂ Ω Φ Φ
train_06568,∇ ∇ ∫ ∇ Φ Ξ Ω Φ Φ ∂ Ξ ∫ Ξ
train_06569,∇ Φ ∫ Ω ∫ ∂ ∫ Ω ∇ Ξ Φ
train_06570,Ω Ξ Ξ ∫ ∇ Ω Ω Φ ∫ ∇ Ξ ∫ Ξ Ω
train_06571,Φ Ω Ω Φ ∂ Ω Ω Ω ∫ ∫
train_06572,Ξ Ω ∫ ∫ Φ ∂ Φ Ξ
train_06573,∂ Ξ ∇ ∇ ∇ Φ
train_06574,Ω Ω Ξ Φ ∂ ∂ Ξ ∇
train_06575,Φ ∇ ∂ ∫ ∂ ∂ Ξ ∂ Ω Ξ Φ ∂ ∂
train_06576,∂ ∫ Ω ∇ ∂ Ω ∫ Ξ ∫ ∫ Φ ∂ Ξ Ω
train_06577,∫ Φ Ω ∫ ∂ ∇ Ξ Ω Ω ∫ ∫ Ξ Φ ∇
train_06578,∂ ∫ Φ ∇ ∂ Ξ Ξ ∇
train_06579,∇ Φ ∫ Φ Ξ ∫ Ξ ∫ ∂ Ω Ξ Ω Φ
train_06580,∫ Φ Φ ∇ ∂ ∂ ∇ ∫ ∂
train_06581,Ω ∇ ∇ ∂ Ξ ∇ Ξ Ω ∫
train_06582,Ω Φ ∇ ∫ ∇ Φ ∇ Φ
train_06583,Ξ Ω Φ ∇ Φ ∫
train_06584,∂ Ξ ∂ ∇ Φ Φ ∇ Ω Ω Φ
train_06585,∂ Ξ Ξ ∇ ∇ ∇ Ξ ∫ ∫
train_06586,Φ ∂ Ξ Φ Ω
train_06587,Φ Ω ∂ Ξ Ξ ∫ Φ Ξ ∇ Ξ
train_06588,∇ ∫ ∂ Φ Ξ ∇ Ξ Ω Ξ
train_06589,∂ ∫ ∇ Ξ Ω Φ Ξ ∫
train_06590,Ξ Ξ Ω ∇ Ω Ω Ξ ∇ ∂ ∇ Φ Ω
train_06591,Ω ∇ Ω ∇ ∇ Ω ∂ ∂
train_06592,∫ Ξ ∇ ∇ ∫ Ξ Φ ∇ ∫ Ω Φ
train_06593,∇ ∫ Ξ ∂ ∇ ∫ Φ ∇ Φ ∇
train_06594,∫ ∫ ∫ Ω ∫ Ω Ω ∫
train_06595,Ω ∂ Ξ Φ ∫ Φ Ξ Ω
train_06596,Φ Φ ∫ ∇ Ξ ∇ Φ ∫ ∂ Φ ∇
train_06597,Ξ ∂ Ω Ω ∂
train_06598,∂ ∫ ∇ Ξ ∂ ∫ ∇ Ξ
train_06599,Φ Ξ ∂ Φ ∂ Ω Ω Ω
train_06600,∇ ∇ ∂ Ξ Φ Ω Φ Φ Φ Ω
train_06601,Ω Ξ ∇ ∂ Φ Φ Φ ∫ Ω ∫ ∂
train_06602,∫ Ξ Ω ∇ Ξ ∇
train_06603,∂ Ξ Φ ∇ ∇ Ω
train_06604,Φ Ξ ∂ Ξ Ω Ξ ∂ Φ ∂ ∇ Ω
train_06605,∂ Ω Ω ∂ Φ ∫ ∂
train_06606,∂ Ξ ∂ ∇ Φ ∂ ∇ Ξ
train_06607,∂ Φ ∫ ∇ ∂ Φ ∇
train_06608,∫ ∂ ∇ Ξ ∂ Ξ Φ Ω Ω Φ
train_06609,Ξ Ξ Ω Ξ ∂ Ξ ∫ ∇
train_06610,∇ Ξ ∇ Ξ ∂ ∇ Ω
train_06611,Ω ∇ Ξ Ω ∫ ∇ Ξ ∇ Φ ∇ ∇ ∂ ∇ Ξ
train_06612,Ξ Φ ∂ ∫ ∇
train_06613,∫ Φ ∂ ∫ Φ
train_06614,∫ Φ ∇ ∂ Ω Φ Φ Ω Ξ Ω Ω Ω ∫ ∂
train_06615,∫ ∇ ∂ ∇ ∇ Ω
train_06616,Ω Φ Ξ Ξ ∇ Ω Ξ
train_06617,Φ ∂ ∇ ∫ Φ
train_06618,∇ Ξ ∇ ∂ Ξ Φ ∇ Φ
train_06619,∫ Φ Φ Ξ Φ ∂ Φ ∫
train_06620,Φ Ξ Ω ∫ Ξ Ω
train_06621,∇ Φ Ξ ∇ Φ Ω Ξ
train_06622,∂ Φ ∇ Ξ Ξ Φ ∂ ∫ ∫ ∇ ∫ Ω ∇
train_06623,∂ Φ Ξ Φ ∇ ∫ ∇ ∫ ∇ ∇
train_06624,Φ Φ ∇ ∂ Ω ∂ Ξ
train_06625,Ξ Ξ Φ Ξ ∫ ∂ ∫ ∇
train_06626,∫ Ω Ξ ∫ ∫
train_06627,Ξ ∫ Ω ∂ ∂ ∇ Ω Ξ Ξ Ξ Ω
train_06628,Ω Ω ∫ Φ ∂ ∂ Ω Φ Ω ∇
train_06629,∇ ∇ Ξ ∫ ∂ Ω Ξ ∇ ∂ ∂
train_06630,Φ Φ Ω ∫ Ξ ∂ ∇ ∫ ∫
train_06631,∫ ∂ ∇ Ξ ∇ ∫ ∫ ∇ Ω Ω Φ ∇ Ω ∫
train_06632,∇ ∇ Ω Φ ∫ Ω ∂ Ω ∂ Ω
train_06633,Ξ ∂ Ω Ξ Ξ Ω ∇
train_06634,Ξ ∫ Φ ∇ ∂ ∇ Ω ∇ Φ Ω Ξ Φ
train_06635,Ω ∫ ∫ Ξ ∫
train_06636,Ω ∫ Ξ Φ ∫ ∂ ∫ ∫ ∇ Ω ∫ Φ Ξ
train_06637,∇ ∇ ∫ Ξ Φ ∇ ∂ ∫ ∂ ∇
train_06638,∇ Φ ∂ ∫ Φ ∇
train_06639,∫ ∫ Ω ∇ ∇ ∂
train_06640,∇ ∇ Ω ∂ Φ Ω Φ ∂ ∇ ∂ ∫ ∇ Ω Φ
train_06641,Ξ ∂ Ω ∫ ∇
train_06642,∇ Ξ ∫ ∇ ∇ Ξ
train_06643,Ξ ∇ Φ Ξ Ξ Ω ∂ ∫
train_06644,Φ Ξ Ξ Ξ Ξ Φ
train_06645,∂ ∇ ∫ Φ ∂ ∇ ∂ Φ
train_06646,Ξ Ω Ξ Ξ Φ ∇ Φ ∫ Ξ
train_06647,∇ Ξ ∫ Ω ∂ ∂
train_06648,Ω Ω ∫ ∫ ∫ Ξ Φ Ξ Ξ ∂ ∇ ∫ ∇
train_06649,∇ ∇ Ω Ξ ∫ ∫ ∇ ∫
train_06650,Ω ∂ ∫ ∂ ∇ ∂ Ω ∇ Ω Ξ Ω Ξ
train_06651,∇ ∫ Ω ∫ Ξ Φ Ξ Ω Ω
train_06652,∇ Φ Ξ ∫ Ω
train_06653,Ω ∇ Ω Ξ ∫ ∂ ∂
train_06654,Φ Ω ∫ Ξ Φ Ξ Ξ Φ Ξ ∂
train_06655,∇ ∫ ∫ Ω ∂ Ξ Ξ Ξ
train_06656,∂ Ω Φ Ξ ∂
train_06657,∇ Φ ∂ Ξ Ω Ξ ∂ ∇ Ω ∇ ∫
train_06658,Ω Ξ ∇ ∂ ∇ ∂ Φ ∂ ∂
train_06659,Ω Ω Φ ∂ Ξ Ξ ∂ ∇ Φ Ω Φ ∂
train_06660,∫ Φ Ω Ξ Ω ∂ Φ ∇ ∇ ∫ ∇ ∂ Ξ
train_06661,Φ Ξ ∂ Ω Ξ Ξ ∫ Φ ∫ Ξ Ω Ω
train_06662,∇ ∫ Ξ Φ ∂ ∂ Ω Φ Ξ ∇ Ξ Φ ∂
train_06663,∫ ∫ ∫ Ω Ξ Ω Ξ Φ ∇ ∂ ∇
train_06664,Ξ Φ ∂ ∂ Ω Φ Ω Φ ∂ Ω ∂
train_06665,∂ Φ Ω Ξ Φ
train_06666,Ω ∂ Φ Φ Ω Φ Φ Φ Φ ∇ ∇ Ξ
train_06667,∫ Φ Φ Ω ∫ Ω ∫ ∇ Ξ ∫
train_06668,∫ ∫ ∂ ∫ ∂ ∂
train_06669,Ξ Φ ∂ Φ ∂ ∂ Ω ∇
train_06670,Φ ∂ Ω Φ Ω Ω
train_06671,Φ ∇ ∇ ∫ Φ ∫ ∫ ∇
train_06672,Ω ∫ Ξ ∇ ∇ ∫ ∇
train_06673,Φ Ω Ω ∇ ∫ Ω ∂ Ω ∫ ∂ Ω Φ Ξ
train_06674,Ω ∂ ∇ ∂ Φ ∂ ∇ ∂ Ω
train_06675,∂ ∫ ∂ Ξ ∫ ∫ Ξ Ω ∇ ∂ ∂ Ξ Ω ∫
train_06676,Ξ Ω Ξ ∫ ∂ Ω ∂
train_06677,Ω Φ ∂ Φ Ω Ω Ξ ∇ Ξ ∫
train_06678,∇ ∂ ∫ Φ ∫
train_06679,Ξ Ξ ∂ Φ ∇ Ω Φ
train_06680,∫ Ξ Ξ Ξ Ξ Ξ Φ ∂ ∇ ∫ ∫ Φ
train_06681,Ξ Φ ∂ ∂ ∂ ∂ Ξ Ω Φ
train_06682,∂ ∫ ∂ ∇ Ω Φ Φ ∂ Ξ ∂ ∫
train_06683,Ω ∇ Ω ∂ ∇ ∂ Φ Ξ Ξ ∇ Ω ∇ Ω
train_06684,∫ Ω ∂ Φ ∇
train_06685,∂ Φ ∂ Φ Ξ ∫ ∫ ∫ ∂ ∇ Ξ Φ Φ Φ
train_06686,Ω ∫ ∂ Ξ ∫ ∫ ∫ ∫ Ω Φ
train_06687,∂ ∇ Ξ Φ ∂ ∇ ∫ Φ Φ Ω Φ Ξ Ω Φ
train_06688,∂ Ξ ∂ Ξ ∇ ∂ Ω ∂
train_06689,∫ ∇ ∫ Φ ∂ ∇ ∂ ∂ ∇ ∫ Ξ
train_06690,Ω ∇ Ξ ∫ Ω Ξ Ξ Ξ Ω ∫ Φ ∫ ∫ Ω
train_06691,Ω Φ Ξ ∫ ∂ Ω Φ Ξ ∇ ∫ ∫ Φ
train_06692,Ω ∫ Ξ ∫ ∂ ∂ ∫ Ξ ∇ Φ Ω ∇ ∫ Ω
train_06693,Ξ ∫ Φ Φ Ω Φ ∫ ∂ ∇ ∇ Φ
train_06694,∫ Φ Ξ ∇ Ω
train_06695,Φ ∂ Ω Ω ∇ Φ ∇
train_06696,∫ ∇ Φ ∇ Φ ∫ Ξ Φ Ξ Ω
train_06697,Ω Ω ∫ ∂ ∫ Φ ∫ ∇ Φ Ξ Ξ Ξ Ξ
train_06698,Ω ∇ Ω Ω ∂ ∂
train_06699,∇ Ξ Ξ ∇ ∫ Φ ∫ Ξ ∇ ∫ ∇ ∂ ∇ Ξ
train_06700,∂ ∫ ∫ ∫ Φ Ξ Ω ∂ Φ Ω
train_06701,∂ Φ ∂ Φ ∫ ∫ ∇ ∂
train_06702,∫ Ξ ∫ ∫ Ξ Φ Ξ ∫ Ξ ∫ ∇
train_06703,∫ ∂ ∫ ∇ ∫ Φ Φ Ω ∂ ∂ Ξ Φ
train_06704,Ξ ∂ Φ Φ Ξ ∂ ∂ ∂ ∇ Φ Φ
train_06705,Ω Φ Ω Ω ∫ ∫ Ξ ∇ ∫ ∂ ∇ ∂ Ξ
train_06706,Ξ Φ Φ ∂ ∂ ∫ ∂ Φ ∂ Ω ∫ ∂ Φ
train_06707,∂ ∂ ∂ Ξ Ξ Φ ∇ ∫
train_06708,∂ ∫ ∂ Ξ ∂
train_06709,∫ ∇ ∫ ∂ ∇ Ω Φ Ξ ∫
train_06710,∫ Ω Φ Ω Φ Ω
train_06711,Ω ∇ ∂ Ω ∂ Φ Ξ ∂
train_06712,Ξ Ω Ω ∂ Ω ∫ Ξ ∫ ∂ Φ Φ ∂ ∫ Ω
train_06713,Ω Ω Ξ ∂ ∇ ∇ ∂ Ξ Ω ∇ Ω Φ
train_06714,∫ Ξ ∇ Φ Φ ∇
train_06715,∂ ∂ ∇ ∫ Ξ ∇ ∂ Ξ ∫
train_06716,Ξ ∫ ∇ ∫ Ξ Φ ∇ ∇ Φ ∂ ∫ ∫ Φ Φ
train_06717,∇ Ξ Φ Ω ∇ ∇ ∂ Ω ∫ Ω
train_06718,∇ ∂ ∫ ∫ ∫ Φ Φ Ω Ω Φ ∫
train_06719,Ω ∫ Ξ Ξ ∂ Φ ∂ ∫ Ω ∂ Ξ Ω Φ ∇
train_06720,Ξ Φ Ω Ω ∫ ∫ Ω Ω Ξ ∇ Φ Ω ∇ Φ
train_06721,∂ Ξ ∫ ∇ ∇ ∂ ∫ Ξ ∂ Φ ∫ Ω ∇
train_06722,∂ ∂ ∂ ∫ ∇ ∫ Ξ ∂ Ξ Ξ
train_06723,∇ Ω Φ Φ Φ Ω Ξ ∫ ∫ Ω Ξ
train_06724,∫ ∂ Ω Ξ ∫ ∫ Ξ ∂ Φ Φ ∇
train_06725,Ξ Ω Ω ∇ ∇
train_06726,∫ ∇ ∂ ∇ ∫ Ξ ∂
train_06727,Φ ∂ ∇ ∂ ∇
train_06728,Ω ∇ Ω Φ ∂ Ξ ∫ Ω ∂ Ξ
train_06729,Φ ∂ ∂ ∂ Ω ∂ ∇ ∇ ∫ Φ Φ
train_06730,∇ Ω ∂ ∂ ∇ Φ Ω Ω Φ ∂ ∂ ∂
train_06731,∫ ∫ ∇ Φ ∂ ∇ Ω Ω
train_06732,∫ ∂ ∂ ∇ ∇ ∇ Φ Ξ ∇ Ξ
train_06733,∂ Ω ∂ ∂ ∫ ∫ Ξ Φ ∇
train_06734,Φ ∫ ∫ ∇ Ξ Ξ Φ Ω ∂ ∇ Ω
train_06735,Ω ∫ Φ Ω Φ Ξ ∂ Φ ∫ Ω ∇ ∂
train_06736,Ξ Ω ∂ Φ Φ Φ Ω ∫
train_06737,∫ ∂ Ξ Φ Φ ∫ ∇ ∂ ∫ ∇ Ω Ξ
train_06738,∫ ∇ ∂ Φ Φ Φ Ξ ∫ Φ
train_06739,Ξ ∇ Φ Ξ ∇ ∇ Ξ Φ Ω ∫ ∫
train_06740,Ξ Ω ∇ Ξ Ω ∇ Φ ∫ ∫ Φ ∇ ∇
train_06741,∂ Ω Ω ∫ Ξ Φ Ξ Ω Ξ
train_06742,∇ Ξ ∫ Ξ Φ ∫ ∇ Φ ∂ Ξ ∂ Φ Ω
train_06743,Φ ∇ Ξ ∫ ∇ ∂ Ξ ∇ ∫ ∂ ∫ ∇ Φ ∇
train_06744,Ω Ω ∫ Ω Ξ Ω Φ Ξ ∂ ∂
train_06745,Ω ∫ Ξ ∇ Ω Φ ∂ Ξ
train_06746,∫ Ω Ξ ∇ ∇ ∇ Ξ Ξ Ξ ∂
train_06747,∫ Ξ ∇ ∫ ∫ ∇ ∂ ∇ ∫
train_06748,∫ Ξ ∇ ∫ ∫ Ω
train_06749,Ω Φ ∫ Ω ∇ Ω Ω Ω ∂ ∫ ∂ ∂
train_06750,∫ Φ ∂ Φ ∂ Φ ∇ Φ ∇ ∫ ∫ ∂ ∫ Φ
train_06751,∂ Ω ∂ Ω Φ ∫ Ω
train_06752,∫ ∂ ∂ ∫ Φ
train_06753,∇ ∫ Ω Ω Φ Ξ ∫ Ξ ∫ ∇ ∂ ∂ ∂ ∫
train_06754,∇ ∂ Φ ∇ Ξ Φ ∂ Ω ∇
train_06755,Ω ∂ ∂ Ξ Φ Φ Φ ∫ ∫
train_06756,∫ Ω Φ ∫ Φ ∇ Ξ Ξ Ω Ξ Ω ∫ Φ
train_06757,∇ Φ ∂ ∂ ∇
train_06758,Ω Ω Ω ∂ Ω Ω Ω Ξ Ξ Ω ∇ ∫ ∂ ∂
train_06759,Ω ∫ ∫ Ξ ∫
train_06760,∇ Φ Φ ∂ Φ Ξ ∂ Ω Φ Ξ Φ ∇ Φ Ω
train_06761,∫ Φ Φ ∫ Ω
train_06762,∇ ∫ Ξ Φ Φ ∂ Φ
train_06763,Ω Ξ Ω Ω Φ Ξ
train_06764,∂ Φ Ξ Ω ∇ ∇
train_06765,Ω Φ ∇ ∇ Ω Φ ∇
train_06766,∂ Ξ Ω Ξ ∇ Ω Ω Ω Ξ Ξ
train_06767,Ξ ∫ ∇ ∫ Φ
train_06768,∫ Ξ Ω Φ Φ Ξ Φ
train_06769,Ω Φ ∇ Ξ ∫ Ξ Φ ∫ ∇ ∫ ∂ ∇ Ξ ∫
train_06770,∇ ∫ Ω Φ ∫ Φ ∇ ∫ Ω Ξ ∂ ∫ Φ Φ
train_06771,Φ ∫ Ω ∂ ∫ ∂
train_06772,∫ Φ ∇ ∇ ∫ ∂ Ω Φ ∫ ∂ ∇ ∇ ∂
train_06773,Φ ∂ ∇ Φ Ω ∫
train_06774,∂ ∫ Ξ Ω ∂ Ξ ∫ Φ
train_06775,Ξ Φ Φ Φ ∂ ∇ ∂ Ω
train_06776,Ω Ω Φ Ξ Ω ∇ ∇ ∂
train_06777,Ξ Ξ ∇ ∫ Ξ ∂ Ξ ∫
train_06778,Φ Φ ∂ ∫ ∫ Ξ Φ ∇ ∇ ∇ Ω ∂
train_06779,∇ Φ Φ Φ ∫ Φ Ξ ∇ ∇ ∂
train_06780,Φ Ξ ∫ ∫ ∫ Φ ∇ Ω ∇ Ξ
train_06781,∫ Φ ∫ ∂ Φ ∂ Φ ∫ Ξ
train_06782,Φ ∂ Φ ∂ ∂ ∇ Ξ Ω Ω ∂ ∫
train_06783,∇ ∇ ∇ Ξ ∇ Φ Ω Ω Ω
train_06784,Ω ∫ Φ ∫ ∫ Ξ ∂
train_06785,∇ Ω Ξ ∂ Ω Φ ∫ ∫ Ω ∫
train_06786,∂ Ξ Ω Ξ Φ ∂ ∫ Ξ Ξ Ω Ω Ω ∂ Ξ
train_06787,∇ ∂ ∇ ∂ ∇ Ω ∫ Ξ Ξ Ξ Φ Ω ∂
train_06788,∇ Ξ Ξ ∇ Ξ ∇ Φ Φ Φ ∂ ∫ Ω Ξ ∂
train_06789,∫ ∫ Ω Φ ∇ Ω ∇ Ξ ∂ Ω ∇ ∂ Ξ
train_06790,∫ Ω Ω Ξ ∇ Ξ ∫ Ξ Φ Ξ ∂ ∫ Ω
train_06791,Ω Ξ ∂ ∇ Ω ∇ Ω
train_06792,Ω Ξ Ξ Φ Ω ∂ Ξ Φ Ξ Ω ∇
train_06793,∂ ∂ ∇ ∇ Ω Ω Φ Ξ ∂
train_06794,∫ Ω Ω ∫ ∫ Ξ ∂ ∫ Ω
train_06795,∂ Ω ∫ ∂ Ξ Φ Ξ ∫ Ξ
train_06796,Ω ∫ Ω ∇ ∇ ∫ Ξ Ξ Φ Ω Ξ Ξ Ξ ∇
train_06797,Ω Φ Ξ ∇ Ω ∇ ∂ ∫ Ω Ξ Ξ Φ ∇ Ξ
train_06798,Ξ Ξ ∇ Ξ ∇ ∇ ∇ ∫ Ξ Φ Φ ∂
train_06799,∂ Ω Ξ ∫ ∂ Ω Ω
train_06800,∂ ∇ Ω ∂ Φ
train_06801,Ω Φ Ξ ∂ Ξ ∂ Ξ ∇
train_06802,∇ ∂ Φ Ξ ∇ ∇ Φ Ξ
train_06803,Ω Φ Φ Ξ ∫ Ξ ∂ ∂ ∫ ∇
train_06804,∇ ∫ ∫ Φ ∂ ∇ ∇ Ξ ∇ ∂ ∫ Ξ Φ ∫
train_06805,Φ Ω Ω Ξ Ω Φ ∫ Ω Φ
train_06806,Ω Ω ∇ Ξ Ξ Φ Ω Φ Ω Ξ ∫ ∫ ∫
train_06807,∂ Ξ ∫ Φ ∇ ∇ ∂ Ω Ξ Φ ∫ ∫ Ξ ∂
train_06808,Ξ ∇ ∇ Ω ∂ Ξ Ξ Ξ ∫ Ω Ω ∇
train_06809,∇ Φ Ξ ∂ ∇ ∫ ∂ Ω Φ
train_06810,Φ Ω Φ ∂ Φ
train_06811,∂ Φ ∫ ∇ ∫ ∇ Ξ ∂ ∂ ∂ Ξ ∇ ∂ ∂
train_06812,∫ Φ Ξ ∂ ∇ ∂ ∇
train_06813,Φ ∂ Φ Φ ∂ ∇
train_06814,Ξ ∂ ∫ Ξ ∇ Ω Ξ Φ Ω Ω ∫
train_06815,Ξ ∂ ∇ ∇ ∫ ∂ Ξ
train_06816,∂ ∫ Ξ ∇ Φ Ξ ∇ ∇
train_06817,Ξ ∇ Ξ Ω Φ Φ
train_06818,Ω Ω ∫ Ξ Ξ Ξ ∂ Ω Ω ∫ ∫ Φ Ξ
train_06819,∫ Φ Φ Ω Φ Ξ Φ Ω
train_06820,Ξ Φ Ξ Ξ ∂ ∇
train_06821,∂ ∇ Ω ∇ Φ Φ ∫ ∇ ∫ ∫ Φ ∇
train_06822,Ω ∂ Φ Φ Φ ∇ Ξ ∇ Ω ∇ Φ ∫ ∫ ∫
train_06823,∂ ∇ ∇ ∇ ∂ Ξ Ξ
train_06824,Φ ∫ Ω ∇ Φ Ω ∫ ∫
train_06825,Ω ∫ ∂ Φ Φ ∇ Φ Ω Ξ Ξ Φ ∇ ∇
train_06826,Ξ Ξ Ω Ω Ξ ∂ Φ ∫
train_06827,∫ Ω Ξ Ω ∇ ∫ Ω Ω
train_06828,Ξ ∂ ∂ Ω ∇ Ξ Ω Φ ∇ Ξ Ξ Ξ
train_06829,∂ ∇ Φ ∂ Ξ ∫
train_06830,∂ ∇ Ξ ∫ Ω Ξ Ω Ω ∇
train_06831,∫ Φ ∫ ∂ Ω Φ ∂ Ω ∫
train_06832,∂ ∇ Ω ∫ Ω ∫ ∂ ∂ ∇ Φ Ξ
train_06833,∇ ∫ ∂ ∂ Ξ ∇
train_06834,Ω ∇ Ξ ∇ ∫ Ξ Ω Ω ∂ ∇ Ω ∫
train_06835,∂ ∇ ∂ Ω ∫ ∂ ∇ ∫
train_06836,Ξ Ω ∂ Φ Φ ∇ ∇
train_06837,∇ Ω Ξ Ξ ∇ ∇ ∫ Φ
train_06838,∂ Ω Ξ ∂ ∂ Φ ∇ Ξ ∂
train_06839,Ξ ∫ Ω ∇ Ω ∫ Ξ Φ Ξ Ω
train_06840,Φ ∂ Φ Φ Φ Ξ Ω Ξ Ξ ∇ Ξ Ξ Φ
train_06841,Ω Ω Ξ ∂ Ξ ∂ ∇ Φ ∇
train_06842,∫ Ξ ∂ ∫ ∂ ∇ ∂ Ω
train_06843,Φ ∫ Ω Ω Φ ∫ Ω ∂ Ξ ∇
train_06844,Φ Ω Φ Ω ∇ ∫ ∇ ∇
train_06845,Ξ Ξ Φ Φ ∂ Φ
train_06846,Ω ∇ Ω Φ ∫ ∫ Ξ Ξ ∫ ∂ Ξ ∫ ∫
train_06847,Ξ ∂ Ξ ∂ ∇ ∂ ∫
train_06848,∇ Ω Ω Ξ ∫
train_06849,∇ ∇ Ξ ∫ Φ ∫ ∇ Ω
train_06850,∫ Ω Φ Ω ∇ Ω ∫ Ξ Φ ∫
train_06851,∇ ∂ Ξ ∂ ∂ ∇ ∇ ∫
train_06852,∇ ∇ Φ ∇ Φ Φ ∫ ∫ ∫ Ω Φ Ω ∫ ∂
train_06853,∫ Ω ∫ Φ ∫ ∂ ∂ Ω Ω Φ Φ Φ ∫ Ξ
train_06854,∫ Φ ∇ ∂ Φ Ω ∇ Ξ ∇ ∫ Ω Φ ∇
train_06855,∂ ∇ Ξ ∫ ∂ ∫ Ω Ω ∫ ∇ Φ Ω ∇ ∂
train_06856,∫ Ξ ∫ Ω Ξ ∇
train_06857,∫ ∇ Ω Ξ Φ Φ
train_06858,∇ ∫ Ω Ω ∇ ∂ Φ ∇ ∫ ∫ Ω ∂
train_06859,Φ Φ Ω Φ ∫ ∫ ∫ ∇ Ω
train_06860,∇ ∂ ∫ ∇ Φ ∂ Ξ Φ Ξ ∫ ∂
train_06861,Ξ ∫ Ξ ∂ Ω Ω ∇ ∫
train_06862,Ξ Φ Ω Φ Φ ∇ ∇ Φ Ω Φ
train_06863,Ξ ∂ Ω Ξ ∫ Φ ∂ ∫ ∫
train_06864,∂ Φ Ω Ξ ∫ Ω ∇ ∇ ∫ ∂ ∫ ∇ ∫
train_06865,Ω Ξ ∫ ∇ ∇ Ω Φ
train_06866,Φ ∫ ∫ ∫ Ω Ω Ω Ξ ∫ ∫ Ω
train_06867,Φ ∇ ∇ Φ ∇ Ω ∫ Ξ ∫ ∂ Ω ∂ Ξ
train_06868,Ω ∇ Ω ∇ Ω Ξ ∂ ∫ ∂ Ξ ∇
train_06869,∇ Ω Φ ∂ ∂ Ω ∂ ∇ Ω ∂ ∫ ∫ Ω
train_06870,Ξ Ω Ξ ∂ ∂ ∂ ∇ Φ Ω Φ Φ ∫
train_06871,Ω ∫ ∂ Φ Ξ Φ Ω Ω Ξ ∫ Ω Ξ
train_06872,Φ ∇ ∫ ∂ ∂ ∫ Ξ Φ Ω ∫ Ω Φ
train_06873,Ξ Ξ ∂ ∂ ∂ ∫ ∇ Φ Ξ ∂ Φ ∂
train_06874,Ξ ∂ Ω Φ ∫ Ξ Ξ Ξ Ξ
train_06875,∇ Φ ∂ ∇ ∫ Φ ∇ Ω Φ ∇ Ω ∫
train_06876,Ω Φ ∇ ∂ Ω ∂ ∇ Ω
train_06877,Ξ Ξ Ξ Ω Φ ∂ Ξ ∇ Φ ∂ Ξ
train_06878,Φ Ω Ξ Ω ∇ Ξ Ξ
train_06879,∫ ∇ ∫ ∫ Ξ Ξ Φ
train_06880,∇ ∂ Ξ Ξ Ξ ∇ Ξ ∂
train_06881,Ξ Ξ Φ Ξ Ξ ∂ ∫ Φ
train_06882,∫ ∇ Ξ Ξ Φ Φ ∫ ∇ ∂ Ω Ξ Φ Ω Ω
train_06883,∂ ∇ Ξ Φ Ω Ω ∂
train_06884,Ξ ∇ ∫ ∂ Ξ
train_06885,Φ ∫ Ξ Φ ∫ ∂ ∫ ∫ ∫ ∂ Ξ Ω ∂ ∂
train_06886,∂ ∂ ∂ Ξ ∫ ∫
train_06887,Ω Φ ∫ Ξ Ω ∇ Ω Φ Ω ∫ Ω ∇ Ξ Φ
train_06888,∫ Ξ Φ ∂ Ξ Φ Ξ Ξ ∫ ∇
train_06889,∇ Ω ∇ ∫ Ξ Ω Ξ ∂
train_06890,Φ Φ ∇ Ω Φ ∇ ∇ Ω ∫ ∫ Ω
train_06891,Φ Ω Φ ∫ Φ Φ ∫ ∫ Ω Φ Ω Ω
train_06892,∫ Ω ∫ Φ Ξ ∫ Ξ ∂ ∇ Φ Ξ ∂ ∇ Ξ
train_06893,∂ Ξ Ω Ξ ∫ ∇ ∫ Ξ Ω ∂ ∫
train_06894,∂ ∫ Φ Ξ ∇ ∫
train_06895,Ξ Ξ Φ Φ ∇ ∇
train_06896,Ω ∇ ∇ Φ Ξ Ξ Φ ∫
train_06897,∇ Ω Ξ Ω ∂ ∂
train_06898,∇ ∂ Ξ Ω Ξ Ω ∂ ∂ ∂ ∇ Ξ ∂ ∫ Φ
train_06899,∂ Ξ ∂ ∇ ∇ Ξ Φ Ξ ∫ ∫ ∫ Ω ∇
train_06900,Φ Ξ Φ Φ Ξ Φ ∫ ∂ ∂ ∇ ∫ ∫ Φ Ω
train_06901,∇ Φ ∫ Ξ ∫ Φ Ω ∫ Φ Ξ Ω ∇ Ω Ξ
train_06902,∇ Φ ∇ Φ Φ Φ ∫
train_06903,Ξ ∫ Ω ∇ ∫ Ξ
train_06904,Φ ∂ Φ Ω Ξ Ω Ξ Ω ∂ Ξ Ξ ∫ ∫
train_06905,Ω Φ Φ ∂ ∫ Ξ
train_06906,Ξ ∇ Ξ ∂ Ξ ∇ ∇ Ω ∫ Ω
train_06907,Ξ ∇ ∫ ∫ Φ ∂
train_06908,∇ ∫ Ξ ∂ ∂ ∫ Ω ∂ Ξ ∂ ∂ ∇ ∫
train_06909,Ω Ω Φ Ξ ∂ Φ ∇
train_06910,Φ ∫ ∫ ∇ Ξ ∫ Φ ∇ Ξ Ω ∂ Ω ∇ Ξ
train_06911,Ω ∇ ∂ ∇ ∂
train_06912,∇ Φ Ω Ξ Φ ∂ ∫ Ξ ∫ Φ Φ Ω
train_06913,∇ Ξ Ω Ξ ∂ ∂ ∇ ∇ ∫ Ω Φ Φ Ω Ω
train_06914,∂ Φ ∇ ∫ ∇ Ξ Ω Ω ∫ ∂
train_06915,Ω ∇ Ω ∫ ∂ ∇ Ξ Ξ ∇ ∇ ∇ ∂ ∇
train_06916,∇ Ω ∫ Ω ∂ Φ ∂ ∂ Ω ∫ Φ Ω
train_06917,Ω Φ ∫ ∂ ∇ ∫ Ω Ξ ∂ ∇ Ω Ξ
train_06918,Ω Φ Ξ ∂ ∫ Ξ ∂
train_06919,Φ Φ Ω ∇ Ω ∫ Φ Ξ Ω ∫ Ω Φ Ω
train_06920,Ω ∂ Ω ∫ Ω
train_06921,∫ ∫ Φ Ξ ∂ Ξ Ω ∂ ∂ ∫ Ξ ∂
train_06922,∇ Ω ∫ Φ Ω ∫ Ω Ξ
train_06923,∫ Φ ∂ Ω Ξ Ξ Φ Ξ ∫ Φ
train_06924,∂ Ω ∫ Φ Ω
train_06925,Φ ∂ Ξ ∇ ∇
train_06926,Ξ ∇ ∂ ∂ ∇
train_06927,Φ ∇ Φ ∂ ∂ Φ
train_06928,∂ ∇ ∇ Ξ Ω Ω Ω ∇ Ξ Φ ∂ Ξ Ξ Φ
train_06929,Ξ ∫ Ω ∫ ∇ ∇ ∇ Ξ Φ
train_06930,Φ ∇ Φ ∫ Ω Φ ∫ Ξ ∫ Ω ∂ ∇ ∇ Ξ
train_06931,∇ Φ Ω ∫ Φ Ξ ∇ ∂
train_06932,∫ Φ ∇ ∫ ∇ ∇ ∂ Ξ Ω Ω
train_06933,Ξ ∂ ∇ Φ Ξ Ξ ∫ ∂ Ω
train_06934,∂ Φ ∂ ∫ Ω ∇
train_06935,∂ ∫ ∂ ∫ Ω ∂ ∂ ∂ Φ ∇ ∫
train_06936,Ω Ξ ∇ Ω Ξ ∫
train_06937,∇ ∇ Ω Ω ∫
train_06938,Ω Ξ Ξ Φ ∇ ∂ Φ Ω ∇ ∫ ∂ Ξ Ξ ∫
train_06939,Φ ∂ ∫ Φ Ξ ∫ Ω ∇ ∇ ∇ Ω
train_06940,Ξ Ω Ξ ∇ ∫ ∫ ∂ Φ Ω ∇
train_06941,Ω Ω ∇ Φ ∫ Ω ∫
train_06942,Ξ Φ Ω ∇ ∂ Ω
train_06943,∫ ∂ Φ Ξ ∇ Ω ∂ ∂ ∇ ∂ ∇ ∫
train_06944,∫ ∂ Ω ∇ ∇ Φ Ξ
train_06945,∇ ∂ Ω Ξ ∇ ∇ ∇ Ξ ∂ Ξ Ω ∫ ∫ ∂
train_06946,Ω Φ Ω ∇ ∇
train_06947,Ω ∂ Ω ∂ ∂ Ξ Ω ∇ Ξ Φ Ξ Φ ∇ ∂
train_06948,∂ ∂ Ω Ξ ∫ Ξ Ω Φ
train_06949,Ξ Φ ∂ ∫ ∂ ∫ Ξ Φ ∫
train_06950,∫ Ω Ω ∇ Ω ∂ ∇ ∂ ∇ ∂
train_06951,∂ Ξ Φ ∇ Ω ∇ ∫
train_06952,∇ ∂ Ξ ∂ Ξ Ω ∂ Φ ∇ Ω ∇ ∇ ∇ Φ
train_06953,Ω Ω ∂ ∇ ∂ ∫ Φ Ξ ∫
train_06954,Ξ Ξ Ξ ∇ Ξ
train_06955,Φ ∫ Ξ ∇ Ξ
train_06956,Ξ Ω Ω ∫ ∇ ∂ Ξ Ξ Φ Ξ ∫ Ξ ∇ ∫
train_06957,Φ Φ ∇ Ω Ω ∂ Ξ ∂ ∫ ∂ Φ Ξ ∂
train_06958,Φ Ω Φ ∂ Ω ∂ ∫ Ξ Ω Ω ∂ ∂
train_06959,Φ ∫ Ω ∂ Ω Φ ∫ Ξ Φ ∫ Φ Ξ
train_06960,∇ Φ ∫ Φ Φ ∫ Ξ ∫ Φ Ξ Ω ∂ ∂ Ξ
train_06961,∫ Φ ∇ Ω Ξ ∇ ∫ ∂ ∫
train_06962,Φ Ω ∂ ∫ Ξ Ξ ∂
train_06963,∇ Ω Ξ ∂ ∫
train_06964,∫ Ω ∇ Ω ∇ Ξ Φ ∂ Ξ Φ ∂ Ω
train_06965,∫ Φ Ω ∇ ∫ ∇
train_06966,∂ Ξ ∇ Φ Φ Ω Ω
train_06967,Ω ∇ Φ Ω ∫ ∫ Φ Ξ Φ Ξ Φ Φ
train_06968,Φ ∫ Ω ∫ Φ ∫ Ξ Ω ∇
train_06969,Ξ ∂ Φ ∫ ∂ Ξ Ξ Ξ Ξ Ω Φ
train_06970,∫ ∫ Φ ∫ ∂ ∂ ∇ Φ Ω ∇ Ξ Ω Ω
train_06971,Φ ∇ Φ Ξ ∫ ∂ Ω Ξ Ξ Ω Φ ∂ ∫
train_06972,∫ ∇ Φ ∫ ∇ ∂ ∫ Ω Φ ∇ ∂ ∂ Φ ∂
train_06973,Ξ Ξ Φ ∂ Φ ∫ Ξ ∇ Ω ∇ ∇ ∇ Φ ∇
train_06974,Φ ∇ Ξ ∫ ∫ Ξ Ω Φ Ω ∂
train_06975,∫ ∂ ∫ ∫ ∇ Ω
train_06976,∫ ∫ Ξ ∇ ∇ Ω
train_06977,∇ Φ Ξ ∇ ∫ ∫ Φ Ω Ω Ω ∫ Ξ
train_06978,∫ ∫ Ξ Ω Φ Φ ∂ Ξ Ω ∫
train_06979,Φ ∂ Ω ∫ Ξ Φ ∫ Ξ
train_06980,∫ ∫ ∂ ∂ Φ Ξ Ξ ∂ Φ ∫ Ξ ∇
train_06981,Φ Φ ∫ ∇ Ω Ω ∇ ∫ ∇
train_06982,Φ Φ Φ Ω Ξ ∂ Ω ∫ Ω
train_06983,∇ Ξ Ξ Ξ ∇ ∇ ∫ Ω ∂ Ω
train_06984,Ω ∂ ∫ ∫ ∫
train_06985,Ξ ∫ Ω ∂ Ξ
train_06986,∫ ∇ ∫ Ξ Ω Ξ ∫ Ξ ∫ ∫
train_06987,∇ ∫ ∂ ∂ ∂ Ω ∫ ∇ Ω Ξ Φ
train_06988,∫ Ξ Φ ∇ ∇ ∇ Ξ ∂ ∫ Φ ∫
train_06989,∇ ∫ Φ ∇ Φ ∫ ∂ Ω Φ ∫ Ω
train_06990,∫ ∫ ∂ Φ ∂ Ξ Ω ∂ Ω ∫ Φ Φ Ω ∇
train_06991,Ξ Ω Ω Ξ ∫ Ξ Ω Ω ∇
train_06992,∂ Φ Ξ ∫ ∫ Φ ∫ Ω ∂ ∫ ∇
train_06993,Ω ∇ Ξ Ω ∫ Ξ Ω Ω ∫ Ξ ∇ Φ Ξ Ω
train_06994,Ξ Φ Φ ∇ ∫ Φ Φ ∫ ∇ Ω
train_06995,Ω ∫ Ω Φ Φ Ω Ω Ξ ∂
train_06996,Φ Ξ Ω Φ Ξ ∇
train_06997,Ω Ω Φ ∂ ∇ Ξ ∫ Ω Ξ
train_06998,Φ ∇ Φ Φ ∫ Ω
train_06999,Ω Ω ∂ ∂ ∇ Φ ∫ ∫ ∇ ∫
train_07000,∫ Φ Φ Ω ∂
train_07001,Ω ∫ Ω Ξ ∂ Ξ Φ ∫
train_07002,Ξ Ω Ξ Φ Ω ∇ ∫ Ω Ξ ∫ Ω ∫
train_07003,∂ Ω Φ Ξ Ω Ω ∇
train_07004,Ω Ω ∫ Ω Ω ∫ Φ ∫ Ω Ω Ξ Ξ Ω ∫
train_07005,Ξ ∂ ∇ Ω ∇ Φ Φ ∇ ∇ Ω
train_07006,∇ ∫ Ω ∇ ∂ ∫ ∇ ∂ Φ Ω ∫ Ω Ω
train_07007,∫ ∂ ∇ ∇ ∂ ∇ ∇ Ξ ∂ Φ Φ Φ
train_07008,∫ ∂ Ω Φ ∫ ∇ Φ
train_07009,∫ ∇ Ξ Ω Ξ Ω ∫ Φ Ξ ∇ Ω
train_07010,Ω Ω ∇ ∫ Φ ∇ ∇ ∂ ∂ ∫ Ω ∫ Ξ
train_07011,Ξ Ω Φ Ξ Φ ∇ Ξ Φ ∂ ∇ Ξ ∂ ∫ Φ
train_07012,∫ ∂ Ξ Ξ Ω Φ Ξ Φ Ξ ∇ ∂ Φ
train_07013,Φ ∇ ∂ ∇ Φ
train_07014,∂ ∇ Φ Φ Ξ ∂ ∫ ∇
train_07015,∂ ∂ Ξ ∂ ∇ Φ ∇ Φ Φ ∂ ∂ ∇ ∫ ∫
train_07016,Ξ Φ ∇ Ω Ξ Ω ∇ ∂
train_07017,Ω ∂ Ω Ω ∫ ∂ Φ ∂ Ω
train_07018,Ξ ∫ ∂ ∇ ∫ ∫
train_07019,∂ Φ ∇ ∇ ∫ ∫ Ω ∫ ∂
train_07020,∫ ∫ Ω ∇ Ξ ∂ Φ
train_07021,∂ ∇ Ξ Ω Ξ ∇ Φ Ξ Φ Φ ∫
train_07022,Ξ Φ ∂ ∂ ∇ Φ
train_07023,Φ ∇ ∫ ∇ Ξ
train_07024,∂ ∇ Ξ Ξ Ξ Ω ∂ ∂ Φ ∂ ∂ Ω ∇ ∇
train_07025,∇ ∂ ∂ Ξ Ω Ξ Φ Ξ ∂ ∫
train_07026,∂ Ξ Ω ∫ ∂ Φ Ξ Ω ∂ Ξ ∂ Ξ Ω ∂
train_07027,Φ ∫ Ξ ∫ ∫ ∫ Ξ
train_07028,∂ Φ ∇ Ω Ω ∇ ∂ ∂ Ω Ξ
train_07029,∇ ∂ ∫ ∫ Ω Ξ Ξ Ξ Φ
train_07030,∂ Ω Ξ Ω Φ ∇ ∇ ∂ ∂ ∂ Φ Φ Ξ
train_07031,Ξ Ω ∇ ∇ Φ ∇ Ω ∂ Ξ ∫ ∂ ∫ ∇
train_07032,Ξ ∂ ∇ Φ ∂ Φ
train_07033,∇ Φ Φ ∇ Ω ∇ ∫ Ω Ω Ω ∇ Ω Ξ ∇
train_07034,∂ Ξ ∂ ∫ Ξ Φ Ω Ω
train_07035,Ω Ξ ∇ ∫ ∇ Ξ ∫ Ξ
train_07036,∂ Φ ∂ ∇ Ξ Ξ Ω ∂ Φ Ω ∇ ∂
train_07037,Φ Ω Φ Ξ Ξ ∂ Ω Φ ∂
train_07038,∫ ∇ ∇ ∂ ∂ ∂ ∫ ∫
train_07039,∇ Ξ Φ Ξ Ξ ∇
train_07040,∇ Φ ∇ ∂ Ξ ∇ Φ Ξ Φ ∂
train_07041,Ξ ∫ ∫ Ω ∇ Φ Ω Ω ∇ Φ Ξ
train_07042,∇ Ω ∇ ∇ ∂ Ξ Ω ∫
train_07043,Ξ Φ ∂ ∫ ∫ ∂ ∂ ∫ Φ ∫ ∫ ∫ ∂
train_07044,∇ ∫ Φ Ω ∂ Ξ ∫ Ξ ∇ Φ ∫ Ω Φ
train_07045,Ω ∫ ∇ ∂ ∫ ∫ Ω ∂ Ω Ω Ω ∇ Φ Φ
train_07046,∂ Φ ∇ ∫ Φ Ω ∂
train_07047,∂ ∂ Ξ Ξ ∂
train_07048,∂ Ξ ∇ ∂ ∫ Φ
train_07049,∫ Φ Ξ ∂ Ξ Ξ ∂ Ω Ω
train_07050,Ξ ∫ ∇ Φ ∂ ∂ ∂ Ξ ∂ Ξ Ξ ∇
train_07051,∫ Ξ ∂ ∫ Ξ Ω ∂ ∇ ∫ Ξ ∫ Ξ Φ
train_07052,∂ Ξ ∂ ∫ Ξ Φ ∫ Φ Ξ
train_07053,Φ ∂ ∫ ∂ Φ Φ Ω ∫ Ω ∂ ∂
train_07054,Ω Ξ Ξ Ω Φ Ξ ∇ ∂ ∇ Φ ∫ ∫ Ξ
train_07055,Ω ∇ Ξ ∇ Ξ
train_07056,Φ ∇ Ξ ∇ ∂ Φ Ξ ∫ ∂ ∫
train_07057,∫ ∂ ∫ ∇ ∇ Ξ ∫ Ω Φ ∫ Ω ∇
train_07058,∇ ∇ Φ ∫ Ω ∂ ∂ Ξ Φ ∇
train_07059,Φ ∂ ∂ Ω Φ ∇ ∂
train_07060,Ξ ∂ ∇ ∂ Ω Ω ∇ Ξ ∂
train_07061,Ω ∫ Φ Ξ Φ Ω
train_07062,Ω ∇ Φ ∂ ∂ ∇ ∫ ∫ Ω ∫ Ξ ∫ Φ Ξ
train_07063,∂ Ξ ∫ Ω Ξ Ω Φ Φ Φ Φ Φ
train_07064,∇ ∫ ∂ ∇ ∫ Ξ ∇ Ξ ∇ Φ Ξ
train_07065,∇ Ω Φ ∇ ∂
train_07066,Ω Ξ ∂ Ξ Φ ∫ Φ Ξ
train_07067,Ξ Ω ∇ Φ ∫ Φ ∂ ∇ ∫ Φ ∫
train_07068,Φ Φ ∂ ∇ Ξ Ω ∂ ∫ ∇ ∇ ∫ Ω Ω ∇
train_07069,∂ Φ ∫ Ξ ∂ Ω ∂ Ω ∂ Φ ∫ Φ Ω
train_07070,Ξ ∂ ∂ ∫ Ξ Φ ∇ ∂ ∇ ∇
train_07071,∂ Φ Ω Ξ ∂ Φ ∫ ∂ Ξ ∫
train_07072,Φ Ω ∇ Ξ Ω Ω Ξ ∇ ∂ ∂ ∇ ∂ Ξ Ξ
train_07073,∇ ∇ ∫ Ξ ∫ ∫ Ξ
train_07074,Ξ ∫ Ω ∫ Ω ∂ Ξ ∂ Ξ Ξ Ξ
train_07075,∂ ∇ ∇ ∇ ∇ Ω ∇ ∇
train_07076,∫ ∫ Ω ∫ Φ Ξ ∂ ∂ Ω ∫ ∫
train_07077,∫ ∂ Ξ Φ ∇ Φ ∫
train_07078,Φ Ω ∇ ∇ ∂ Ξ ∫
train_07079,∇ ∫ ∫ Φ Ξ ∇ Ω Ω
train_07080,Ω ∫ Φ ∫ Φ ∇ ∂ Φ ∇ Ω ∫ ∫
train_07081,Ξ Φ ∇ ∂ Ω Ω
train_07082,Ξ ∂ Ξ ∂ Ω ∫
train_07083,∫ Φ Φ ∫ ∫ ∫ Φ ∇ ∇ ∇ Ξ ∫ Ω
train_07084,∫ ∂ Φ ∇ Ω Ξ Ξ Φ ∂ Ω Ξ Ξ Φ
train_07085,∫ Ω Ω ∂ ∫ ∫ ∇ ∂ Φ Φ ∂ Ξ Φ
train_07086,Ω ∇ ∂ Φ Ξ Φ ∇ Ω
train_07087,∇ Φ ∂ Φ Φ ∇ ∂ ∂ ∇ Ω Ω ∂ Φ
train_07088,∫ ∫ ∫ Ω ∇ Φ Ω ∇ Ω ∫ Φ
train_07089,∂ ∂ ∫ ∫ Ξ Ω ∫
train_07090,∫ Φ Ξ Ξ Φ Ξ Ω Ξ Ξ ∂ ∂
train_07091,Φ Φ ∂ ∫ Ω ∫ ∫ ∫ ∇
train_07092,Ξ ∫ Ω Ξ ∂ ∫ ∇ ∇ Ω
train_07093,∇ ∇ ∫ Ω Φ ∫ Φ ∫ Φ ∫ Ω Ξ
train_07094,∂ ∇ Ω Φ Ω Ξ
train_07095,Ξ ∇ ∂ Ω ∇ Φ Φ ∇ ∂ ∫ ∫
train_07096,Ξ ∇ ∫ Ξ ∂ ∇ ∫ Φ ∂ ∫ Φ ∫ ∂
train_07097,∫ Φ Ω ∫ Ξ Φ Φ ∂ ∂ ∂ Φ ∂
train_07098,Φ Φ Ξ ∇ ∇ Ξ Φ
train_07099,Ω ∂ Ξ ∇ Ω ∇ Ω Ξ ∫ Ω ∂
train_07100,Φ Ξ ∇ ∇ ∂
train_07101,∇ Ω Φ Φ Ξ ∇ Φ ∇
train_07102,Ξ Φ Ξ ∇ Ω ∂ ∫ ∂ Ξ ∂ ∫ ∫ ∂
train_07103,Ξ Ω ∇ Φ Φ Ω Φ ∇ ∇ ∫
train_07104,Ξ ∂ ∇ Ω ∇ ∂ ∫ Ω ∂ ∫ Ξ ∇ Φ
train_07105,Φ Φ ∫ Ξ Ω ∂ ∇ Φ ∫ Ξ Ω Φ Ξ
train_07106,∫ Ξ ∇ ∂ ∂
train_07107,Φ Ξ Ω Φ ∇ ∂
train_07108,∇ Φ ∂ Φ Ξ Ω ∇ Ω ∇
train_07109,∫ Ω ∫ ∫ Φ ∫ Ω Φ ∇ ∇
train_07110,∫ Ω Φ ∫ ∇ ∂ Ξ Φ Φ Φ
train_07111,Ω Ω ∇ Ω ∇ Ω ∇ ∫ Ω Ξ ∇ Φ
train_07112,Ξ ∫ Ω ∇ ∫ ∇ ∂ Φ Ω Ξ ∇
train_07113,Φ ∂ Ω Ω ∫ ∂ ∫ Φ ∂ ∫ ∫ Φ
train_07114,∇ ∂ ∫ Ω ∇ Ω Φ Φ Φ Ω ∇
train_07115,∂ Ξ ∂ ∇ ∇ ∂ Ξ Ξ ∂ ∫ ∂ Ω Ξ ∫
train_07116,∫ Φ ∫ ∂ Φ Ξ ∇ ∂
train_07117,∂ ∇ Φ Ω ∇ ∇ ∂ ∫
train_07118,Ξ Ξ Ω Ξ ∫ Ξ Ξ ∇ Φ ∂ ∂ ∫ Ξ Ω
train_07119,∇ ∂ ∫ ∫ ∇ ∇
train_07120,∫ ∂ Φ Ω ∫ ∂ ∇ Ξ
train_07121,Ω ∂ ∇ ∫ ∇ ∂ ∫ Ξ Φ ∂ ∇ Ξ Ω
train_07122,Φ Ξ Ξ ∂ Φ ∂ Ξ Φ ∇ Ω ∇ ∇
train_07123,Φ ∫ ∂ Ω Ξ Ω ∫ ∂ ∫ Φ ∇
train_07124,∇ Ω Φ ∫ Ω Ω Ξ
train_07125,∇ Φ Φ Φ ∫ ∂ ∂ ∇ ∇ Ω ∇ Ξ Ξ
train_07126,Ω ∇ Φ Ω Ω Φ ∫
train_07127,∇ ∫ Ω Φ Φ ∇ Ω Ξ Ω Ω
train_07128,∫ ∇ ∂ Ξ Φ Ω Ω Φ ∫ Φ ∇ Ω Φ ∂
train_07129,Φ ∂ Φ Φ Ξ Ω
train_07130,∂ ∇ ∇ ∂ Φ ∫ ∇ Ξ ∇ ∫ Φ Ω
train_07131,Ω Ω ∂ ∇ ∂ ∇ ∫
train_07132,∫ ∂ ∇ Φ Ω
train_07133,∫ Φ Φ Ξ Ξ ∇ Ω ∇
train_07134,Ω Ξ ∂ Φ Ξ Ξ ∂ ∇ Φ ∇ ∫ ∫ ∂
train_07135,∫ Φ Ω Φ Ω ∇ Φ
train_07136,Ω ∫ Ξ ∫ ∫ Ω ∂ ∂ ∂
train_07137,Φ ∇ ∇ Φ Ω ∫ ∫ ∇ Ξ ∇
train_07138,∂ Ξ Φ ∫ Φ
train_07139,∫ ∫ Ξ ∂ Ω ∫ ∇ ∇ Ω Φ
train_07140,∇ Φ ∂ Ω ∂ ∇ ∫ ∫ ∂ Ω Ω Φ Ω
train_07141,Ξ ∇ ∂ ∂ Φ ∫ ∫ ∫ ∫
train_07142,∂ Ω ∇ ∇ ∂ Ξ Ω Ξ Φ ∇ ∇ Ξ ∂ Ξ
train_07143,Φ ∂ Ω ∫ Ξ Ξ Ξ Φ ∇ Ξ Ξ ∇ ∂ Ω
train_07144,∂ Ξ ∫ ∫ ∂ ∂ ∇ Ω Ξ
train_07145,Ξ ∫ ∂ ∂ Ω Φ Φ ∇ Ω ∇
train_07146,∫ Ω Ξ Ξ ∫ ∂ Φ
train_07147,Ξ ∂ ∇ ∂ ∫ ∇ Ξ ∂
train_07148,∇ ∂ ∇ ∇ ∫ Ξ ∫ Ω ∫ ∇
train_07149,Ξ Ω ∂ Ξ Φ Ξ Φ ∇
train_07150,Φ ∂ Φ Φ Ξ Ω ∂ ∇ ∇ ∇ ∫ Φ ∂ ∂
train_07151,∫ Ξ ∂ ∇ ∇ Φ Φ ∇ Ω ∫ ∇ Φ
train_07152,Ξ ∇ Ω Ω Φ ∇ Ξ Ξ Φ ∇ ∂ ∂
train_07153,Φ Φ Ξ Ξ ∇ ∫ ∫ ∂ ∂ ∫
train_07154,Φ ∂ Φ Ξ ∫ Ξ ∇ Ξ Ξ ∇
train_07155,∫ Ξ Ξ ∇ Ω ∫ Ξ ∇ Ω Ω ∫ ∫
train_07156,∂ Ξ ∇ Ξ ∫
train_07157,Ω Ω Φ Ξ Ξ
train_07158,Ω Ω ∫ Φ ∂ Φ Ξ Ω Φ ∇ ∇
train_07159,∂ Ξ Ω Ξ ∇ ∫ ∇ ∇ Ξ ∫ Φ Φ
train_07160,Ω Ω ∂ Ω Ω Φ Ω ∇ ∇ Φ Φ ∂
train_07161,Ξ Ω Ω Ξ ∫ Ω ∂ Ξ ∂
train_07162,∫ ∫ ∇ Φ Φ Φ ∂ ∂ ∇ ∂ ∂ ∂ ∂ ∫
train_07163,∂ Ξ Φ ∇ Ω Ω Ξ Φ ∇ Ω ∂ Ω ∂
train_07164,Φ ∂ ∇ Ξ ∇ Φ Ω ∇ ∫ Ξ
train_07165,Φ ∂ ∂ Ω ∫ Ω Ω ∫
train_07166,Φ ∇ Ω ∂ ∇ ∫ ∫ Ω ∫ ∂
train_07167,∫ Φ Ω ∂ Φ Ξ ∇ Ξ ∂
train_07168,Ω Ξ ∇ ∇ ∂ ∂ ∇ Ξ ∂ ∂ Ω
train_07169,Ξ Ω ∇ ∂ ∫ Φ ∂ ∂ Φ
train_07170,∇ Ω ∫ Ω Ω ∫ Ω ∫ Ξ ∫ Φ Φ ∂ ∫
train_07171,Ξ ∫ Ξ ∇ Ω
train_07172,Ω ∂ Ξ Ξ Ω Ω Ω ∇ Φ ∂ ∇ ∂
train_07173,∫ ∂ ∫ Φ Φ Ω ∫ Φ Φ ∇ Ω
train_07174,∂ ∇ Ξ Ω Φ Φ Φ Ω
train_07175,∇ Ω ∫ ∇ ∇ Ω Φ ∫ Φ ∫ Ω Ω ∫
train_07176,Φ ∫ ∂ Ω ∂
train_07177,∫ ∇ ∂ Ξ ∇ ∂
train_07178,∇ ∂ Φ Ξ Ξ Ξ
train_07179,Ξ Ξ Ξ ∫ Ω ∇ Ξ ∇ Ξ ∂ ∫ ∇
train_07180,∇ ∇ ∂ Ω ∂ ∇ ∂ Φ Ω Φ ∂ Φ
train_07181,∫ ∇ Φ Ω ∂ ∫ Φ ∫ ∫ ∫
train_07182,Ω Ω ∇ ∫ ∂ ∇ ∫ ∫ Φ ∇
train_07183,Φ ∫ Ω ∇ ∫ Φ Φ Ξ ∫ Φ Ω Ξ
train_07184,Φ ∂ Ω ∂ Ω Ω ∫
train_07185,Ω ∇ Ω Ξ ∫ Ω ∂ Ω Φ Ω Φ Φ Φ Ω
train_07186,∂ Ξ ∇ ∫ Ω Ξ Ξ ∂ Ξ ∂ ∂ ∂
train_07187,∂ ∇ Ω Φ Φ ∇ Ξ Ξ ∇ ∇
train_07188,Ω Ω ∇ ∇ ∫
train_07189,∫ ∫ Ξ ∫ Ω ∂
train_07190,∫ Ξ Ξ Ω ∂ ∂ ∇ ∫ ∇ Ω Ω ∂
train_07191,∫ Ω Φ ∇ Ξ ∂ Φ Ω Ω ∫
train_07192,∇ ∫ ∫ ∂ ∇ Φ ∂ ∂ Φ
train_07193,Φ ∂ Ξ Ω ∂ Ξ ∂ Ξ Ξ Ω ∂ ∂ ∇ Ξ
train_07194,Ω ∫ Ξ ∂ ∂ Ξ ∂ Ξ ∂ Ω Ω
train_07195,Ω Ξ ∫ Ω Ξ ∇ ∂ Ω ∇
train_07196,∫ ∂ ∂ ∇ ∇ Φ ∂ Ω ∂ ∂ Ω ∫ Ω ∂
train_07197,∫ Ω Ξ ∫ Ξ Ξ ∫ Ξ ∇ Ξ Ω ∫
train_07198,∂ Ξ Ξ ∇ ∇ Ξ ∂ ∂
train_07199,∂ ∇ ∇ ∫ Ξ Φ Ξ ∂ ∂
train_07200,∂ ∫ ∇ ∂ Φ Ξ ∫ ∫ ∫ ∫ Ξ ∫ ∇ Ω
train_07201,Ω ∇ ∫ ∇ ∂ ∇ Ω Ξ ∫ ∂ Φ ∂ Ξ
train_07202,∂ Ω ∫ ∫ Φ Ω Ξ ∫ ∂ ∇ ∂
train_07203,Ω Ξ Φ Ξ ∂ ∂ Ξ Ω ∫ ∂ Φ
train_07204,Ξ Ξ Ξ Φ ∫ ∂ Ξ ∂ ∂ ∂ Ω Ξ Φ Ω
train_07205,Ξ Ω Ω Φ Φ ∫ Ξ Ξ Ξ Φ ∇ ∇ ∂ ∇
train_07206,∇ Ξ ∫ Ξ ∂ ∫ Ω ∇ Ω ∇ Φ ∇ Φ Ω
train_07207,Φ Ξ ∫ ∇ ∇ Ξ
train_07208,∫ ∂ Ξ Φ Ω Ξ ∫ ∫ ∂ ∫ Ξ
train_07209,∇ ∂ ∇ ∂ Ξ Ξ
train_07210,Φ ∇ Φ Φ ∂ ∂ ∂ ∇ Φ ∫ ∂ Φ Ω
train_07211,∂ Ξ Φ Ω ∫ Ω ∂ ∇ ∂ Ω ∫ ∇ ∂
train_07212,Ξ ∫ Ξ Ω Φ
train_07213,∂ Φ Ξ ∫ ∇ ∇ ∫ ∫ Ω Φ ∂ Ω
train_07214,∂ Ω Ξ Ω Ξ ∂ ∂ ∇
train_07215,Ω ∫ Ξ ∇ Φ Ξ ∫ ∂ ∫ Ω ∂ Ξ
train_07216,∫ Ω Ξ Φ ∫ ∇ ∫ ∂
train_07217,Ξ Φ Ξ Ξ Ω Φ Φ ∫ Φ ∂ Φ ∫
train_07218,∫ ∇ Ω Ξ ∫ ∂ Ω ∂ Ω
train_07219,Φ Φ ∇ Ξ ∫
train_07220,∇ ∇ Ξ ∇ ∇ ∂ ∇ ∂
train_07221,∫ Ω Ω ∂ ∫ ∇ Φ Ω Ξ Ξ ∇ ∂
train_07222,Ω ∫ ∂ ∇ ∂ ∂ ∂ ∂ Φ
train_07223,∇ Ω ∂ ∇ ∇ ∇ ∇ ∇ Ξ
train_07224,∂ ∂ ∇ ∫ ∫ Ω Ω ∂ ∂ Ω Ω
train_07225,Φ ∫ Φ ∫ Φ ∂ Φ Φ ∫ Φ ∇ ∇
train_07226,∂ ∇ ∫ Φ Φ Φ Ξ Ω ∫ Ω Ω
train_07227,Φ Φ ∇ Ω ∇ ∫ ∂ ∂ ∫ Φ ∫
train_07228,Φ ∫ ∫ Φ ∇ ∂ ∫ Φ ∇
train_07229,Φ Φ ∇ ∇ ∂ Ξ Ξ Ξ ∫ ∫
train_07230,Φ ∇ Φ ∫ ∫
train_07231,Φ ∂ ∇ Φ Ω Ξ ∫ ∇ Ω ∇ Ω Φ
train_07232,∇ ∇ Ω ∇ Φ ∂ Ξ Ξ ∫ Ξ
train_07233,∇ Φ Ξ Ξ Ξ ∂ ∇ Ξ Φ ∂ Ξ Φ
train_07234,∇ Φ ∇ Φ Ω
train_07235,Ω Ω ∂ Φ ∫ Ξ ∂ Ξ ∇ ∂ ∫ Ξ Ω
train_07236,Ξ ∂ Φ Φ Ξ ∇ ∂ ∇
train_07237,Φ ∂ ∂ Ξ Ξ ∂ Ω Ξ ∇
train_07238,Ξ Φ Φ ∫ ∇ Ξ ∇ Φ Ω ∂ Ω ∫
train_07239,∇ Ξ ∂ Ξ Ξ ∇ ∇ ∂ Ω ∇ Ω
train_07240,Ω ∂ Ξ ∫ ∫ ∇ Ω ∫ ∫
train_07241,∂ Φ ∫ ∂ ∂ Φ ∇ ∇ Φ Ω
train_07242,∫ ∫ Ξ Φ ∂ Φ
train_07243,∫ Ξ ∫ Ω ∂ ∇ Ω ∇ Ω Ξ ∫ ∇
train_07244,∂ ∫ ∇ ∂ ∇
train_07245,∂ ∇ Φ ∂ Ξ ∂ ∇ Ξ Ξ ∇ ∂ Ω Ω
train_07246,Φ ∫ ∫ ∂ ∫ Ω ∫ Ξ Φ Ω ∫ Ξ Φ
train_07247,∇ ∫ Ξ ∂ Ω ∫ ∫ Φ ∇ Ξ Ω
train_07248,∫ ∫ ∂ Φ ∇
train_07249,∇ ∇ Ω ∫ Φ Φ ∂ ∇
train_07250,∂ Ω Φ Ξ Ω Ξ Ω ∇ Ω ∂
train_07251,∫ Φ ∫ Ω Ω Ω Ξ Ω ∂ Ξ ∫ Ξ Ω Ξ
train_07252,∇ Ω Φ ∂ Ω
train_07253,Φ Φ ∫ Ω ∫ Ω ∫ ∫ Φ
train_07254,∫ Ω ∫ Ξ Φ ∇ ∇ Ω ∫
train_07255,∫ ∇ Ξ Ω Φ Ω ∂ ∂ Ξ Φ ∂ Φ
train_07256,Ξ Ξ Ξ ∂ ∫ Ω Φ Ξ ∫ ∇ Ξ Ξ ∇ Ω
train_07257,Ξ ∂ ∫ Ξ ∇ ∇ ∇ Ω ∂ Ω Φ ∂ Φ Ω
train_07258,∂ Ξ ∂ ∇ Φ ∫ ∫ Ξ Φ
train_07259,Ξ Ω Ξ Ξ ∇ ∇ Ξ
train_07260,∫ ∂ Ξ Φ Ξ Φ Ω Ω ∫ ∫ Ω ∂ Ω Ξ
train_07261,Ω ∇ ∫ ∂ ∫ ∫ ∫ ∇ Ω
train_07262,Φ Ω Φ Ξ Ξ Ξ Ξ ∫ ∂
train_07263,Ξ Ξ Φ ∫ ∂ ∂
train_07264,Ω Ω ∫ Ω Φ Φ ∇ Ξ
train_07265,∂ ∇ ∂ Ξ Ξ
train_07266,∇ ∂ Ω Ω ∇ ∇ ∇
train_07267,Ξ Ω Ω Φ ∇
train_07268,Ω Φ ∇ ∇ Φ Ω ∇ Ξ ∂ ∫ ∂ ∫ Ξ
train_07269,Ω Φ ∇ ∇ ∂ Φ
train_07270,∫ ∇ Φ Ξ ∂ ∂
train_07271,∇ ∇ Ξ ∂ Ω ∫ Ξ Ξ Ω ∫
train_07272,∂ ∂ ∂ ∫ ∇ Ω ∫ Φ Ξ ∫ ∂
train_07273,Ω ∫ Ξ Ξ Ω ∂ ∂ Ξ
train_07274,Φ ∫ ∂ Φ Φ Ω Ξ ∂ ∫ Ω Ξ ∫
train_07275,Φ ∂ ∂ ∫ Ξ ∫ Ω ∫ Ω
train_07276,∇ Ξ ∫ ∇ Ξ Ω
train_07277,Ξ ∂ ∫ Ξ Φ Φ ∫ Φ ∫ Ω Ξ
train_07278,Ξ Ω ∂ ∫ Ξ Ω Ξ ∇ ∫ Φ Ξ ∂ Φ ∇
train_07279,∂ ∇ Ω Ξ ∂ Φ Φ Ξ Ω Ξ
train_07280,∇ ∂ ∂ Φ ∂ Ξ
train_07281,Ξ ∂ ∫ ∂ Ω ∫ ∂ Φ Ξ ∇ ∇ Ξ ∇ ∇
train_07282,Ξ Ξ ∇ ∂ Φ ∫ Φ ∂ ∂ Φ ∂
train_07283,∇ ∇ ∫ ∇ ∂ Ξ Ω
train_07284,Ω ∂ ∫ Ω ∫ ∂ Ξ Φ Ξ Ω
train_07285,Ω ∇ Ω Ξ Ξ Ω Ξ ∫ Ξ Ξ
train_07286,Ω ∇ ∇ ∂ Φ ∂ ∂
train_07287,∂ ∂ Ξ Ξ Ω Φ
train_07288,Ξ ∂ ∇ ∇ ∫
train_07289,Φ ∫ Ξ ∇ ∂ ∫ Ξ Ω Ξ
train_07290,∫ ∇ Ξ ∂ Φ Φ Ξ Ω ∇ Φ Ω Ξ
train_07291,∇ ∇ Ξ Ω Φ ∫ ∂ Φ ∫ ∂ ∇
train_07292,Φ ∇ Φ Φ Ω Φ Ω Φ Φ ∫ ∇ Ω ∇ Ω
train_07293,∇ Φ Ω ∂ ∇ ∂ ∫ ∇ ∂ Ω Φ ∇
train_07294,∇ ∫ Ω Φ ∂ Ω ∫
train_07295,Ξ Φ ∂ Ξ Ξ ∫
train_07296,∂ Φ ∇ ∫ Ω
train_07297,∇ Ω ∇ ∫ ∫ ∂ Ω Φ ∇
train_07298,∂ Ω ∫ Φ ∫ ∫ Ω ∇ Ξ
train_07299,Ω Φ Ω Ω Ξ Ξ ∫ Φ ∂
train_07300,∫ ∂ ∂ ∂ ∂ ∫ ∇ ∂ ∫ Φ ∫ Ξ ∫
train_07301,∫ ∫ Ξ ∇ ∂ ∂ Φ ∫ ∇ Ω ∫ ∇ ∇
train_07302,∫ Ξ Ω ∫ ∇ Φ Ω Ω
train_07303,∂ Ω ∇ ∇ Ω ∫ ∫ Ω
train_07304,∇ ∇ Φ ∫ ∂ ∇ Ξ
train_07305,Φ ∂ ∂ Ξ Ξ Ξ Ξ Φ ∇ ∫ Φ Φ ∇ Ω
train_07306,Ξ ∂ ∇ ∫ Ω Ξ ∇ Ω
train_07307,Φ ∂ ∂ ∂ ∇ Ω Ω Ξ
train_07308,Ξ ∂ Ξ ∫ ∫ Φ ∇ ∇
train_07309,Φ ∂ ∂ Ξ ∇
train_07310,Ξ ∫ Ξ ∂ ∇ Ξ Ω Ω Ω
train_07311,∂ Φ ∫ ∫ ∫ Ω Φ Ω
train_07312,Φ ∫ Ω ∫ Ξ ∫ Ξ Ξ Ω Ω
train_07313,Φ ∫ ∂ ∫ ∫ ∫ Ω ∇ ∇
train_07314,Φ Ω ∇ Φ ∫ Φ ∫ ∂ ∫ Ω
train_07315,Φ Ω ∇ Ξ ∫ ∂ ∂ Φ Φ Ξ ∂ Ξ Ξ Ω
train_07316,Ξ Ω Ω ∫ ∂ ∫ ∂
train_07317,∇ Ξ Ω ∇ Ω ∫ Ω Φ ∫ ∇ ∂ ∇ ∫ ∇
train_07318,∫ Ω ∇ ∂ Ω ∂ Φ Ω ∂ ∫ Φ ∫ Ω ∫
train_07319,∫ Ξ Ω ∫ Ξ ∂ ∫ ∂ Φ ∂ ∇ ∂ Ω
train_07320,Ω ∂ Φ Φ ∂ Φ
train_07321,∫ Φ Φ Ω ∇
train_07322,Ξ ∂ Φ ∫ ∫ Ω ∂ ∇ ∂ Φ ∫
train_07323,Φ Ω ∇ ∇ ∇ ∫ Ξ ∂ ∂ Ω ∇
train_07324,Ω ∂ ∂ Φ ∫ Ξ
train_07325,Φ Ω Φ ∫ Ξ ∇ Ξ Ξ ∇ ∫ ∇ ∫ Ω
train_07326,Φ Ω ∇ ∫ Ω Ξ Ω ∫ ∂ ∂
train_07327,∫ Φ Φ ∫ Φ Ξ ∂ ∫ Φ Φ Ξ Ξ Φ
train_07328,Ξ ∫ Φ Φ Ω ∂ ∫ ∂ Ξ
train_07329,Φ Ξ Ξ ∇ ∂ Φ Ξ Ξ ∂ ∂ Ω
train_07330,∂ ∫ ∂ ∫ Ω Ω ∫ Φ ∂ ∫ Ξ
train_07331,∫ ∇ ∫ Ξ ∂ Ω ∫ ∇ ∫ Ω ∂ ∂ ∂ ∇
train_07332,∂ ∇ Ω ∫ ∂
train_07333,∂ ∇ Φ ∫ Ω ∫ ∇ Ω
train_07334,Φ Φ ∇ Φ Ξ Ω Ω ∇ ∇ Ω ∇ Ω ∫ Ω
train_07335,∫ Ξ Ω ∫ ∂
train_07336,∂ ∇ ∂ Ξ Ω ∂ ∇ ∂ Ω ∂
train_07337,∂ Ξ Φ ∂ ∇ ∫ ∂ Ω ∫ ∇
train_07338,Ω Φ Ξ ∇ ∫ Φ ∇ Φ Ξ ∫ ∫ ∫ ∫ Φ
train_07339,∂ Φ ∫ ∫ ∂ Φ ∂ Ξ ∇
train_07340,Ξ ∫ Ω Ξ ∂ Φ ∇
train_07341,Ξ Φ Ξ ∂ Ξ
train_07342,∇ ∂ Ω ∂ ∫ ∫ ∂ Ξ Ω Ω ∇ Ω
train_07343,∫ ∂ ∂ ∂ ∂ Φ Ξ ∂ Ω
train_07344,∇ ∇ Ω Ω Φ ∇
train_07345,∫ Ω Ξ ∇ Ω ∫ ∫ ∫ ∂ ∇
train_07346,Ω ∫ Φ Φ ∇ ∂ ∫ ∂ Ξ Ξ Ξ
train_07347,∫ ∇ Ω Φ ∇ Φ Ξ ∫ ∂ Ξ
train_07348,Φ Φ Ω Φ ∇ ∇ Ξ ∇ Ξ ∂
train_07349,Ω ∂ Φ ∫ ∂ Ω ∇ ∇ Φ Ω ∇ Ω
train_07350,∇ Φ Φ ∂ Φ Ω Ξ Ω ∫ ∫
train_07351,∫ ∫ ∂ ∫ ∂ Φ ∇ Φ ∇
train_07352,∂ ∂ ∂ Ξ Φ Ξ ∂ ∇
train_07353,∂ Φ Ξ Ω Φ ∇ ∂ ∫ Φ Ω Φ
train_07354,∫ ∇ Ξ ∇ Φ ∂ Ξ Φ ∂ ∂
train_07355,∇ ∇ Ω ∇ Φ ∇ Φ
train_07356,Φ ∂ ∫ ∇ ∫ Φ Ω ∫
train_07357,Φ Ξ ∂ Φ ∂ ∇ ∫ Φ ∇ Ω
train_07358,∂ Ω Ω Ξ Ξ Φ ∫ ∫ ∂ Φ Ξ Ξ Ω
train_07359,Φ Ω ∫ ∇ Ξ ∇ ∂ ∂ ∂
train_07360,Φ ∂ ∫ ∫ ∂ ∇ Ξ Φ ∂ Ξ
train_07361,∫ Ξ ∇ Ξ Φ ∇ Ω Ω ∇ Ξ Ξ Ξ
train_07362,Ω Ξ ∂ Ξ ∂ Ω Φ Ξ ∇ Φ Ω
train_07363,Ξ Ξ Φ ∂ Φ Ξ ∂
train_07364,∂ ∇ ∇ Ω Φ ∫ ∇ ∇
train_07365,Φ Ξ Φ ∇ Ξ Ξ ∇ ∇ Ξ ∫
train_07366,∇ Φ Ω ∫ ∂ Ω Φ Ω Ξ
train_07367,∂ ∇ ∂ Ω Ω Ω ∇ Ω Ξ Φ ∂ ∂
train_07368,Φ ∂ ∇ ∫ Ω Φ Ξ ∫ Ω ∫
train_07369,∂ ∂ Φ Φ Φ ∫ Ξ Ω ∇ ∫ ∇ ∫ Φ Ω
train_07370,∫ Ω Ξ Φ Φ ∂ ∫ Ω
train_07371,∇ Φ ∂ Ω ∇ Ξ Ξ ∇ ∂ ∇ Ξ ∇ Φ
train_07372,∫ Ξ Ω Ω ∂ Φ Ξ Ω
train_07373,∫ ∫ Ξ Ω ∫ ∫ Ξ ∂
train_07374,∫ Ω ∫ Φ Ω ∫ Φ Ω ∫ ∇ Φ ∫ Ω ∇
train_07375,∫ ∫ Ω Φ Φ Ω Φ ∂ Φ ∫
train_07376,∇ ∫ ∂ ∇ ∂ ∫
train_07377,Ω ∂ Φ Φ Ξ Ξ Ξ Ω Ω ∂
train_07378,∇ ∫ ∇ Φ ∇ Ω Φ
train_07379,Ξ ∂ ∫ ∫ Ξ
train_07380,Ξ Ξ ∂ ∫ ∂ ∫ ∂
train_07381,Ξ Φ ∇ ∫ ∫
train_07382,∫ Ξ ∇ Φ Ω Φ ∇ ∂ ∇ Ξ ∂ ∂ Ξ Ω
train_07383,∂ ∇ Ξ ∫ ∂
train_07384,∇ ∂ ∂ Φ Ω ∇ ∂ ∂ Ω Ω Ξ
train_07385,Ω ∂ ∂ ∂ Ω ∫ Ξ ∂ Ω ∫ Ξ ∇ Ω
train_07386,∂ Φ Ξ Ω Ξ ∇ ∇ Φ ∫ Ω Ω Ξ
train_07387,Φ ∇ ∂ ∇ Ω ∫ ∂ ∇ ∂ Ξ
train_07388,Ω Ξ Φ Ξ ∂ Ξ Ξ
train_07389,Φ Ξ ∂ Ω ∂ Φ Ξ ∂ Φ ∂ ∂
train_07390,Ω ∇ ∂ ∇ Ξ Ξ Ω ∂ Φ ∂ ∇ Ξ
train_07391,∇ Ω ∫ ∫ ∂ Φ Φ ∫
train_07392,Ω ∇ Ω ∫ ∫ ∂ ∫ Φ
train_07393,Φ ∇ Ω Ω ∫ Ξ Ω Φ Φ Ξ
train_07394,∂ Ω ∇ Ω Ξ Ξ ∇ ∇ Φ ∂ Φ ∂
train_07395,Φ ∂ ∫ Φ Ω ∇ ∇ ∫ Ω Ω ∂ Ξ
train_07396,∂ ∇ Ξ Ξ ∇
train_07397,Φ ∂ Φ ∂ Ω ∂
train_07398,Ξ Ω ∇ ∇ Φ Ξ ∫ Φ
train_07399,Ω ∫ ∂ Ω ∫ Φ
train_07400,∂ ∇ Ξ Ω Φ Ξ ∫ Ω Ω Ξ ∂ ∫ Ξ Φ
train_07401,Ω Ω ∫ Ξ ∂ Ξ ∇ ∫
train_07402,∫ ∇ ∫ Ω Φ ∇
train_07403,Φ Ξ Ω ∇ ∫ ∫
train_07404,∂ Ω Ω ∫ ∇
train_07405,Ξ ∂ Ξ ∫ ∫ ∂ ∫ Ω
train_07406,∇ Ω ∫ Ξ Ω ∫ ∇ Φ Φ Ω Ξ
train_07407,Φ ∂ Ω Ω ∫ Φ Φ Ξ Ω Φ ∂
train_07408,Ξ ∂ Ξ Ξ ∇ Ξ Ω ∫ Ξ Φ Ω
train_07409,Φ Ω Ω ∂ ∇ Ω Ω
train_07410,Φ Φ Ω Φ Ω
train_07411,Ω Ω Φ ∂ Ω Ω ∂ ∇ Φ ∂ Φ
train_07412,Ξ Φ Ξ Φ Ω ∂ Ξ Ω ∫ ∂
train_07413,∂ Φ Φ Ω ∫ ∇ Ξ
train_07414,∇ ∫ ∇ Φ Ω ∇ ∂ ∇ ∇
train_07415,Ω Ω ∂ Φ ∫ Ξ Ω ∫ Ω Φ ∫ Ω
train_07416,∫ Φ ∇ ∇ ∂ Ξ Φ Φ
train_07417,∂ Φ Ω ∂ Ω Ξ Ξ Ξ Ξ ∫ Ξ
train_07418,Ω Ξ ∂ ∂ ∂ ∇ Φ ∇ ∫ Ξ
train_07419,∇ Ω Ξ ∂ Φ ∂ Ω ∇ Ξ ∫ Ω ∂ ∫ Ξ
train_07420,Φ ∂ ∫ ∂ Ω Ω Ξ
train_07421,Ξ Ω Ξ ∫ ∂ Φ Φ ∫ Ω Φ ∫ ∫ Ω ∫
train_07422,∫ ∂ ∂ Ξ Φ ∂ Ω
train_07423,Ω ∫ ∂ Ξ Φ Ω ∫ Φ Ξ Ξ Ω ∫ ∫
train_07424,∫ ∇ ∂ ∫ ∂ ∂ ∫ Ω Ω Φ ∂
train_07425,∇ ∂ ∫ ∂ Ξ
train_07426,Ξ ∂ ∇ ∫ Ω Ω ∫ ∫ Φ Ξ ∫ ∂ ∇ ∫
train_07427,Ξ ∫ Ω ∇ ∇ Φ
train_07428,∂ Φ ∇ Φ ∫ Ξ Φ Ξ Φ ∂ Φ ∂ ∇ ∇
train_07429,Ω Ω Ω ∇ ∂ Ξ ∫ Ω Φ ∂ Ω
train_07430,Φ ∇ ∂ ∇ ∫ ∂ Ξ ∫ ∇ Ξ ∇ Ω
train_07431,Ξ Φ ∫ Φ ∫ ∇
train_07432,∫ ∂ ∂ ∂ ∇ Ξ Φ Ω Φ Φ Ω ∫ Ξ
train_07433,∂ ∇ ∂ Φ ∫ ∇
train_07434,∫ ∫ Ξ Ω ∇ Φ ∇ ∫ ∂
train_07435,Ω Ξ Ω ∫ Ξ Φ Φ ∂ ∇ ∫ Ξ ∇
train_07436,Ξ ∇ ∂ ∂ Ω Ξ ∇ Ξ Ξ
train_07437,Ξ Ξ ∂ ∫ ∫ Ω ∂ ∇ Ξ Φ ∫ ∫ ∫ Φ
train_07438,∫ ∇ ∂ ∂ Ξ Ω ∫
train_07439,∂ ∫ ∇ Ξ ∇ ∇
train_07440,∫ Φ ∇ ∇ Ξ Φ ∇ Ω Φ Φ Ω ∂ Φ
train_07441,∂ ∇ Ξ Ξ Φ ∂ Φ Ω Φ ∂ ∂ ∫ ∂ ∂
train_07442,Ξ ∇ Ω Ω Φ Ω ∫ Ξ Ξ ∇ Ξ ∂ Ξ
train_07443,Φ Ξ ∂ Φ Ω Ω Φ Ξ Φ Ω
train_07444,Ω ∂ ∫ ∇ Ω Ξ ∫ Φ ∂ ∫ ∇ ∂ ∫ ∫
train_07445,∇ Φ ∂ ∂ ∇ ∫ Ξ ∇ Ω
train_07446,Ξ ∂ Ω ∇ ∂ Ω ∫ Ω
train_07447,Ω ∂ ∫ ∂ ∫ Ξ ∇ Ω Ω ∂ Ξ
train_07448,∂ ∫ ∂ ∇ Φ ∫ Ξ Ξ ∫ ∇ ∫ Ξ ∫
train_07449,Φ Ξ ∫ Ξ ∇ Ξ Ω Ξ
train_07450,∂ ∫ Φ ∂ ∂ ∫ ∂ ∇ ∇ Ξ ∫ Φ
train_07451,Φ Φ ∇ Ω Ω ∇ ∇ Ω
train_07452,∫ ∫ Ξ ∫ ∂ ∫ Ξ Ω Ω Ω ∂ ∫ Φ ∇
train_07453,Ω ∫ ∂ ∂ Ξ ∇ Φ Ω
train_07454,∫ Ξ ∫ Ω ∂
train_07455,Ξ Φ ∇ ∫ Ω ∫ ∂ ∫ ∂ Ξ Ω
train_07456,Φ ∂ Ω Φ Φ
train_07457,Φ Ξ Ω Ω ∫ Φ ∇ Φ Ξ ∫ ∂ ∇ Ω Φ
train_07458,∂ Φ Ω ∂ Φ ∫ Φ Φ
train_07459,Φ Ξ ∫ Ξ Ξ ∫ Φ ∂ Ξ Φ ∂ ∫ ∫
train_07460,Ξ ∂ ∇ Ξ Ξ Ω Ξ ∂
train_07461,∫ Φ Ω Ω Φ ∇ ∇ Ξ ∫ Ω ∇ ∇
train_07462,∂ ∂ Ω ∂ ∫ ∂ ∫ ∫ Φ Ω ∂
train_07463,Ω Φ ∫ ∂ ∫ Ξ Ξ ∇ Ω Ξ Φ ∂ ∇
train_07464,∂ Ω Ξ Φ ∇ Ξ Ξ Ω Ω Φ Ξ ∂
train_07465,∫ ∂ Ξ ∂ Ω ∇ ∂ Ω Ω
train_07466,∂ Φ ∫ Ξ ∫ Ω Ω Ω Ω ∫ ∂ Ξ
train_07467,Φ ∫ ∂ ∇ Ω Φ ∫ ∇ Φ
train_07468,Φ Φ Φ ∂ ∫ ∂ ∂
train_07469,∫ Ω ∂ Ω ∇ Φ Φ ∂ ∂ ∇ Ω Φ ∫ ∂
train_07470,Φ Φ ∫ ∇ Ξ
train_07471,∇ ∇ ∇ Φ Ω Ω
train_07472,Ω Ω ∫ ∇ ∇ Ω ∂
train_07473,∂ Ξ ∫ Φ ∇ ∇ ∫ ∂ Ω Φ Ω
train_07474,∫ ∇ Ξ ∂ Φ Ω ∫ ∂ Φ
train_07475,∇ ∇ Ω Φ Ω Ω Ω Ξ Ξ ∫ ∂ ∫ ∂ ∇
train_07476,Φ Ξ Ξ Ω Ξ Φ Ξ ∫ Ξ ∂ Ξ ∂
train_07477,∫ Ξ ∇ Ω Ω ∂
train_07478,∂ Ξ ∇ Ω ∂ ∂ ∫ Ω ∇ Φ Ω Ξ ∫
train_07479,∫ ∂ ∇ ∇ Ξ ∇ ∂ Φ Ω ∇ ∂ ∂ ∂ Φ
train_07480,∂ Φ Φ Φ ∫ Ω ∫ ∂ ∇ ∫ Φ Ω Φ
train_07481,∫ Ξ ∇ Ω Ξ ∇
train_07482,∇ ∫ ∂ Φ Ω ∇ Φ ∂ Ξ Ξ ∇ Ω
train_07483,∫ ∫ ∂ Ξ ∇ ∇ ∇ Ξ ∇ Φ Ω ∂
train_07484,Ω ∫ ∫ Ξ ∇ ∇
train_07485,∇ Ω Ξ ∫ Φ Ξ
train_07486,∫ ∫ Ξ Ξ ∂ ∇ ∫ ∫ Φ Ξ Φ ∂ Ω Ω
train_07487,Φ Ω Φ Φ Ω
train_07488,Ω Ω ∇ Ξ ∫ ∇ ∇ Ω Ξ ∫ ∫ Ξ Ω
train_07489,∇ ∇ ∫ ∫ Φ ∇ Ω Φ ∇ Φ Φ Ξ
train_07490,∇ Ω ∂ Φ Ω Ξ Ω Φ ∂
train_07491,∫ ∂ ∫ ∂ ∫ ∫ Φ Φ Ξ Φ Ξ Ω
train_07492,Ξ ∫ ∂ ∇ ∫ ∂ Φ ∫
train_07493,Ξ ∇ Φ ∂ ∫
train_07494,∇ Φ Ξ Φ Ξ ∂ ∇ Ω
train_07495,∫ Ξ ∂ Ξ Ξ ∇ Φ ∇ ∇ Ξ
train_07496,Ω Φ Ξ Φ Ξ Ξ ∇ ∫ ∂ ∇
train_07497,Ω Ξ Ω Ω Φ ∂ ∂ ∫ ∂
train_07498,Φ Ω Ξ ∇ ∫ ∇ Ξ ∫ Ξ Ω
train_07499,∫ Ω Φ ∂ Ω
train_07500,∂ ∫ ∂ Ω ∂ Φ Φ ∂ ∇ Ω Φ
train_07501,Ω ∫ Ξ ∫ Ω
train_07502,Ξ ∂ Ξ Ξ Ω Ξ
train_07503,Φ ∂ Ω Ξ Φ ∫ Ω ∂ ∇ ∇ ∫ Ω Ξ Ξ
train_07504,Φ ∫ ∫ Φ Φ ∂ ∇ Ω
train_07505,Φ Φ ∇ Φ Ω Ξ Ξ Ξ ∇ ∫
train_07506,Ω ∇ Ξ Φ Ξ Ω Φ ∇ Φ ∫ Ω
train_07507,Ω Ω Ξ ∫ ∫ ∫ Ξ Ω ∇ Ξ Φ Ξ
train_07508,∂ ∂ ∂ ∂ ∫ ∂ ∇ ∇ ∫ ∂ Φ
train_07509,Ξ ∂ Ξ Φ Ξ Φ Ξ
train_07510,Ω Ξ Ξ Φ Φ ∫ ∫ Ξ Ξ ∫ ∫ ∫ ∂ ∂
train_07511,Ξ ∫ ∇ Ξ ∂ Ξ Ξ Ξ Ξ ∇ ∇ ∇
train_07512,Ω ∇ Ξ ∇ ∂ Ω Φ
train_07513,∂ ∫ ∫ ∫ ∇ ∇ ∇ ∇ ∇ Φ Ξ Ω ∂ Ξ
train_07514,Φ Ω ∫ ∂ Φ Φ Φ ∫ ∂ ∂ ∫
train_07515,Ω ∇ Φ Φ ∇ ∇ ∫ ∇ Ω
train_07516,∂ Φ Φ Ω Ω ∫ ∇
train_07517,∂ Φ Ω ∂ Ξ ∇ ∫ Ξ ∫ Ω Φ ∂
train_07518,Ξ ∇ Ξ ∇ Ω ∫ ∂
train_07519,∇ Φ ∇ ∂ Ω Φ Φ ∫ ∂ Ξ Φ
train_07520,∂ ∫ Φ Ω Ξ Ω ∂ ∫
train_07521,Φ ∂ Ξ Ξ ∫ Ξ ∫ ∇ ∂ ∫ ∂ Φ
train_07522,∂ ∫ Ξ ∇ ∫ Φ ∇ Ω ∫ Ξ ∇ ∇
train_07523,Ω ∇ Φ ∇ Ω ∂ ∂ Ξ
train_07524,Ξ Ξ ∫ ∂ ∫ ∇ Φ
train_07525,∂ Ξ Ξ ∂ Ξ
train_07526,Ω Φ Φ Φ ∇ Φ Ξ Ω ∫ Ω ∇
train_07527,Φ Φ ∂ Ξ Ω ∂
train_07528,Ω Ω Φ Ω ∂ ∇ ∫ Φ
train_07529,∂ ∇ Ξ ∇ ∇ Ω Ω ∇ ∂ ∇ ∫ ∫ ∫
train_07530,Ω Φ ∂ ∇ ∇ ∂ Φ ∫ Φ ∫ Ω Ω Ω
train_07531,Ω ∫ Ω Φ Φ
train_07532,Ω ∂ Ω Ξ ∂ Ξ Φ ∇
train_07533,Ξ ∫ Φ ∇ ∫ ∫
train_07534,∂ Ξ Ω ∂ ∫ ∂
train_07535,∫ ∇ Φ Ξ ∂ ∇ ∫ Φ Ξ Φ Ω Ω ∫
train_07536,Ω Φ Φ Φ Ξ Ω ∂ Φ ∇ ∇
train_07537,Ξ ∫ ∇ ∇ ∇ ∇ Ξ Ξ Ω ∇ Ω Ω ∇
train_07538,Ξ ∇ Φ Ω ∇ ∂ Ω Ξ
train_07539,∂ Φ ∫ ∫ Ξ ∫ ∇ Ξ ∇ ∫
train_07540,Ξ ∇ ∂ Ω Ω Φ ∇ ∫
train_07541,∂ Ω Ω ∇ Ξ Ξ
train_07542,Ξ Φ Ω Φ Ω ∇ Ξ Φ ∫ Ξ ∫
train_07543,Φ Ω ∫ Ξ Ξ Ξ
train_07544,Ξ ∇ Ξ ∂ Ξ Ω ∫ ∇ Ξ ∂ Φ Ξ
train_07545,∫ Ω Ω Φ ∇ ∂ Φ
train_07546,∂ Φ Φ Ξ ∫ ∇ ∫ ∇ Φ ∇ ∇ ∂
train_07547,Ξ Ω ∫ Ω ∂ ∂
train_07548,Ξ Φ Φ Φ ∫ Ω ∫
train_07549,Ξ ∇ Φ ∫ Ω ∇ ∇ ∂ Φ ∂ Ω
train_07550,∂ Φ Ξ Ω ∇
train_07551,Ω ∇ ∇ Φ Ω ∇ ∫ ∫ ∫ Ω Ω ∂
train_07552,Φ Φ ∂ Ω ∫ Φ Φ Ξ Ω Φ
train_07553,∂ Ξ Ξ Φ ∇ ∫ ∫ Φ
train_07554,Φ Ω Ω ∇ Ω ∇ Ω Ξ Ξ ∫ Ω
train_07555,∫ ∇ ∫ ∇ Ω Φ ∇ Ω
train_07556,Ω Ω ∂ Ω Ω Ω Ω Φ Ξ
train_07557,∫ Ω Φ Ω ∂
train_07558,∂ ∇ ∇ ∫ ∇ ∂ Ω Ξ
train_07559,Ω ∂ Ω ∂ ∇ ∇ Ω
train_07560,Ξ Ω Φ Ξ Ω ∇ ∂ Ξ Ω Ω
train_07561,Ω Φ ∫ ∫ Φ
train_07562,∫ Ω ∇ ∇ ∂ Φ ∇
train_07563,∇ Φ ∂ Φ Ξ ∫ Ω Ξ ∇ Ω Ω
train_07564,∫ ∂ ∫ ∂ Ξ Φ ∫ ∂ ∇ ∫ ∫ Ω ∂
train_07565,Ω Ω Ω Ξ ∂
train_07566,Φ ∫ Φ Ω Φ Φ ∫
train_07567,∇ Ω ∇ Ω ∇ Ξ Ω ∇ Ξ ∇ Φ Ω Ω
train_07568,∇ Ω ∫ Ξ Φ ∂ ∇ ∂ ∇ ∂ Ω
train_07569,Ω Ω ∇ ∇ Φ ∇
train_07570,Ω Ω Ω ∫ Ξ Ω Φ
train_07571,∫ ∫ Φ ∇ ∂ ∇ Φ Ω Ξ
train_07572,Ξ ∂ Φ Ω Ω Ξ ∫ ∇ Φ ∫ ∫ Ξ ∫ ∇
train_07573,∇ Ξ Φ Φ ∫ ∫ Ω ∫ Φ ∂ ∇ Ω Φ
train_07574,∂ Φ Φ ∇ ∂ ∇ ∂ ∫ Ω Φ ∫
train_07575,Ω Ξ Ξ ∫ ∂ ∫ Ξ Φ ∫ Φ
train_07576,∫ ∂ Ω Ω Ω ∂ ∂ Ω Ω Ξ
train_07577,Ω ∂ ∇ Φ Ξ ∂
train_07578,∫ Ξ ∂ ∫ ∇ Φ
train_07579,∂ Ξ Ω ∂ Φ Ω ∂ ∫
train_07580,∂ ∇ ∂ Φ ∂ Ω ∫ ∂ Ω ∫
train_07581,Φ ∂ Φ ∂ ∇ Φ Ω ∇ Φ Ξ
train_07582,Ξ ∇ ∇ Ξ Φ ∫ Φ ∇ Ξ Ω ∫ ∂ ∇ Φ
train_07583,Ω Φ Ω Φ ∫ ∂ ∫ Ξ ∫ Ω Ξ ∂ ∂
train_07584,∫ Ω Φ Ω ∫ ∂ Ω Φ ∫ ∂
train_07585,∂ Φ Ξ Φ ∫ ∫
train_07586,∫ ∫ ∫ Φ Ξ
train_07587,∂ ∫ ∂ Ω ∇ Φ ∂ ∂ Ω ∂ Ξ ∇ ∫
train_07588,∇ Ω ∇ Ω Ξ ∂ Ξ Ω Ω
train_07589,Ξ ∂ ∫ ∂ Φ ∇ Ω ∇ Ω Ξ Ξ ∫ ∇
train_07590,∂ Ξ Ξ Φ ∇ Φ Φ Φ ∂ ∂ Ξ Φ ∫
train_07591,∇ ∂ Ω Ω ∂
train_07592,∂ ∫ Φ ∫ Ω ∫ Ω Φ Ω
train_07593,Φ ∫ ∇ Φ Φ Ω ∇ Φ ∫ Φ Ξ ∂
train_07594,Ξ ∇ Ξ Ω Ξ
train_07595,∇ Ω ∫ ∇ Ω ∂ ∫
train_07596,∇ Ω Ω ∫ Ω Ξ Φ ∂ Φ Φ ∇
train_07597,∫ ∇ Ω Ω Φ
train_07598,Ω Ξ ∂ ∇ ∫
train_07599,Φ ∫ ∇ ∫ Ξ Ξ ∇ ∂ ∂ Φ ∇ ∇
train_07600,Ξ Φ ∂ Φ ∂ ∇ Φ ∫ Φ ∂ Ω ∂ Φ
train_07601,Ω Ξ Φ ∫ Ω ∂ ∂
train_07602,Φ Φ ∂ Ξ Φ Φ
train_07603,Ξ ∫ ∂ Ξ Ξ Φ ∂ ∂
train_07604,Ξ Ω Φ ∂ ∫ Ξ Φ ∫ Φ Ξ
train_07605,∇ ∇ ∂ ∫ ∫ ∂ ∫ Ξ ∫
train_07606,∂ Ξ Φ Φ Ξ ∫ ∇ Φ Ω
train_07607,∂ Ω ∫ ∂ ∂ ∫ ∇ Ξ
train_07608,Ξ Ω Ξ ∇ ∫ Ξ
train_07609,Φ Φ ∂ ∂ ∇ Ω Ξ
train_07610,Ω Ω ∫ ∇ ∂ ∫ Ω ∫ ∂ ∫ Ω ∫
train_07611,∂ ∫ ∇ ∇ Φ ∂ Ω Ξ Ω
train_07612,∇ Ω ∫ ∂ Ξ Ω ∫
train_07613,Ω Φ Φ Ω ∇ ∫ ∫ Ξ Φ ∇ Ξ ∂
train_07614,Φ Ω Ξ Ξ Ξ ∇ ∇ Ξ ∇
train_07615,Ξ Ω Ω Ξ Ω Φ ∫ ∫ Ξ ∇
train_07616,Φ ∫ ∂ Ω ∂ ∇ ∂
train_07617,∇ ∂ Φ Ω ∂ ∂ ∂ ∇ Φ Ξ Φ Φ
train_07618,Φ Φ Ξ Ω Ω
train_07619,∂ Ξ ∫ Ω ∫ Ω ∇ ∫
train_07620,Φ ∫ Φ Ξ ∂ ∫ Ω ∫ ∫ ∫ Ω Ξ
train_07621,Φ ∇ ∫ Ξ ∫ Ξ Ω Ω ∫ Ω ∫ Φ
train_07622,Ξ ∫ ∇ Ξ Ω Ξ ∂ Φ ∫ ∂ ∇ Ξ
train_07623,∫ Φ Ω Ξ Ξ Φ ∇ Φ ∇
train_07624,∫ Φ ∇ Ω ∂ ∇ ∫ Ω Φ Ξ Ω
train_07625,∂ ∂ Ξ ∇ Ω Ξ
train_07626,Ω Φ Ξ Ω Ξ ∫ Φ ∂
train_07627,Ω Ω ∇ ∇ ∂ ∂ ∂ ∫ Ω Ω Φ ∇ ∂ ∂
train_07628,∫ ∂ Ω ∂ Ω ∂ Ω Φ Ξ ∫ ∇ Φ
train_07629,Ω ∂ Ω Ω ∂ Ω ∫
train_07630,Φ ∫ ∇ ∇ ∇ Ω Ξ ∂ Ω Ξ Ξ ∂
train_07631,Φ Φ ∇ Ω ∇ Ξ ∂ Ω Ξ ∇ Φ
train_07632,∫ ∂ ∫ Φ Φ ∂ ∂ Ξ
train_07633,∂ ∂ Φ ∫ ∂ Ξ Ξ Ω ∇ ∫ ∇ ∫ ∇ Ω
train_07634,Ξ Ξ Ξ Ξ Φ ∂ Ξ
train_07635,Ω Φ ∇ Φ Ξ ∫ ∂ Ξ ∫ Φ Ω ∫ Ξ
train_07636,Ω ∂ Ξ Φ ∇ Φ Φ ∂ Ξ ∫ Ξ ∫ Φ ∇
train_07637,∫ ∂ Ω ∫ Ω
train_07638,∇ Φ Ω ∇ Φ Ω Ω Φ ∂ Φ ∂ ∇ ∫
train_07639,Φ ∂ ∇ ∂ Ω Ξ ∫ Φ
train_07640,∇ ∫ Φ Ω Φ Φ Φ Ξ ∇ ∇
train_07641,Ω Ω Ω ∇ Φ
train_07642,∫ Ω Ξ Ω ∫ ∂
train_07643,∫ ∂ Ξ Ξ ∇ ∫ Ξ Ξ ∂ ∫ Φ
train_07644,Ξ ∇ ∫ ∫ Φ Ω Ω Ω Ω ∂ Ξ Ω
train_07645,∫ Ω ∂ Φ Φ Ω ∂
train_07646,∫ ∂ Ξ Φ Ξ ∂ Φ ∂ Ω
train_07647,Ω ∇ Ξ ∫ ∫ Ξ ∫ ∂ ∇ ∇ ∫ ∫ ∂
train_07648,∫ Ω ∇ ∇ ∇ ∇ ∇ ∂
train_07649,Ω ∫ ∂ Ξ Φ Ω ∫ ∫ Ω Ξ ∇ Ξ Ω ∫
train_07650,Ξ ∂ Ω Ω ∇ ∂ Ξ Φ Ξ Ξ ∇ ∇
train_07651,∂ Φ ∂ ∇ ∂ Ω Ξ Ξ ∇
train_07652,Ξ ∫ Ξ ∫ Φ ∇ Ξ Ω ∂
train_07653,∫ ∂ ∇ ∇ Φ
train_07654,Ω Ξ ∇ Ω Ξ ∂ Ω
train_07655,Φ Φ ∇ ∇ Φ Ω ∂
train_07656,∇ Ξ ∇ Ξ ∂ Ω Φ
train_07657,Φ ∇ Ω Ξ Ω ∂ Φ Φ ∫ Ξ ∇ Ω
train_07658,Ξ ∇ Φ ∫ Ξ Ξ Φ Ξ ∇ ∇ ∇
train_07659,∇ ∂ Ω ∫ Ω ∫ Φ ∇
train_07660,∇ Ξ ∫ ∂ Φ Φ Ω ∫
train_07661,∫ ∂ Ξ ∇ ∇ ∇ ∫
train_07662,∫ ∂ ∂ ∇ Ξ Ω
train_07663,∂ Ξ Ω Ω ∇
train_07664,∂ ∂ ∫ ∂ ∂ Ω ∫ ∂ Φ Ω ∂ Ξ Φ ∂
train_07665,∫ Ω ∂ Φ Ω Ω ∇ Ω ∫ Ξ Ξ ∂ ∇ ∇
train_07666,Ω Ξ ∂ Φ Ξ ∫ ∇ ∂ Ξ ∫
train_07667,Ω Ω ∇ Ω Φ ∇
train_07668,∫ Ω ∫ ∂ ∫ Ω ∂ ∫ Φ Ξ ∇ ∇
train_07669,Ξ ∇ ∂ Ω Φ Ω Ω Ω Φ ∫ Ξ Ω Ω
train_07670,∇ Ξ ∂ ∇ ∫ ∇ ∫ Φ Φ Ξ Ω Φ
train_07671,Ω Ω Ξ Ξ ∂ Ω ∫ Ω ∂ ∂ Φ ∫
train_07672,∂ Ω ∫ ∂ Φ Ω ∇ ∂ Ω ∇
train_07673,∫ ∫ Ω ∇ ∂ Φ ∫ ∫ ∫ Φ ∫ Ξ Ξ
train_07674,∂ ∇ ∂ Φ ∂ ∂ ∂ ∂ Ξ Φ ∇
train_07675,∇ Φ ∫ ∇ Φ Ξ
train_07676,Ω ∇ ∫ Φ ∫ ∂ Ξ ∂ Ξ ∇ ∇ Ω
train_07677,∫ Φ ∇ ∫ Φ
train_07678,Φ Ω Φ Φ Φ ∂ ∫ Ω ∫ ∇ Φ ∂
train_07679,∇ Ξ ∂ ∫ ∫ ∫ Ξ Ω Ξ ∇ ∂
train_07680,∇ ∇ ∫ Ω ∂ Ξ ∂ ∂ ∂ Ω
train_07681,Φ Ξ Ξ ∫ ∇ ∫ ∂ Ω Φ Φ ∂ ∫ Φ
train_07682,Ξ ∇ ∇ ∂ Ξ Ω ∫ Φ Ω Ξ ∇ Ξ
train_07683,∫ ∫ Ω Ω ∫ Ω ∂ Ξ Φ
train_07684,∇ ∇ ∂ Ξ Ξ ∂
train_07685,∂ ∫ Ω Φ ∇ Φ ∫ ∫ Ξ
train_07686,∫ Ω ∇ Ξ ∫ ∫ ∫ ∫ ∇ ∂ Ξ ∂ Ω
train_07687,∂ ∇ ∂ Ξ ∂ Ξ Ω
train_07688,Ξ Ξ ∇ ∂ ∂ Ω ∂ ∂
train_07689,Ξ Ξ ∇ Φ ∫ Φ ∫ ∂ Φ Ω ∂
train_07690,Ω Ξ Ω Ω ∂ Φ
train_07691,∂ ∫ Ω Φ ∂ ∫ ∫ ∇
train_07692,Ω ∫ ∫ Ξ ∫ Ξ Ξ Φ
train_07693,∫ ∂ Ξ Φ Ξ Ξ ∫ Ω ∂ Φ Φ ∫
train_07694,∫ ∂ Ω Φ Ω Ω Φ ∇ ∫ ∇
train_07695,∂ Ξ ∫ ∂ Ξ Φ ∇ ∂ Ξ
train_07696,Ξ ∂ ∫ ∂ ∇ Φ ∂ Φ ∇ ∂
train_07697,Ξ ∂ Ξ ∇ Φ Ξ ∫ Φ Ω Ω ∇
train_07698,Ξ Φ Φ Φ Φ ∇ ∫ Ξ ∂
train_07699,∫ Ω Ω Φ Φ ∇ ∂ Ξ Φ Φ ∂ ∂
train_07700,∂ ∫ ∇ ∇ ∂ Ξ ∇
train_07701,Ω Ξ Φ ∫ Ξ
train_07702,∂ Φ Φ ∂ Ω Ξ Φ ∇ ∇ Ξ Ω Ξ ∂
train_07703,∂ Ω Φ Ξ Ξ
train_07704,∫ Ω ∫ ∇ Φ ∫ Ξ ∫
train_07705,∂ ∫ Ω ∫ ∇ Ω
train_07706,∇ ∂ ∫ Φ ∇ Ω Ξ ∫ ∇
train_07707,Φ Φ ∂ ∂ Φ
train_07708,∂ Ξ ∇ Φ Ξ Ξ Ξ ∇
train_07709,∇ ∫ ∫ ∫ ∇ ∇
train_07710,Ω Ξ ∫ ∫ ∇ Ξ ∇
train_07711,∫ ∫ ∂ ∂ Ξ ∫ Ξ
train_07712,Φ Ω Φ Ω Φ ∇
train_07713,∇ Ξ Ω ∇ Ξ Ω Ω Φ Ω Φ Ξ
train_07714,Ξ ∂ ∂ ∫ ∂ ∇ ∫ ∇ Ω Ξ ∫
train_07715,Ξ ∫ Φ ∫ Ω ∂
train_07716,∇ Ω Φ ∇ ∫ Φ Ξ ∫ ∫ ∂
train_07717,Φ ∇ ∂ ∫ ∂ ∂ ∫ Ω ∇ ∂ ∂
train_07718,Φ Φ Φ ∫ ∇ Φ
train_07719,∇ ∂ ∂ Ω Ω ∂ Ω ∫
train_07720,∇ Φ Φ ∂ Φ Ξ Ξ ∂ Ξ ∂ ∫ ∇ Φ Ω
train_07721,∂ ∇ Φ Φ Φ
train_07722,∫ ∫ Ω ∇ ∫ Ξ ∂ ∇ Ξ Ω ∇ ∂
train_07723,Ω ∂ Ω ∫ ∫
train_07724,Ω ∫ ∂ Ω ∫ ∇ ∂
train_07725,∂ ∫ Ω ∫ ∇ ∇
train_07726,∇ Φ Ξ ∂ Ξ Φ ∂ ∂ ∇ ∫ Ω Ω Ξ
train_07727,Ω ∇ ∇ Φ Ξ ∂ Ω Φ ∂ Ω Ξ
train_07728,Ω Ξ Φ ∫ Ω Φ ∂
train_07729,∫ Φ Ω ∫ ∇ ∇ Φ Ξ ∂ ∫ Φ ∂
train_07730,∂ ∇ Φ Φ ∇ Ξ Ξ Φ Φ
train_07731,∂ Ω Ξ ∇ Ξ
train_07732,Ξ Φ ∇ ∂ Ξ Ω
train_07733,∇ Ξ ∇ ∇ Ω ∫ Ω ∂ Ω ∇ ∂ Ω ∫
train_07734,∂ Ξ ∫ Ξ ∫ Φ ∇ ∂ ∇ Φ Φ ∇
train_07735,∫ ∇ Φ ∇ Ω ∫ ∂ Ω
train_07736,∂ ∫ ∇ Ω Ξ
train_07737,∫ ∇ ∇ Ξ Ξ ∇ Ω ∫ Ξ Ω
train_07738,Ξ ∇ Ω Ξ Ω Φ Ω ∫ Ξ ∇ ∇ ∫
train_07739,Ω Ω Φ Φ ∂ ∇ Ω Φ Ξ ∂ Ξ Ω
train_07740,Ξ Φ ∂ ∂ ∇ Ω Ξ ∫ Φ ∂ Ω
train_07741,∫ ∫ ∫ Φ Ξ Φ
train_07742,∫ ∫ Ξ ∇ ∇ ∇ Ω ∫ Ω Ω ∇ Ξ ∂ Ω
train_07743,∂ ∂ ∇ Ω ∫ ∫ ∇
train_07744,∫ ∂ Φ ∫ ∂ Φ
train_07745,Ω Ω ∇ Ξ Ω Ξ ∫ ∫
train_07746,Ω ∇ Ω Ω Ξ ∇ Ξ ∂ ∇ Ω
train_07747,Ξ Φ Ω Ξ ∫ ∫ ∫ Ω ∫
train_07748,Ω Ω Φ ∇ Ω ∫ Ω ∇ ∂
train_07749,Φ ∇ Ξ Ξ ∫ Ξ ∫ ∇ Ω Ω Ω ∫
train_07750,∂ Ξ Φ ∇ ∫ Ω ∇
train_07751,Φ ∇ ∫ Ω Ω Ξ Φ ∇
train_07752,Ω ∂ Ω Ω ∫ ∫ Ω Φ Ξ Φ ∂ Ω Ξ
train_07753,Ξ Ξ ∂ Ξ Φ Φ ∫ ∂ Φ Ω ∇ Φ Ω Ξ
train_07754,∫ ∇ ∫ ∂ Φ Ξ ∂
train_07755,∂ Ω ∂ Ξ Ω Ξ
train_07756,∂ ∫ ∇ Ω ∫ Ξ Ξ Ξ ∂ Φ Ξ
train_07757,Φ ∂ ∫ Ω ∂ Φ ∂ ∇ Ξ Ω Φ Ω ∇ ∫
train_07758,Ξ Φ ∇ ∇ ∇ ∂ ∫ Ξ Ξ Ω Ξ
train_07759,Ξ ∂ ∇ ∂ ∇ Ξ Φ Ξ Ξ ∫ Φ Ξ
train_07760,∂ ∂ Ω Φ ∇ Φ ∂
train_07761,∂ Ξ ∫ ∂ ∫ Ξ Ξ
train_07762,∂ Ξ ∫ ∂ Φ Φ ∫ ∫ Ξ Ω
train_07763,∫ Ξ Ξ Ξ Ξ Φ ∂ Ξ Φ Ω ∫ Ξ
train_07764,∇ ∇ ∫ ∂ ∫ ∇ Ξ ∫ ∫ ∇ Ξ ∫
train_07765,∂ Ξ ∫ Φ Ξ ∫ ∇ ∂ ∂ ∫ ∂ ∫ Ξ Φ
train_07766,∫ ∂ Ω Ω Φ ∂ ∂
train_07767,∫ ∂ ∫ ∂ ∇ Ξ ∫ ∇ Ξ Ω Ξ ∇ ∫ Ω
train_07768,Ω ∫ ∇ ∂ ∇ ∫ Φ ∂ Ξ ∂ Ω ∇
train_07769,∫ ∂ Ξ ∂ Φ Ω ∫ Ω ∫ ∫ Φ Ξ ∫
train_07770,∫ Ξ Ω ∂ ∂ ∂ Ω Ω ∂ ∂ ∂ ∇
train_07771,Ξ Φ Φ Ω ∫
train_07772,∫ Φ ∫ ∫ ∫ Φ Ω Ω Ω ∫ Φ Φ
train_07773,∂ ∇ ∫ ∂ ∫ Φ ∫ ∫ Ξ Φ Ξ
train_07774,∇ ∫ Φ Ω ∇ ∫ ∫ Φ Ω Ω ∫ Φ
train_07775,∫ ∫ Ξ Ω Ω ∇ Φ Ξ Ξ ∫ Φ ∫ Ξ
train_07776,∫ ∫ Ω ∫ ∫ ∫ Ω ∂ Ω
train_07777,Ω Ξ ∂ ∂ ∂ Ω Ω ∂ Φ
train_07778,∇ Ω ∂ Ξ Ξ ∂ Ω Ξ Ξ
train_07779,∫ ∂ Ξ ∂ ∂ ∂ Ξ ∇ Ω
train_07780,Ω Φ ∂ Ξ Ξ Φ ∇ ∫ Ξ Ω
train_07781,∫ ∇ ∇ Ξ ∂ ∇ Ω Φ ∂ Ω
train_07782,Ξ ∂ Ω Φ ∂ Φ
train_07783,∇ Ω ∫ ∫ Ω ∂ ∂ Φ Ξ ∫ ∇ ∂ ∇ ∇
train_07784,∇ Ω Ξ Φ Ω ∂ Φ Φ ∂ Φ ∂ ∫
train_07785,∂ ∇ Φ Ξ ∫ ∇ Ξ ∇ Ξ Φ Φ Ξ
train_07786,Ω ∫ Ξ ∇ ∇ Ξ Ω Ξ
train_07787,Ξ Ω Φ Φ ∇ Φ Ω Φ ∫ ∇ Ξ
train_07788,∫ Ξ ∇ Ω ∇ Ω Φ ∇
train_07789,Ω Φ ∂ ∫ ∇ Ω Ω ∂ Ω Ξ
train_07790,Ω ∫ Ξ ∂ Φ Φ Ω ∇ ∫ Ξ
train_07791,Ω Ω ∫ Ξ ∫ ∫ Ω
train_07792,∇ Φ ∇ ∂ ∇ Ω ∫ Ω Ξ ∇ Ξ
train_07793,Φ ∂ ∇ ∇ Φ
train_07794,∂ ∫ Φ ∂ Φ ∫ ∫ ∇ Φ ∂
train_07795,Φ Φ ∂ Ξ Ξ ∫ ∇ Ξ ∫ ∇ Ω ∫
train_07796,Ξ Ω ∂ Φ Ξ ∂ Ω Ω ∫ ∇
train_07797,∫ Ω Ω Φ ∇ ∂ Ω
train_07798,∇ Ω Ξ ∫ Ω Φ ∫ ∇ Ω Ξ Ω Ξ ∫ ∫
train_07799,∫ ∇ ∫ Ξ Ω ∂ Φ Φ ∫ Ω Φ ∇
train_07800,∂ Ω Φ ∇ Φ ∇ Φ ∇ ∇ ∇ Φ ∇ ∂
train_07801,∫ Ω ∇ ∇ Φ ∇ ∂ Φ ∫ ∇
train_07802,∇ Ξ ∂ ∫ Ω ∫ Φ Ξ ∂ Φ ∇ Ξ Ω ∇
train_07803,∂ Φ Φ ∂ Ξ Φ ∫ ∇ ∫ ∂ Φ
train_07804,∂ Φ ∂ Ω ∫ ∂ ∂
train_07805,Ω ∫ ∂ ∇ Ξ Ξ ∇ ∫ Ω ∫ ∂ Ω Ω ∂
train_07806,Ω Ξ Ξ Ξ Φ Ω ∇ Ω Ξ
train_07807,∂ ∫ Φ ∫ ∫ Ξ Ω ∂ Ξ ∂ Ξ ∫ ∫ ∇
train_07808,∫ Φ Φ ∫ Φ Φ ∂ Ω ∫ Ξ
train_07809,∇ Φ ∂ Ω Ξ ∫
train_07810,∇ Ω Φ Ω Φ Ω Φ Ω Ω ∂ Ω
train_07811,Φ ∇ ∫ Ω Φ Ω Ω Ω Φ ∂ ∫ ∇
train_07812,∇ ∂ ∫ Φ ∫ ∂ ∂ Ξ ∇ Φ ∂ Ξ
train_07813,Ξ ∫ Ξ Φ ∫ ∂ ∇ ∫
train_07814,Ω ∇ ∂ Φ Ξ ∫ ∂ Ω Ω Φ Ξ
train_07815,Φ ∇ Ω Ω ∫ Ω ∇ Φ Ξ ∇ Ξ Ω ∫ Ξ
train_07816,∫ Φ ∫ ∂ ∇ Ξ Ω Φ
train_07817,Ω ∇ ∇ Φ Φ Ω Ω
train_07818,∇ Ξ Φ Ξ Ω ∇ ∂ Ξ Ξ Ξ
train_07819,∇ ∂ ∂ Φ ∂ Ξ Ω
train_07820,Ω Ω Ω Ω Ω ∇
train_07821,Ξ Ξ ∂ Ξ Ξ Ω Φ ∇ ∂
train_07822,∇ ∇ ∇ Ξ ∫ Ξ ∫ ∫
train_07823,∇ Φ ∫ Ω Ξ Ξ ∫ Ω ∂
train_07824,∂ Φ Φ ∇ ∫ Ω ∫ Φ ∇ ∇ ∫ Φ
train_07825,Ξ ∂ ∫ Ξ Ω Φ Ω ∂ Φ ∂ ∇
train_07826,Ξ Ω Φ Ξ Ω ∂ ∂ Φ ∫ Φ Ξ Ω ∂
train_07827,Ξ ∇ ∇ ∫ ∂ ∫ Φ Ξ ∇
train_07828,Ω Ξ ∇ Φ ∇ ∂ Ξ Ξ
train_07829,∫ Ω ∫ ∫ ∂ Ξ Φ Ω ∂ ∫ Φ Φ
train_07830,∂ ∇ Φ ∇ ∂ ∇ Ω Ξ Φ ∫ Ω ∂
train_07831,Ξ ∂ ∂ Ξ Ω Φ Ω ∫ ∇ ∂ Ξ ∇ ∫ Φ
train_07832,∇ ∂ ∇ ∂ ∫ Ω Ω ∇
train_07833,Ω Φ Φ ∇ Φ Φ Φ ∂ ∇ Φ Φ ∫ ∇ ∇
train_07834,Φ ∇ ∫ ∇ ∂ Ω Ω Φ
train_07835,∇ ∇ Ω Ξ ∇ Ξ
train_07836,Ω ∫ Ξ Ξ Ξ
train_07837,Φ Ω ∫ ∇ ∂ ∂
train_07838,∫ ∫ Φ Φ Φ Φ
train_07839,Ξ Ξ Ω ∂ ∇ ∂ ∂ ∂ Ξ ∂ ∫
train_07840,Φ Ξ ∂ Ξ Φ Ξ Ω ∂ ∂
train_07841,∫ ∂ ∂ Φ ∫ ∇ ∇ ∂ ∂ ∫ ∂
train_07842,Φ Ξ Φ ∂ ∂ ∂ Ω Ξ Φ
train_07843,Ξ ∂ ∇ ∇ ∇ ∇ ∫ ∫ Ξ ∂ ∫ ∫ Ω Ω
train_07844,∇ Φ Ω ∇ Ω Ξ ∫ ∫ Ξ Ω Ω Ω Φ ∫
train_07845,∂ ∫ Φ Φ Ω ∫ ∫ Ξ Φ ∫
train_07846,∫ Φ ∂ ∂ ∂ ∇ Ξ ∇
train_07847,∇ Φ Φ Φ Ω Φ ∫ ∫ Φ ∫
train_07848,∂ ∫ ∂ ∫ ∂ Ξ Ξ Φ
train_07849,∇ ∇ ∫ ∫ Ω Ξ Φ Ω ∇ Φ
train_07850,Φ ∇ Ξ Φ ∇ ∂ ∇ Ξ Ω ∫
train_07851,∇ ∇ ∂ ∇ Φ Φ Ω Ω ∇ ∇
train_07852,Φ ∇ Φ Ξ ∫ ∇
train_07853,∫ ∂ ∂ Ξ Ξ ∇ ∇ ∂ Ω ∂
train_07854,Ξ Φ Ξ Ξ ∂ ∂ ∫ ∇ ∫ Ω Ξ ∇
train_07855,∇ ∂ Φ Φ ∇ ∇ ∫
train_07856,∫ ∂ Ω ∂ ∇ Ω Ξ ∂ Ω
train_07857,Φ ∇ ∇ Φ Ω Φ
train_07858,∫ Ξ Φ ∂ Ξ ∇ ∇ Ω ∇ Ξ
train_07859,Φ Ξ Φ Ξ ∂ ∫ ∇ Ξ Φ ∇ Ω
train_07860,∇ Φ Ξ Φ ∇ ∫ ∂ ∇ ∫ Ξ ∂ ∂
train_07861,Ξ Ω Ω ∇ Ω Ω ∇ Ξ Ξ
train_07862,∫ Ω Φ ∂ Φ ∇ ∫
train_07863,Ξ Ξ ∂ ∫ Ω Ξ ∂ ∂ Φ Ω Ξ ∫
train_07864,Ξ Φ Ω ∇ Φ ∫ Ω Ξ Ω Φ ∫ Φ
train_07865,Ω ∂ Φ ∇ ∇ Ξ ∂ Ω Ξ Ω
train_07866,∇ ∂ Φ ∫ Φ ∂ ∇ Ξ Ω ∂ ∇ Φ Ω
train_07867,∇ Ξ ∇ ∫ ∇ Ξ Ξ
train_07868,∇ Φ ∇ ∇ Ω Φ Ω Ω Φ ∇ ∂
train_07869,Ξ Ω Ω ∂ Ξ Ω ∂ ∫
train_07870,∇ Ω ∂ ∇ ∇
train_07871,Ξ Φ ∫ Ξ Ω
train_07872,∇ ∂ Ω Ω ∂ ∂ ∇ Ω ∫ Φ Ξ Ξ ∇
train_07873,∂ Ω ∂ Ω ∫ ∇ ∇
train_07874,Ξ Ω ∫ ∂ ∇
train_07875,Ω Φ ∂ Φ ∇ Ξ Ξ Ξ ∂ ∫ Φ Ω Ω
train_07876,Ξ Φ ∫ Ξ ∂ ∇ Ξ Ξ ∇ Ω Φ
train_07877,Ω Φ ∂ Ω Φ ∂ ∂ ∂ ∂ ∇ Φ ∇ ∂
train_07878,∫ Ω ∂ ∫ Ξ Ξ ∫ ∇ ∂ ∇ Φ ∫ Ξ Φ
train_07879,∫ ∫ ∫ ∇ Φ
train_07880,Φ Ω ∫ Ω ∫
train_07881,Ξ Φ ∂ ∇ ∫ Ω ∂ ∫
train_07882,Ω ∫ Ω ∂ ∫ ∂ Ω Ω
train_07883,Ξ Ξ ∇ ∫ Φ Φ
train_07884,Ξ Φ Ξ Ω Ξ ∂ ∂ ∇
train_07885,Ξ ∂ ∇ Ξ Ω
train_07886,∂ ∫ ∫ Ξ ∂ ∂ Ξ Φ Ξ ∇ Ξ Φ
train_07887,∫ Ω Ξ Ξ Φ
train_07888,Φ ∇ ∇ Ξ Φ Ω Φ
train_07889,∂ Ξ Φ Ω Φ
train_07890,Ξ ∇ ∂ Ξ Ω Φ ∫
train_07891,Φ Φ Φ Ω ∂ Ω Ξ Ξ ∫ ∫ ∫ ∇
train_07892,∇ ∇ ∫ Ξ Ω Ω ∂
train_07893,Φ ∂ ∂ Ξ ∫ ∂ ∂ ∫ Ω ∫ Φ ∫ Ξ
train_07894,Φ Ω Ξ ∇ ∂
train_07895,Ξ ∇ ∫ Φ ∫ Ω
train_07896,∂ ∇ ∂ ∫ Ω Ω Ξ ∫
train_07897,∫ ∫ Φ ∫ Ω ∂
train_07898,Ξ Ω ∂ Φ Ω ∫ ∂ ∇ ∇
train_07899,∫ Ω ∫ ∫ Ξ ∇ ∫ ∇ Φ Ξ ∇ Ω Ω ∂
train_07900,∇ ∂ Φ ∇ Φ Ξ ∂ Ω
train_07901,∫ Φ ∫ ∫ Ω Ω ∫ ∂
train_07902,∇ ∫ ∂ ∫ Ξ ∫ ∂ ∇ ∇ ∇
train_07903,∫ Ω ∇ ∂ ∫ ∫ Φ ∇ Φ Ξ
train_07904,Φ ∂ Ξ ∫ Φ
train_07905,∇ Ω Ω ∇ Ξ Ξ ∫ Ξ Φ ∂ ∇ ∫ ∂ Φ
train_07906,∂ ∫ ∂ Ξ Φ Ω ∫
train_07907,∫ ∂ Ξ Ξ ∫ ∫ Ξ ∂ Ω ∂
train_07908,Ω ∇ ∇ ∇ ∫ Φ ∂
train_07909,∫ Ω ∂ Φ ∇ ∂ Ω
train_07910,∇ Φ ∇ Ω ∫ ∂ ∇ Ξ Φ ∂ Ξ
train_07911,Ξ ∇ ∂ Ω ∂ ∂ ∫ ∇ ∂
train_07912,∂ Ω Φ Ξ ∫ ∇ ∇ ∂ Ξ ∂
train_07913,∫ Ω ∂ ∇ ∇ ∂ ∇ Φ ∫ ∫ Ξ Ω
train_07914,Φ ∫ Ω Ω ∫ ∇ Ω ∂ Ω Φ Φ ∂ Φ
train_07915,Ω ∫ ∫ Ω ∂ ∂ Ξ ∂
train_07916,∇ Φ ∇ Φ ∫ Φ ∫
train_07917,∇ Φ ∫ Ω ∇ ∫ Φ ∂ ∂ ∂ ∂ ∇ Ξ ∂
train_07918,∂ Φ ∇ ∂ ∫ Ξ Ω ∂ ∂
train_07919,∇ Ω Φ Ω ∫ ∇ ∂ ∫ ∂ Φ Ω
train_07920,Ω Φ ∂ ∂ ∂ ∇ ∇ Ω Ξ Ξ
train_07921,∇ ∫ Ω Φ ∫ ∫ Φ Φ ∇ ∂
train_07922,∂ ∇ ∇ Ξ ∂ ∫ ∂
train_07923,Φ ∇ Ω ∫ ∂ ∇ ∂ ∂
train_07924,∂ Ω ∂ Ω Ξ Ξ ∫
train_07925,∇ Ξ Ξ ∇ ∂ Ξ ∫
train_07926,Φ ∇ Ξ Φ ∫ ∂ Ω Ω ∫
train_07927,∇ Φ ∂ Φ Ω ∇ ∇ ∫ ∫ ∇ Φ ∇ ∫
train_07928,∫ ∫ ∇ ∂ ∫ ∇ Ω
train_07929,Φ Ξ ∫ Ω Φ ∫ ∂ Ξ
train_07930,Ξ ∫ Ω ∂ Ω Φ
train_07931,Φ ∇ Ξ Ξ Ω Φ Ω Ξ Φ Ξ
train_07932,∇ Ξ Ω ∂ ∫ Φ ∇ Ξ Ξ ∫ ∫
train_07933,Φ ∫ ∫ ∇ Ξ ∇ ∇ ∂ ∫ ∇ Φ Ξ
train_07934,∫ Ξ ∫ Ω Ξ ∂ ∫ ∫ ∂ ∫ ∇ ∇
train_07935,∂ Ξ ∂ ∂ ∫ Ω Φ ∫ ∇ ∫
train_07936,∇ Ω ∫ Φ Ξ ∫ ∇ Φ Ω
train_07937,Φ ∫ ∫ ∫ Ξ
train_07938,∂ ∂ Ω ∇ ∫ Ξ
train_07939,∫ Ξ ∂ Φ ∫
train_07940,∫ ∇ ∫ Ξ ∫ Ω Ω ∂ Φ
train_07941,Ω Ω ∇ Φ ∂ ∂ ∇ ∫ Ξ Φ ∫ Ξ
train_07942,Φ Φ Ω Ω Φ ∂ ∂ ∇ ∫ ∂ ∂ ∫
train_07943,Ξ Φ ∫ ∫ Φ Ξ ∇ Φ Φ ∫ Ω Ω Ξ Ω
train_07944,∇ Ξ ∂ ∫ ∇ Ξ ∇ Ξ Φ Ω
train_07945,∫ ∇ ∫ Φ ∂ ∫ Φ Φ ∫ Φ Ω
train_07946,∇ Φ Ξ ∇ ∫ Ξ Ω ∇ Ω
train_07947,∫ Ω Φ Ξ Ω Φ ∫ ∫ ∇ ∫ Φ Ω Ω
train_07948,Φ Ω ∂ ∇ ∫ Φ Ξ Ω Ξ Ω Ω ∫
train_07949,Ξ ∇ ∇ Φ Φ ∇
train_07950,∫ Φ Ξ Ξ Ω Ξ Φ Ω Ω Ω Φ
train_07951,Φ ∇ Ξ ∂ Ξ
train_07952,∫ Ξ Ξ ∂ Φ ∂ Ξ
train_07953,Φ ∂ Φ Ω ∫ ∫ ∂ Φ Ξ Φ Ω
train_07954,∫ Ξ Φ Ω ∂ Ξ Φ
train_07955,Ω Ω Ξ ∂ ∫ Ξ Φ Ξ Ω ∇
train_07956,Ξ Ξ ∫ ∂ ∂
train_07957,Ξ Ξ Ω Ξ ∂ Φ ∂ Ξ ∫ ∫ Ω Φ Ξ ∫
train_07958,∂ Ξ Ω ∂ Φ ∂ ∇ Ξ Φ
train_07959,∫ ∂ Ξ ∇ ∂ ∫ ∇ ∫ ∇ Ξ ∫
train_07960,Ξ Φ Ξ Ω ∫ ∂ ∂ ∫ Ξ ∂ ∫
train_07961,Ω Ξ Φ ∂ ∂ Ξ ∫ ∂ ∇ ∇ Ω Ω
train_07962,Ω ∫ Ξ Ξ ∂ Ξ Φ Ω ∂
train_07963,Ω Ξ Ξ ∇ ∂ Ω ∫ ∇ ∂ Ω Ξ Φ Ξ
train_07964,∇ Φ ∇ Ξ Ω Ξ Φ Φ ∇ Ω ∇ ∇ Φ Φ
train_07965,Ω ∂ ∇ Φ ∇ Φ Φ ∫ ∂ Ω ∇ ∇ Φ Ξ
train_07966,∂ Ξ Ω ∫ Φ Ξ Ξ ∂ ∇ ∇ ∇ ∇ ∇ ∇
train_07967,∇ Φ ∫ ∇ Φ Ω Ξ ∫ ∂ Φ Ξ Φ
train_07968,∇ Φ Φ ∫ Ξ ∂ Ξ Ω ∂ Ξ
train_07969,Ξ ∇ ∫ Φ Φ Ξ Ω Φ Ω Φ ∂ Ξ ∂
train_07970,∇ ∂ Φ ∇ ∂ ∫ Φ ∫ ∂ ∫ Ξ
train_07971,∫ Ω Φ Φ Ξ Ξ Ξ Φ Ω Ω Φ Ξ Ξ ∫
train_07972,Ω ∫ ∂ Ξ Ω Ω Φ Φ
train_07973,Ξ Ω ∂ Φ ∇ ∫
train_07974,∇ Ω Φ ∫ Ω ∫ Ω Ξ
train_07975,∂ Φ Ω Φ Ξ Ξ
train_07976,∫ Φ Ξ Ω ∂ ∫ ∫
train_07977,Ξ Φ Φ Ω ∂ ∂ ∂ ∂ Ω
train_07978,∇ ∇ Φ Ω ∂ ∇ Ω Ω ∫
train_07979,∇ ∂ ∂ Ξ Φ Ω ∫ ∇ Ξ ∫ ∇
train_07980,∫ Ξ Φ Φ Ω Φ
train_07981,Ξ ∂ ∇ Φ ∇ Ω ∇ ∂ Φ Φ ∇ ∫ ∫
train_07982,∇ ∇ ∂ Ξ Ω Ω
train_07983,Φ Φ ∇ Ξ ∇ Ω ∇ ∂ ∫ ∫
train_07984,∫ Ξ ∇ Ω Φ Ω ∇ ∇ ∇ Ξ
train_07985,∇ ∫ Ω Φ ∫ Ξ Ξ ∫ Φ
train_07986,Ξ Φ ∇ ∫ Ω Ω ∇ Ω ∂ Φ Ω ∫ Ξ ∫
train_07987,∫ ∂ ∂ ∫ ∫ ∫ Ω ∫ ∫ Ξ
train_07988,∫ ∫ ∇ ∫ Ω Ω
train_07989,Ω ∂ ∂ Φ ∂ Ω Φ ∂ ∂ ∇ ∫
train_07990,∫ Φ Φ ∂ ∫ Ξ Φ Ξ Ω ∂ Ξ ∫ Ξ Ξ
train_07991,∫ Φ Ξ ∂ ∫
train_07992,∇ ∂ ∇ ∇ ∫ ∇ ∫ Ω Φ Φ Ω
train_07993,∫ ∂ ∫ ∫ ∫ Φ Ξ Φ ∂ Ω
train_07994,∫ Φ Ξ Φ ∫ ∫ Ω
train_07995,Ω ∂ Ω ∂ Φ ∫ Ξ
train_07996,∇ ∫ Φ Φ Φ ∫
train_07997,Ω ∂ ∂ ∂ ∇ ∫ ∇ Φ Φ
train_07998,∂ Φ ∫ ∫ Ξ ∫ ∇ Φ Φ ∂ ∂
train_07999,∂ Ξ Ξ Ξ Ω Ξ Ω Ω Φ Φ ∇ ∫ Ω
train_08000,∇ Φ ∇ Ω Ω ∇ ∇ ∇ ∫
train_08001,∫ ∇ ∇ ∂ ∫ ∇ ∇ ∂ ∇ ∫ ∇ ∂
train_08002,Ξ ∫ Ω Ω ∇ Φ Φ Ω Ξ Ω Ω Φ Φ Ξ
train_08003,Ξ ∇ Ω ∫ ∫
train_08004,Ξ ∂ ∇ Ξ Ξ
train_08005,∇ Ω Φ Ξ ∂ ∂ Ω Ω
train_08006,Ξ Φ Φ ∫ Φ Φ ∫ Ω ∫ Φ ∇ ∂
train_08007,Φ Ω Ξ ∫ Ξ
train_08008,Φ ∫ ∇ Ω ∫ ∂ ∇ Ξ ∂ Ξ Ξ ∫
train_08009,∇ Ξ Φ Ξ ∫ Ξ
train_08010,∫ ∇ ∇ Ξ ∇ Ω Ξ ∇ ∇ ∂
train_08011,Ω Ξ ∫ Φ ∫ ∇ ∂ ∫ Ξ
train_08012,∂ Ξ ∂ ∇ ∇ ∂ ∇ Φ
train_08013,∇ ∇ Ξ ∇ Ω ∂ ∇
train_08014,∂ ∫ ∫ Ω Φ Ω Ξ ∂ Φ ∂
train_08015,∇ ∫ Φ ∫ ∂ ∂ Ω ∫ Ω ∂ ∂
train_08016,∂ Ω Φ Ω Ω ∫ ∫
train_08017,∇ Φ Ω Ξ Φ ∂ ∫ ∂ Φ Ω
train_08018,∇ Ξ ∂ ∂ Ξ Ω
train_08019,∂ ∂ Ξ ∂ Ω ∇ ∇ Ω ∇ Ω Ξ Φ
train_08020,∫ Ξ Φ ∫ Ω Ξ Ξ ∫ ∫ ∂ Φ
train_08021,Ω Ω ∇ Ω ∫
train_08022,Φ Φ ∇ ∫ Ω Φ
train_08023,∂ Ω ∫ ∫ Ω Ξ ∇ ∇ ∫ Ω Ω ∂ Φ
train_08024,∫ ∇ Ω ∇ ∂ Ξ ∂ ∫ ∇ ∂ ∇
train_08025,∫ ∂ ∫ ∇ ∂ Ξ Ω
train_08026,∫ Ξ Ω ∇ ∂ ∫
train_08027,Ξ Ω ∫ Ω ∫ ∇ Φ ∇ Φ ∫ ∫ Φ
train_08028,Φ Ξ ∂ Ξ Ξ ∫ Φ ∂ ∇ ∫
train_08029,∂ ∇ ∫ Ω Ω
train_08030,Ξ Ω Ω ∫ Ξ ∫ Ξ ∫ ∂ ∂ ∫ Ω Ξ
train_08031,Ω ∂ ∂ ∫ ∂ ∇ Φ ∫ Ω Ω Ω
train_08032,∂ ∫ ∇ ∫ ∫ ∫ ∇ ∂
train_08033,Φ Ω ∂ ∫ ∂ ∇ ∇ ∂ Ω Φ ∇
train_08034,Φ ∂ ∫ Ω ∂ ∫ ∂ ∫ ∇ Ω Φ ∫ ∫ Φ
train_08035,∫ ∫ Φ Φ ∂ Φ ∂ ∂ ∇ ∂ Ω
train_08036,Ξ Ω ∂ ∇ Φ Ξ ∂ ∂
train_08037,Ξ Ξ Ω ∇ Ω Ω ∂ Ω ∇
train_08038,∫ ∇ Ω ∂ ∂ Ξ ∇ ∇ ∂ ∇
train_08039,∫ ∫ ∂ ∇ ∂ ∂ Ξ Ξ ∇ ∂ ∂ Ξ ∇
train_08040,∂ ∫ ∇ ∂ Ω ∫
train_08041,∇ Ξ ∂ Ω Ξ
train_08042,Ω Φ ∇ Φ Ω ∇ Φ Ξ Ω Ω Ω
train_08043,∫ Ξ Ξ Ξ Ω Φ Ω ∂ Ω Ξ ∇ Φ ∂ ∂
train_08044,Ξ ∂ Φ Ω Ξ ∫ ∇ ∫ Ω Φ ∂
train_08045,Ω Φ Ω ∫ ∫ Φ Ω ∫ Ω ∇
train_08046,∇ Φ ∇ ∫ Ω Ξ ∂ Ω ∂ ∂ Φ Φ Ω
train_08047,Ω ∂ ∫ ∂ Φ Ω Ξ ∂ Ω ∂ Ω Ξ
train_08048,Φ Φ ∫ ∇ Φ Ξ Ξ Ω ∂ Ξ ∂ Ξ Φ
train_08049,Ω ∇ ∂ ∂ ∂ Ω Ξ ∫ Ξ Ω
train_08050,∂ ∇ ∫ Ω Ω Ω
train_08051,∇ Ω Ω Ξ ∇ ∇ ∫ ∂ Ξ Ω ∂
train_08052,Φ Ω ∂ ∫ Φ ∂ ∫ ∫ ∇ Φ
train_08053,Φ Φ ∂ Ξ ∫ ∇ Φ ∫ Φ Ω
train_08054,Φ ∫ ∇ ∂ ∫ ∫ Ω ∂ ∂
train_08055,Φ ∂ Ω ∇ Ω Ω ∇
train_08056,∇ Φ Φ ∇ ∇
train_08057,∂ Ξ Ξ Φ Ξ Φ Ξ Ω ∂ ∫ ∫ Φ
train_08058,∂ ∫ ∂ ∇ ∂ Φ Ω ∇ ∫ Φ Φ ∫ ∂
train_08059,∫ Φ ∫ Ω Φ ∂ Φ Ξ Ω ∂ Ξ ∫ Ξ
train_08060,∫ ∫ Ξ Ω Φ Ω Ω Ω ∫ Ω Φ
train_08061,∇ ∂ ∇ Ω ∫ ∂ Φ ∇
train_08062,Φ ∫ ∫ Ω ∫
train_08063,∂ ∫ Ω ∇ Ξ ∇ ∇ ∫ Φ Ω ∫
train_08064,∂ Φ Ω Φ ∇ ∂
train_08065,Φ Ξ Ξ Φ ∇
train_08066,Ω ∂ Ω ∇ ∇
train_08067,∫ ∫ ∫ Φ ∂ Ξ ∫ Ξ ∂ ∫
train_08068,∫ Φ Φ ∇ Ω Φ ∇ Ξ Φ
train_08069,∂ Ξ Ξ ∫ Ξ ∂ Φ Ξ
train_08070,Ξ Ω ∇ ∫ Φ Ω Φ
train_08071,Φ Ω ∇ Ω Φ ∇
train_08072,∇ ∂ Φ Ω ∂ ∇
train_08073,∇ ∂ ∇ ∇ Ξ
train_08074,∇ ∂ Ω Ω ∇ ∫ ∇ Φ ∇ Ω Ω ∂ Ξ
train_08075,Φ Ξ Φ Ξ ∇ Ξ Φ ∇ Φ ∇ ∂ ∇ Ξ Ω
train_08076,Φ Φ ∫ Ω Ω ∫ ∫
train_08077,∇ ∂ ∇ Ω ∫ Ξ ∂ ∫ Ω Ξ Ξ
train_08078,Ξ Ξ Φ ∫ Ξ
train_08079,∫ ∇ Ω ∫ ∫
train_08080,Ω Φ Φ ∫ Ω ∂ ∂ ∇ Ξ Ω Φ ∇ Ω
train_08081,Φ ∂ Ω Ξ Ω ∫ ∫
train_08082,Ξ Ω Ξ Ξ ∫ ∫ ∇ Φ ∫ Φ ∇ Ω ∫
train_08083,Φ ∫ Φ Φ ∫ Ξ Ξ ∂ ∂
train_08084,Ξ ∂ Φ Ξ Ξ Ξ Φ ∂ Φ Ξ ∫ ∫ Ω Ω
train_08085,Ω Ξ Φ Ω ∂ ∂ Ω
train_08086,∂ ∫ ∫ Ω Ω ∇ ∫ Ω ∫ ∇ ∂ Ξ
train_08087,∂ ∫ Ξ Ω ∂ Φ ∂ Φ Ξ Ξ Ξ ∇ ∇
train_08088,∇ ∫ Φ ∇ ∫ Ω ∫ Ξ ∇ Ξ
train_08089,∂ Φ Ξ ∇ Ω ∇ Ω
train_08090,Φ Φ ∫ Ω Ω Ξ ∇
train_08091,∫ Φ Φ Φ ∫ ∇ Ξ Ω ∂
train_08092,∇ Φ Φ Ξ ∂
train_08093,Ξ Ω ∫ ∂ ∇ ∫ Ξ ∇ ∫ ∂ ∇ ∂ Ω
train_08094,∂ ∂ Ξ Ω Φ ∫ ∫
train_08095,Ξ Ω Ξ Ω ∫ ∇ ∫ Φ ∇ Ξ ∂
train_08096,∫ ∫ ∇ ∂ ∫ Ω Ω Ω
train_08097,Ω Ω ∫ Φ Ω
train_08098,∇ Ξ ∇ ∫ ∇ Φ Ω
train_08099,∂ Φ Ξ Φ ∫ Φ ∂ ∂ ∇ Φ ∂
train_08100,Ξ ∫ ∇ ∇ Ξ
train_08101,Ω Ξ ∇ ∇ Φ Ξ ∇ Ω ∇
train_08102,Ω ∫ ∇ ∂ Ξ Φ ∇ Ξ ∫ ∫ Ω ∇ Ω
train_08103,Φ ∫ ∫ Φ ∫ ∫ ∂ Φ ∫ ∫ ∫ ∇
train_08104,Φ ∇ Φ Φ Ξ ∂ Ξ Φ ∂ Φ ∇ Φ ∫
train_08105,Ξ ∂ ∇ ∇ ∂ Ξ ∫ ∫ Φ Ω Ω ∂ Ω
train_08106,∂ ∫ Ω ∇ ∇ Ξ ∂ ∇ Ξ
train_08107,Ξ Ξ ∇ ∫ Φ Ω Φ Ω Ω Ξ
train_08108,Ξ ∫ Ω ∂ Ξ ∫ Φ
train_08109,Φ ∫ Φ Ω ∇
train_08110,Ω Ξ Ω ∇ ∂ ∇ ∇ ∫ ∂ ∫ Φ Φ ∫ Φ
train_08111,Ω ∫ Ω ∫ Ξ Φ
train_08112,Ξ ∫ ∫ ∫ ∫ ∇ Ξ ∫ ∇ Ξ ∇ Ω
train_08113,Φ ∂ ∂ Ξ ∫
train_08114,Ω ∇ Φ ∇ ∇ ∂ ∂ ∂ Ξ ∫ ∇
train_08115,Ω Ξ ∇ Φ ∂ Φ Φ
train_08116,∫ Φ Ω Ω ∇
train_08117,∫ Φ ∫ ∫ Φ Ξ Ξ Ξ ∫ Φ ∂ ∂ Ξ
train_08118,Ω Ω Φ Ω ∂ ∇ Ω ∫ ∂ Ξ
train_08119,∇ ∇ ∇ ∫ ∫ Ω Φ Ω Ω ∇ Φ ∂ Ξ ∫
train_08120,Ω ∂ Φ Ω Ξ
train_08121,∇ ∫ Ω ∫ ∇ Ω
train_08122,∂ Φ Φ Φ Ω ∇ ∇ ∫ Ξ Ω
train_08123,Ω ∫ Φ Ξ Φ ∇
train_08124,Ξ ∫ Ω Ω Φ
train_08125,Ω Ξ ∂ Ω Φ ∂ ∇
train_08126,Ξ Φ Ω ∇ Ξ Ω ∇ Ω Ω Φ Ω ∇
train_08127,∇ ∇ Φ ∂ Φ Ξ Ξ ∂ ∫ Φ ∇ ∇ Φ
train_08128,Ω Ω Ω ∂ ∂ ∫ ∇ Ω Ω
train_08129,Ξ ∇ ∇ ∫ ∫ Φ ∫ ∂ Φ ∂ Ξ
train_08130,Ξ Ω ∫ ∫ ∂ Ξ Φ Ξ ∫ ∂ Ω ∫ ∇ ∇
train_08131,∫ ∫ ∂ Ω ∂ ∇ ∂ Ω Ω Ξ Φ Φ ∂ Φ
train_08132,Ξ ∂ ∇ ∫ ∫ Ξ ∫
train_08133,∇ Φ ∫ ∫ ∂ ∫ Φ ∂ ∫
train_08134,∇ ∇ ∇ ∂ Ω ∇
train_08135,∂ ∂ Ω Ω ∇ Ξ
train_08136,Φ Ω Ω ∫ Φ Ω Ξ ∫ Ω ∂
train_08137,∂ Ξ ∂ Ω Φ ∇ ∂ Φ
train_08138,Φ Ξ Ξ ∇ ∂ ∫ ∇ Ω Φ
train_08139,∇ ∫ ∫ Ξ Φ ∫
train_08140,∇ ∇ Ω ∇ ∫ Ω ∫ Ω Ξ ∫
train_08141,∫ ∫ Φ Ξ Ξ Ω
train_08142,∂ ∫ Ω ∇ ∫ Ξ ∫ Ξ Ω ∂ ∇ Ξ Ξ Ξ
train_08143,Ω Ξ Ω ∂ ∂ ∫ ∇ Ω ∂ ∂ ∇ Ξ Φ Ξ
train_08144,Φ ∇ ∇ ∫ Ω ∇ ∫
train_08145,∂ ∂ ∫ Ω ∂ Φ ∫ Φ ∂ ∫ Ξ Ω ∫ Φ
train_08146,Ξ Ω Φ Φ ∂ Ξ ∫ ∂ Φ ∫
train_08147,∂ ∂ Ω Ω ∇ Ξ Ω ∂ ∇ ∂ ∇ Ω
train_08148,∫ Ω Φ ∂ ∫ ∂ ∂ ∂ Ξ ∂ Φ Ω
train_08149,Φ ∫ ∫ Ω Ω Ω Φ ∇ ∇ Φ ∇
train_08150,Ξ ∂ Ξ Φ ∂ Φ
train_08151,∫ Ω Ξ Φ Φ Ξ ∂
train_08152,Φ Ξ Ξ Ω Φ
train_08153,∂ Ξ ∂ ∂ Ω ∫ Φ ∫
train_08154,∫ Ξ Ξ ∂ Ω Ξ Φ Φ ∫ ∇ ∂ Ξ ∇
train_08155,∇ Φ ∫ Φ ∫ Φ ∇
train_08156,Ξ Ξ Ω ∫ Ω Ω Φ Ξ ∂ ∇ ∇
train_08157,Ξ ∂ Ξ Ω Ξ ∂ ∇ ∂ Ω ∫ Φ ∂ Ξ ∇
train_08158,Ξ ∫ Φ Ξ Ξ Ξ ∇
train_08159,∂ Φ ∇ ∂ ∂ ∂ ∂ Ω Ξ
train_08160,∇ ∫ ∫ ∇ ∫ ∫ Ξ ∇ ∫ ∂
train_08161,Ξ Φ ∫ ∂ ∫ ∇ ∇ ∇ ∫ Φ
train_08162,Ω Φ Ω Φ Ω ∫ Ω Φ ∇ Ω
train_08163,Ξ ∇ ∇ Ω Φ ∂ Ω Ξ ∂ Ξ ∫ ∂ Ω
train_08164,∇ Φ Ξ ∂ ∫ Ω Φ Φ ∇ ∫ ∇ Ω ∂ ∂
train_08165,∂ ∇ Ξ ∂ ∂ Ξ Ω Ω Ξ
train_08166,Φ Φ ∇ Φ Ξ Ω Ξ Ω Φ ∂ Ω ∫
train_08167,∫ ∇ Ω ∂ ∫ ∫ ∫
train_08168,Φ Φ Ξ Ξ Ξ ∫ Ξ Φ ∇ Ξ ∇ ∂
train_08169,Ω ∇ ∂ Φ Φ Ξ ∫ ∂ ∫ ∫ ∫ Ξ ∂ Ω
train_08170,∂ ∇ ∫ ∂ Ξ
train_08171,∂ ∫ ∂ Ξ Φ Ξ ∇ ∇ ∇
train_08172,∫ Ξ Ξ ∇ Ω ∫ ∂ ∂ ∫ ∂ ∇ Ξ ∫
train_08173,Ξ Ξ ∇ Ξ ∇ ∂
train_08174,Ξ Ξ ∫ ∇ ∫ ∇ ∂ ∇ ∇ ∫ ∫
train_08175,∇ Ω Ω ∇ ∂ Φ ∫ ∂ Ξ Ξ Ξ ∇ Ω ∇
train_08176,Φ ∫ ∂ ∂ Ω ∂ Ω Ξ ∇ ∫
train_08177,Ω ∫ Φ ∇ Ξ
train_08178,∂ Ξ ∫ Ξ Ξ Φ ∫ Ω ∂ ∫ Ξ
train_08179,∇ ∫ Φ ∇ Ω Ξ ∫ ∫ Φ ∂ ∫ Φ
train_08180,∫ Ω ∇ ∫ ∂ Ξ Ξ ∂ Φ ∫ ∫ ∫
train_08181,Ω Φ Φ ∇ Ω
train_08182,∫ Ξ ∫ Φ ∇ Φ Ω Ξ ∫ Φ Φ ∇ ∫
train_08183,∇ Ω ∂ Ξ Ξ Ω Ω ∇ ∇ ∂ ∫ ∂ Φ Ω
train_08184,Φ ∫ ∂ Ξ Ω ∂ ∫
train_08185,∇ ∇ ∫ ∫ Ξ Φ ∂ ∫ ∂ Ω Ξ Ω
train_08186,∫ Ω ∇ ∇ ∫ ∂ ∇ Ξ
train_08187,∫ ∂ ∇ ∫ ∂ Ω ∂ Ξ Ξ ∫ ∂ Ξ Ξ ∫
train_08188,∫ Ξ Ω Ω Ω Φ ∇ Φ Φ Φ ∇
train_08189,∫ Φ ∂ ∫ Ξ Ξ ∫ Ω Ω ∫
train_08190,∇ Φ ∂ ∂ Φ Ω Φ ∇ ∇ ∂
train_08191,∇ ∂ ∫ Ξ ∫ Ξ Φ ∫ Ω ∇
train_08192,Ω ∇ Ξ Ω ∫ Φ Ξ Ξ Ξ Ω ∇
train_08193,∂ ∂ Ξ Ω Φ ∇ Φ ∂
train_08194,∇ ∫ Ω Φ Ξ Φ ∫ Ξ Ξ Ω ∂
train_08195,Ω Φ Ω Ω Ω Ξ ∫ Φ
train_08196,∂ ∂ Φ Ξ ∂ ∫
train_08197,Ω Φ ∇ ∫ Ω ∫ ∇
train_08198,Ω ∫ Ω ∂ ∫ Φ ∇ ∇ ∫ ∇ ∂
train_08199,∫ Ω Φ ∂ ∇ Φ ∇ ∇ Ξ Ξ ∇
train_08200,∫ Ξ ∫ ∫ Φ Φ ∇ ∇ Ω Ξ
train_08201,∇ ∂ Ω Φ ∇
train_08202,Ω ∫ ∇ ∫ ∫ ∂ Ξ ∂ Ω
train_08203,∫ Φ ∂ ∇ Ξ Φ ∫ Ξ ∫
train_08204,∇ Φ Ω ∂ ∂ Φ ∇ ∇ Ξ Ω
train_08205,∂ ∫ Φ Ω Φ ∂ Ξ
train_08206,∂ ∇ Φ ∇ ∫ ∂ ∂ ∫ ∂ Φ Φ ∫ ∫
train_08207,∫ Φ Ω Ξ Ω
train_08208,Φ Φ ∫ ∂ ∫ ∇ Ξ Ξ Ξ
train_08209,Ω ∫ Ω Ξ ∂ ∂ ∂ Ω Ω
train_08210,Ξ Φ ∫ Ξ Φ Φ ∫ Φ Φ ∂ Ω Φ Φ
train_08211,Φ Ξ ∂ Φ ∂ ∂ Φ ∇ Φ ∫ ∇ ∇ Φ ∂
train_08212,Ξ Φ ∂ Φ ∫ ∂ Φ Ξ Ξ Ξ ∇ Φ
train_08213,Ω Φ Ξ Ξ ∂ Ω
train_08214,∂ ∫ Φ ∫ ∇ Ξ Ω ∂
train_08215,∫ Ξ ∂ ∇ Ξ
train_08216,Ω ∇ ∫ Ω ∇ Ω Φ ∇
train_08217,∂ ∂ Ω ∂ Ω
train_08218,∂ ∂ Φ ∫ Φ ∂ Φ Φ Φ ∇
train_08219,Ω Ξ ∂ ∇ ∫ Ω Φ
train_08220,Ξ ∂ Ξ ∇ ∇ Φ ∇ ∇ Ω
train_08221,Ξ Ω Ω Ξ Ξ Ω ∇
train_08222,Φ Φ Φ Φ ∫ ∂ Ω ∇ Ξ
train_08223,Φ ∫ ∂ ∫ ∇ Ξ Ω Ξ ∇ Ω ∂ ∂
train_08224,∫ Ω ∫ Ω Φ ∂ Φ ∫ Ω Ξ Ξ ∂ Φ
train_08225,Ξ ∫ Φ Φ Φ ∇ Ω Φ Φ ∫ ∇
train_08226,∂ Ω Φ ∇ ∂ Ω Ω ∇ Φ Ω ∂ Φ ∂ ∫
train_08227,∫ Ξ ∂ ∫ ∫
train_08228,∇ Ω ∫ Ξ Ω ∫ ∫ Ω ∂ Ξ
train_08229,Ξ Ω Ξ Ξ ∇
train_08230,∇ ∫ ∂ Ω Φ
train_08231,∫ Ξ Ω Φ ∂ ∇ ∇ Ω
train_08232,Ξ ∂ Ξ Ω Φ Ω Ω
train_08233,∇ ∂ ∫ ∇ Φ ∫ ∫ ∂ Ω Φ ∇
train_08234,∫ Φ ∇ ∇ ∂ ∂ ∫ Φ Φ Ξ ∂
train_08235,Ξ Φ ∫ Φ ∫ Ω Ξ Φ ∫ ∂ Ω Φ ∫ ∇
train_08236,∫ Ω Φ ∫ Ω Ω
train_08237,∂ ∂ Ξ Φ Φ Φ
train_08238,∂ ∫ ∫ ∂ Ω ∫ Ω Ω ∫ Ξ Ω ∫ Ω Ω
train_08239,∇ ∫ ∂ ∂ ∇ Φ Φ ∂ Ω
train_08240,Φ ∫ Ω Ω ∇ ∂ Ξ Φ Ω ∂ ∂ ∫
train_08241,Φ ∇ Ξ Φ ∂ ∇ Ω ∇ Ω Φ Φ ∇ Ξ
train_08242,Ω ∂ Ξ Ξ ∇ ∂ Φ ∇ Ω ∂ Ξ
train_08243,∂ ∂ Ω Ξ ∫ ∂ Φ Ω Ξ ∇
train_08244,∫ Ω Ξ Φ ∫ ∂ ∫ Ξ
train_08245,Ω ∇ Φ ∫ ∂ ∇ ∫ ∫ ∂
train_08246,Φ Ω ∂ Ω Ξ Ω Ξ ∫
train_08247,Ξ ∂ Φ Ξ ∇ ∇ Φ
train_08248,Ω Ω ∇ Ξ Φ ∇ Ω Φ
train_08249,Ξ Ω ∇ ∫ ∂ Φ ∂ Ω Φ ∂
train_08250,Ξ Ξ ∇ Φ ∫ Φ
train_08251,Ξ Ω ∂ ∫ Ξ Φ ∫ Ξ ∫ ∇ Ω Φ ∇ ∇
train_08252,Ω Ω ∫ Ξ Φ Ω ∂ ∂ ∇ ∂ ∇ ∂ ∇
train_08253,∫ ∂ ∫ ∫ Ξ Ξ Ω ∇ Ω ∇ Ω Ξ
train_08254,Ω ∂ ∇ Ω Φ Φ Φ Ω
train_08255,∂ Φ ∫ ∂ Ξ Ξ
train_08256,∫ Ω Ξ Φ Φ ∇ ∫
train_08257,Φ ∂ ∫ ∫ ∫
train_08258,∫ Φ ∇ Ξ ∇ ∇
train_08259,Ω Φ ∇ ∫ ∇ ∂
train_08260,Ξ Ξ Φ ∫ ∇ ∂ Ω ∂ Ω
train_08261,∇ Ω ∫ Ω ∫ Ξ Φ ∂
train_08262,∂ Φ Ω Ω Φ ∫ ∇
train_08263,∫ Φ ∫ ∂ ∫ Φ Ξ ∇ ∫ ∇
train_08264,∫ Ω Φ ∇ ∇ Ω Ξ ∇ Φ ∫ Ξ ∇ ∂ ∂
train_08265,∫ ∇ ∫ Φ ∫ ∇
train_08266,∫ Φ ∫ Φ ∇ Φ ∫
train_08267,∇ Ω Φ ∇ ∂ Ω
train_08268,∫ Φ Φ ∂ Φ Φ ∂ ∫ ∫ Ω
train_08269,∂ Ω ∇ ∂ ∂ Ω ∇
train_08270,∇ Ξ ∂ ∫ ∂ Φ Ω ∇ ∫ ∇
train_08271,Φ ∂ ∂ ∇ ∇
train_08272,∂ ∂ ∇ Ξ Ω Ξ Ω ∇
train_08273,∇ Ω ∫ ∫ ∇ Φ ∂ ∫ ∫ Ξ ∫ Φ Ω
train_08274,Ω Ω Ξ Φ Ω Ξ ∫ ∫ Ξ ∇ Ω Ξ
train_08275,Ω ∫ ∫ Φ ∂ Ω Φ
train_08276,Φ ∫ Ξ ∇ ∇ ∇
train_08277,Φ ∇ ∫ ∂ Ξ ∇ ∫ Φ ∂ Φ ∫
train_08278,∫ ∂ ∂ ∇ ∂ ∫
train_08279,∫ Ξ Ξ ∇ ∇ Φ Ω ∇
train_08280,Ξ ∇ Φ Ω ∫ ∂ Φ ∇ Ξ Φ ∂ ∂
train_08281,∂ Ξ ∇ ∂ Φ Ξ Ω
train_08282,∂ Ξ ∫ ∇ ∫ Ω ∫ ∇
train_08283,∫ ∇ ∂ Φ Ω ∂ Ω Ω ∇ ∫ Φ ∂
train_08284,Ω Φ Φ ∇ ∂ ∫ Ω Ξ ∇ Ξ ∫ Ω ∫
train_08285,∫ Ω ∂ ∫ ∫ Φ ∂ Ω ∫ ∂ ∂ Ξ
train_08286,Ω Ξ Φ ∂ ∇
train_08287,∂ Φ ∇ Φ Ξ
train_08288,Ω ∂ Φ Ξ Ξ Φ Ω
train_08289,Ω Ω Ω ∫ ∫ Ω Ω Ξ Ω
train_08290,Φ Φ Φ Φ ∂ Ξ Ξ Φ Ξ ∂ Ω
train_08291,∇ ∂ Ω Ξ ∇ Ω ∂ Ω ∇ Φ ∇ ∇ Φ ∫
train_08292,Ξ ∇ ∂ Ω ∇ ∇ Φ ∇ ∂
train_08293,Ω Φ ∇ ∂ Φ ∇ ∫ Φ Φ Φ Ω
train_08294,Φ ∂ ∇ Φ ∂ Ω ∫ Ξ ∫ ∇ ∂
train_08295,Ξ Φ ∇ ∫ ∇ ∂ ∫ Ω ∫ ∂ ∇ ∇ Φ
train_08296,Ω ∇ Ξ ∇ Φ ∂ Φ Ω ∇ Φ ∂ Φ
train_08297,∂ ∇ Ω ∂ Ξ ∫ ∇ Φ Ξ Ξ ∫ Ξ ∂ Ω
train_08298,Ξ ∫ ∂ Ω ∫ Ω ∂ Ω ∂
train_08299,Φ Ξ ∇ Ξ Ξ ∫ Ω Ω ∫ ∫ Ξ Ω
train_08300,∇ ∇ ∂ ∂ Ω
train_08301,∇ Φ Ξ Ξ ∫ Ω ∫ ∇ Ω Ω Φ ∫ Ω Φ
train_08302,Ω ∫ ∂ Ξ Ξ ∂ Φ ∂ Ξ ∫ Ξ
train_08303,Φ ∇ ∇ Ω ∫ ∇ ∫ ∇
train_08304,Ξ Ω ∇ Ω ∂ ∫ ∫ Ω ∫ Ξ Ω
train_08305,Ω ∫ ∇ ∂ ∂ Ξ Ω Ξ Ω Ω ∂ Ω ∇
train_08306,∇ ∫ Ω ∫ ∂ Ω ∇
train_08307,Ξ ∫ ∂ ∇ ∫ Φ Φ Φ ∂ ∇ ∫ Ξ ∂
train_08308,Φ ∂ ∫ ∫ Ω ∫ ∂ Ξ
train_08309,Φ Φ ∫ Ξ ∇
train_08310,Ξ Φ Ξ ∇ ∂ Φ ∇ Φ ∫
train_08311,Φ ∇ ∫ Ω ∇
train_08312,∇ ∂ ∂ ∇ ∫ Ω ∇ Ω Ω ∇ ∇
train_08313,Ξ ∇ ∇ ∂ Ω Ξ Ω Ω ∇ ∇ ∇ Ξ ∂
train_08314,∂ Ξ ∇ ∇ Ξ
train_08315,∂ ∫ Ξ ∇ ∫ Ξ Φ ∂ Ξ ∫ ∇ ∇ ∫ Ω
train_08316,Ξ ∫ Ω ∂ Ξ ∂ Φ Ξ
train_08317,Φ Ξ ∂ ∂ ∫
train_08318,∇ Φ Ω Φ ∂ Ξ Φ Ξ Φ Φ ∫ ∂ Φ
train_08319,∇ ∇ ∇ Ξ Φ ∂ ∫ Ξ Φ
train_08320,∇ ∇ Ξ Ξ Ω Ξ
train_08321,∇ Φ Φ ∫ Ξ Ξ ∂ ∇ Ξ Ξ ∇ Ω Ω Ξ
train_08322,Ω Φ Φ Ξ Ξ Ξ Ω ∂ ∂
train_08323,Φ Ω ∫ Ξ Ω ∂ ∂ ∂ Φ Φ ∂ Ω
train_08324,Ω ∂ Ξ ∂ Ξ Φ Ξ Ξ ∫ Ξ Φ Ω Ξ
train_08325,Φ ∇ Ξ ∂ Ω ∫ Φ Ξ
train_08326,∂ Ξ Ω Ξ ∂ ∂ ∂ Ω Ξ
train_08327,Ω Ω Φ ∫ Ξ ∂ ∇ ∫ ∫ Φ ∂
train_08328,∇ ∂ ∂ ∇ Ξ ∂
train_08329,∇ Ω Ω ∫ ∇ Ω Φ ∫ Ξ
train_08330,∂ Φ ∂ ∫ Ξ ∇ ∇ ∂ Ξ Ξ Ω Ω
train_08331,Ω ∂ Φ Ω ∫ Φ ∫ ∂ ∫ Ω Ξ Φ Ω Ξ
train_08332,∫ Ω Φ ∇ ∇ ∫
train_08333,Φ ∫ ∇ ∫ ∇ ∫
train_08334,Φ ∫ ∂ ∂ ∇ Ξ Φ Ξ Ξ ∂ ∂ Φ
train_08335,∂ Ω Ω Φ Φ
train_08336,∫ ∂ Φ Φ Ξ ∂ Ξ Ξ Ω ∫ ∂ ∂ ∫ Φ
train_08337,Ω Ξ Ξ Ω ∂ ∫ ∂
train_08338,Ω Ξ ∇ ∇ ∫
train_08339,Ω Ω ∇ ∇ ∂ ∫
train_08340,∇ ∫ Φ ∫ ∇ ∇ ∫ ∂ ∂
train_08341,∂ Φ ∂ ∇ Φ ∫ ∂ ∇ ∇ ∂
train_08342,∇ ∫ ∇ ∂ ∇ Ω ∫
train_08343,∂ ∇ Φ Ξ Φ ∂ ∇ ∇ Ω
train_08344,∇ ∫ ∂ Φ Ω Ξ Φ Ξ ∫ ∂ Ω
train_08345,Φ Ξ Ω Ω ∂ ∇ Ω ∇ Ω ∇ Ω ∂
train_08346,Φ Ω ∂ ∫ ∇ ∇ Ω ∫ Ξ Φ
train_08347,Ω ∫ ∇ ∇ ∂ ∫ Ω Φ
train_08348,∇ ∇ Ω ∫ ∇ Ξ ∫ Ξ ∂ Φ Φ
train_08349,Ω Ξ ∇ ∂ ∇
train_08350,Φ ∇ ∫ Ω ∂ Φ Φ ∂ ∂
train_08351,∫ ∇ Ω ∫ ∂ ∫ ∇ ∂ ∂ Φ Ξ ∇ ∫
train_08352,Φ Ξ ∇ ∫ ∂
train_08353,∇ Ω Φ Φ Φ Ω ∫ ∇ Ξ
train_08354,∂ ∫ ∇ ∇ ∇ Ξ ∇ ∂
train_08355,Φ Φ ∇ Φ ∇
train_08356,∇ ∂ Φ Ω ∫ Ω
train_08357,∇ ∇ Φ ∇ ∂ ∫ ∇
train_08358,Φ Ξ Ξ Ω Ω Ω ∫ Φ
train_08359,Ξ ∂ Ξ ∂ ∇ ∇ ∂ ∂ ∫ Ξ ∫
train_08360,Φ ∇ Ω ∂ ∂ Φ Ω ∫ Ξ Φ Φ
train_08361,Φ ∇ ∂ ∇ ∫ Ω ∫ ∂ Ξ ∇ ∫
train_08362,Ξ Ω ∇ ∂ ∫
train_08363,Ω ∂ ∂ Ξ ∇ ∇ Ω Φ ∫ Ω ∇ ∫
train_08364,Φ Φ Ξ ∂ ∫ Φ Φ Ω ∇ ∫ Ω ∇
train_08365,∂ Ω ∇ Ξ ∫ ∂ Ξ
train_08366,Φ Φ ∇ Φ Φ ∫
train_08367,∇ Ω ∂ Ξ Φ Ξ Ξ
train_08368,Φ Ξ Φ ∂ ∇ Ξ Ξ
train_08369,∫ Φ ∇ ∇ ∂ Ξ ∇ Ω Ξ Ω
train_08370,Ω ∫ Ω Ω Φ
train_08371,∇ Ω Ω Ω Ξ Ω Φ ∇ ∂ ∂
train_08372,Ξ Ξ Ω Ω ∫ ∂ ∫ ∇ ∂ ∫ Ξ ∫ Φ
train_08373,Φ Ω Φ ∇ ∫
train_08374,∇ Ξ Φ Φ Ω
train_08375,∫ Ξ Φ ∂ Ω ∇ Ξ ∇ ∫ Ξ Ω ∂ Φ
train_08376,Ω ∫ ∫ ∇ Ω Ω Ω
train_08377,∇ ∂ Φ ∫ Ω
train_08378,Ω ∫ Ω Ξ ∇ Ω Ξ
train_08379,Ω Ξ ∇ Ω Ω ∇ Ξ Ξ Ξ ∇ ∇
train_08380,∇ Φ Φ ∫ Ξ ∂
train_08381,∫ Φ Ω Ξ ∇
train_08382,Φ ∫ ∂ Ξ ∇ ∫
train_08383,∫ ∇ Ξ Ω ∇ Ω ∫
train_08384,∇ ∇ ∫ ∫ ∇ Ω
train_08385,∇ Ξ Ξ Ξ ∂ ∂ ∂ Φ ∇ Ω Ξ ∫
train_08386,∇ ∫ Ξ ∂ ∫ ∂ Ξ ∇
train_08387,Ω Ω Φ Ω Ω Ξ Ω Φ ∇ ∇
train_08388,Ξ Ξ Ω ∂ ∂ Ξ
train_08389,Ξ Ω Ω ∫ ∇ ∇ Ω ∇ ∇ ∫ ∂
train_08390,Φ ∂ Φ Ξ ∫ Ω ∇ ∫
train_08391,Ξ Φ Φ Φ Φ Ξ Ξ ∫ Φ ∂ ∂
train_08392,Ω ∂ Φ ∫ ∫ Φ Ω
train_08393,Ξ Ω ∇ Ξ ∫ ∇ Ω Ω Φ Ω ∫ ∇
train_08394,∇ Ω ∇ ∫ ∂ ∫ ∫ ∇ ∫ Φ ∂ ∇ Ξ Φ
train_08395,∂ Ξ Ξ Ξ ∇
train_08396,Ω ∫ ∇ ∇ Ω Ξ Ω Ξ Ω ∂ ∇
train_08397,Φ Ω Ω Φ Φ
train_08398,Φ ∇ ∂ Φ Ξ Ω ∂ ∇ Ω ∂ Φ ∫ Ξ
train_08399,∂ Ξ Ξ ∇ Φ
train_08400,Ω ∫ ∂ Ω Φ Ω Ω Φ Ω ∫ Ω ∫ ∫
train_08401,Ω Ω ∫ ∫ Ξ ∂ ∂ Ω ∇ ∂ Ξ
train_08402,∫ ∇ ∇ Ξ Φ ∂ Φ Φ Φ ∇ ∇ Ξ
train_08403,∂ ∂ Ω ∫ Ξ ∇ Ξ ∫ Ω
train_08404,∂ ∇ ∫ ∂ Φ ∇ ∫ ∫
train_08405,Ξ ∇ Φ ∇ ∇ ∫ Φ ∫
train_08406,Φ Ξ ∫ Ω Ω ∫ ∇ ∂ ∇ ∂ ∇
train_08407,Ξ ∫ ∫ Φ ∫ Ξ Φ ∫ ∫ Ξ ∫
train_08408,∂ ∇ ∫ ∫ ∫ ∂ Ξ ∂ ∇ ∇ ∇ Φ Φ
train_08409,Ω ∇ ∇ ∂ ∂ Φ Ξ ∂ Ω ∂ ∇ Ω ∇ ∂
train_08410,Ξ ∂ ∂ ∂ Φ Ω Ω ∂ ∇ Ω Ω ∫ ∂ ∇
train_08411,∂ ∂ Ξ Ω ∇ ∇ ∇ Ω ∂ Ξ Ξ ∂
train_08412,∇ Φ ∫ ∫ Φ ∂ Ξ ∫ ∇
train_08413,Ω Ξ ∂ Ξ Φ Ξ ∫ ∇ ∇ ∂
train_08414,∂ ∫ ∂ Ω ∂ Ω ∫ ∂ Φ ∂ ∫
train_08415,Ω Ω Ξ Φ Φ ∂ ∫ Ξ Ω ∂ ∂ Ω Φ
train_08416,Ξ ∂ ∂ ∫ Φ ∫ Φ ∂ Ξ ∇ Ξ
train_08417,Ξ Ω Ω Ω ∇ Φ ∇ ∫ Ξ
train_08418,∂ Φ Ω ∇ Φ Ξ ∇
train_08419,∫ Ξ Ξ Φ ∫ Ξ ∂ Ξ Φ
train_08420,∫ ∂ Φ Ω ∂ ∂ Ω Ξ Φ ∂
train_08421,∫ Φ Ω ∇ Ω
train_08422,∂ Ξ Ω ∂ ∫ Φ ∇ ∇ ∇ Φ Ξ ∫
train_08423,∂ Φ ∫ Ξ ∫ ∂ Ξ ∂ Φ ∂
train_08424,∂ Ξ Ω Ξ ∇ Φ ∫
train_08425,∫ ∇ Ω Φ Φ ∫ Φ
train_08426,Ξ ∇ ∂ Ω ∂ Ω
train_08427,∫ ∇ Ξ ∇ ∫ ∂ ∇ Ω ∇ Ξ ∫
train_08428,Ξ ∇ ∇ ∇ Ξ ∂ ∫ Ω Φ Φ ∂
train_08429,Φ Ξ Ξ ∂ ∫ ∫ Ω Ξ
train_08430,∫ ∇ ∇ Ω ∫ Ξ ∇ ∂ ∂ Ω Φ ∇
train_08431,∫ ∂ ∇ ∇ Ω ∫ Ω Ξ Ω ∂ ∫ Ω ∫ Φ
train_08432,∫ Φ Φ Ω ∂ Ω
train_08433,Φ ∂ Φ ∇ Φ Ξ ∫ Ξ ∇ ∫
train_08434,∇ ∂ ∫ ∫ ∫ ∫ ∇ ∂ Ω Φ ∇ ∂ Ξ Ξ
train_08435,∂ ∇ Φ ∂ ∇ ∫ ∇ ∫
train_08436,∇ Ω ∇ ∂ Ξ ∇ ∫ Ω Ω Φ Φ
train_08437,∂ ∂ Ω ∇ Ω
train_08438,Ξ ∫ Ξ ∫ Φ Ω ∇ ∇ Ξ ∫ ∂ Ξ
train_08439,∫ Ω Φ Ξ ∇ Φ ∇ ∫ ∇
train_08440,∂ ∂ ∫ Ω ∇ Ξ Φ Φ ∫ ∂ Ξ
train_08441,Φ Ω Ξ Φ ∇ ∫ Φ ∇ Φ ∫ ∫ ∂
train_08442,∇ Ξ Ω ∇ Ξ
train_08443,∇ ∂ Φ ∫ Ω ∫
train_08444,Ω Φ ∇ Ξ ∇ ∂ Φ ∇ ∇ ∫ ∇
train_08445,Ξ Ω Ξ ∇ ∇ Ω ∂ ∂ Φ
train_08446,∫ Ω Ω ∇ Ω Ξ ∇ ∂ ∫ Φ
train_08447,∂ Ω ∫ Φ Φ Ω ∇
train_08448,Φ Ω ∇ Φ ∇ ∂
train_08449,Φ Ω Ξ ∇ Φ ∫
train_08450,∇ ∂ Ω ∂ ∫ ∫
train_08451,Ω ∇ Φ Ω Ξ ∂ Ξ ∂
train_08452,∇ Ω ∂ Ξ Φ ∂ Φ Ω
train_08453,∂ ∇ ∇ ∇ Ξ
train_08454,Ω ∇ Ω Ω ∫ Ω Ξ ∫ Ω ∂ Φ ∂ ∂
train_08455,Ξ ∫ ∂ ∇ ∂ Ξ Ω Ω Φ ∂ ∫ ∫ ∂ Ξ
train_08456,∫ ∇ ∂ Ξ Ξ
train_08457,∇ Φ Ξ Ω Ξ Φ Ξ Φ Φ Ξ Φ Ξ Φ ∇
train_08458,Ω Ω ∂ Φ ∫ Ω ∇ Ξ ∫ ∇
train_08459,Ω Φ Ω ∇ ∇ ∂ ∇ ∫ Φ Ω Φ Ω ∫ Ω
train_08460,Ξ Φ Ω Ξ Φ ∫ Φ ∇ Φ Ξ ∇ Φ Ξ
train_08461,∇ Ξ Ξ ∇ Ξ ∇ ∇ Ξ Ω
train_08462,∫ Ω ∫ Φ ∇ ∂ ∫ ∂ Ω ∇ Ω ∇
train_08463,∂ ∂ Φ ∫ Φ Ω Ξ ∇ ∂ Ω
train_08464,Ω Φ Ω ∇ Ξ Ξ ∇ Ξ ∫
train_08465,∫ ∫ ∇ ∫ ∇ Ξ Ω ∂ Ω Ω Ω
train_08466,∇ Ξ Ξ Ω Ξ ∇ Ξ ∇ ∫ ∇ ∂
train_08467,∂ ∂ Ω Ξ ∇ ∇ ∂ Φ Ω Φ
train_08468,∫ ∇ ∫ Ω Φ ∂ Ξ Ω Φ ∫ Ω Ω ∇ ∫
train_08469,∂ Ω ∇ ∫ Ξ Φ Ω ∇ Φ ∫ Φ
train_08470,Φ Ω ∫ ∇ Ω Φ Ξ
train_08471,∫ ∂ Φ ∫ Ω Ξ Ξ Ω ∇
train_08472,∂ Ω Φ Φ ∇ ∂ ∂ ∫ ∫ ∫
train_08473,∫ Ξ ∂ Φ ∫ ∂
train_08474,Ω Ξ ∇ ∇ Ω Ω Ω ∇ Ξ ∂ ∫
train_08475,Φ Ξ Φ Ξ ∇ ∇
train_08476,Ξ ∫ Ω ∇ Ω Ξ ∫ Ω ∂ ∇ Φ ∇
train_08477,Φ ∂ Ξ ∇ Ω Ω ∂ Φ Φ Ξ ∫ Ω
train_08478,Φ Ω Φ ∂ Ω Ξ Ξ Φ ∫ Ξ ∫
train_08479,∫ ∫ ∂ ∫ Ω ∫ ∇ Ω Ω Φ ∫ Ω Φ ∇
train_08480,Ξ ∫ Ξ Φ ∂ Ξ Ω Φ Ω ∂ ∇
train_08481,∇ Φ ∂ ∇ Φ
train_08482,Ξ ∫ Ξ Ξ ∂ ∂
train_08483,Ω ∇ ∂ Ω ∫ ∇ ∫ Φ Φ Ξ ∇ Ω Ξ
train_08484,Φ ∂ Ξ ∇ ∫ Ω
train_08485,∂ ∂ Ω ∫ ∫ Ω Ξ Ξ Φ ∂
train_08486,∇ Φ Ξ ∫ ∂ ∫ ∂ Ω Ω ∇ Φ Φ ∫ Φ
train_08487,Φ Φ ∂ ∂ ∂ Ω ∂ ∂ ∂ ∫ Ξ
train_08488,Ξ Ξ Φ Ξ Ξ Φ Ω ∫
train_08489,∫ Ω ∂ Φ ∫ ∂ ∇ ∇ Ξ ∇ ∫ Ω
train_08490,Ξ Φ Ω ∇ Φ ∇
train_08491,∫ ∂ Ξ ∫ Ξ Ω ∂ ∂ Φ ∇
train_08492,∇ Φ Φ ∇ ∫ ∂ Ω ∂ Φ ∂
train_08493,Ω Ξ ∫ Ω Ω Ω ∫ ∂
train_08494,∇ Ω Φ ∫ ∫ ∂ Ξ Ξ ∂ ∫ ∫ ∂ ∫
train_08495,∫ Ξ Φ ∇ Ω Ω
train_08496,Φ ∫ ∇ Φ ∫ ∇ ∫
train_08497,Ξ Ξ ∇ Ω ∇ ∫ Φ Ω ∇
train_08498,∇ ∂ Ω ∂ Φ
train_08499,∂ ∇ ∫ Ω ∇ Ω Ξ Ξ
train_08500,Φ ∂ Ξ ∫ Ξ
train_08501,Φ Ξ Ω Ξ Ξ ∂ Φ Ξ
train_08502,Ω ∂ ∂ Ω ∂ ∇ ∇ ∂ Ω ∇
train_08503,∇ Ξ Ω Ω ∂ ∫ Φ
train_08504,Ξ ∇ Ω Ξ Ξ ∫ Ω Ω
train_08505,Φ Φ Ω Φ ∂ Ξ ∂ ∫ Ω Ω ∇ ∫ ∇ ∂
train_08506,Ξ Ξ Ξ Φ Φ ∂ ∂ ∂
train_08507,∇ ∂ Φ Ξ Ξ ∇ ∇ ∇ ∂
train_08508,Ξ Ξ Ξ ∫ Ω Ξ ∂ Ξ ∫ ∫
train_08509,Ω Ω Ξ Ω ∇ Ξ ∫ ∫ Ω Φ
train_08510,Ξ ∂ Φ Ξ Φ Ω Ω Ξ Ξ Φ
train_08511,Ω ∇ Ξ Ξ Ω ∇ Ω Ω Ξ
train_08512,Φ ∂ ∇ Ω ∇ Φ ∫ ∫
train_08513,∫ ∂ ∫ ∫ Ω Ξ ∫ Ω Φ Ω
train_08514,Φ Φ Ω Φ ∫ ∂ ∫
train_08515,∫ Ξ ∂ ∫ ∇ Ω
train_08516,∫ Ξ Φ Ω Φ ∫ ∂ Ξ ∇ Ω ∫ Φ
train_08517,∂ Ω Ω Ω ∇ Φ Φ
train_08518,Φ ∂ Φ ∫ Ω Φ ∇ Ω
train_08519,∇ ∇ ∂ ∇ Ξ ∫ ∫ ∂ Ξ ∫
train_08520,∫ Ξ ∂ ∇ Ω ∫ Φ Ξ ∇ Ξ Ξ
train_08521,∫ ∫ Ω ∫ ∇ Φ ∂ ∂ Ω ∫ Φ Ω ∂ ∫
train_08522,Φ ∫ Ω Ξ ∫ ∂ ∇ Φ ∇ ∇
train_08523,∇ Φ ∇ Ω Ξ
train_08524,∇ Φ Φ Ξ Φ ∂ Ω Ξ ∫ Ξ Ξ
train_08525,Φ Φ ∂ Ξ Ω ∇ ∫ ∇ ∇ Φ Φ
train_08526,∫ ∫ Ω Φ Ω Ξ Ω Ξ ∇ Ω Ξ ∂
train_08527,Φ Φ Ω Φ ∇
train_08528,∇ ∇ Ξ ∇ Φ
train_08529,∂ Φ ∂ Ξ Ω ∇
train_08530,Ξ Ξ Φ ∇ Ω Ξ ∂ Ω ∇
train_08531,Ω ∫ Ξ Ξ ∇ ∂
train_08532,∫ Ω ∂ Ξ Ξ ∇ ∫
train_08533,Ξ Ξ ∫ ∂ Ξ Φ ∇ Φ Ξ ∂ ∇ Φ
train_08534,Ω ∇ Φ ∂ Φ ∫ Ω ∇ ∇ ∇ Ω Φ Φ
train_08535,Φ Φ Φ Ω Φ ∇ Ξ Φ Φ ∫ Φ ∇ Ω
train_08536,Ω Ξ ∂ Ω Ξ Φ Ξ ∇ ∇ Ω
train_08537,Ξ ∇ ∫ ∫ ∂ ∂ Ξ ∂ Ω ∂ Ω ∂ Ξ
train_08538,Ω Φ Ξ ∫ Φ ∫ ∇ ∫ ∇ ∂ ∂ ∇
train_08539,Φ Ξ Ξ ∂ ∫ ∫ ∫ ∇ Φ ∂ ∂
train_08540,Ω Φ Φ Φ ∂ Ξ ∂ Ω
train_08541,∂ ∂ Ω Φ ∂ Φ Ξ Ξ Φ ∂ Ξ
train_08542,Ω Ξ ∂ ∫ ∫ ∂ Ω Ξ Φ Ω Ω ∫
train_08543,∇ ∇ ∂ ∫ ∫ Ξ ∫ Ξ ∂ ∫
train_08544,∇ Ξ ∂ Ω ∇ Ξ ∫ Φ Ω
train_08545,∫ ∇ ∂ Ξ Ω Φ
train_08546,∫ ∂ ∇ ∫ ∂ Ω
train_08547,∇ Φ ∫ ∫ Ω
train_08548,Ξ ∂ ∫ Φ Φ Φ Ξ ∂ Ξ ∇ Ξ ∂
train_08549,Ξ Ω ∫ Ω Φ ∫ Ω ∫ Φ Ξ ∫ Φ ∇
train_08550,∂ ∫ ∇ ∫ ∇ Ω Φ ∫ Φ Ξ ∇ ∂ Φ ∫
train_08551,∇ Φ ∇ ∂ ∇ ∫ Ξ ∂ Φ ∇ ∇
train_08552,Ξ ∂ ∂ ∇ ∂
train_08553,∫ ∫ Ω ∂ ∂ Ω
train_08554,Ω ∇ ∇ Φ ∫ Φ ∫
train_08555,∂ ∫ Ξ ∇ Ω Ω Φ Φ Ω ∫ Ω ∫ ∫
train_08556,∫ Ω ∂ ∇ ∂ Φ ∂ Ω Ξ ∫ ∇ Ξ
train_08557,Φ ∫ Ξ Φ ∫ Ω Ω Ξ Ω Ω Φ ∇ Ξ
train_08558,∂ Ω Ξ Φ Ω Φ ∫
train_08559,Φ ∂ Φ ∂ ∂ Φ ∇ ∫
train_08560,Ξ ∇ ∫ Φ Φ Ω ∇ ∇ Ω
train_08561,Ω Φ Ξ ∫ Ω Ω ∂ ∫ Ξ ∇ Ξ ∂ Ξ
train_08562,∂ Ξ ∂ ∫ Ξ ∂ ∫ ∂ Φ ∂ ∂ Φ ∂ ∫
train_08563,∇ Ω Ξ Ξ ∇ ∫ ∇ ∇ ∂ Ω ∇
train_08564,Ξ ∫ Ξ ∫ Ω Ξ Φ Ω Ξ Ξ
train_08565,Ξ ∫ ∂ Φ ∫ Ξ ∫ Ξ Φ Ξ
train_08566,Ξ Φ ∇ Ξ Ξ ∫ ∂ Φ Ω
train_08567,Ω Ω ∫ Ω Ξ ∇
train_08568,∂ ∫ ∂ ∇ Ξ
train_08569,Ω ∂ Ξ ∫ Ω
train_08570,∫ ∂ ∫ ∇ Ω ∂ Φ Φ
train_08571,∇ Φ Φ Ξ Ω ∇ ∫ ∫ ∫
train_08572,∇ ∫ Ω Ξ ∂ Ω
train_08573,∫ ∂ Ξ Ξ Ω Ξ
train_08574,Ξ ∇ ∇ Ω Ω ∇ Φ ∂ Ω Ω Ω Ξ Φ
train_08575,∂ Ξ ∇ ∇ ∫ ∫
train_08576,∫ ∫ Φ ∂ ∂ Ω Ξ ∇ Ξ Ξ Ω ∫ Φ ∇
train_08577,Ω Φ Φ Ω Ξ Ω ∂ ∫ ∫ ∇ ∇
train_08578,Ω Ω Ξ ∫ ∂ Ξ
train_08579,Ω Φ Ξ ∫ Ω ∂
train_08580,∇ ∂ ∫ Ω Ξ Ω ∇ ∂ Ξ ∇ ∂ Ω Ω
train_08581,Ξ Φ Φ ∂ Φ Ω Ω Φ ∂ Ξ
train_08582,Ξ Ξ Ω ∫ Φ Φ ∂ ∫ Φ
train_08583,Ξ Ω ∫ ∇ Φ Φ Φ Ξ Ω
train_08584,Φ Ξ Ξ ∇ Ω Ω Ω Ξ
train_08585,∇ Φ Ω Ω Φ Ξ ∇ Ξ
train_08586,Ξ Φ Ω Ξ ∂ Ω ∂
train_08587,Φ Ω ∂ ∇ Ξ Ξ Φ
train_08588,∇ ∇ Ω ∇ Φ Ξ
train_08589,∇ ∂ ∇ Ξ Ξ ∇ ∫ ∇ ∇ Ω ∫ ∇ ∇
train_08590,Ξ ∫ ∂ Φ ∫ ∇ ∫ Ω Ξ
train_08591,Ω ∂ Ω ∫ ∂ ∂
train_08592,∂ Ω Φ Φ ∂
train_08593,Ξ Φ Ξ ∇ Φ Ξ Φ ∇ Ω ∂
train_08594,∂ ∇ Ω ∇ Ω ∂ Ω Ξ Ξ Ω Ξ ∫
train_08595,Ω Φ ∇ Ξ ∫ ∫
train_08596,Ξ ∇ ∂ Ξ Ω ∇ Φ ∫ Ω Φ ∫ Φ Ξ
train_08597,∂ Φ Ω Φ ∫ ∇ ∇ Φ ∇ Ξ Ξ
train_08598,∂ ∂ Ω Ξ Ω Ω Φ
train_08599,Φ Ω Ω ∇ Φ
train_08600,∫ Φ ∇ Ω ∫ ∇ Φ ∂ ∫ Ω ∇ ∫
train_08601,∇ Ω ∇ ∫ ∫ ∂ ∫
train_08602,Ξ Ξ ∂ ∇ ∇ Ω Ξ Ξ
train_08603,∫ Ω ∂ Ξ Φ ∂ ∂ ∫
train_08604,Ξ Ξ ∇ ∂ ∂ ∂ Ω ∂ ∫ ∇
train_08605,∇ Ω Ω Ω ∂ ∂
train_08606,Ω Ξ ∇ ∇ ∫ ∇ Φ Ω Ξ
train_08607,Φ ∫ ∫ ∫ Φ
train_08608,∇ ∇ ∇ Ξ ∫ Ξ Φ ∫
train_08609,∂ Φ ∫ Φ Φ ∇ Ω Φ Φ Ω
train_08610,Ξ Ξ ∂ Ω Φ Φ
train_08611,∫ ∫ ∫ ∫ ∫ ∂ ∇ ∂ ∂ ∇
train_08612,Ξ Ω Φ ∫ ∇ Ω Ω
train_08613,Ω ∂ Φ ∫ ∫ Φ Ω ∂
train_08614,Ξ ∇ ∫ Φ ∫ Φ ∫ ∂ ∂ Ω ∂ ∂
train_08615,∂ Φ Φ Ξ Ξ Ξ Φ Ω ∇ Φ
train_08616,∫ ∫ Φ ∂ ∫ Ξ ∇ ∫ Ξ ∫ Ω ∇ Φ
train_08617,Ω ∂ ∂ ∂ ∂ Ω
train_08618,∫ Φ ∫ ∂ Ω Φ Ξ Ω Φ ∇ Φ ∇
train_08619,Ω ∂ Ξ ∂ Ω Φ
train_08620,Ξ Ξ ∇ Φ Ω Ξ Ω Φ Ω Ω
train_08621,∫ Ξ Φ Φ Ω ∇ ∫ Ξ ∫ ∂ ∂ Φ Φ Ξ
train_08622,∫ Φ ∂ ∂ ∂ Φ Ω ∇ ∂ Ω Ω
train_08623,Ω Φ Ω Ω ∇ ∫ ∂ ∫ ∫ ∇ Ω ∫ ∇ Ω
train_08624,∂ Ω ∇ Ξ ∇
train_08625,∇ Ω Φ ∫ ∫ ∇ ∇ Ξ Ω ∂ ∫ ∂
train_08626,Ξ Ω Ω Ξ Ω ∇ ∂ Ω ∂ Ξ ∇ Φ ∂ Ω
train_08627,Ξ Φ ∫ Φ ∇ Φ
train_08628,Φ Ω ∂ Φ Ω Ω ∂ ∫ Φ ∂ ∇ ∇
train_08629,∂ ∂ Φ ∇ ∫ ∫ Φ ∂ Φ
train_08630,Ω ∂ Φ Ω Ξ Ω Ξ
train_08631,∇ Ω Ξ ∇ Ξ ∫ Ω
train_08632,Ξ Ω ∇ ∇ ∂ Ω ∂ ∇
train_08633,∇ Ω Ξ ∂ Φ ∫
train_08634,∇ ∇ Ω ∂ Ω Ω Ξ Φ Ξ Ω ∇ ∫ ∇ ∂
train_08635,Ξ Φ Φ Ξ ∇ ∂ ∫
train_08636,∫ ∫ ∇ Φ ∇ ∇ ∂ ∇ Ω
train_08637,Ξ ∇ Φ ∫ Ω Ξ ∫ ∂ ∂ Ξ ∂
train_08638,∂ ∇ ∫ ∫ ∂ ∇ Φ Ξ ∂ ∫ ∇ ∫ ∇ ∂
train_08639,Ω Ξ ∂ ∂ ∂
train_08640,Φ ∫ Φ Ω ∇ Φ Ξ Ω ∫ ∫ Φ ∫
train_08641,Φ Φ Ω ∫ ∫ ∫
train_08642,∇ Ξ ∇ Φ ∂ Ω ∂ ∂
train_08643,Ξ Ω Φ Ω ∂ ∇
train_08644,Ω Φ ∂ Φ ∂ ∇ ∫ Ω Ω Φ Ξ ∇ ∫ ∇
train_08645,Ω Φ Ξ Φ Φ Ω ∇ ∫ ∫ Ω Ω ∂ ∂
train_08646,∫ Ξ ∇ Φ ∇ ∫ Ω ∇ Ω Ξ Ω ∇ ∫ Φ
train_08647,Ξ ∇ Ω Φ ∫ Ξ ∇ ∇ ∂ Φ
train_08648,Ξ ∂ Ω Φ ∂ Φ Φ
train_08649,Ω Φ ∇ ∫ ∇ Ω Ω Φ Ξ ∂ Ω ∂
train_08650,∫ ∇ ∫ Φ ∇ Φ
train_08651,Ξ ∂ Ξ ∫ Ω ∫ Ω Ω ∫ Ξ ∇
train_08652,Ξ Ω Ξ Φ Ξ ∂ Ξ Φ
train_08653,Φ Ξ Ω Ξ Φ Ω ∇ ∫ ∫ Ω
train_08654,∂ Φ Ξ Ξ Φ ∂ Φ ∂ ∂ ∂
train_08655,∂ ∇ Φ Ξ Φ ∇ ∇ ∇ ∫ Ξ
train_08656,∂ Ξ ∇ ∫ ∇
train_08657,Ξ ∫ Φ ∂ Φ ∂ Φ ∂
train_08658,∂ Ω Φ ∇ ∫ Ξ ∇ Ω
train_08659,∇ ∫ Ξ Ξ Φ ∂ ∂ ∇ Ω Ω ∫ Ξ Ξ ∫
train_08660,Ξ Φ Φ Φ ∇ ∇ ∂ ∂ Ξ ∂ ∫
train_08661,Ω Φ ∫ Ξ Ω Ξ ∫ Φ ∫ Ω Ω Ω
train_08662,Ω Ω Ω ∫ Φ Φ ∂ ∂ ∫ Φ ∂ ∂
train_08663,Ω ∂ ∂ Ξ Ω
train_08664,∇ Ω Ξ ∫ ∫ ∫ ∇ ∫ ∂ ∂ ∂ ∫ Ξ
train_08665,∇ ∇ ∂ Ξ ∫
train_08666,Ω ∇ Ξ ∇ Ω Φ
train_08667,∇ Φ ∇ Φ ∇
train_08668,Ξ Ξ ∇ Ω Φ ∫ ∇ ∇ Φ Φ
train_08669,∇ Φ ∇ ∂ ∂ Ω Ξ Φ Ω
train_08670,∫ Ξ Ω Ω Φ Φ ∂ ∇ ∫ Ξ
train_08671,∇ ∇ Ω Ξ Φ ∇ Ξ Φ ∇ Ξ ∫ Φ
train_08672,Ξ Φ Ξ Ω Ξ Ξ
train_08673,∇ ∇ ∫ Φ Φ Φ Ω ∂ Ξ
train_08674,∫ Ξ Φ ∇ Ω ∇ Ξ ∫ Φ ∂ ∫ ∇ Φ
train_08675,Ξ ∫ ∂ ∇ ∫ Φ Ξ ∇ ∂ Ω Ω
train_08676,Φ ∫ ∫ ∇ Ω
train_08677,Ξ ∫ Ω Φ Ξ Φ ∇ Ω
train_08678,∫ Ξ ∫ Φ Ω ∂ Ω
train_08679,Φ ∂ Ξ ∂ Φ Φ Ξ
train_08680,Ω Ξ ∇ Ξ ∇ ∇ Ω Ξ Φ Φ Ξ ∇ Ξ
train_08681,Ω ∂ Φ Ω ∇ ∂ ∇ ∂ ∂ Ξ
train_08682,Φ Ω Ξ ∇ ∂ Φ Φ Φ ∂ Φ Φ ∂ ∇ Ω
train_08683,∇ ∂ Φ ∂ Ξ Ω Φ Φ ∫ ∫
train_08684,∇ ∇ Ω ∂ Ξ Ξ Ω ∇ Ξ Ξ Φ Ω Φ ∂
train_08685,∂ Ξ Ξ ∇ ∫
train_08686,∫ Ω Φ Ξ Ω ∂ ∇ Φ Φ Ξ ∇ ∇ Ξ ∂
train_08687,Ω Ω ∫ Ω Ξ ∇ ∂ ∫ Ξ ∇ Ω ∫ Ω Φ
train_08688,Ξ Ω ∇ Ω Φ Ω ∂ Φ ∫ Ξ Φ ∂ Φ ∂
train_08689,Φ Φ Ξ Ξ Ω ∂ ∂ ∫
train_08690,Ξ ∇ ∇ Φ ∫ ∫ ∂
train_08691,∫ ∇ ∇ ∫ ∂ Ω ∇ Ξ ∂ Ξ Ω ∂ Ω Ω
train_08692,Ξ ∂ ∂ ∂ Ξ Ξ ∂ Ξ Φ ∇ ∂ ∫
train_08693,Ω Φ Ξ ∂ ∇ Ω
train_08694,∇ ∂ Φ Ω ∫
train_08695,∂ Φ Ω Ξ Φ
train_08696,Ξ Φ Φ ∂ ∇
train_08697,Ω ∇ Ω ∂ Φ ∫ Ω ∇ Ω ∂ Ξ ∇
train_08698,Ξ Ξ ∫ ∫ Φ ∂ Φ Ω Ξ ∂ Φ ∇
train_08699,∂ Ξ Φ ∇ ∫ ∫ Ξ Ξ Ξ ∂ Ω Φ Ξ
train_08700,Ω Ξ Ξ Φ Ω ∂ ∂ Φ Ξ
train_08701,∂ ∇ Ξ ∫ ∫ ∇ Ξ
train_08702,Φ Ω ∫ ∫ ∂ Ω Ω Ω Ξ Ω ∂ ∫ Ω ∇
train_08703,Ω Ξ ∇ ∫ ∫ Φ ∇ ∫ Φ ∫ ∂
train_08704,∇ Ξ Ω ∫ Φ ∂ ∫ Ω ∂ Ξ
train_08705,∂ Ξ Φ ∫ ∇
train_08706,Φ ∇ ∂ Ω Ξ ∫ Ξ ∇ ∫ Ω ∫ Ξ Ω
train_08707,∇ ∫ Ω ∂ Ξ ∂ Ω Ξ ∫
train_08708,∇ Ξ Ξ ∫ Ω Ξ Ω ∫ ∫
train_08709,Φ ∇ ∂ Ω Φ ∫ ∇
train_08710,Ξ Φ ∂ Φ Ω ∫ ∂ ∫ ∂ ∫ ∇ Φ ∂
train_08711,Ξ Ξ ∫ ∂ Ω Ω Ξ Φ ∂ ∇ Φ
train_08712,Ω Ω ∂ Φ Ξ Ω ∫ Ω ∫ Ξ
train_08713,Ω Φ ∇ ∇ Φ ∇ Ξ ∂ ∂
train_08714,Ξ Ω Φ Ξ Ω ∂ Φ
train_08715,Ω Φ ∇ Ξ ∫ ∂ ∇ ∂ Ω Ξ Ξ ∫
train_08716,∫ Ξ Ξ Ξ ∇ Ξ Φ ∂ Φ Φ
train_08717,∂ Ω ∫ Φ Ω
train_08718,∫ ∇ ∇ Φ ∇ Φ Ω Ξ
train_08719,∫ ∇ Ξ ∇ ∇ ∇ Φ ∂ ∇ Φ ∫ ∫ ∇ Φ
train_08720,Ω Ω Φ Ξ ∇ ∂ Ω ∂ Φ ∫ Ξ ∂ ∂ Φ
train_08721,Ξ ∂ Φ ∇ Φ Ω ∂ ∫ Ω
train_08722,∫ ∂ ∂ Ω Ω Φ Ξ ∇ Ω ∂ ∫ Ω
train_08723,∫ ∇ Φ ∫ ∇ ∫ ∂
train_08724,∫ ∫ Ω ∫ ∫ Ω
train_08725,∂ Φ ∫ ∇ Ξ Ξ Ξ ∫ ∫ Φ ∂ Ξ
train_08726,Ω ∇ ∫ Ω Ω ∂ Ξ ∫ ∂ Ξ Ω
train_08727,∂ ∂ Ω Ξ ∇ Ξ Ξ
train_08728,∫ Ξ ∂ Φ Ξ Ξ ∫ ∂ Φ Φ Ξ ∫
train_08729,∇ Ξ ∂ Ξ Ω ∫ ∫ Ω Ω ∂ Φ
train_08730,Φ ∂ Φ Ξ Ω ∫ ∂ ∂ Ω ∇ ∂ Ω
train_08731,∫ ∇ ∫ ∂ Φ Ξ ∂ Ξ
train_08732,∫ ∇ Ω ∇ ∂ ∂ ∇ ∫ ∇ ∇ Φ ∇ ∇
train_08733,Ξ Ξ Φ ∂ ∫
train_08734,Ω Φ Φ ∂ Ξ Ξ ∇ Φ ∫ Ξ Φ Ξ Ξ Ω
train_08735,∇ ∇ Φ Ω Φ ∫ Ξ
train_08736,Φ ∂ Ω ∫ ∂ Ξ Φ Ω Ξ ∇ ∫
train_08737,∫ ∫ Ξ ∂ ∫ Ω ∫ ∇ ∂ Ξ
train_08738,∫ ∂ Ω Ξ Ξ Ξ ∂ Ω ∂ Ω ∇ Ω
train_08739,Ω Ω Ξ Ξ ∫ ∇ ∫ ∫ Φ ∫ Φ Φ ∫ Ξ
train_08740,∇ ∇ ∇ Ξ ∫ ∇ ∂ ∂ Φ
train_08741,Ξ Ξ ∇ ∇ Φ ∂ ∫ ∫ ∂ Ω Φ
train_08742,Ξ Φ Ω ∂ Ξ ∇ ∇ ∫ Ω
train_08743,∂ ∂ ∂ ∫ Ω Ω ∂ ∂ Φ
train_08744,∫ Φ ∫ ∇ ∫ Ω ∂ ∂ Ω Ξ
train_08745,∇ Ξ ∫ Φ ∇ Ξ Φ ∇ Φ Ω ∇
train_08746,∫ ∂ ∫ Φ Ω ∫ Ξ ∇ ∇ Φ
train_08747,∂ ∫ Ω Ω ∇ Ξ Ω
train_08748,Ω ∫ Φ ∫ Ω Φ ∂ ∂ ∇
train_08749,∂ Ω Ω Ξ ∫ ∇ Φ
train_08750,∂ ∇ Φ Ω ∫ Ω ∇
train_08751,∫ Φ ∫ Ω ∇ Ξ ∂ ∇ ∇
train_08752,∂ ∫ Ξ Ξ ∂ ∂ Ξ
train_08753,∫ Ω ∫ Ω Ξ Ω ∫ ∇ ∇ ∇ Ω Ω
train_08754,∂ ∫ Ξ ∂ ∫ ∂ ∫ Ξ ∂ ∫ Ω Φ Φ
train_08755,∫ Φ ∫ ∂ Φ ∫ Ξ ∂ Ξ Φ ∇
train_08756,Ξ ∂ ∇ ∫ Φ
train_08757,∫ ∫ ∇ ∇ Φ Ξ Ω Ω ∫ ∇ ∫
train_08758,∇ Ξ ∇ Ω Ξ ∂ ∂ Ω Φ Φ ∇ Φ
train_08759,Ξ Ξ Ξ ∫ ∫ ∇ Ω Φ Φ Φ Ω Φ Φ
train_08760,Φ Ξ ∂ Ω Ξ ∫ Ω Φ ∂ Ξ Ξ Ξ Ω
train_08761,∂ Φ ∇ ∂ Ξ Ω Φ Ω Ξ ∂
train_08762,∫ ∫ Ω ∂ ∂ Ξ ∂ Ξ ∫ Φ Ξ
train_08763,∫ Φ Ξ ∂ ∇ ∇ ∂ Ξ
train_08764,Φ ∂ ∇ ∇ ∂ Ω ∇ ∂ Ξ Ω
train_08765,∂ ∇ ∫ Ω ∇ Φ ∂ ∇ ∫ Ξ
train_08766,∂ ∫ Φ Ω Ξ Ξ ∂
train_08767,Ξ Ξ ∫ Ξ ∂ ∂ ∫ ∫ ∇
train_08768,∂ ∇ ∫ Ξ ∇
train_08769,Φ ∇ ∫ ∂ ∇ ∇ Φ
train_08770,∇ ∇ ∂ ∫ Ω ∂ ∫ Ω ∂ Φ
train_08771,∂ Ω ∂ ∂ ∇ ∫ ∫ ∫ Ω ∫ ∇ Φ Φ ∇
train_08772,∫ Ω ∂ Φ Φ Ξ ∇
train_08773,∇ Ω Ξ ∇ Ω Ξ Ω ∫ ∫ ∂ Ω ∂ ∫
train_08774,Φ Ω ∂ ∂ ∂ ∂ Φ Φ Ξ Φ ∂
train_08775,∂ ∫ ∫ ∇ ∂ ∇ ∫ Ξ Φ ∇
train_08776,∫ ∇ Ξ Ω Ξ ∇ Ξ Ξ ∂ ∇ Ω ∫ Φ
train_08777,Ξ Φ Φ Φ ∇
train_08778,∫ ∫ ∂ Φ Ω ∫ ∂ Φ
train_08779,∫ ∂ Φ ∂ Φ ∂ Φ ∂ Φ Ξ ∇ Φ Ξ
train_08780,Φ Ω ∇ Ω Φ Ω ∇ Ω ∇ ∇ Ω ∇ ∂ ∇
train_08781,∫ Φ Ξ Ξ ∇ ∂ ∫ Ξ Φ ∂ ∫
train_08782,∂ ∂ Φ Ξ Ω ∂ ∂ Ξ ∂
train_08783,∂ Ξ ∇ ∂ ∇ Ξ ∫ ∇ ∫
train_08784,Φ Ω ∂ Φ Ω Ξ ∫ ∇ Ξ
train_08785,Ξ ∫ Φ ∫ ∇ ∫
train_08786,Ξ Ω Φ Ω Ω ∫ Ω ∇ ∇
train_08787,Φ Ω ∂ Ω ∇ Ξ ∂ Ω ∫ ∇ Ξ Ξ
train_08788,Ω ∇ Ω Φ ∇ Ω ∂ Φ ∫ Φ ∂
train_08789,Ξ Φ ∂ Ω Ω
train_08790,Ω Ξ Ξ ∇ ∇
train_08791,Ω ∫ Ω Φ Ξ ∂
train_08792,Φ Ω Ξ ∂ ∇ ∇ ∫ Ξ ∇ ∂ ∂ Ω
train_08793,∂ ∂ ∇ ∂ ∫ Ω ∇ Ω Φ Ω Ω ∫
train_08794,Ω Ξ Ξ Ξ ∂
train_08795,Ω ∇ ∫ ∫ ∫ ∂ Φ
train_08796,Ω Ξ ∂ ∇ Ω ∫ ∇ Ξ ∂ Ξ Ξ ∫
train_08797,∫ ∂ Ω ∂ ∫ Ξ ∇ ∂ Ω ∫ Φ Φ ∇ ∫
train_08798,∂ Φ Φ Ω ∇ Φ
train_08799,∇ Ω Φ Ξ ∇ Ξ ∂ ∇ Ξ ∫
train_08800,Ξ ∂ ∇ Φ ∇ ∇ ∫
train_08801,Ω Ξ ∫ ∫ ∫ Ω ∂ Φ Ξ
train_08802,∇ ∫ ∇ Ξ ∇ ∂ ∇ Ω Ω ∂
train_08803,∇ ∂ Ξ ∂ Φ ∂ ∇ ∇ Ξ ∂ ∂ ∫
train_08804,∫ ∫ Ω Ξ Ξ ∇ Ω Φ ∇
train_08805,Ξ ∂ ∫ Ω Ξ ∇ Φ ∇ Ξ Φ ∇ ∫
train_08806,Ω Ω Ω ∫ Ξ ∫ ∂
train_08807,∫ ∇ Ω ∇ Ξ ∂ ∫
train_08808,Ξ ∫ Φ ∫ Ω ∫
train_08809,∫ Ω Ω Ξ ∂ ∇ ∫ ∂ Φ ∂ Ξ
train_08810,∫ ∫ ∂ Ξ Φ ∇
train_08811,∇ ∫ ∇ ∂ Ω ∇
train_08812,Φ Φ ∇ ∂ ∂ Ω ∫ ∫ ∂ ∫ Φ Φ Φ ∫
train_08813,Ξ Φ ∫ ∂ Ξ ∂
train_08814,∫ Φ Ξ Ξ Φ ∇ Ω Φ ∇ ∂
train_08815,Φ ∇ ∇ Ω ∂ Φ Φ ∇ Ω ∇ Φ Φ
train_08816,∂ Ξ Ξ Ω ∂
train_08817,∂ Ω ∫ ∂ Ξ Ω ∫ ∇ Ω Φ
train_08818,∂ ∇ ∇ ∫ Φ Ω Ξ ∫ Ξ ∫ ∇
train_08819,Ξ Ξ ∂ ∇ Ω ∫ Ξ Φ ∇ Φ Ω ∫ Ω
train_08820,Ω Ξ Φ Φ Ξ ∂ Ω ∫ Φ ∫ Ω Φ
train_08821,∫ ∂ Ω Ω Ξ Ω
train_08822,∇ Φ Ω ∇ Ξ Ω ∫ ∂ Φ
train_08823,∫ Ξ Ω ∇ Ω Ω ∂ ∫ Ω ∂ Φ ∂ ∇
train_08824,∂ ∫ ∇ ∂ Ω ∇ ∫ Φ ∫ Ξ ∫ ∫ ∇
train_08825,Ω Φ ∂ ∇ Φ ∇
train_08826,∇ ∫ Ω Ξ ∫ ∂ ∫ ∫ Ω Φ
train_08827,∇ ∂ ∫ Ω ∇ Ω Φ Ω ∫
train_08828,Ω Ξ ∇ Ω ∂ Ω ∇
train_08829,∫ Φ Ξ Ξ Ω Ω ∂ ∇ ∫ ∫ ∂
train_08830,∂ Ξ Φ Ω ∇ Φ
train_08831,∇ Φ Ξ Ξ Φ ∫ ∇ Φ Ξ Φ
train_08832,Ω ∫ Φ ∇ Ξ ∇ ∇ Φ ∇ Φ Ξ Φ Ω
train_08833,∂ ∂ Ω ∂ Φ ∇ ∂ Ω
train_08834,Ω ∇ ∂ Ξ Ω
train_08835,∫ Φ ∂ Ω ∫ ∂ Ξ Ω Ξ ∫ Ω
train_08836,∫ Φ Ω ∇ Φ Ξ ∫ ∂ ∫ ∇ ∇ Ξ Ξ Φ
train_08837,Φ Φ ∫ ∇ Ω Ξ Ξ ∇ Ξ ∫
train_08838,∇ ∇ Ξ Φ Φ Φ ∇ Φ ∫ ∫ ∫ ∂ ∇ ∂
train_08839,∫ ∂ Ξ Ξ ∇ Φ ∂ ∂ Φ
train_08840,Ξ Φ Ξ Ξ ∂ Φ Φ Φ Ξ ∇ ∂ Φ Φ
train_08841,∫ Ξ ∂ ∫ ∇ ∇ Ω ∫
train_08842,∇ ∂ ∫ ∂ Φ
train_08843,∫ ∫ ∇ ∫ Ω ∇ ∫ Ξ Φ ∇
train_08844,Φ ∂ ∂ ∫ Ω Ξ ∇ Ξ Φ Φ Ω
train_08845,∇ ∫ ∂ ∂ Ξ Φ Ξ Ω Φ ∫
train_08846,∫ ∫ Φ Φ ∫ Ξ ∫
train_08847,Φ ∂ Ω Φ ∇ Ω Ω ∂ ∫ Ω Ξ ∫ Ω Φ
train_08848,∇ ∫ ∇ ∇ ∇ Φ ∇ ∂ Ξ Ξ ∂ ∫
train_08849,∂ Ξ ∫ ∫ ∇ ∫ ∇ Ξ
train_08850,Ξ Φ Φ Φ ∇ Ω ∫ ∂ Ξ
train_08851,Ξ ∂ ∇ Ξ ∇ Ξ Ξ
train_08852,Ω ∇ Ω Ω Ω
train_08853,Ξ Ω Φ Ω ∫ Φ ∫ Ξ ∂ Ω Ξ ∂ Φ
train_08854,Φ Ω ∂ Ξ Ω Ω Ξ Ω Ω
train_08855,∫ Φ Ω ∫ Ω Ξ Ω Ω ∂ Φ Ξ
train_08856,∇ ∫ ∇ ∂ Ξ Ξ Ω Ω ∇ ∫ ∫ ∇ Ξ
train_08857,Φ ∫ ∂ Ω ∫ Ω Ω ∂ ∫ ∂ Φ
train_08858,Ξ Ω Ξ Ω Φ ∂ Ω Φ ∂ Φ ∂
train_08859,∇ ∫ Ω ∂ ∂ Ξ ∫ Ω ∇ Ω Ξ
train_08860,∇ Ω ∇ Ξ ∇ ∫
train_08861,∇ Ω Ω ∇ ∇ ∂
train_08862,Ξ Φ Φ ∇ Ω Ω
train_08863,∇ Ω Ξ ∂ ∇
train_08864,Φ Ξ Φ Ω ∂
train_08865,Φ ∫ Ξ ∂ ∇ Ξ
train_08866,∇ ∫ ∫ ∂ Φ Φ Ω
train_08867,Ξ ∇ ∇ Ω ∇ ∇ ∫ ∇ Φ Ξ Ω
train_08868,Φ ∂ Ω Ω ∇
train_08869,∫ ∫ Ξ ∂ ∫ ∇ ∂ Φ ∂ ∇ Ξ Ω
train_08870,∇ Ξ ∂ ∂ Ω Ω ∇ ∂ ∇ ∫ ∂ ∫ Φ ∫
train_08871,Ω Φ ∂ ∫ ∫ Ω ∫ Ξ ∫ ∂ Φ Ξ
train_08872,Ξ Φ Ξ ∇ Ξ ∇ ∫
train_08873,Ω ∫ Φ Ξ ∫ ∂ ∇ ∇ ∇ ∇ ∂ ∇
train_08874,Ξ ∫ ∫ ∇ Ω Ω Ω Φ
train_08875,∇ ∇ ∇ ∇ Φ Φ ∂
train_08876,∫ ∇ ∂ ∂ ∂
train_08877,∇ Φ ∫ Ξ Ξ ∂ ∫ ∂ ∇
train_08878,Ξ ∇ Φ ∫ Ξ Ξ Ξ ∇ Φ Ω
train_08879,Φ ∂ Ω ∇ ∫ ∂
train_08880,Ξ Ξ ∂ ∂ Ω Ξ ∫ Ω Ω Φ Ω ∫ ∇ ∇
train_08881,∇ ∫ Ξ ∇ ∇
train_08882,Ω ∂ ∇ ∇ ∂ ∫ Ξ Φ Ω ∇ Ω Ω
train_08883,∫ Ω ∫ Ω Ω ∇ Ω ∇ ∇
train_08884,Φ Ξ ∂ ∫ Ω ∫ Φ Ξ Ξ Φ ∫ ∂ ∂
train_08885,Ξ ∇ Ξ Ξ ∫ ∇ Ξ Ξ ∂ ∂ Ω Ξ ∂
train_08886,Φ ∂ ∫ Φ Ξ ∇ ∫ Φ Ξ Φ ∇ ∇ Φ
train_08887,∂ Φ ∂ Ξ Φ ∇ Ξ Φ
train_08888,∫ Ω ∫ Ω ∂ ∇ ∇ ∫
train_08889,∂ ∫ ∇ Ξ Ξ Ω ∇ ∇ Ω
train_08890,Ω ∫ Ω Ξ ∫
train_08891,∂ ∇ ∫ Ξ Ω ∂ Ω ∇ Ξ Ξ
train_08892,∫ ∇ Φ Ξ Ξ Ω ∂ ∫ ∂
train_08893,Ξ ∂ Φ ∇ Ω ∂ ∇ Φ
train_08894,Ω Ξ Ξ Φ ∂ Ω Ξ Φ ∂ Ω ∫ ∇
train_08895,∇ Ω ∇ Φ ∇ Φ ∂ ∫
train_08896,Ξ Ξ Φ ∂ Ξ ∫ ∇ Φ
train_08897,Ω ∇ ∫ ∂ ∫
train_08898,∇ ∂ ∇ ∇ Ξ ∇ Ω ∂ ∂
train_08899,∇ ∫ Φ ∂ Ξ Ω Ω ∂ ∫ Φ ∂ ∫
train_08900,∇ ∫ ∇ Ω ∂ ∫ ∂ Ξ
train_08901,∇ ∂ ∂ Ξ Ξ ∂ Ω Ξ ∫
train_08902,Φ Ω Φ ∂ ∇ ∫ Ω
train_08903,∂ ∂ Ξ Ξ ∫ ∇ ∂ Ω ∫ ∫ Ξ Φ Ξ Φ
train_08904,∫ Φ Φ Ω ∇ Ξ ∂ ∫ ∫ ∫ ∂ ∇ ∂ ∫
train_08905,∫ Ξ ∇ Φ Φ Φ Ω Ξ ∂ Ω
train_08906,Ξ Ξ ∫ Φ Ω ∫ ∂
train_08907,∇ Ω Ξ Φ Ω Ω Ξ Φ Φ Ξ Φ Ξ Ξ
train_08908,∫ ∇ ∇ ∇ ∂ Ξ Φ Ξ Ω ∂ ∂ Ω ∫ ∇
train_08909,∇ ∇ Φ ∂ Ξ Φ ∂ Ω ∫ ∫
train_08910,∫ ∂ ∫ Φ ∂ ∂ Ω ∇ Ω
train_08911,∫ ∫ Φ ∂ Ξ ∇ Ξ ∫ Ω Φ
train_08912,Ξ ∇ ∂ ∫ Ω Ω ∇ Ξ ∫ ∂ Ξ Φ ∫
train_08913,∇ ∇ Ω Ξ Ω Ω ∫ ∂
train_08914,∫ ∂ Ξ ∇ ∂ Ω ∫ ∇ ∫ ∂ ∇ Ω Ξ Ω
train_08915,∇ ∂ Ω ∇ ∂ ∫ Ξ Ξ ∇ Φ Ξ ∫
train_08916,∫ ∫ Φ Ξ ∫
train_08917,Φ Ξ Φ Φ Ω ∫ ∂ Ω Ω ∫ ∇ Ξ
train_08918,Ξ Φ ∫ Ξ ∫ ∂ ∂ ∫ ∫ Ξ Ω Ξ Φ
train_08919,Ω Φ Ω Φ ∫ ∂ Ξ Φ Φ Ω Ξ Ξ Φ
train_08920,Φ ∇ Ω Ξ Φ ∫ ∫ ∂ ∇ ∇ Ξ
train_08921,Φ ∂ Ξ Ω ∫ ∇ ∫
train_08922,∂ Φ ∇ Φ Φ ∇ ∇
train_08923,Ξ Φ ∇ Ω Ξ Ω ∂ ∇ Φ ∂ Ξ
train_08924,∫ Φ Ω ∂ Φ ∇ ∇ ∫ Ω ∫ ∫ ∫ ∇ Ξ
train_08925,Φ Ω ∂ ∇ Ξ ∇ Ω ∇ ∇ Ω ∂ ∇ Ξ Ξ
train_08926,Ξ Φ ∂ ∇ ∂ ∂ Ξ Ξ ∫ ∫
train_08927,Ω Ω ∂ Ξ ∂ ∫ ∂ Ω ∂ ∂ ∇ ∇ ∂
train_08928,∇ Ξ ∇ ∂ ∇ Ω Ω ∫ Ω ∇ ∇
train_08929,Φ Ξ Ξ ∂ ∂ Ω ∂ ∂ Ξ ∂ ∫ ∫ Ξ Ω
train_08930,Φ Φ ∫ Ξ Φ Ω Ω ∇ ∇ ∫
train_08931,Ξ ∇ Φ Φ ∂ Ξ Ω
train_08932,∫ Ω ∫ ∫ Φ Ω Ω
train_08933,∇ ∂ ∇ Ω Ω ∇ Φ Ξ ∇ ∫
train_08934,∇ ∫ ∫ Φ ∇ Φ ∂ ∫
train_08935,∂ Φ ∂ Ξ Φ Ω
train_08936,Φ Ξ Ω Ω ∫ Φ Ω ∂ ∫ ∇ ∂
train_08937,∂ ∂ ∇ ∂ ∫ ∂
train_08938,∇ ∫ Φ ∫ ∇ ∫ Ξ ∇ ∂ ∫ Φ ∫
train_08939,Φ ∇ Ω ∂ ∇ ∂ Ξ ∇ ∫ Ω Φ Ω ∇
train_08940,Ω Ξ Ξ Φ ∇ Φ Ω
train_08941,∫ ∇ Ω Ω Φ Ω Ξ Φ ∂ Ξ Ξ Ξ ∇
train_08942,Ω ∇ Ω Φ ∇ ∫
train_08943,Ξ ∫ Φ Φ Ω
train_08944,Ω Φ ∫ Φ Φ ∇
train_08945,Ω ∂ ∇ ∇ ∫ ∫ Ξ Ω ∇ Ξ Φ Ξ ∫ ∫
train_08946,∇ ∂ Φ Ξ Φ Ω ∂ ∇ Φ ∇ Φ ∇
train_08947,∇ Ω ∇ Φ ∇ Ω Φ ∂
train_08948,∇ ∫ Ξ ∇ Ω ∫ Φ
train_08949,∫ ∇ ∫ Φ ∂ Φ
train_08950,Φ ∂ ∫ ∇ ∂ Ξ ∇ Φ
train_08951,∇ ∫ Φ ∫ Ξ Ξ
train_08952,∂ ∂ ∇ ∇ ∂ Ω Φ Φ ∇ Φ
train_08953,Φ ∂ Ξ Ω ∇ ∂ ∫ Ξ ∫ Φ Φ Φ Ξ
train_08954,Φ Φ ∇ Φ ∂ Ξ ∂ ∫ Ξ Ξ
train_08955,Ξ Ω ∂ ∇ ∫ ∇
train_08956,Φ ∫ Ω ∫ ∫ ∇ ∇ ∫ ∫ ∫ Ω Ξ
train_08957,∫ Ω Ξ Ω ∇ ∫ Ω Ξ Ω Ξ
train_08958,Ξ ∇ Ξ Ω Ω Ω ∇ ∇ ∫ Ω
train_08959,∫ ∇ ∫ Ω ∇ Ξ Φ ∫ Ξ Ω
train_08960,∂ Φ ∂ ∫ Ξ ∇ Ω ∇ ∂ Φ
train_08961,∇ ∇ Ω Ω Ξ ∂ ∂ ∇ ∫
train_08962,∇ ∫ Φ Ξ Ω ∫
train_08963,Φ ∇ ∇ ∇ Ω Φ ∫ Ω
train_08964,Φ Φ Ω ∂ ∫ ∫ Ω ∇ Φ Ω Ω Ξ Ω
train_08965,Ξ ∂ Ξ Φ Φ
train_08966,Ξ ∫ Φ Φ ∂ Φ Ω ∇
train_08967,Ξ ∂ ∫ ∫ Ξ Ξ ∇ ∇
train_08968,∂ ∫ Φ Ω ∫ Ω Ω ∇ ∇
train_08969,∂ ∇ Φ ∂ ∇ Φ
train_08970,∂ Ξ Ξ Φ Ω ∇ ∫
train_08971,Φ ∫ Φ ∇ Ω ∇ ∂ Ω
train_08972,∫ ∂ Ξ ∇ ∇ Ξ ∇ Ω
train_08973,Φ Ω Ξ ∫ Φ Φ Ξ ∂ ∫ Ξ Ξ ∫ Ω Ω
train_08974,∂ ∫ ∂ Ξ Ω Ω ∇ ∫ ∂
train_08975,Φ ∇ Φ Ω Φ ∇ Φ ∇ ∇ Ω
train_08976,∇ Ω ∇ Ξ ∂ ∫ Φ Ξ ∇ ∇
train_08977,∇ ∇ ∇ Ω Φ Ξ ∫
train_08978,∫ ∇ Ω ∫ ∂ ∂ Ω ∫ ∫ Ω ∫
train_08979,∂ Ω ∫ Ω ∇ Ξ Ω
train_08980,∫ ∫ ∇ Ξ Φ Φ ∫
train_08981,Φ Ξ ∇ Ξ Ω ∫ Φ Φ Ω
train_08982,∂ Ω ∇ Ω Ω ∇ ∫ ∫ Ξ ∇ Ξ ∂ ∂ Φ
train_08983,∫ ∇ Ω Φ ∇ Φ ∫ Ξ
train_08984,∂ Φ Ω ∫ ∇ ∇ Ω
train_08985,Ξ Ξ ∫ Φ ∂ Ω ∇ ∫ Ω Φ ∫ Ω ∫ Ξ
train_08986,∇ ∫ ∇ Ξ Ξ Ξ Ξ Φ ∫ Φ ∫ Ξ ∇ Ξ
train_08987,∇ Φ ∇ Ξ ∫ Ξ ∇ ∇
train_08988,∫ ∂ ∂ Ω Ω ∫ Φ ∇ Ξ ∫ ∫ ∂
train_08989,∂ Φ ∂ ∇ Φ ∫ Ω Φ Ω Φ Φ ∂ Ξ
train_08990,Ξ ∇ Φ Φ Ξ
train_08991,Φ Φ ∇ ∂ ∂ Ω ∇ ∂ ∇ Ω ∇ ∇ ∫
train_08992,∫ Ω Φ Ω ∂ ∫ ∂ Φ Ω Ω ∂ ∇ Φ Φ
train_08993,∂ Φ ∇ Ω ∇ Φ Ξ Φ ∇ ∫ Φ ∂
train_08994,∂ Ξ ∇ Ξ Ξ ∂ ∫
train_08995,Φ Ω Ω ∇ Φ ∫ Ω ∇
train_08996,Ω ∂ ∇ ∫ Ω Φ ∂ Φ Ω Φ
train_08997,∂ ∂ Ξ ∂ Ξ ∫ ∫ Φ Φ ∂ Φ
train_08998,Φ Ξ ∇ ∂ ∂ ∫ Ξ Ξ ∇ ∂ ∫ ∫ ∫
train_08999,Ω Φ Ω ∂ Ξ ∂ Φ ∂ Ξ Ω ∫ ∇ ∂
train_09000,Ξ Ξ ∫ ∂ Ω ∫ ∇ Ξ ∂ ∇ ∫ Φ
train_09001,Ω Ω Φ Φ ∂ ∂ Ω Φ Ξ Φ ∂ Ξ Ω Ω
train_09002,∫ Ξ ∂ ∇ ∫ Φ ∫
train_09003,Φ Ξ Ω Ω Φ Φ ∫ Ω ∇ ∇ ∫ ∫ ∂
train_09004,∂ Ξ Φ ∫ ∇ Φ Ω ∇ ∫
train_09005,Ξ Φ ∫ ∂ ∫ Ω Ξ ∫ ∇ ∇ Ω ∂ ∫ ∂
train_09006,Ω ∂ Ξ ∂ Ω Φ Ξ Ω
train_09007,Φ Ξ ∇ ∇ Ξ ∫ ∫ ∇ ∇
train_09008,Ω Φ Ξ ∫ ∇ ∫ Ξ
train_09009,∂ Ω Ξ Ξ ∇ ∇
train_09010,Ξ ∂ ∇ ∂ Ξ ∇ Ω
train_09011,∇ Ω ∂ ∇ ∇ ∂
train_09012,Φ ∇ Ω Ω Ω Ξ ∇ Φ ∫ ∫ ∂ ∫
train_09013,∇ ∇ Ξ ∫ ∫ ∂ Φ ∫ Φ
train_09014,∫ Ω Ω Ξ ∂ ∫ Ξ Ω ∇ Ω Ω ∫ ∂
train_09015,Ω Ξ ∫ ∫ Ω Φ Φ Ξ ∫ ∇ ∫
train_09016,Φ Ω Φ Ξ ∇ ∫
train_09017,∇ Ω ∫ ∫ Φ ∇ ∇ ∫ Ξ ∂ Ξ Φ Φ Ω
train_09018,Ξ Φ ∫ ∇ Ω ∂ ∇
train_09019,∇ ∇ Ω Φ Ξ Φ Ω ∂ Ω
train_09020,Φ ∇ ∫ Φ ∫ Ω Ξ ∇ Ω Φ ∇ ∂ ∇ Ξ
train_09021,Φ ∫ Φ ∇ Φ ∇ ∫ ∇ ∂ Ω ∫ ∇
train_09022,Ξ Φ Φ Φ Ω Φ ∇ ∇ Φ Ω ∇
train_09023,∫ ∂ ∇ Ξ Ξ Ξ Φ Φ ∇ ∇ Ξ Ω Ξ
train_09024,∇ ∫ Φ Φ Ξ ∂ ∫ ∂ ∫ Ω ∂ ∂ Φ ∇
train_09025,Ξ ∇ ∫ ∂ ∇ ∂ Ω ∇
train_09026,Ω Ξ ∫ Ω Ξ ∇ Ξ ∫ ∂ ∂ ∫ ∂ ∇
train_09027,∫ ∫ ∂ Φ ∫ Ξ
train_09028,∇ ∫ Φ ∂ ∂ Φ ∇ ∫
train_09029,Ξ ∫ ∂ Ξ Φ ∇ ∫ ∂ Ω ∂ ∂
train_09030,∂ ∂ ∇ ∫ Ξ Ω ∫ ∇
train_09031,∫ Φ Ξ ∇ Ξ Ξ ∇ ∂ ∂ Ω
train_09032,∇ Ξ Ω Ω Φ ∂ Φ ∇ ∫ ∂ Ω Φ
train_09033,Φ Φ ∫ ∂ ∂ Φ Ξ ∇ ∂ Ω ∂ ∇
train_09034,Ξ Ξ Φ ∫ ∫ ∫ Ω Ξ Φ Φ Ξ ∂ ∇ ∂
train_09035,Ω ∇ Φ Ξ Ξ Ω ∫ Φ Ω ∫
train_09036,Ξ ∂ Ω Ξ ∂ Ω ∂ Φ Ξ Ω ∂ Ω Φ ∂
train_09037,∇ Φ ∇ Ω ∇ Ξ ∂ ∇ Ξ ∂ Ξ ∇
train_09038,Ω Ξ ∫ Φ ∂ Ω ∂ Ξ Φ Ξ Φ ∇
train_09039,Φ Ξ Ξ ∫ Ω Φ Φ Φ ∇
train_09040,Ξ Φ ∫ ∂ ∫ Ξ ∂ ∂ ∂ ∂ Ω Ξ
train_09041,∇ ∫ Ξ Φ Ω Φ ∂ Φ Ξ
train_09042,Φ ∂ Ω Ω Ξ Ξ Ω
train_09043,Ξ Φ ∫ Ξ ∇ ∂ Φ ∂ ∂ ∇ Ω
train_09044,Ξ ∫ ∇ ∫ ∂ ∫ Ω
train_09045,∂ ∫ ∂ ∫ Ω Φ Ω Ω Ω Φ ∂ ∇ ∇
train_09046,Φ Ω Φ Ω ∇ Φ Ξ Ξ Ω ∂ ∂ Ξ
train_09047,Φ Φ ∂ Ξ Ξ ∇ ∇
train_09048,Φ ∇ Ξ Ξ Ω ∫ ∇ Ω ∇ ∫ ∇ ∂
train_09049,∂ ∂ Ω ∂ Ω Φ Ξ ∇ Ω
train_09050,∂ Ω Φ Φ Ω
train_09051,∂ Ω Φ ∇ ∂ Ξ ∂
train_09052,Φ Ξ Φ ∂ ∂
train_09053,Ω ∂ Φ Ω ∂
train_09054,∂ Ξ Ξ Φ Φ ∫ ∫ Ξ Φ Ω Ξ Ω ∫ Φ
train_09055,∇ ∇ Ω Φ ∂ ∫ Ω ∂ ∫ Ξ Ω ∫
train_09056,∂ Φ Ω Φ Ξ ∇ ∫ ∇ ∂ ∂ ∇ Ω ∫
train_09057,Ω Ξ Ω ∂ Φ Φ
train_09058,∂ Φ ∂ Ξ Ξ ∂ Ω ∫ Ω Ω
train_09059,Ξ Ξ Ω ∂ Ω
train_09060,Ξ ∂ ∫ Φ ∇
train_09061,Φ Φ ∂ ∂ Φ Φ ∇ ∇ ∂ ∂ Φ
train_09062,Ω Φ Ω Ω ∇ Ω ∫ Φ ∂ ∫ ∫
train_09063,∫ Φ Ω ∇ ∂ Φ
train_09064,Ξ Ξ Ω ∫ Ω Ω Φ Ξ Ω Ω ∂ ∇ ∇
train_09065,Ξ ∇ Φ ∂ Φ Ξ Ω ∇ ∂ ∂
train_09066,∂ ∇ ∂ ∇ Ω Ξ ∫ ∇ Ω Ξ Φ
train_09067,∇ ∇ ∫ Φ ∫ ∂ Ξ
train_09068,Φ Ω ∂ ∇ ∂
train_09069,Ω Φ ∇ Ω Ω ∂ Ξ Ω Ω Ξ ∇ Φ
train_09070,∇ Ω Ξ ∫ ∫ ∂ Ξ ∇ ∇ ∂ ∇ Ξ Ξ
train_09071,∂ Φ Ω Ξ ∇ ∂
train_09072,Ω Ξ ∂ ∫ Ω ∫ Ξ ∇
train_09073,∂ ∫ Ω Ω ∫
train_09074,Ω ∂ ∫ ∂ Ξ ∂ Φ ∫ ∂ Φ Φ Ξ ∂
train_09075,Ω ∂ Ξ ∇ ∇ Ξ Ω ∂ Ω ∫ Φ
train_09076,∇ Φ Φ Ω ∇ ∂ Ω Φ Ξ Ω Φ Φ
train_09077,Φ ∫ ∂ ∂ Φ
train_09078,∂ Ξ ∫ ∫ Ω
train_09079,Ξ ∇ Ω Ω ∇ ∫ ∇
train_09080,Φ Ξ Ξ ∂ Ξ ∇ ∂ Ξ ∂
train_09081,∂ ∇ ∇ Ξ Ω ∂ ∫ ∂ Ω
train_09082,Ξ ∫ Ξ Ω Ξ ∇ ∂ Ω ∇ Φ
train_09083,Φ Φ ∂ Ω Ω Φ Φ Ω ∫ Φ Ω ∫ ∇ Ω
train_09084,∂ Ω ∫ Ξ ∂ Ξ Ξ Ξ Φ Ω Φ ∇ Ξ
train_09085,Ξ ∇ Ω ∂ ∫ ∫ ∇ Ω Ξ ∂
train_09086,∇ Ω ∂ Φ Ξ ∫ Ω Ω Ω Φ ∇ ∂
train_09087,Ξ Ξ Ξ ∫ ∂ ∂ Φ Ω Ω
train_09088,∂ ∇ Φ Ξ Ω ∂ Φ Ξ ∇ Ω
train_09089,∂ Ξ Φ ∇ ∫
train_09090,Ξ ∂ ∂ ∇ ∂ Ξ ∇ Ω ∂ ∫ Φ ∫ ∫
train_09091,∂ ∇ ∫ Ξ Φ Ξ
train_09092,Ξ Ω Ω ∇ ∫ Ξ Φ
train_09093,∇ ∇ ∂ ∫ ∂
train_09094,Ξ ∇ Ω ∇ Ω
train_09095,Φ ∇ ∇ Ξ ∂ ∫ ∂ Ω Φ ∇
train_09096,Ξ ∇ Ξ Ξ Φ
train_09097,∂ ∂ ∇ ∫ ∫ ∂ Φ
train_09098,∇ Φ Ω ∫ ∇ ∫ Φ ∫
train_09099,Φ ∫ Φ Φ Ξ ∫
train_09100,Φ Ω Ω ∂ Ω ∇
train_09101,Ξ Φ ∇ Ξ ∫ Φ ∇ ∫ Ω ∫ Ξ
train_09102,Φ ∇ ∂ Ξ ∫ Ξ ∇ ∂ Ω
train_09103,Φ ∇ Φ Φ Ξ Ω ∇ ∂ Ω ∂ Φ ∫ Ξ ∫
train_09104,∇ Φ Φ ∫ ∇ Φ Ω ∇ ∫ Φ Φ ∫
train_09105,Ω ∇ ∫ ∇ ∫ ∂ Φ ∫ ∂ Ω Ξ
train_09106,Ξ ∇ ∇ ∫ Ξ ∇ ∇ ∫ ∇ ∇ ∂ Φ
train_09107,Ω Ξ Ξ ∂ ∇
train_09108,∂ Ξ Φ Φ Φ Ξ ∇ Φ ∇ Φ
train_09109,∇ ∫ ∇ ∇ Ω Ω Ξ ∂
train_09110,Ω Ω Φ ∂ Ω Φ Ξ Ξ ∂ Ω ∫ Ξ ∫
train_09111,∂ Φ ∂ ∇ ∇ ∂ ∇ Φ ∇ Φ
train_09112,Ξ Φ ∫ ∂ ∇ ∫
train_09113,Ξ ∇ ∂ Ω Ω ∂ Ω Ξ ∂ ∫ ∂ Φ
train_09114,∫ ∫ Ω Φ Ω Ω Ω Ξ Ω ∂ Ξ Ξ Ξ ∫
train_09115,Φ Φ Φ Φ ∇ ∇ Ω Φ Φ Ω ∇ Ω ∇ Ξ
train_09116,∇ Ω ∇ ∂ Ξ ∫ Ξ ∇ ∂ ∂ ∇
train_09117,Φ ∂ ∂ ∂ Ω ∇ Ξ ∇ ∇ ∇ Ξ Φ
train_09118,∫ Ξ ∫ ∇ ∫ ∇
train_09119,∫ Ω ∫ ∇ Ξ
train_09120,∫ Ω Φ Ξ Φ Φ
train_09121,∂ ∇ Ξ ∇ Ξ Ω ∂ ∂
train_09122,∇ ∫ Ξ Ξ ∂ Ω ∇ Ω
train_09123,Φ Φ Ω ∇ Ξ ∂ ∂ Ω Φ
train_09124,∫ Ω Ξ Ξ Ξ ∫ Ω Ξ Ω Φ ∫ Ω Ξ Ξ
train_09125,Φ Ω ∇ Ξ Ξ ∇ ∇ Ω ∂
train_09126,∂ Ξ ∫ Ω ∂ ∇ Ω ∂ ∂ Ξ ∇
train_09127,∇ Ω ∫ ∂ ∫ ∫ ∂
train_09128,∫ ∂ Ω ∂ Ω ∂ ∂ Ξ
train_09129,∫ Ω ∂ ∂ Ξ ∇ Φ Ξ Φ Ξ ∫ ∇ ∇ Φ
train_09130,Ξ ∇ Φ ∇ ∂ ∫ Ω ∫ ∇ Ω
train_09131,∇ ∂ ∫ Ω Ω ∫ ∇ Ξ ∂ ∂ Φ
train_09132,∫ Φ Ω Φ Ξ
train_09133,Ω ∇ Φ Ω Ω Φ ∇ ∇ Ω Φ ∫ Φ Ξ
train_09134,Φ ∂ Φ ∇ ∂ Ω ∇ Φ
train_09135,Ω Ω Ω Φ Ω Ξ Φ ∂ Φ Ω ∇ Φ
train_09136,∫ Ξ ∇ ∂ Ξ ∂ ∂
train_09137,Ω ∫ ∂ Ω Ω ∇
train_09138,∇ ∇ Ω Ξ ∂ ∇ Φ Ω ∫ Ω
train_09139,Ω Φ ∇ ∇ ∂ ∂ ∇ Φ Φ ∂ ∫ ∂ Ξ
train_09140,∂ Ξ ∇ ∂ ∂ ∇ Ξ ∫ ∂ Ξ ∂ ∇ Φ Ω
train_09141,∂ ∫ Ω ∂ Ω ∫ Ξ ∫
train_09142,∇ Ξ Ω ∫ Ω ∂ Ω Ω Ξ Φ ∫
train_09143,Ξ ∫ ∫ ∇ Φ
train_09144,Φ Φ ∫ Ω ∇
train_09145,Ξ Ξ ∫ Ξ ∂ ∫ ∂ Ω Ξ ∫ ∫ ∂
train_09146,Φ Ξ ∇ Ξ ∂ ∂ Φ ∫ Φ
train_09147,Ξ Ξ ∇ ∂ Ξ ∂ Φ Ω Ω ∇ ∂ Ξ
train_09148,Ω ∇ Ξ ∂ Φ Ξ ∇ Φ Ω Ξ
train_09149,Φ ∫ Ξ Ω ∂ Φ
train_09150,Φ Ξ ∇ Ω Ξ Ω
train_09151,∫ ∇ ∫ Φ Φ Ω ∂ ∇ ∂ Ξ ∫ ∂ ∇ ∇
train_09152,Ξ Ξ ∂ ∇ ∂ ∂ Φ ∂ ∫ ∂
train_09153,∂ ∇ ∂ Ξ ∫ Ξ Φ Ξ
train_09154,∂ ∂ ∫ Φ ∇ ∫ Ξ Ξ ∇ Ξ
train_09155,∫ Ξ ∫ Ω ∂ Ω Ω Φ Ξ ∂
train_09156,Φ ∫ ∂ Φ Ξ Φ ∂ ∂ ∇ ∂ Φ Ξ ∇ ∂
train_09157,∫ ∫ ∇ ∇ ∫ ∇ ∇ Ω Ξ
train_09158,∇ ∫ Ξ ∂ Ω ∂ ∂ ∫ Ω Φ ∂ ∂ ∇
train_09159,Ω ∂ Ω ∇ Ξ ∇
train_09160,Ω ∇ Ω ∫ ∫ Φ Ξ ∇ Φ
train_09161,∂ ∂ ∂ ∫ ∫ Ω Φ
train_09162,∫ ∂ Ξ Ξ Φ Φ Φ Ξ Ξ Φ ∂ ∇ ∂ ∫
train_09163,∇ ∂ Φ Ω Ω Ω Φ Φ ∇ ∇ ∫ Φ
train_09164,Ξ Ω ∂ ∫ Φ ∂ ∇ ∇ ∂ ∂ Ξ Ω
train_09165,Φ ∂ ∇ ∇ ∇ ∂ Ω
train_09166,∫ Ω ∇ ∫ ∫ Ω Ξ
train_09167,Ξ Φ ∫ Φ Ξ ∫
train_09168,∂ Φ ∫ Ω ∂ Φ ∇ ∂ Ξ Ω ∇ ∂
train_09169,∫ Ξ ∂ ∇ Φ
train_09170,Ξ Ω ∂ Ω Ξ Ξ Φ Φ ∂ ∇ Ω Ξ
train_09171,∇ ∇ ∂ Ξ Ω ∂ Φ ∫
train_09172,Φ ∇ ∫ Ω Φ ∫ ∇ ∫ Φ ∂ Ω
train_09173,∫ ∂ ∇ ∫ Φ
train_09174,∇ Ξ ∫ ∂ Ξ
train_09175,∇ Ξ Φ Ω ∂ Ξ Ξ ∇ Ξ ∂
train_09176,Ω ∂ Ξ ∂ Ξ
train_09177,Ω ∫ Φ Ω Φ Ω ∇
train_09178,Ω Ξ ∇ ∫ Ξ ∂ Ξ
train_09179,∂ ∂ ∇ Ξ Φ ∂ Φ ∇ ∫ ∫ Φ
train_09180,∂ Ξ Ω Ξ Ω ∇ Ξ Ω ∇ Φ ∫
train_09181,Ω ∂ Ξ Φ ∫ ∇ ∂ ∫ ∂
train_09182,Φ Ξ Ξ Ω Φ Ω Ξ ∫ ∇ Φ ∫ ∇
train_09183,Φ Ξ ∫ ∇ Ω Ξ ∫
train_09184,∫ ∫ ∇ ∇ Φ
train_09185,∫ ∇ ∫ Ξ ∫ ∇ ∇ ∫
train_09186,∫ Φ Φ Ξ Ω Ω Ω Ω ∫ ∂
train_09187,∫ ∇ Ω ∂ Φ ∇ ∫ Ξ
train_09188,Φ Φ ∫ ∂ Ξ ∂ ∂ ∇ Ω
train_09189,∫ ∂ Ξ Φ Ξ ∇
train_09190,Ξ Ω ∫ ∫ ∇ Ξ Ξ ∂ ∫ ∇
train_09191,∂ Φ Ω Φ ∫ ∇ Φ ∇
train_09192,∂ Ω ∇ Ξ ∇ Ω
train_09193,∇ Ξ Ξ Ω Ω Φ Φ ∫ Ξ
train_09194,∇ Ω Φ Ξ Ω Ω ∂ Φ
train_09195,Ξ Ξ ∂ ∫ ∇
train_09196,∂ ∇ ∇ ∇ Ξ Ξ ∇
train_09197,∂ ∫ ∂ Ξ ∂ Φ Ξ ∫ Ω
train_09198,∫ ∂ ∂ Ξ Φ ∂ ∂
train_09199,Ξ Ξ ∇ ∂ ∂ ∂ Φ ∂ Ξ ∫
train_09200,∂ ∇ ∂ ∇ Ω Φ Ξ ∫ Ξ ∫
train_09201,∫ ∂ Φ ∂ Ξ ∇ ∫ Ξ Φ Ω ∇ Φ
train_09202,Ξ Ξ Ξ ∇ Ξ Ξ Φ Ω
train_09203,∫ ∂ ∂ Ξ ∇ Ξ ∫ Ω ∇ Φ
train_09204,Ξ ∇ ∇ ∫ Ω
train_09205,∂ ∂ ∇ ∇ ∇ ∂ Ξ ∫ ∫ ∫ Ξ ∫
train_09206,Φ Ω ∫ Ξ Ω
train_09207,Ξ ∂ Φ Φ ∇ ∇ Ω
train_09208,Φ ∇ Ξ ∂ ∫ ∫ Φ Ξ ∇ ∫ ∂ Ω
train_09209,∫ ∂ ∇ ∂ ∂
train_09210,∂ Ω Ω Ξ Φ Ξ ∫ ∂
train_09211,∫ Ω ∫ ∇ Φ ∫
train_09212,Ξ ∇ Ξ ∂ Ξ ∫ Ξ ∫ ∫ Φ Φ ∇
train_09213,Ξ ∇ ∂ ∂ ∇ Φ ∂ ∇ ∂
train_09214,Ω Φ ∫ ∂ ∫ ∇
train_09215,∇ Ω ∇ ∫ ∇ ∂ Φ Φ Ξ Φ ∫
train_09216,∇ Φ ∂ Ξ ∫
train_09217,Ω ∂ ∇ Φ Ω Ξ Ξ ∂ ∫ Ω Ω ∂ ∇ ∂
train_09218,Φ Ω Ω Ω Ω Ξ ∇ ∫
train_09219,Ξ Φ ∇ ∇ ∇ Ξ ∇ Ω ∂ Φ ∂
train_09220,∂ Ξ Φ ∫ ∂ ∇ ∇ Ω Φ Ω
train_09221,Ξ ∂ ∂ Ξ ∂ Ω
train_09222,Ξ ∂ Ω Ξ Ξ ∫ ∂ ∫ ∫ ∇ Ξ
train_09223,∫ ∂ ∂ Φ Φ ∇ ∂ ∫
train_09224,Φ Ω Ξ Ξ ∫
train_09225,∇ Ξ Ξ Ω Ξ ∇ Φ Φ ∫
train_09226,Φ ∂ ∇ Ω Φ Ω ∇ ∫ ∂ ∫
train_09227,∂ ∇ ∇ ∫ ∫ Φ Φ ∂ Ω ∇ Ξ
train_09228,Ξ Φ Φ ∇ Ξ ∫ Ξ ∫ Φ ∇
train_09229,Ω ∇ ∇ Ω Ξ ∂ ∫ Φ ∫ Φ ∇ Ξ
train_09230,∇ ∇ Φ ∇ ∫ ∫ ∂ Ξ ∇ ∇ ∂
train_09231,∇ ∂ ∂ ∇ Ω Ξ Ξ ∂ ∇ Ω Ω Ω ∫
train_09232,∂ Ω Φ ∇ ∇ Φ ∇ ∂ ∂ Ω Ξ
train_09233,∂ ∂ ∇ ∇ Φ Ξ Ξ ∫ Ω Φ ∇ ∇
train_09234,Ω ∂ Ξ ∇ Ξ Ω Ω ∇ Ξ ∫ Φ ∫
train_09235,∂ ∂ ∇ Ξ ∫ Ξ
train_09236,Ω ∇ ∂ Φ Φ ∫ Ω ∇ Ξ Ω Φ
train_09237,∇ Ξ Ξ Ω Ξ ∫ ∂
train_09238,Ξ Φ Ω ∫ Ω ∫ Ξ ∂ Φ Ω Ξ
train_09239,∫ Ω ∫ ∂ Φ ∂ ∇ Φ ∂ Ω
train_09240,Φ ∫ Φ Ξ Ω Ω Ξ Φ Ω
train_09241,Ξ Ω Ξ ∇ Ξ Ξ ∫ Ω ∂ Ξ Ω ∂
train_09242,∂ Ω Ω Φ Φ ∇ Ω ∫ Ξ
train_09243,Φ ∫ ∇ Φ Φ ∂ Ξ
train_09244,Ω Ω Φ ∫ Φ Φ ∇ ∇ Ξ ∇ ∇ Φ Φ Ω
train_09245,Ξ Ω Φ Φ ∇ ∫ Ξ ∂
train_09246,Ω ∇ Ξ ∂ ∂ Ω Ω Ξ Ξ ∫ Ω Ξ ∇ ∇
train_09247,∇ Ξ Ξ Ω Ω ∂ ∇ ∇ Ξ Ω ∫
train_09248,Φ Ξ Ξ ∂ Φ Φ Φ
train_09249,Φ ∫ Ω Ξ ∫ Ξ ∇ Ξ Ξ
train_09250,∇ ∫ ∂ Ξ Ξ Ξ ∇ ∂ ∫ ∂
train_09251,∇ Ω Ω Ξ Ω Ξ ∫ ∂
train_09252,Ξ ∂ ∫ Ξ ∫ Φ Φ ∫ Φ Φ Ω Ω ∫ ∂
train_09253,∇ ∇ ∫ ∫ Ξ ∫ ∇ Ω
train_09254,Φ ∂ ∂ Φ ∫
train_09255,∂ ∫ Ω Ω ∫ Ξ ∇ Ω ∫ Ξ ∇ ∇
train_09256,Ξ ∂ Φ Ω ∇ Φ Ω Ξ
train_09257,∇ Ω Φ Ξ ∫ Φ ∇ ∇ ∇ ∂ ∂
train_09258,Φ Ω ∂ Ω Ξ Ω ∂ Ω Ξ Ω Ω
train_09259,Ξ ∫ Ω Φ Ξ Φ Ξ ∇
train_09260,∇ ∂ Ξ ∫ ∂ ∂ ∇ ∇ ∫ ∇ ∂ Φ
train_09261,∂ Ω ∂ Φ Ξ ∫ ∫ ∫ Φ Ξ Ω Φ Ξ ∫
train_09262,∫ Ξ ∇ Ω Ω ∫ Ω ∇ Ω
train_09263,∂ Φ ∫ Φ Ξ
train_09264,∂ ∇ Ξ Φ ∂ Ξ ∇
train_09265,Φ Φ Φ ∂ ∇ Ξ Ω
train_09266,∫ Ξ ∇ Φ ∂ ∇ ∂ ∂ Ω ∂ Ω ∇ Ω Ξ
train_09267,Ξ ∇ ∫ ∫ ∇
train_09268,∇ ∫ Ξ ∇ ∇ Ω ∇ ∂
train_09269,∇ Ξ Φ Φ Ω ∫ Ω ∫ Ω Φ
train_09270,Φ ∇ ∇ Φ ∇ Ω Φ Ξ Φ Φ ∇
train_09271,Ξ ∇ ∇ Ξ ∫ Φ Ξ Ω Ξ
train_09272,∂ Ω Ω ∫ Φ Ω Ω Φ Φ ∇
train_09273,Ξ ∇ Ω Φ Ξ Ω Φ Ξ
train_09274,Ω Ξ Φ ∇ ∇ ∇ ∇ Φ Ξ ∇ ∫
train_09275,∫ ∂ ∫ ∫ ∫ Ω Ω Ξ Ω Ω
train_09276,Ω ∇ Ω Ω ∂ ∇ ∂ Ξ ∂ Ξ Φ ∫ Ω
train_09277,Φ Ω Ξ ∂ ∂ ∇ Ξ Ω Φ Ω ∇ Ω Φ Ξ
train_09278,∂ Ω ∇ Φ ∂ ∇
train_09279,∫ ∂ Ω ∇ ∫
train_09280,Ξ Ω ∫ Ω Φ Ω ∇ ∇ ∂
train_09281,∂ ∇ Ω ∇ ∇ Ω Φ ∇ Ω
train_09282,Φ ∂ Ω Ω ∇ Φ ∂
train_09283,∂ Ω ∂ Ω Φ ∫ ∫
train_09284,Φ ∫ Ω ∫ ∇ Φ
train_09285,Ω Φ ∂ ∂ Ξ ∫
train_09286,∂ Ξ ∂ Φ Ω Ω ∇
train_09287,∂ ∫ ∇ ∫ Ξ
train_09288,∇ ∫ Ξ ∇ Ξ ∂ ∂ Ξ Ξ Ω Φ
train_09289,∫ Ω Ω ∇ Ξ Ω ∫ ∂
train_09290,Ξ Ξ Ξ Ξ ∂ Φ Ω ∫ Φ ∇ ∫
train_09291,∇ Ξ Ω ∂ Ω Ξ
train_09292,∂ Ω ∫ ∫ Φ Ξ Φ ∇ ∇ Ω ∫ ∂ ∂
train_09293,Ξ ∇ Ω Ω Ω Ω ∇ Ω ∂ ∇ Ξ Ξ
train_09294,Ω ∂ Φ ∇ ∫ ∂ Ξ Ξ Φ Ω
train_09295,∇ Ξ ∫ Ξ ∇ Ω Φ ∂
train_09296,Ξ Ξ ∇ ∇ Ξ ∫ Ω ∇ ∫
train_09297,∫ ∂ Ξ Φ Ξ
train_09298,Ω Ω ∇ ∇ Ω Ω ∇ ∂ Φ Ξ Ω ∂
train_09299,∂ ∂ ∂ ∇ Ξ ∫ ∫ ∂
train_09300,Ξ ∫ ∂ ∇ Φ
train_09301,∂ ∂ ∂ Ω Φ ∂ Φ ∇ ∂ ∫ Φ Φ Ω ∂
train_09302,∫ Φ ∂ Ξ Ω Ω Ξ ∇ Ω
train_09303,∂ ∇ ∂ ∇ Ω
train_09304,Ξ Φ ∫ ∂ Ξ ∫ Ω
train_09305,∇ ∂ ∇ Φ Φ
train_09306,∫ ∫ Ξ Ξ ∂ Φ Ω Ω
train_09307,∂ Ω ∫ ∂ Ξ
train_09308,Ω ∫ ∂ ∫ ∫ ∇ Ω ∇ Ξ ∇
train_09309,∫ ∫ Φ ∫ ∂ ∂ ∫
train_09310,∂ ∇ ∫ Ω ∂ ∂ Φ ∇ ∫ Φ ∫
train_09311,Φ Ω ∂ Ω ∂
train_09312,∫ ∇ ∂ Ω Ξ Ξ ∂ ∇ ∂ ∂ ∂ Φ Φ
train_09313,∂ Φ Ω ∇ Ξ Ω ∫ Ξ
train_09314,∂ ∇ ∇ ∇ Φ ∇ ∇ Ω ∇ Φ ∫ ∇
train_09315,Ξ ∇ Ω Ω ∫ Ω ∇
train_09316,∂ Ξ Ω Ξ ∂ ∂ Ξ ∂ ∫
train_09317,Ω ∂ Φ Ω Ξ ∇
train_09318,∂ Ξ ∫ ∇ Φ ∇ ∫ ∂ Φ ∂ Ω
train_09319,∫ ∫ Ω Ξ ∇ Ω Ω ∂ Ω
train_09320,Ξ Ξ Ξ Φ Φ ∇ Ω ∂ Ξ Φ
train_09321,∇ ∂ ∇ ∇ ∫ Ξ ∇ ∫ Φ Ξ ∇ ∫ Ξ Ξ
train_09322,Ξ ∂ ∇ Ω Ω Ω ∇ ∂
train_09323,∂ Ξ Ξ ∂ ∂ ∂ Φ
train_09324,Ξ ∫ Ξ ∇ Ω ∇ ∫ ∇ Φ
train_09325,Ω Ω ∂ ∫ Ξ Φ ∂ ∂ Ω ∫ ∇ ∫ Ω Ξ
train_09326,Ξ ∫ Φ ∇ ∇ ∫ ∇ ∂ ∇
train_09327,∫ ∫ ∫ Ω ∫ Φ ∫ ∫ ∂ Ξ ∂
train_09328,Ω Ξ Φ ∫ Ω ∫ ∇ ∫ Φ ∇ ∇ Ω
train_09329,∇ Ω Φ Ω ∂ Ω ∇
train_09330,∫ ∫ ∂ Φ Φ Ξ Ξ Ξ
train_09331,∫ ∂ Ξ Ω ∫ ∫ Ξ Ω
train_09332,∂ Ξ Ξ ∫ ∂ Ω Ω Ξ ∂ Ξ ∂ Ξ
train_09333,∫ ∇ Ξ ∇ Φ ∇ ∂ Ω Φ ∫ ∫ ∂ ∂ Φ
train_09334,∇ ∇ Ξ Ω Ξ ∂ ∂ ∇ ∫ ∇
train_09335,Ω Φ ∂ ∫ ∫ Φ
train_09336,Φ ∫ ∂ Ξ ∫ Ω ∇ ∇
train_09337,∂ ∫ Ξ Ξ ∫ ∫ ∂ ∇ ∫ Φ Ω ∂
train_09338,∂ ∇ Φ Ξ ∂ ∂ Ω ∂
train_09339,∫ Φ ∂ ∂ ∫ Ξ Ξ Ω ∇ ∫ ∂
train_09340,Ω ∂ Φ Φ Φ ∇ ∇ ∫ Ξ ∂ ∂ Ξ
train_09341,Ω ∫ Ξ ∂ Φ Φ
train_09342,∫ ∇ ∫ ∂ Ω ∫ Ξ ∫ Φ Ξ ∫ ∇ ∫ ∇
train_09343,Ω Ω Ξ Ω ∫
train_09344,∂ ∂ ∇ Φ ∇ ∫ Ξ ∫ ∫ ∫
train_09345,∫ ∫ ∫ Φ ∫
train_09346,∫ Φ ∇ ∂ Φ ∂ ∫ ∇ ∂ ∫ Ξ
train_09347,∇ ∇ Ξ ∂ ∫
train_09348,∫ ∂ ∫ ∫ Φ ∫
train_09349,∫ Ω Ξ ∫ ∇ ∫ Ω Ω Ξ ∂ Φ Ω ∂ Ξ
train_09350,Φ Ω ∇ Φ ∇
train_09351,Ξ Ξ Φ Φ Φ Ω ∫
train_09352,Φ Ω ∂ Ξ Φ ∫ ∫ Φ ∇ ∂ ∂ ∂ ∂ ∂
train_09353,Ξ ∂ ∫ ∫ Ω Ξ Ω ∫ ∇ ∫ ∇ ∇ Ξ
train_09354,Ω ∇ Ω Ω ∫ Φ ∂ Φ ∇ Ω ∂ Ω ∂ ∂
train_09355,∇ Ξ ∫ ∇ ∇ ∇ ∂ Ω Ω Ω
train_09356,∫ Ω ∇ ∂ Ω ∂ Ω Ω ∫ ∂ ∫ Φ
train_09357,∫ Ω ∫ ∂ ∫ Φ ∫ Ω Ω ∂ Ξ
train_09358,Φ Ω ∫ Ω ∂
train_09359,∫ ∇ ∫ Φ Ω ∇ Ω Φ ∇ Φ ∫ Ω
train_09360,Ω Ω Ω Ξ ∇ ∇ Ω
train_09361,Ξ Ξ Ξ Ξ ∂ Ξ Ω Ω Ξ Ξ Ω Ω
train_09362,∂ ∂ ∂ Φ Ξ Φ Ω ∇ ∫ Ω Ξ ∇
train_09363,∂ Ω Ξ Ω ∫ Ω Φ
train_09364,∇ ∫ ∇ ∫ Ω ∫ Φ ∂ Ξ Φ ∂ Φ Φ Φ
train_09365,Φ ∇ Ω ∂ ∂ ∇ ∂ ∇ Ξ ∇ Φ Ω ∇ ∫
train_09366,Ξ ∇ ∂ Ξ ∂
train_09367,Φ ∫ Φ Ω ∫ Ω Ξ ∇
train_09368,Ξ ∫ ∇ Ξ Φ ∇ Ξ ∂ ∇ ∇ ∫ ∇ Ξ ∂
train_09369,∫ Φ ∇ ∇ Ω ∂ ∫ Φ ∇ ∂
train_09370,Ξ ∂ ∫ Ω Φ ∂ ∂ ∇ ∇ Ω ∂
train_09371,Ξ ∫ Ξ ∫ Ω ∇ ∫ ∫ Ξ ∫ ∇ ∇ Ω Φ
train_09372,∂ Ω ∇ ∫ Ξ
train_09373,Ξ ∫ ∫ Φ ∂ Φ ∇
train_09374,Ξ Ω Ξ ∫ Ω ∂ ∇
train_09375,Φ Ξ ∂ Ω ∫ Ξ Ω Ω Ξ Ξ Ω
train_09376,Φ ∂ Φ Φ Ξ
train_09377,∇ Φ ∂ Φ ∫ ∇ Φ ∫ Φ ∫ ∫ Ω
train_09378,∇ ∫ ∂ ∫ Φ Ξ Ω ∇
train_09379,Ω Ξ Ω ∇ Ξ ∫ Ω Ω Ξ Φ ∂ Ξ ∂ Ξ
train_09380,Φ Ξ ∇ ∇ ∂ ∂ ∇ ∂
train_09381,∫ ∇ ∫ ∫ Φ Φ Ξ ∂ ∇
train_09382,Ω Ω ∇ Ω ∫ Ξ ∫ Φ Ξ Ξ Φ Ξ ∇ Φ
train_09383,Ξ Φ ∫ ∫ Ω ∂ ∇
train_09384,∫ ∫ ∂ ∂ Ω ∇
train_09385,Ξ Ξ ∇ Ω ∂ ∇ Φ Φ ∫ Ω ∫ ∫ ∇
train_09386,∂ Ξ Ω Φ Ω Φ ∇
train_09387,∂ ∇ Ξ ∫ Φ Φ Ξ ∂ Ξ
train_09388,Ξ ∫ Φ Φ ∇ ∫ ∫ ∇ Ω Φ ∂
train_09389,Ω ∂ ∇ Ω Φ ∫
train_09390,∇ ∇ Ξ Ξ Ω ∂ Φ Φ Φ Φ ∇ Ω
train_09391,Ξ Φ ∇ ∂ ∇ Ω ∂
train_09392,Φ Ξ Ω ∂ ∫ Ω ∫ Φ ∇ ∂ Φ Ξ ∇
train_09393,Ξ ∫ Ω ∇ ∫ Ω
train_09394,∂ Ω ∇ Ω ∫ Ω ∇ ∂ ∂ Ω ∂ Φ Ξ
train_09395,Φ Ω Ξ ∇ ∫ Φ ∫ ∇ ∫ Ξ Φ Ξ
train_09396,Ξ ∇ ∇ Ω Ξ Ξ Ω
train_09397,∂ ∇ ∫ Ω ∇ Ξ
train_09398,∇ Ξ ∫ Ω Ξ ∫ Ω ∇
train_09399,∂ Φ Φ Ξ ∇ ∫ Ξ Ξ Ω ∇ ∂ ∇ ∫
train_09400,Ω Ξ ∇ ∂ ∇ ∂ Φ ∂ ∫ ∫ ∂ Ω
train_09401,Ω ∂ Ξ Φ ∫ ∇ ∂ Ω Φ ∫ ∫ ∫ Ξ ∫
train_09402,Φ Ξ ∇ ∂ Ξ ∇ ∫ Ξ Ξ ∫
train_09403,Ω Ξ ∇ Ω ∂ ∫ Ω ∫ Ω
train_09404,∂ Φ Φ ∇ Φ
train_09405,∇ Φ Φ Ω ∇
train_09406,Ξ ∂ Ξ Ξ ∂ Ω Φ ∇ Ξ Ξ Φ
train_09407,Φ Ξ Ω ∫ Φ Φ Φ Ω ∂ ∇
train_09408,Φ ∂ Ω ∂ ∇ ∂ Ξ ∂
train_09409,Ξ Ξ ∇ Ξ Ξ Φ Φ Ω Φ Φ Ω
train_09410,Φ Ω ∫ Ω Φ Ω Ω ∇
train_09411,∇ ∂ Ξ Ξ Φ ∫ Ξ ∇ ∇
train_09412,∇ ∂ ∂ ∫ ∇ ∫ Ξ ∫ Φ
train_09413,∫ ∇ ∫ ∂ Ξ ∫ Ξ
train_09414,Ξ Φ Ω ∫ Ω Ξ ∇ Ξ Φ Φ ∂ ∇ ∂
train_09415,∇ Ξ ∫ ∂ Ξ Φ ∫ ∫
train_09416,Ξ ∇ Ξ ∂ Ξ ∇ Ξ Φ Ξ
train_09417,Φ ∂ ∂ ∫ ∫ ∫
train_09418,Ξ Φ ∂ Ω ∇ ∂ Ξ Φ Ω Ξ ∇
train_09419,Ξ Ξ ∇ Ξ Φ ∂ Φ
train_09420,∫ ∫ Ω Ω ∫ ∂ ∂ ∂ ∂
train_09421,Ω Ω Ξ ∂ ∂ ∫ Ξ Ω ∂ ∂ ∂ ∇
train_09422,∂ Ξ ∫ ∇ Φ Φ Ω Ω ∫ Ω
train_09423,Φ Ω Ξ Φ ∫ Φ
train_09424,Ω Ω Φ ∂ ∂
train_09425,∫ ∇ Φ Ξ Φ ∫
train_09426,∂ Ω ∂ ∂ Φ Ξ Ξ ∂
train_09427,∫ Φ Ω Φ ∫ ∫
train_09428,∫ ∫ Φ Ξ ∇
train_09429,∂ Ξ ∫ Ξ ∫ Φ Ξ Ω Ξ ∂
train_09430,∂ Ξ ∇ Ω ∇ ∂ ∂ Ω ∇ ∫
train_09431,Ω ∫ Ω ∂ Φ Ξ ∂
train_09432,∂ Ω ∫ ∫ Ω ∂ Ω Ξ
train_09433,∫ Ω Ω ∫ Φ Ω
train_09434,Φ ∂ Φ Ξ Ω ∇
train_09435,Ξ ∇ Φ ∫ ∫ Ω Φ
train_09436,Ω Ω Ω Ξ ∂ Ω ∫ ∂ ∂ ∫ Φ ∇
train_09437,Ξ ∂ Ω ∂ Φ Φ Φ Ξ Φ
train_09438,Ξ ∇ ∇ Ξ Ω ∫ ∇ Ξ Ω
train_09439,∇ ∂ ∂ Ω ∂ ∂ ∂ ∂ ∂ ∂ ∫ Φ ∂ Ω
train_09440,Φ Ω Ω ∫ ∇ Ξ ∫ ∫ ∇ Φ ∂ Φ Ω
train_09441,Ξ Ω Ξ Ξ Φ Φ ∂ Ξ Ξ ∂ ∇ ∫
train_09442,∂ ∫ ∫ Ξ ∇ Ξ ∂ ∇ Ω ∇ ∇
train_09443,Ξ Ω Φ Φ ∇ Ξ
train_09444,∂ ∇ ∇ ∂ Φ Ω ∫ ∂ Φ Φ Ω
train_09445,Ω ∫ Φ ∇ ∇ Φ Φ Φ
train_09446,Ξ ∫ Ω ∇ ∂ Φ Φ ∂
train_09447,Ξ Φ ∂ ∂ ∫ Ω ∇ ∂ ∂ ∂ Ξ Ξ Ξ
train_09448,Φ ∇ Ω ∂ ∂ ∫ ∂ ∇ ∫ Ξ Φ
train_09449,Ω Φ ∂ Ξ Ξ ∂ ∇
train_09450,Ξ Ω Ω ∂ ∂ ∂ ∂ Ω ∫ ∇ ∫ ∫
train_09451,∫ Φ ∫ ∂ Ξ Ξ Ω Φ ∫ ∂
train_09452,∂ ∂ Φ Φ Φ Φ ∇ ∫ ∂ Ω ∇ ∂
train_09453,∇ Ω Φ Ω ∂ ∫ ∇ Ξ Ξ Φ ∇
train_09454,Ω Ξ ∫ ∫ Ω
train_09455,∇ ∂ ∂ ∂ ∂ ∫ Ω ∫
train_09456,∫ ∂ Ω ∂ Ω
train_09457,∇ ∫ ∂ ∫ ∫ ∂
train_09458,∂ Ω Ξ ∫ Φ ∇ Ξ ∂ ∇ ∇
train_09459,Ξ ∇ ∂ Φ Ξ ∫ ∫
train_09460,Ξ ∂ Ξ ∫ Φ ∫ ∇ Φ Ξ Ξ Φ Φ Ω Ω
train_09461,∫ ∇ ∇ Ξ ∇ ∂
train_09462,∂ Ω Ξ ∇ ∇ Ω Φ Ξ
train_09463,Ω Φ Φ Ω Φ Φ Ω ∇ ∫ ∇ ∇ ∫ Ξ Φ
train_09464,∂ Ξ Φ ∇ Φ
train_09465,Ω Ω ∂ ∫ Ω ∇ ∂ Ξ
train_09466,Φ ∂ Ω ∇ ∇ ∂ ∇ ∫ Ξ Ω ∇ ∂
train_09467,Ξ Ξ ∇ ∇ Ξ ∫ ∫ ∫ Ω Ξ ∂ Φ Φ
train_09468,Φ Φ ∂ Φ Ω ∫ Ω
train_09469,Φ Φ ∫ ∫ ∫ ∫ Ω ∇ Ω Ξ Φ Ξ Φ Ξ
train_09470,∇ Ω ∂ ∂ Ω Ξ ∫ ∇ ∂ ∂ Ξ Φ
train_09471,Ξ Ω ∫ ∂ ∫ ∇ Ω Φ ∫ Ξ ∂ Ω Ξ
train_09472,∇ Ξ ∂ ∫ ∫ ∫
train_09473,Ω ∫ Φ Ξ Ω ∂ ∂ ∫ ∫ ∂ Φ ∇ ∇ ∇
train_09474,Ξ Ξ Ω ∫ Ξ
train_09475,∂ ∇ ∫ Ξ Ω Ξ ∇
train_09476,∫ Φ ∂ Ξ ∂ ∂ ∇ Ξ ∫
train_09477,Ξ Ξ ∫ ∫ ∫ ∫ ∇ ∂ ∫ Φ
train_09478,Ω Ω ∂ Ξ Ξ Ω ∇ ∇ ∇ ∫ Φ Ω Φ ∇
train_09479,∇ Ω ∇ ∇ ∫ ∂ Ω Φ ∂ Ξ ∂ ∇ ∇
train_09480,Ξ ∂ Ω ∂ Ω Ξ ∫ Φ ∇ ∇ Ω ∫ Ω ∇
train_09481,∂ ∇ Ω ∇ ∂ ∫
train_09482,∇ Ξ ∫ ∫ ∂ Ξ ∇ Ω Φ ∫ Ξ Ω
train_09483,Φ ∫ Ξ Φ ∇ ∂ ∇
train_09484,Φ Ω ∂ ∂ Ξ ∫ Ξ
train_09485,Ξ Ξ ∂ Ξ Φ ∇ Φ ∇ ∫ Ξ Ω ∫ Ω ∇
train_09486,∂ ∇ ∂ ∇ Ω Ξ Ω Ξ
train_09487,Ξ ∫ ∂ ∂ ∇ Ξ Φ Ξ ∫ ∫ ∂
train_09488,∫ ∫ Ξ Ξ Ξ Ω Ξ ∂ Ξ ∂ ∂ Ω ∇ ∂
train_09489,Ξ Φ ∂ Ξ Ξ Ω ∂ ∇ Φ Ω ∇ Ξ
train_09490,∂ ∂ ∇ Φ Ω Ω Φ Ξ ∫ Φ
train_09491,Ω ∫ Φ Ω ∇ ∫ Ξ Ξ Φ Ξ Φ Ξ ∂
train_09492,Ξ Ω Ξ Ξ ∇
train_09493,Φ ∇ ∇ Ω ∫
train_09494,Ω Φ ∂ Ω Φ ∫ ∇ ∫
train_09495,Ξ ∫ Φ ∫ ∫ Ξ Φ Ξ ∫ Φ Φ
train_09496,∂ Ξ ∂ Φ Ω ∇ Φ
train_09497,∫ ∇ Φ Φ ∫ ∂ Φ ∂
train_09498,∂ Ω ∇ Φ ∇ Φ ∫ Ξ ∂ ∂ Ω Ω Ξ
train_09499,Φ ∂ Φ ∇ ∇ Ξ ∫ Ξ ∂
train_09500,Φ ∂ Φ ∇ ∫ Ξ ∂
train_09501,∂ Φ ∂ Φ ∇ Φ ∫ ∂ Ξ ∇ ∫ Ξ Φ
train_09502,∇ Ξ Ω ∂ Ω Ω ∫ ∂ Ω Φ Ω ∫ Ξ
train_09503,Ξ ∂ Φ ∂ ∂ ∫ ∫
train_09504,Φ Ξ ∫ ∂ ∇ ∇ Ω
train_09505,∂ ∇ Ω Φ Ξ
train_09506,∇ ∫ Ξ ∫ ∫ ∂ ∂ Ξ
train_09507,Ω Ξ Ξ ∂ ∂ ∇ Φ ∫ Ω
train_09508,Ω Ω Ξ ∫ Ω ∇ Ω Φ ∂ Ω Φ Ξ Ω
train_09509,∂ ∫ ∂ ∇ ∂ ∇ ∂ ∂
train_09510,∇ Φ ∫ ∇ ∫ Ω ∂ ∂ Ξ
train_09511,∫ ∫ Ω ∂ Φ Ξ
train_09512,Ξ ∂ ∫ Ξ Ω Ξ Ξ Ξ ∇ ∇ Ω Ω
train_09513,∫ Ξ ∫ Ω ∂ Ω Φ ∫ Ω ∫ ∂ Ξ
train_09514,Φ ∫ Ξ ∇ Ξ ∂ ∇
train_09515,∫ ∂ ∫ Ω Φ ∂ Ξ Ξ ∫ ∫
train_09516,Φ ∇ ∇ Φ Φ ∫ ∫ Φ Ξ ∇ ∂
train_09517,∫ ∂ ∂ Ξ Ξ Φ Φ Ω ∇ Φ ∫ Ω Ξ
train_09518,∫ ∇ Ω Φ Φ ∂ Ξ ∫ ∇ Ξ Ξ ∂
train_09519,Φ Ξ ∇ Ξ Ω ∫ Ω Ξ Ω ∂ Ξ ∫
train_09520,∫ Φ ∇ Ξ ∇ ∇ ∇ Ω
train_09521,∇ ∫ ∫ Ω ∫ ∂ Ω ∇ Ω Ω Ω Φ ∂
train_09522,Ξ Ξ Ξ ∫ Ω Φ
train_09523,Ω ∇ Ω ∂ Φ Φ ∂
train_09524,Φ Ω Ω Φ ∂ Φ ∫ Φ Φ
train_09525,Ω ∇ Φ ∇ Ξ ∇ Ξ Ω Φ Φ ∂ ∫ ∫
train_09526,∫ Ω ∫ Ω ∇ Φ Φ Φ ∇
train_09527,Ω Ω ∂ Ξ ∂ ∇
train_09528,∫ ∂ Ξ ∫ Ξ Ξ ∂ ∫ Ω
train_09529,Ξ Ω ∇ ∇ ∂ Ξ
train_09530,Ω ∇ Ω Φ Φ ∂ ∂
train_09531,Ξ ∫ Φ Ω ∂ Ξ ∫ Ω Φ Ξ Φ
train_09532,Ξ Ω ∂ ∫ Ω Ξ Ω Ω ∇ Ξ ∂ ∫ ∫ Ω
train_09533,Ξ ∫ ∂ Ξ Ω ∫ Φ Ξ ∂ Ξ Ξ
train_09534,∫ ∂ Ω ∫ ∇ ∂ ∫ ∫ Ξ ∫ Φ ∫ Φ
train_09535,Ω Φ Ξ ∂ ∇
train_09536,∇ Φ Φ ∫ ∂ ∇
train_09537,∂ ∇ ∂ ∇ Ω Φ ∇
train_09538,Ω ∂ ∫ Φ Ω ∂ ∫ Φ
train_09539,∇ Ω ∫ Ξ ∂ ∂ ∫
train_09540,∇ Ξ ∫ ∫ Ω Φ Ξ Φ Ξ ∇ ∫ Φ
train_09541,Ξ ∇ ∫ Ξ Φ Ξ Ξ ∇ Ξ Φ ∇ Ξ
train_09542,∇ ∂ ∫ ∇ ∇ ∫ ∂ Ξ Ω
train_09543,Ξ Φ ∫ Ξ Ξ Ω Φ Ω ∂ ∇ ∂ Ω Φ ∫
train_09544,Φ ∂ ∂ Ξ ∂ ∫ Ξ ∂ Ω Φ ∫ Ω
train_09545,∂ ∂ Φ ∂ ∫
train_09546,Ξ Ω Ω ∇ ∫ Ω ∫ Ξ ∫ Ω
train_09547,∫ ∫ ∂ ∇ ∇ ∂ ∇ ∫ ∫ ∇ Ξ ∂
train_09548,Ω ∫ Φ ∂ Φ Ξ Φ Φ Ω Φ Φ Ω ∇
train_09549,Φ Ω ∇ ∫ ∫ Φ ∇ Φ ∂ ∂ ∇ Φ
train_09550,∂ Ξ ∇ Ω ∫
train_09551,Φ ∂ Ω ∂ Ξ Ω ∂ ∂ ∂ ∫ ∫ ∇
train_09552,Ω Φ Φ ∂ ∫ ∫ Ω Φ Ξ Ξ Ξ
train_09553,∫ Ξ Φ ∇ Ξ ∇ Ω
train_09554,Φ Ξ ∇ ∫ ∫ ∫ ∇ ∇ Ξ
train_09555,Φ ∫ Φ Φ ∫ ∫ Φ Φ ∇ Ω Ω ∇ ∫
train_09556,Φ ∫ Ω Ω ∇ Ω ∇ Ξ Φ ∂ Φ Ξ
train_09557,Ξ Ω Φ ∫ ∂ Φ ∫ ∇
train_09558,Ω Φ ∇ Ξ Ξ Ω
train_09559,∇ ∇ Ξ Φ ∇ ∇
train_09560,∇ Ξ ∂ Ω ∫
train_09561,Ω ∂ Ω ∂ Ξ ∇
train_09562,∇ ∇ Φ Ω ∫ ∂ Φ Ω Φ ∂ Φ ∂ Ω
train_09563,Φ Ξ ∇ Ω Φ Ω
train_09564,Ω Ω ∂ ∇ Ω ∂ ∂ Ξ ∇ ∇
train_09565,Φ ∫ ∇ ∫ Ω ∫ ∂ Ω ∇ Φ
train_09566,Ξ ∇ Φ ∂ Ω ∇ ∂ ∇ Ξ Ω ∫ Φ
train_09567,∇ ∇ Φ Φ Ξ Ω ∇ Φ Ξ
train_09568,∫ ∫ Ξ Ω Ξ Ω ∫ Φ Ω Ω Φ Ω Φ Ω
train_09569,Ξ ∂ Ω Ξ Φ ∂
train_09570,Ξ ∂ Ω ∇ Φ Ξ Ω ∇ ∫ Ω Φ
train_09571,∂ ∫ Φ Ξ Ω Φ
train_09572,∇ ∫ ∫ Φ ∇ ∇ ∂ Φ
train_09573,Ξ ∂ ∂ Ξ Ξ ∇ ∂ Φ Ω ∇ Ξ ∂ ∫
train_09574,∫ ∇ ∂ Φ ∂ Φ
train_09575,Ξ Φ ∂ Ω ∫ Φ ∂ Φ
train_09576,Ξ Ξ ∫ ∇ Ξ ∫ Ω ∫
train_09577,Φ ∇ Ξ Φ Ξ Ω Ω ∫ ∫
train_09578,∇ Ω Ω ∂ Ξ Ω ∂ Ξ Ξ Φ
train_09579,∫ ∇ ∫ ∇ ∫ Ω
train_09580,Ξ ∫ Ξ Ω Φ ∂ ∇ Φ Φ Ω ∫ Ω
train_09581,∫ ∫ Φ ∫ ∇ ∇ Ω ∂ Ω ∫ Ξ Ω ∫ ∫
train_09582,∇ Ω Ξ Ω Ω Ω Φ Ω Ξ ∫ ∇ ∂ Ξ Ξ
train_09583,Ξ ∇ Φ ∇ ∂ ∫ Ω
train_09584,Φ Ξ ∂ ∫ ∫ Φ Ω Φ Ω Ξ ∇ ∇
train_09585,Ω Ξ ∂ Φ ∂ ∂ ∫ Ξ Φ ∇ Ω Ξ ∫
train_09586,Φ ∂ ∫ Ξ Ω
train_09587,Φ ∂ ∂ Φ ∫ ∇ ∫ Φ Φ Ξ ∂ ∫ Φ
train_09588,∂ ∂ Ω Φ ∇ ∇ Ω Φ ∂ Ξ
train_09589,∇ ∇ ∇ ∫ ∂ ∫ ∫ Φ Φ
train_09590,Ξ Ξ Ω ∫ Ω
train_09591,Φ ∇ ∇ ∫ Ω Ξ Φ
train_09592,∫ Ω Φ Ω Ξ
train_09593,∇ Ξ Ω ∫ Ω ∇ ∇ ∂ ∂ ∂ ∂ Φ Φ Ξ
train_09594,∇ Ω Ω ∫ Φ Φ ∫ Φ Ξ ∫
train_09595,Ω Ω Ω Ξ ∫ Ω ∇ ∫ Φ ∫ ∇
train_09596,∂ ∫ Ω Ξ ∫
train_09597,∇ ∫ Ξ ∇ ∂ Φ
train_09598,∫ ∫ ∂ ∫ ∇ Ξ
train_09599,Ω Φ Φ ∫ ∇ Ω Ω ∫ Φ ∂ Ω
train_09600,∂ Φ Ω ∂ Ω ∫ ∇ Ξ
train_09601,∫ ∫ Φ Ξ Ξ
train_09602,Ω Ω ∇ ∇ ∇ ∫ ∂ Ξ Φ ∇
train_09603,Ω Φ ∫ ∫ ∫ Ω Φ ∫ ∂ ∇ Ξ ∂ Φ Ξ
train_09604,Ω ∫ Ξ ∂ ∂ ∇ ∇
train_09605,Ξ Ω ∫ Ω Ω ∫ ∇ Ξ Ω Ω Ξ ∫ ∂ Φ
train_09606,∇ ∂ ∇ ∂ ∂ Ξ ∂ ∇ ∂ Ω ∇
train_09607,∫ Φ ∫ ∫ Ω ∫ Ω Φ
train_09608,∫ Ξ ∫ Φ Ω ∂ ∂ ∫
train_09609,Ω ∇ Ω ∫ Ξ ∇ ∂
train_09610,∇ ∇ Ξ Φ ∇
train_09611,∫ Φ ∇ ∇ ∂
train_09612,∫ ∇ Ξ Ξ ∇ ∫ ∫ Φ ∇ Ω Φ Ξ ∂ Ξ
train_09613,Φ Ξ Ξ Φ Φ Φ Φ Φ Φ ∂ Φ
train_09614,Ξ Ω Ξ Φ ∫ Ξ Ω
train_09615,Φ ∂ Ξ ∂ ∂ ∇ ∇ ∇ ∂
train_09616,Φ Ξ Ξ ∇ Φ ∂ ∂ ∇ Ω Ξ Φ ∫ ∇
train_09617,Φ ∫ Φ ∇ Ξ ∇
train_09618,∂ ∂ ∫ Ω ∇ ∫
train_09619,∫ Φ ∂ Ω ∇ ∂ ∂ ∂ Ξ Ξ ∫ ∂
train_09620,Ω Φ ∇ Φ Ξ Ξ Φ Φ Φ Ξ
train_09621,Ξ Ω Φ Ω ∫ ∇ ∂ Φ ∂ Ω ∫ ∇ ∂
train_09622,∫ ∂ Φ Ξ Ξ
train_09623,∫ ∫ ∂ ∫ ∫ Ω Ω Φ Ξ ∇ Ξ ∂
train_09624,Ω ∫ Φ ∇ Ξ Φ Φ Φ
train_09625,∂ ∫ Ξ ∂ Ξ
train_09626,Ξ ∫ Ω ∫ ∇ Ξ
train_09627,∫ ∫ ∇ ∂ Ω Ξ ∫ ∫ Φ ∂ ∫ Ω
train_09628,∫ ∫ ∫ ∂ Φ ∫ Φ
train_09629,∫ ∫ Ω ∫ ∂ ∇ ∂ Ξ
train_09630,∇ Φ ∫ ∇ Ω Φ ∂
train_09631,Ξ Ξ Φ ∂ ∂ Ξ Ξ Ξ ∫
train_09632,∫ ∫ ∫ Ξ ∫ Φ ∂ Ξ Ω ∫ Ξ
train_09633,∇ Φ Ξ ∂ Ω ∇ ∫ Ξ ∫ Φ Φ ∫ Ξ ∫
train_09634,∂ ∫ Ω Φ Ξ ∂ ∫ Ξ ∫
train_09635,∫ Ξ ∫ Ξ Ω ∇ ∂ ∂ Ξ Ω ∂
train_09636,Φ ∂ Ω Ω Ω Φ
train_09637,Ω ∂ ∇ ∇ Φ Ξ Ξ Ω ∇ ∇
train_09638,Ξ ∇ ∂ Ξ Ω Ω ∫
train_09639,Ω Ξ ∫ Φ Ω Φ ∂ Ω Ξ ∇ Φ ∂ Ξ ∂
train_09640,Φ ∇ Φ ∫ ∇ Ξ Ξ Ξ ∇ Φ
train_09641,∂ Ξ Ω Ω Ξ ∫ Ξ
train_09642,∫ ∫ ∇ ∂ Ω ∂ Φ ∂ Ω
train_09643,Ξ ∂ Φ ∇ Ξ ∂ ∂ Ξ ∫ Ω Ω Ω ∫
train_09644,∂ Φ ∇ Ξ ∇
train_09645,∂ Φ Φ ∫ ∇ Φ
train_09646,Φ ∂ Ξ ∇ ∇ Φ Ω ∂ ∫ Ξ ∫ Ω ∂
train_09647,Ω ∇ ∫ Ω Ξ Φ Ξ ∫ Ξ Ω Ω
train_09648,∂ Ω Ω Φ ∫ Ξ ∫ Φ Ξ ∇ Φ Ξ Ξ
train_09649,∫ ∫ ∫ ∫ ∂ ∇
train_09650,∂ ∫ ∂ Ω Ω ∫ Ω Ξ Φ ∂ ∇ ∂ Φ Φ
train_09651,∂ Ω ∫ Ξ Ξ ∫ Ξ Ξ ∂ Ω Ξ
train_09652,∫ ∂ Ξ ∇ Φ ∂ Φ ∂ Ξ Φ ∫
train_09653,∂ Ξ Ξ ∫ ∂ ∇ Ξ Ω ∫ ∂
train_09654,Ω ∫ Φ ∫ Ξ ∂ Ω Ξ ∫ Ξ Φ ∇
train_09655,Φ ∇ ∂ ∂ ∫ Ξ Ω
train_09656,Ξ Ξ Ω Ω Φ ∂ ∫
train_09657,∫ Ξ ∫ ∫ ∂ Ξ ∇ Ω Ξ Ω Ξ
train_09658,Ξ Ξ Ξ Φ Ξ Φ Ω
train_09659,∇ ∫ Φ ∇ Ω ∂ Ξ Ξ ∇ Φ ∂ Ξ
train_09660,∫ Ω ∂ ∂ Ω
train_09661,Ω ∇ Ω ∇ ∂ ∂
train_09662,Ω Ξ Ω Ξ Ξ Ω ∫ Ω ∫ Φ Ξ ∂
train_09663,∂ ∂ ∂ Ξ Ω ∇
train_09664,Ω ∫ ∂ ∫ Ω Ξ ∂ ∂ ∫ Ξ Φ
train_09665,∫ ∫ Ξ ∫ ∂ ∇ ∂ ∂ ∫ Φ
train_09666,∫ Ω ∫ Ω Ξ Ξ ∫
train_09667,∂ ∫ ∂ Ω ∇ Ξ ∂ Ξ Φ Φ Φ ∫ ∂
train_09668,∇ ∫ ∂ ∇ Ω ∫ Ξ ∂ ∇ Φ ∫
train_09669,∫ Φ ∂ Ω Ω ∂ ∇ ∇ ∫ Φ
train_09670,Ω ∂ Ξ ∇ Φ
train_09671,∂ Ξ Ω ∫ ∂ Φ Ω ∫ Ω ∇ ∇ ∫ ∇ Ξ
train_09672,Φ ∇ ∂ ∇ ∫ ∂
train_09673,Φ Ω Ω ∫ ∫ Φ ∇
train_09674,Φ Ξ ∂ ∂ Ξ ∫ ∇ ∂ Ω
train_09675,Ξ ∫ ∫ ∇ Ω Φ Ξ Ξ ∂ ∫
train_09676,∇ ∂ ∇ ∫ Ω Ω ∫ ∫ ∫
train_09677,Ξ Ω Φ Ω ∫ Φ Φ ∂ Ξ
train_09678,∫ ∇ Ω ∫ Φ ∂ ∂ ∇ Ω ∫ ∫ ∂ Ω
train_09679,∂ ∫ ∫ ∂ Φ Ξ Ω ∂ ∫
train_09680,Φ Φ Φ Ξ ∫ ∂ ∂ Φ ∫ ∫
train_09681,∂ Ω Ξ ∇ Ξ Ξ ∇ Φ ∇ Φ Φ ∫
train_09682,∂ Ξ Ξ ∇ Ω Φ Ω ∂
train_09683,∫ Ω Φ ∂ ∫ ∇ Ξ ∇ Ξ
train_09684,Φ ∇ Ξ ∫ Φ ∂ Φ ∂ ∇ ∂ ∂ ∂ Ω
train_09685,∫ Ξ Ξ Ξ Φ ∫ Ξ ∇ Φ Ω ∫ Φ
train_09686,∇ Ξ ∂ Ω Ω ∫ Φ ∇ ∫ ∇ Φ Ω ∫
train_09687,Ω Ξ ∇ ∂ Φ Ω ∂ Φ Ω Ω
train_09688,Ω Ξ Ω ∫ ∫ ∇ Ξ Φ Φ ∫ ∇ ∇ Φ Φ
train_09689,∇ ∫ ∂ ∇ ∇ Ω Φ Ω Ξ Ξ
train_09690,∫ ∂ Φ ∇ ∫
train_09691,Ω Ω Φ Ξ Φ ∂ ∂ ∂ Φ Ξ Φ
train_09692,∇ Ω Ω Ξ ∫ Ξ ∫ Ω Ω ∂ ∇ Φ
train_09693,Ξ ∇ ∫ ∂ ∂ Ω
train_09694,∇ Φ ∇ Φ ∫ ∂ ∂ ∫ Ω Φ
train_09695,Φ ∂ ∂ Ξ Ω Ω ∂
train_09696,∂ ∫ ∇ ∫ ∫ Ξ Ω ∇ Ξ
train_09697,Ω Ω Ξ ∫ Ξ Φ ∂ Ω ∫ Ξ Ξ ∇ Ξ
train_09698,Ω Ξ Φ Ω Ξ Φ Φ ∫ Ω Ω ∇ Ω ∇ ∂
train_09699,∫ Ξ ∫ Ξ Ω ∇ ∂ Ω ∫ ∇ Ω
train_09700,∇ Φ ∇ ∂ ∂ ∫ ∇ Ξ ∫ ∇ Φ Φ
train_09701,Ω Φ Φ ∫ ∫ Ω ∂ Φ ∇ ∂ Φ Ξ
train_09702,∂ Ω ∇ Ω ∇ ∫ ∫ ∫ ∂
train_09703,∫ Ω Φ Φ ∂ Ω Ξ Φ ∫
train_09704,Ω Ξ Φ ∂ Φ
train_09705,Ξ Φ Φ Ξ ∇ Ω ∫ Ω ∇ Φ
train_09706,∂ Ω ∫ Φ Φ ∇
train_09707,Ω Ξ ∂ ∇ Φ Ω ∇ ∫ Ξ Ω Ω Ξ ∂ Ξ
train_09708,∫ Ω ∫ ∂ Φ ∂ ∇
train_09709,Ξ Ω Ξ Φ ∫
train_09710,Ω Ξ ∫ Ξ ∫ Ξ Ξ Ω
train_09711,Φ Φ Ω Ω ∫ Ω Ξ
train_09712,Ω ∇ Φ ∂ Ξ Φ ∫ ∇ Ω
train_09713,∇ ∂ ∫ ∇ ∫ ∫ ∂ Ω Ξ Ω ∇ Ξ Ω Ξ
train_09714,∫ ∇ Ω Ω ∫ ∫ Φ ∫
train_09715,Ω ∂ Ξ ∂ Ξ Ω ∫ ∇ Φ Ξ Ξ Ω Φ
train_09716,Ξ Φ Ξ ∇ Ξ ∇ ∫ ∫
train_09717,Ω ∂ Ξ Ξ ∫ ∂ ∂
train_09718,∂ ∫ ∇ ∫ ∂ ∇ Ξ Ξ Φ
train_09719,∂ Φ ∇ ∇ Φ ∇
train_09720,∇ Ω ∂ Ξ Ξ Ω ∫ ∫ ∂ Ω ∇ Φ Ξ
train_09721,Ω ∂ ∇ ∫ ∂ ∂
train_09722,∇ Φ Ξ ∫ Ω Φ ∇ Ω ∫ ∇ Ω Ω Ω Ω
train_09723,Ω Ω ∫ Ξ Ω Ξ Φ Φ Φ ∫ ∇ ∇ ∂ Ξ
train_09724,Ω ∂ ∫ ∂ Ξ Ω
train_09725,∇ ∫ Ω Ξ Ξ Ω Ω Φ Ξ
train_09726,∂ ∇ Ω ∇ ∇
train_09727,Φ ∇ ∇ ∫ Ω Φ Φ Ω Φ
train_09728,Φ ∂ ∂ Ξ Ξ Φ Ω Ξ Φ ∇ ∫
train_09729,∇ ∇ ∂ Φ Ξ Ω
train_09730,∂ ∫ ∇ Φ ∂ ∇ ∫ Ω ∂ Φ ∂ ∇
train_09731,∫ Φ Ξ Φ Ξ ∂ Ξ Ω Ξ
train_09732,∫ Ω Φ Φ Ω Φ Ω
train_09733,Φ ∫ Φ ∂ Ω ∇ Ξ ∂ ∂ Ω ∇ Φ ∇ ∇
train_09734,∫ Ξ ∫ Φ Ξ Φ ∇ Φ ∫
train_09735,Φ ∇ Φ ∇ Ω
train_09736,∇ ∇ ∇ ∫ Ξ ∂ ∫ ∫ Ω ∇ ∇ ∫
train_09737,Ξ ∫ Ξ ∫ Ω ∫ ∫ Φ Ξ ∇ Ω Φ
train_09738,Φ Φ Ω Ω ∂ ∂ Φ Ξ Ξ ∇ Φ Ω Ξ Φ
train_09739,∫ ∂ ∫ ∇ Ξ ∂ ∇ ∫ ∇ ∂ Φ Ξ Ξ Ξ
train_09740,Ω ∂ Ω Ξ Ω Ξ Ω Φ Ω
train_09741,∫ ∂ ∂ Ω ∇ Φ
train_09742,Φ ∂ Ω Ξ Ξ ∫ Ξ ∫ ∫
train_09743,∂ Φ ∇ ∂ ∫ ∂ Φ Φ ∫ Φ ∇ ∂
train_09744,∫ ∂ ∂ ∫ Φ
train_09745,Ξ ∇ Ξ ∂ Ξ ∂ ∇ ∇ ∇ ∇ ∂
train_09746,∫ ∫ Ξ Ξ Ω Ξ ∂ Ξ ∇
train_09747,Ω Ω ∫ Ξ Ξ ∇ Ω ∫ ∂ Ω ∇ ∫ Ξ Φ
train_09748,∂ ∫ ∂ Ξ ∇ ∇ Φ ∫ ∫ ∂
train_09749,Ω Ω Ξ Ξ ∇ ∂ Ξ Ξ ∇ Ξ ∫ ∇ ∂
train_09750,∂ Ξ ∇ ∫ ∫ Φ Ξ Φ Ω Ξ Ω Ξ ∫
train_09751,∇ ∇ Φ Ξ Ω
train_09752,∫ Ξ ∇ ∫ ∫ ∇ ∂ Ω Ξ
train_09753,Φ ∇ Ξ Ω ∂ ∇ ∇ ∫ ∂
train_09754,∂ Ω ∂ ∫ Ω ∇ Ω Ω ∫
train_09755,Ω ∫ ∇ ∫ ∇ Ξ Ξ Φ Φ ∂ ∫ ∫
train_09756,Φ ∂ ∇ ∇ ∂ ∫ Ξ Φ ∇ Φ
train_09757,Φ ∂ ∇ ∇ ∂ Φ Ξ ∇ ∇ Φ
train_09758,∇ ∇ ∂ Ξ ∫
train_09759,Ω ∫ ∫ ∫ Ξ Ξ ∂ ∇ ∂ Φ Φ
train_09760,Ξ ∫ Ξ Φ ∫ ∇ ∂ Ξ Φ
train_09761,Ξ ∂ ∇ Ξ Ω
train_09762,Φ ∇ ∂ ∫ Φ Ξ Φ ∂ ∇ Ξ ∇ Ω ∂
train_09763,∂ Ξ Ω Φ ∂ ∇ ∂ Ξ
train_09764,Ξ ∫ ∫ ∫ Ω ∫ ∫ Ξ Ξ ∂ ∂ Φ Ξ
train_09765,∂ Ω Ξ ∇ Ω Ω ∂
train_09766,∇ ∇ Ω Φ ∂ Ξ ∫
train_09767,Ξ Ξ ∫ ∂ ∫ ∇ ∇ ∇ Ξ Ξ Ω
train_09768,Ξ ∇ Φ ∂ Φ
train_09769,Ξ ∂ Φ ∫ Φ Φ ∂ Ω Ω Φ ∂ Ω Ω ∫
train_09770,Φ Ξ ∇ Ξ Ξ Φ Ω Ω Ξ ∫ ∫ Φ
train_09771,∇ ∫ ∂ ∂ ∂ ∇ Ξ ∂ ∂ ∇ ∂ ∂ Φ Ξ
train_09772,Ξ ∫ ∂ ∂ ∂ Ξ
train_09773,Ξ Ω Ω ∂ Ξ ∇ Ξ Ξ Ω Ξ ∂ Ξ Ξ ∇
train_09774,∇ ∫ Φ Ω Ω Ξ Ω ∇ Ω Ω ∫ Ω ∫
train_09775,∇ ∫ Ω ∫ ∂
train_09776,∫ ∇ ∫ ∂ Φ Ω Ω Ξ ∂ Φ ∫ ∫ Φ
train_09777,Φ Ξ ∫ ∇ Ω ∂ Ω ∇ ∇ ∇ Φ Ω Ξ ∂
train_09778,∂ Φ Ω ∫ ∫ Ξ Ξ Φ Ω
train_09779,∇ Ξ Ξ Ω Φ ∇ Φ Ξ ∇ ∇ ∫ Ω Ξ
train_09780,Ω Φ ∇ ∂ Ω Ω Ω ∫ ∂ Ξ Ω
train_09781,∇ Φ Ξ Ω Ξ Ξ Ξ Φ ∇ Ξ ∇ ∫
train_09782,∂ ∂ ∇ ∂ ∫ Ω ∫ ∫ ∇ Ω
train_09783,∫ Φ ∂ ∇ ∂ Ω Ξ ∂ ∂ ∂ Φ Ξ
train_09784,∂ Φ ∇ Φ Φ ∂ Ω ∇ ∫ Ω ∫
train_09785,Ξ ∂ Φ Ω ∫ Ξ ∇ Ξ Ω
train_09786,Ξ ∂ ∂ Ξ ∫ Φ Ξ Ξ Ξ ∫
train_09787,Φ ∇ ∂ ∂ Φ
train_09788,Ω Ξ ∇ Ω ∇ ∂ ∂ ∫ Ξ ∫ ∫ ∇ ∇ Ξ
train_09789,∂ Φ Ξ Φ Φ ∂ ∫ Ω
train_09790,∇ ∇ ∫ Φ Φ ∇ ∇ Φ ∇ ∫
train_09791,∂ ∇ Φ Φ ∇ ∂ ∇ Φ Φ Ξ
train_09792,∇ ∇ ∇ ∇ ∫ Ω ∂ ∇ ∂ Φ Φ
train_09793,Ω ∂ ∫ Ω ∂ ∫ Ω Ξ ∫
train_09794,Φ ∇ ∇ ∂ ∫ Φ ∫
train_09795,Ω ∇ Ω Φ Ξ ∂ ∂ Ω ∇ ∫
train_09796,Φ ∫ Φ Φ Φ Φ ∫ Ω
train_09797,Ω Φ Φ Φ Ω ∫
train_09798,Ω ∫ Φ ∇ ∂ Ω ∫ Φ ∂ ∇ ∇ Ω
train_09799,Ξ Ξ Φ Φ ∫ ∂ Ω Ω ∇
train_09800,∂ ∇ Φ ∇ ∇ Ξ Ξ ∇ ∂ Ω ∇
train_09801,Φ Ξ ∇ Φ Φ
train_09802,Ω ∂ ∂ ∫ Φ Ξ Φ ∂ ∂ ∫
train_09803,∇ ∇ ∫ Ξ Φ
train_09804,∇ Φ Φ Φ ∇ Ξ ∂ Ξ
train_09805,Ω ∫ ∫ ∇ ∫ Φ Ω
train_09806,Ω ∂ Ω Ω Ξ Ξ Φ Ω ∫ ∂
train_09807,∫ Ξ Ω Ω Ξ ∂ ∫ ∫ ∫ ∂ ∫
train_09808,∂ Ω ∇ Ω ∫ ∫ ∫ ∫ Ξ Φ
train_09809,∂ ∫ Ξ ∫ ∇ ∇ ∇
train_09810,Ξ ∫ ∂ Φ Φ Ω Φ
train_09811,∫ Ξ ∂ ∇ ∫ ∇ Φ
train_09812,Ω Ω ∇ ∇ Ξ Ω Ω
train_09813,Ω Ω ∇ ∫ ∂ ∇ ∂ Φ ∂ ∇ Ω Ξ ∇ Ω
train_09814,Ξ ∂ Ω ∂ ∇ ∇ ∂ ∫
train_09815,∂ ∂ ∇ ∂ ∂ Φ Ξ ∇ ∂ ∂ Ξ
train_09816,∫ ∫ ∇ ∂ ∂ Φ ∇ Φ ∇ Ξ
train_09817,∫ ∂ ∂ Ξ Ξ Ξ Ξ Ω Ξ ∫ Φ Φ Ξ
train_09818,Ω Ξ Ω ∂ Ξ Ξ ∇
train_09819,∂ ∫ ∂ Φ Ω Ω ∫ Φ Φ Ξ Φ
train_09820,∫ ∫ ∫ Φ Φ ∫ Ξ
train_09821,Ξ ∂ Ξ Ω Ω Φ ∇ Φ Ξ ∂ Ξ Ξ ∂
train_09822,∫ Ω ∂ ∇ ∫ Φ ∇ ∫ Φ
train_09823,∇ Ξ Φ Ξ Ω Ξ ∫ ∇ Ξ ∂ Ω Ω
train_09824,Ω Ξ ∫ Φ Ω Φ Φ ∫
train_09825,∇ ∇ ∫ Ω ∂ Φ Φ Ω ∫ ∂ ∇ Φ
train_09826,Φ Φ Ξ ∫ ∇ Ω ∇ ∇ Ξ ∫ Φ ∇ Φ ∇
train_09827,∫ ∂ Ξ ∇ Ξ ∇ ∇ ∂ ∇ Φ
train_09828,Ω ∇ ∇ Φ ∫
train_09829,Φ ∇ ∂ Ξ ∇ ∫ ∂ Ω ∫ Φ ∂
train_09830,∂ Φ Φ ∫ ∫ Φ ∇ Ω Φ ∇ Ω
train_09831,Ξ Ξ ∂ Ω ∇ ∂ ∂ Φ ∇ ∂ ∂ Ξ
train_09832,∫ Φ Ω Ω Ξ Ω Φ Φ Φ Ω Ξ Ξ Ω Φ
train_09833,Ω ∂ Ω ∫ ∫ ∇ ∇
train_09834,∂ Ω Ω ∂ ∂ Ω Ξ Φ Ω ∂ Ξ Φ
train_09835,∂ Φ Ξ Ξ ∫ Φ Φ ∫ ∇ Ω
train_09836,Ξ ∫ ∇ Ξ Ξ Ξ Φ ∫ ∇ Ξ ∇ ∇ ∇
train_09837,Φ Ξ Ω ∂ Ξ Φ ∂ ∫ ∂ ∫
train_09838,Ω ∫ ∫ Φ Φ
train_09839,Ω ∂ Φ Ω Φ
train_09840,∇ ∫ Φ ∇ ∇ ∂ Ω Ξ
train_09841,Φ Φ Φ ∇ Ξ ∇ Φ ∫ Ξ ∇
train_09842,Φ ∫ Φ Ω Ξ Ξ ∫ Φ ∇ Ω ∇ Ξ ∇ Ξ
train_09843,Ω ∫ ∇ ∂ ∫ ∫ Φ Ξ
train_09844,∇ Ω Ω Φ ∇ ∂ ∫
train_09845,∫ ∂ ∂ Ξ Ω Ω Ξ ∫ ∫ Ω ∇ ∂ ∇
train_09846,∫ ∇ ∂ ∇ ∫ Ξ ∫ Ξ ∇ ∂
train_09847,∂ Ω ∇ ∂ ∫ ∂
train_09848,∫ ∇ Φ Ξ Ξ ∫ ∫ ∫ ∫ Ω
train_09849,Φ ∂ ∇ ∇ ∇ Ξ Φ
train_09850,Φ Φ ∫ ∇ Φ Φ Φ Ω Ξ Φ ∂ ∂
train_09851,∇ ∫ Φ Ω Ω ∂ Ξ Ω ∂ ∫ ∂ ∫ Φ
train_09852,Ω Ξ ∫ Ξ ∂ ∫ Φ ∂ ∂ ∂ ∫ Ω
train_09853,∂ ∫ Ω Ξ ∂ Ξ ∂ ∂
train_09854,Φ ∇ ∫ ∫ Ξ ∫ ∫ Ξ Φ Ω ∫ ∫ Ξ Φ
train_09855,Ω Ξ Ω Ω Ξ ∂ ∇ Ω Ω ∫ ∫ Ω Ξ Φ
train_09856,∂ ∇ ∂ ∂ ∇ ∂
train_09857,∫ Ω ∫ Φ Φ Φ Φ ∇
train_09858,Ω Ω Ω ∂ ∇ ∫ Ω Ω Ω
train_09859,∇ Ω Ξ ∇ Φ ∇ Φ Ω ∂ Φ Φ Ω
train_09860,Φ Ξ ∂ Ξ ∫ ∇ Ξ ∫
train_09861,Φ ∫ ∂ Ξ ∇ Ξ ∇ ∫ Ξ
train_09862,Ξ Ξ Ξ Ω ∇
train_09863,Ξ ∇ Ω ∇ ∫ ∫ Ξ ∫ ∇ Φ ∫ Ξ ∇
train_09864,∂ ∇ Ω ∫ ∫ Φ Ω Ω Ξ Ω Φ Φ ∂ ∫
train_09865,Φ Ω Ξ ∇ Ξ ∇ ∫ Ω Ω Ω Ω ∇ ∇
train_09866,∂ ∂ Ω ∇ ∇ Φ
train_09867,Φ Ξ Φ Ξ Ω ∫ ∂ ∫
train_09868,∫ Ξ ∇ ∇ Ω Ξ
train_09869,∫ Φ Ξ ∫ ∂ Ξ ∂ Ω ∇ ∇ Ξ ∂ Ξ
train_09870,Φ ∇ Ξ ∂ Ω Ω Ω ∂
train_09871,Ξ Ξ ∂ Ω Ξ Ω
train_09872,Ξ Ξ Φ Ω ∂ ∇ ∫ ∫
train_09873,Φ Φ ∇ Φ Φ Φ Ω
train_09874,Φ Ξ ∇ Ξ Ξ ∫
train_09875,Ω ∇ Ξ ∇ ∂ ∂ Φ
train_09876,∫ ∫ Ξ Ξ ∇ ∂ Ω ∇ Ω ∫ Φ ∂
train_09877,∇ ∂ ∇ Φ Ξ ∂ ∂ Φ Ξ ∫ ∂
train_09878,Φ ∂ Ω Ξ Ω ∇ ∫ Φ Ω ∇ Ξ ∫ Φ
train_09879,∫ Ω ∂ ∇ ∂ Φ Ξ Ξ
train_09880,Ω ∇ ∇ Φ ∂ ∫ Φ
train_09881,∂ Ω Ω Φ ∫ ∇ ∇ Ξ Φ ∇ ∂
train_09882,Φ Ξ ∫ ∂ ∇ ∂ Ω Φ ∇ Φ ∫ ∂ Ξ
train_09883,∇ Ξ Φ ∂ Ω
train_09884,Ω Ξ ∂ ∫ Φ
train_09885,Φ ∇ ∂ ∂ Ω Ξ Ξ
train_09886,Ω ∇ Φ Ξ Ξ Ξ Ω Ξ Ξ ∂ Ω Ξ
train_09887,∇ Ξ ∂ Ξ Φ ∫ ∂ ∫ Ξ ∫ Ω Φ ∇ Φ
train_09888,∫ ∂ ∫ ∂ ∫ ∂ Ξ Ξ ∇ ∂ Φ Ω Ω
train_09889,∂ Ω ∫ Φ Ξ ∂
train_09890,∂ ∇ Ξ ∂ ∂ ∂ Ξ ∫ ∫ Φ
train_09891,∫ Ξ Ω ∇ Ω ∫
train_09892,∇ ∂ ∂ Ξ Φ Ω ∫ Ξ ∂ Ω ∫ Ω ∫ Ξ
train_09893,Φ ∂ Ω Ξ ∫ ∇ ∂ Ω
train_09894,∇ Ω ∂ ∫ ∂
train_09895,Φ ∇ ∫ ∇ ∫ ∂
train_09896,∇ Φ Ω ∇ ∫ ∫ ∫
train_09897,Ω ∂ ∂ ∂ Ω ∂ Φ Φ ∫ Ξ ∇ ∂
train_09898,Φ Φ Ξ ∇ ∇ Ω ∫ ∂ ∂ ∫
train_09899,∫ ∇ Φ ∇ ∫ Ξ Ω Ξ ∫ ∇
train_09900,∫ Φ ∂ ∂ ∇ Ω ∂ Ω Ω Ξ
train_09901,∇ Ξ Ω Ω ∇ Ω Ξ Φ ∇ ∇ ∇ Ξ
train_09902,∂ Ω ∫ ∫ ∫ ∇ ∫ ∂ ∇ ∂ Ω Φ
train_09903,∇ Φ Φ Ω ∇ Ω
train_09904,Ω ∇ Ω ∂ Ω ∇ ∂ ∂
train_09905,∇ ∂ ∇ ∫ Φ Ω Ω ∇ Ξ Φ Ξ Ξ
train_09906,Ω ∂ ∇ ∂ ∇ ∫ Ξ Ω ∫ Ξ Φ
train_09907,∇ Φ ∂ Ξ Φ ∇
train_09908,Ξ ∇ Ω Φ Ω ∇ Ξ
train_09909,Φ Φ ∇ Ω Ξ Ω ∫ ∫
train_09910,Ω ∫ ∂ Ω ∂ Ξ ∂ ∇ ∇ Ω
train_09911,Ω Φ ∂ Ξ ∂ Φ Ξ ∇ ∂ Ω
train_09912,Ξ ∂ Ξ ∇ ∫ Φ ∂ ∫ Ω Ξ Φ Ξ
train_09913,Ξ ∫ ∂ Ω Ω ∇ ∂ Ω Ξ Ξ
train_09914,Ξ Φ ∂ Ω Ξ Ω Ω Ξ Φ Φ Ω Ξ Ξ
train_09915,Φ Φ Ξ Φ Ξ ∂ ∂ ∂ ∂ ∂ ∫
train_09916,∫ ∫ Φ ∫ ∫ Ω Ω ∇ ∇ ∫ Ω
train_09917,Φ ∂ ∂ Φ Φ Ω ∇ Ξ Ω Φ ∂ ∫ ∫
train_09918,∫ Ω Ω Ξ ∇ Ξ Φ Ω Ω Ω ∫ Φ Ξ
train_09919,Ω ∇ ∇ ∂ ∂ ∇ ∇ Φ ∂ Ω Ξ Ω ∂
train_09920,Φ Ω ∂ Ξ ∇ Φ ∇
train_09921,Φ ∫ Ω ∇ Ω Φ Φ
train_09922,Ξ Ξ Φ ∫ ∇ Ξ Φ Ω Φ Ξ ∫
train_09923,Ω ∇ ∫ ∫ Φ Ξ Ω Φ Ξ ∂ ∫ Φ
train_09924,∫ Φ Ω Φ Φ Φ Ω Ω Ω ∇ Ω Ω ∇
train_09925,∫ ∂ ∇ ∂ ∫ Ω Ξ ∫ ∂ Ξ ∂ Ω
train_09926,∫ ∫ ∇ ∂ Ω ∂ ∇ Φ
train_09927,Φ Ω ∫ ∇ ∇
train_09928,Ω Φ Φ ∫ Ξ ∇ ∇ ∇ ∫ ∫ Φ
train_09929,Ξ Ξ ∂ ∫ ∇ Ω Φ ∇ ∂ ∫ ∂ Ξ Ω ∂
train_09930,Φ Φ ∂ Ω ∇ Ξ Ξ Ξ ∇ ∫ ∂ ∂ Φ
train_09931,Φ Φ ∂ Ξ Φ Ξ ∂ Ξ ∫ Φ Ξ
train_09932,Ω ∫ ∫ ∇ Φ ∇ Ω ∂ Ω
train_09933,Ξ ∇ ∇ ∂ Ω Φ ∂ ∫ ∂ ∂
train_09934,Ω ∇ ∂ ∫ ∫ Ξ Φ Ω Φ ∇ Ω Φ Ξ Φ
train_09935,∇ Ω Ω ∫ Ξ Φ Ξ ∇ ∂ Ω ∇ Ξ
train_09936,∫ Ω ∇ ∇ ∂
train_09937,∫ Ω ∇ ∂ ∇
train_09938,∂ Φ Ω ∫ ∇ ∂ ∫ Φ ∂ ∫ Ω
train_09939,∫ ∇ Ω ∂ Ξ Ω Ω Ξ ∂ ∂ ∫ Ω
train_09940,Ξ Ξ Ω Φ ∂ ∫ Ξ ∂
train_09941,Φ ∫ ∇ Ξ ∫ Ω ∫ Φ Ξ Φ Ξ Ω Ξ
train_09942,Ω Ξ ∇ Ξ ∫ ∫ ∂
train_09943,∫ ∇ ∇ Φ ∂ Ξ ∂ ∂ ∫ ∇ Ω ∂
train_09944,Ω Ξ Ω ∫ Ξ ∇ Φ ∇ Φ
train_09945,∂ ∇ ∇ ∫ ∫ Ω ∇ ∫ ∫ ∫ ∂ ∇ Ξ ∇
train_09946,∫ ∫ ∇ ∫ ∫
train_09947,∂ ∇ Ξ ∫ ∂ ∫ ∂ Φ
train_09948,∂ ∫ ∂ Ω Ω Ω Ω ∫ Ω ∫ ∇ ∇ Φ ∫
train_09949,Ξ ∫ ∇ Ξ ∂ ∇ Ω Φ ∂ Ξ Φ Φ
train_09950,Ω Ξ ∇ ∫ ∫
train_09951,Ω Ξ Φ ∇ ∂ Φ ∇ ∂
train_09952,Ξ Ξ ∂ ∫ Φ
train_09953,∂ ∇ ∇ Ω ∫ ∫ Ξ ∇ ∫ Φ Ξ Ξ Φ Ξ
train_09954,Ω Φ ∂ Ω Ξ Ξ ∂ ∇
train_09955,∫ Ξ Ξ Ξ ∇ Φ ∂ Ω ∇ Ω ∇ Φ
train_09956,∇ ∂ ∇ Ω ∫ Φ
train_09957,∫ ∇ ∂ ∫ ∂ ∂ ∂ ∫ Φ
train_09958,∇ ∇ ∇ Ω Ξ ∇ Ω ∇ ∇ Φ ∫ ∫ Φ Φ
train_09959,Ξ Φ ∂ ∂ ∇ ∫ ∂
train_09960,Ω Φ ∇ ∫ Φ Ω ∂ ∂ ∫ ∇ ∂
train_09961,Ξ ∂ ∂ ∂ Ξ Ω Φ ∇ ∇ ∇ Ω
train_09962,∫ Ω ∇ Ω ∂ ∇ ∇ Φ ∫ Ω Ξ
train_09963,∇ ∇ ∫ Ξ ∫ Ξ
train_09964,∫ ∂ Ω Ω ∫ Ω Ω Φ Ω Ω ∫ Ξ ∂
train_09965,Ω ∫ Ω Ω ∂ Ξ Φ Φ ∇ ∂ ∂ ∫ Ω ∫
train_09966,Ω Φ Ξ Φ ∫ Φ ∫
train_09967,Φ ∂ Φ ∇ ∇ ∇ ∇ Ω Φ Ω ∇ ∫ ∇
train_09968,Ξ Ω Φ Φ Ω ∇ Ω
train_09969,∂ ∇ Ξ ∂ ∇ ∫ Ω Ω
train_09970,Φ ∫ ∫ ∫ Φ Ξ ∂ Ξ Ξ ∫ ∂ Φ Ξ Ξ
train_09971,∂ ∫ ∇ ∇ ∫
train_09972,∫ ∂ ∂ ∫ ∂ Φ
train_09973,∇ ∂ ∂ ∫ ∇ ∫ ∫ Ξ ∫ Ξ Φ
train_09974,Ω ∫ Φ Ξ Ω ∇
train_09975,∇ Ξ ∫ ∫ Ω Φ ∫ Ω Ξ Ξ Φ
train_09976,Ξ Φ Φ ∫ Φ
train_09977,Φ ∂ ∇ Φ Ξ ∂ ∂ ∂ ∫
train_09978,Ξ Ξ Ξ ∇ ∂ ∇ Ω ∇ Ω
train_09979,∂ ∂ Ξ Ξ Ξ
train_09980,Φ ∫ ∫ ∫ Φ Ω Φ ∫ Ω Φ Ω ∂ Ξ Ω
train_09981,∂ ∫ Ω Ξ ∇
train_09982,Ξ Ω Φ ∫ Φ ∂ Ω
train_09983,Ξ ∫ Ω Ω ∂ ∫ ∇ ∇ Φ ∇
train_09984,∇ ∫ ∂ Ξ ∫ ∫ ∂ ∂ ∇ ∂ Φ ∂
train_09985,∫ Ω ∂ Ω ∇ Ω Ξ Φ Ξ
train_09986,Φ ∂ Ω Ω ∂ Ξ ∇ Ω Φ Ξ Ω ∂
train_09987,∂ ∫ ∂ Φ ∫ ∂ Φ
train_09988,Ω Φ ∫ Φ ∇ Ω ∫ Ξ ∇ Ω Ξ ∫
train_09989,∂ ∫ Φ Φ ∇
train_09990,∫ ∂ Ω Ω ∫ ∫ ∇
train_09991,Ω ∂ ∂ ∇ Ω ∇ ∂ Ξ Ξ
train_09992,Φ Φ ∫ ∇ ∇ Ξ ∂
train_09993,Φ Φ Ω Ξ ∇ Φ ∇ ∇
train_09994,∫ Ω ∂ Ω Ω Ω Φ ∂ Φ Ξ ∂
train_09995,Ω Φ Ω Ω ∂ ∂ ∇ ∇ ∇ Ξ Φ
train_09996,Ξ Φ Φ Φ Φ Ξ Ω
train_09997,Φ ∂ Ω Ω ∂ Ξ
train_09998,∂ ∂ Ξ Ξ Φ Ω ∂ Ξ Ω Ξ
train_09999,∫ Φ ∫ Ω ∇ ∫
train_10000,∂ Φ Ξ Ξ Ξ ∫ Ω Ξ
train_10001,Ξ ∫ Ω ∂ Ω Φ
train_10002,Ω Φ Φ ∇ Φ Ω Φ Φ Ω Φ Ω ∫ ∇ Φ
train_10003,Φ ∂ ∇ ∇ ∫ ∂ ∫ ∫
train_10004,∫ ∇ Ω ∂ Φ ∇ Φ Ξ Ξ
train_10005,Ξ ∇ Ξ Ξ ∇ ∂ Ω ∂ ∂ Ξ ∂ Ω Ξ Ω
train_10006,∇ Ξ Ξ ∫ ∇ Ω Φ
train_10007,Φ Ω ∇ Φ Ω ∂ Ξ Ω Φ ∂ ∇ Ω Ω ∫
train_10008,Ξ ∫ Ω ∫ Ξ ∇ Φ
train_10009,∫ Φ Ξ ∂ ∂ Φ ∫ ∂ Ω ∂ Ξ
train_10010,∇ ∂ ∂ ∂ ∫ ∂
train_10011,∂ Φ ∫ Φ Φ Ξ ∂ ∫ ∂ ∇
train_10012,Ξ Ξ Ω Ω Ω
train_10013,∇ ∂ ∫ ∇ ∂ ∇ Φ Ω ∇ Ξ Ξ Φ ∂
train_10014,Ω Ξ Ξ ∇ ∇ Φ ∫ ∂ ∫ ∇
train_10015,Ξ ∫ Φ Ω Ξ ∂ Ξ Φ ∫ ∇ ∇ Ω Ω
train_10016,∇ ∇ Φ ∇ Φ Φ Ω ∂ ∇ ∫ ∂ ∂ Φ Φ
train_10017,∫ Ξ Φ ∫ Φ Ω ∂ Φ
train_10018,Ω ∂ ∂ Ξ Ξ ∇ Ξ ∇
train_10019,Ξ ∫ Φ ∫ ∇
train_10020,∂ ∫ ∫ ∫ Ξ
train_10021,∫ ∂ ∫ ∇ ∫ Ξ ∇ ∫ ∇ Ω Ξ Ω
train_10022,∂ Ξ Φ ∂ Ω ∫ Ξ ∫ ∫ Ξ
train_10023,∇ ∫ Ω ∂ ∇ Ω
train_10024,∇ Φ ∇ ∫ Ω Ξ Ξ Ω
train_10025,∂ ∂ Φ Ω ∂ Ξ Ξ ∇ ∫ Ω ∇ ∇
train_10026,Ξ Ω Ξ ∂ ∇ ∂ Ξ Ξ ∫ Φ Ξ Ξ
train_10027,∫ ∂ Ω ∇ Ξ Φ ∂ ∫ Φ Φ ∂ Φ ∂
train_10028,Ξ Ξ ∫ ∇ Ω Ξ ∂ Φ ∂ ∇ ∇ ∫ Ω
train_10029,∫ Ξ Φ ∂ Ω ∫ Ξ
train_10030,∫ Ξ ∂ ∫ ∂ Φ
train_10031,Ξ ∂ Ξ Ω ∇ ∇
train_10032,Ξ ∫ Ω Φ ∇ Ξ ∇
train_10033,∫ ∫ Ξ Φ ∂ Ξ
train_10034,∫ ∫ Φ Ξ ∇ Ω ∇ ∇ ∫ ∂ Ω ∂
train_10035,Ω Φ Φ ∇ ∫ ∂ ∇ ∂ ∂ ∇ Ω ∇ ∂
train_10036,Ω Ω ∂ ∫ ∂ Φ Ξ ∂ Ξ ∂ ∫ Ω Φ Φ
train_10037,∫ ∫ ∫ Ω Ω ∇ Φ
train_10038,Ξ ∫ Ω ∫ ∫ Φ Ω ∂ ∂ Ω
train_10039,Φ Φ ∂ ∂ Ξ Ξ Φ ∫ ∂ ∂ ∂ Ξ
train_10040,Ξ ∇ Ξ ∂ Φ Ξ Φ ∫ ∫ ∫ Φ
train_10041,∇ ∫ Ω ∇ Ξ Φ ∇ Φ ∂ ∇ ∂ Ω Ξ
train_10042,Φ ∇ Ω ∂ ∂ Φ ∂ Ξ ∂
train_10043,Φ Φ ∂ Φ Ξ Φ Ξ Ω Ξ
train_10044,∇ Ξ Ξ Ω Ω Ξ Ξ ∂ Φ
train_10045,Φ Φ Φ Φ ∂ Ξ Φ ∂ Φ ∫ Ξ ∇ Ω
train_10046,Ξ Ξ Ξ ∂ Φ Φ ∂ ∇ Ξ Ω Ω ∇ ∂
train_10047,Ω ∂ Ξ ∫ Ξ Ω ∂ ∂
train_10048,Ω Ω ∇ Ω ∫ Φ Ω ∂ Φ Ξ
train_10049,∂ ∂ Ω Ξ ∫ ∂ Ξ Φ Ξ ∇ ∇ ∂ ∫ Φ
train_10050,∇ ∇ Ω Φ ∂ ∂ ∫ Ξ Ω ∫
train_10051,∇ Ω Ξ Φ Ξ ∫ Ω ∂ ∫ ∇ Ξ Φ
train_10052,Φ Ω ∇ Φ Φ Ω Φ Ξ Φ Φ Φ Ξ Ξ
train_10053,Ξ Ω Ξ ∂ ∫ ∇ Ω Ω
train_10054,∂ Φ Ω ∇ ∫ ∫
train_10055,∇ ∇ Ξ ∫ ∇ Ξ ∂ ∫ Φ Ω ∇ ∇
train_10056,∫ Ξ ∇ ∫ ∇ ∂ Ξ Ω Ω ∂
train_10057,Ξ ∂ ∂ ∇ Ω Φ
train_10058,Ξ ∫ ∇ ∫ Ξ Ω Ξ Φ ∇ Ω Ω
train_10059,Ξ ∂ ∇ Ω Ξ ∇
train_10060,∫ Ξ ∇ Ξ Ξ
train_10061,Φ Ω Ω Ω Ω Φ
train_10062,Ξ Φ Ξ ∂ ∂ Φ ∂ Ξ Ξ ∫ Ξ ∂ Φ
train_10063,Φ Φ Ω ∫ Φ ∇ Ξ ∇ Ω
train_10064,Ξ ∫ ∫ ∇ Ξ Ξ ∂ ∂
train_10065,Ξ Ξ Φ ∫ ∇ ∂ Φ Ξ
train_10066,∫ ∇ Ξ Ω Ω Ω
train_10067,Ξ ∫ ∂ Ω ∂ ∫ Ξ ∫ Ξ ∫ Ξ Ω Ω Ω
train_10068,∇ Ξ ∇ ∇ ∂ ∂ ∂
train_10069,∂ ∂ Φ Φ ∇ ∫ ∇ ∇ Φ
train_10070,Ω ∇ Ω ∫ Φ Ξ Ω Ξ ∂ ∂
train_10071,Φ ∇ ∂ Φ Ω ∇ Ω
train_10072,Φ ∫ Φ Ξ ∂ Φ ∇ Ω
train_10073,∫ ∇ ∇ Φ Ω Ξ ∇ Ω
train_10074,∇ ∂ ∂ ∫ ∂
train_10075,Φ ∂ Ξ Φ ∂ ∫ Ξ ∫ ∂ ∫ ∇ Φ
train_10076,∫ ∂ Φ ∇ Φ ∫ ∂ Ξ Ξ ∇
train_10077,∂ ∫ ∫ Ξ Φ Ω Ω ∇ Φ ∇
train_10078,Φ ∇ Φ ∫ ∂ ∂ Φ ∫ Ω ∂ ∂ Ω
train_10079,Φ Φ ∇ ∇ ∂ Ξ ∂ Ξ Ω ∇ Ξ ∂ Φ
train_10080,∂ ∂ ∂ Φ Ξ ∫ Φ Φ ∇ Ξ ∫ Ξ
train_10081,∫ ∫ Φ Ω ∫ Φ ∂ Ξ Ξ Ω ∇ ∫
train_10082,Φ Ξ Φ ∂ Ξ ∫ ∫ Ξ ∫
train_10083,Φ ∫ ∇ ∇ Φ Ξ Φ ∇ ∇ ∂ Ξ Ω ∫
train_10084,∂ ∫ ∂ Φ ∂ Ξ Φ
train_10085,∂ Ω Ω Φ ∇ Ξ Ω
train_10086,∫ ∂ Φ ∇ ∂ Φ ∂
train_10087,Φ ∇ Ω Φ Ω ∇ Ξ Φ Ω Ξ ∂ ∫ Ξ
train_10088,Φ ∂ Φ ∂ ∇ ∇ ∫ ∂
train_10089,Φ Φ ∇ Ξ Φ ∫ Ω ∇ ∫ Ω Φ Φ Ξ ∫
train_10090,Ξ Φ ∫ Φ Φ Φ ∂ Ω Ξ Ξ
train_10091,∫ Ω ∫ ∂ ∂ Φ ∇ Ω
train_10092,Ω ∇ Ω Φ Ξ
train_10093,∫ Ξ Ξ ∫ Ω Ω Ξ ∂ Φ ∂ Ω Ξ
train_10094,∇ Ω Φ Ξ Ω Ω ∫ ∂ Φ ∫ Ξ Ξ ∇
train_10095,Ξ Ω Φ ∫ Φ
train_10096,Ω ∫ ∂ Ω ∂ Φ Φ Ω ∇ ∇ ∂ Ξ Ξ ∫
train_10097,∂ ∂ Ω Φ ∫ ∫
train_10098,∂ Ξ Ω ∫ Ξ ∇ ∇ Φ ∇ ∂ Ξ
train_10099,∫ ∫ ∂ ∫ Φ Ξ Ω Ω ∫
train_10100,Φ Ω ∂ Ξ ∂ ∇ ∫ Ω Ω
train_10101,∇ Φ Φ Ξ ∂ ∫ Φ ∫ ∇ ∇ Ξ
train_10102,∫ ∫ ∇ Φ Φ Ξ ∂ Ω Ω
train_10103,∂ Ω Φ Ω Ω Φ ∂ ∇ Φ Ω Ω Φ Ξ
train_10104,Ω ∫ Φ Ω ∇ Φ Ω ∇ ∫ Ξ Φ
train_10105,Ξ ∇ ∫ ∇ ∂ Ξ ∫ Ξ Ξ Ω
train_10106,Ξ ∇ ∫ ∫ Ξ ∫ Ξ ∂ Ω Ξ Ω Φ
train_10107,Ξ Ξ ∇ Φ Ξ ∂ ∫ Ξ
train_10108,Ω ∇ Φ Ξ Φ ∫ Ω Ω ∇ Ω ∫
train_10109,∫ ∂ ∇ ∇ ∇ Ω Φ ∂ Ω Ξ
train_10110,Ω Ξ Ξ Ξ ∫ ∫
train_10111,∇ Ω ∫ Φ ∂ ∂ ∇ ∇ Ω ∂ ∫ ∂ ∇
train_10112,∫ Ω ∂ Ω Φ ∇
train_10113,Ξ Ω Ω Ω Ω ∇ Φ Ξ Ω ∫ ∂ Φ ∇ Ξ
train_10114,Ξ Ξ Ω ∂ Ξ Φ Ξ ∫ ∂ Ω Φ Ξ ∇ Φ
train_10115,Ω Ω ∇ Φ ∂ ∇ ∂ ∂ Φ ∂ Ξ Ω ∇
train_10116,∂ Ξ ∂ Φ Ω ∫ Ω ∫ Φ
train_10117,∂ Φ Φ ∂ Ξ Φ Φ Ξ Ξ
train_10118,∂ Φ ∫ ∫ ∇ ∂ ∫ Ξ ∂ Φ Ξ Ξ
train_10119,∫ ∫ ∂ Ω ∇ Ω Ω Φ
train_10120,∇ Ξ ∇ Ω ∂ Φ
train_10121,Φ Ξ ∫ Φ ∂ Ξ Ω
train_10122,∇ ∫ Φ ∇ Ω Ω
train_10123,∫ Ξ ∇ ∂ ∂
train_10124,∂ ∫ Ξ ∂ ∂ Φ ∇ ∫ Φ Φ
train_10125,Φ ∇ Ω ∂ ∫ Ξ Ξ
train_10126,Φ ∫ ∂ Ξ Φ Ω ∂ Ξ Φ ∫ ∫
train_10127,∇ Ω Ξ Ξ ∂
train_10128,∫ Ξ Ξ ∫ ∫
train_10129,∇ Φ ∇ Ω ∫ ∇ Ω ∇ Ξ
train_10130,Ξ ∫ ∂ Ω Ξ ∫ ∂
train_10131,∂ ∫ ∫ ∂ ∫
train_10132,∫ ∂ ∂ ∫ Φ ∫ ∫ Ξ Ω ∫ ∫ ∫
train_10133,∂ Φ Ξ ∫ ∫ ∂ ∫ Ω ∇ ∫
train_10134,∇ Ξ Ω ∂ ∫ ∂ ∫ ∫ ∂ ∇ ∫
train_10135,Ξ ∇ ∂ ∇ ∂ ∫ ∇ ∇ ∫ ∂ Ξ ∫ Φ
train_10136,Ξ ∂ Ω ∂ Ω Ω
train_10137,Φ ∫ Ξ ∫ Φ Ω Φ Φ ∫ ∫
train_10138,Φ Ω ∇ ∂ Φ Ξ ∫ ∇ Ω Ω ∂
train_10139,Φ ∂ ∫ Ξ Φ ∫ ∫ ∫
train_10140,Ω ∫ Ω ∂ Ω ∂ Ω
train_10141,Ω Ω Φ Φ Ξ ∂ Ξ Ω Φ ∂ Ω ∂
train_10142,∂ Ξ ∂ ∂ Φ Ξ Φ
train_10143,Φ Ω Ξ Ω ∂ ∇ ∇ Ω Ω ∫ Φ Φ
train_10144,∂ ∂ Ω ∫ Φ ∫ ∫ ∂ ∫ Ω
train_10145,∫ ∇ ∫ Ξ ∫ ∇ ∇ Ξ ∂ Ξ
train_10146,∂ ∇ Φ ∂ Ξ ∇
train_10147,Ω Ξ Φ ∇ Ξ
train_10148,∂ ∇ ∇ ∇ ∫ ∇ Φ Ξ ∫ Φ ∂ ∂ Ω ∂
train_10149,∇ ∇ ∂ Ω Φ ∂ ∫ ∫ ∂ Ξ ∂ ∇ Ξ
train_10150,Ξ Φ ∂ ∇ Φ ∇ ∂ Ω ∂ Ξ Ω ∂ ∇ ∫
train_10151,∂ Φ ∫ ∫ Ω ∫ ∫
train_10152,Ξ ∫ ∫ Ω ∇
train_10153,∇ Φ ∇ Ξ Ω ∇ ∂ ∂ Ω ∫ ∂
train_10154,Φ Ξ Ω ∫ Ω Φ ∇ Ω
train_10155,∂ ∂ ∂ ∫ Ω ∫
train_10156,∂ ∫ Ξ Φ ∇ ∂ ∇ Φ
train_10157,Ξ ∇ Φ ∇ ∇ Ξ Ξ Φ ∫ ∂
train_10158,∇ ∫ ∂ ∂ Φ Ξ Ξ
train_10159,∇ ∫ Ω ∫ ∂ ∂ Ξ ∇ Φ
train_10160,Φ Ξ ∇ ∇ Φ Ξ ∫ ∫ ∇ Φ ∇ Φ
train_10161,Ω Ξ Ξ Ξ Ω ∇
train_10162,∂ ∂ ∂ ∂ Ξ ∇ Ω Ω ∂ ∂ Ω ∇
train_10163,∇ Ω Φ Ω ∇ ∫ Φ Ξ Φ ∫ Φ Ω ∇
train_10164,Ω ∂ Ξ ∇ Φ Φ ∇ ∫ Ω ∂
train_10165,∂ Φ ∂ ∂ ∂ Ξ ∂ ∂ Ξ Ξ Ω Ω
train_10166,∇ ∇ ∇ ∇ ∂ ∂ Ξ Ξ Φ Ξ Φ Ω
train_10167,∫ Ω Ω Φ Φ Φ ∇
train_10168,∫ ∇ ∇ Ω Ω ∂
train_10169,∂ ∂ Ξ Φ ∇ ∫ ∫ ∇ ∫ Ω ∫ Ω ∂ ∫
train_10170,Ω ∫ Ξ Ω ∂ Ω ∂ ∂ ∂ ∂ Ξ ∇ ∂
train_10171,Ξ Φ Ξ Ω ∂ Ξ ∇ ∫ ∫ Ξ
train_10172,Ξ ∫ Φ Ξ Ω ∂ ∂ Ξ ∫ ∂ Φ ∂ Ω
train_10173,Φ ∂ ∂ Ξ Φ Ξ Φ Ω ∫ Ω Ξ ∂ Φ
train_10174,Ξ ∫ Φ ∫ ∇ Φ Ξ
train_10175,Ω ∂ Φ Ω ∂ Φ Ω ∂
train_10176,∇ Φ Φ ∂ Ω ∫ Ξ
train_10177,∇ Ω Ω Ω Ω Φ Ω ∂ ∫ ∫ Ω Ξ Ω
train_10178,Φ ∫ Ξ ∫ ∫ ∂ ∇ Ξ ∇ Φ
train_10179,∫ Ω ∂ ∇ Φ Ω ∂ Ω
train_10180,∫ ∂ Ω ∫ Ω Ω Ξ
train_10181,∂ ∇ ∂ Ξ ∇
train_10182,∇ Ξ ∇ ∫ Φ Ω Ξ ∇ Φ Ω
train_10183,∂ ∇ Ξ ∫ Ξ Ξ Ω Ω ∫ Ω ∂ Φ Ω
train_10184,∂ Ω ∇ ∂ Ω ∂ Ω
train_10185,Φ Ξ Ω ∫ ∇ Ω Ω ∇ ∫ ∂ ∫ Ω
train_10186,∂ Ξ ∇ Ω ∫ ∫ Ω ∂
train_10187,Φ ∇ Ξ ∇ ∫ ∫ Ξ ∫ ∂ ∂
train_10188,∂ Φ Ξ ∫ ∫ Ω ∇ Ω Ξ Ω Ξ ∂ ∇ Φ
train_10189,Φ ∇ Φ ∇ Ξ Ω ∂ Ξ ∇ ∇ ∫ Ω
train_10190,∂ Φ ∫ ∂ Ξ ∂ ∫ Ξ ∂ Ω Ξ Ω ∫ ∇
train_10191,∫ Ξ ∫ ∇ ∇ Φ Φ ∫ ∇ ∂ Φ
train_10192,Ξ ∂ Ω Φ ∫ ∂ ∇ Ω Φ ∫ Ξ Ω
train_10193,Ξ ∫ ∂ ∫ Φ Φ
train_10194,Ω ∫ ∂ ∇ Ξ Φ ∇ ∫ ∫ ∇ Ξ Ξ ∫ ∇
train_10195,Ω Φ ∂ Ξ Ω ∫
train_10196,Φ ∫ Ω ∫ ∇ Φ Φ ∫ Ω
train_10197,∂ Φ Ξ Ξ ∂ Ω Ω
train_10198,Ω Ξ Ξ Ξ ∇ Φ Φ Ξ Ω Ξ ∫ Φ
train_10199,∫ Ω Φ ∫ Ξ ∇ ∂ ∇ ∫ ∂ Ξ ∫ Ω Ξ
train_10200,∂ Ω Φ Ξ Ξ Φ ∂ ∇ Φ Ω Ω
train_10201,Ξ ∇ ∇ Ξ Φ Ξ Ξ ∫ ∂ ∇
train_10202,∫ ∫ ∫ Ξ ∇ Φ ∂ ∂ Ω Ω ∂ ∫
train_10203,Φ ∂ ∇ Ξ ∂ ∫ Ω Φ
train_10204,Ω ∇ Φ Ω ∂ Ξ Ω Ξ ∇ Ξ ∇ ∂ Ξ ∇
train_10205,∫ ∇ ∫ Φ Φ Ω Ω Ξ Φ Ω
train_10206,∂ ∇ ∫ ∇ Φ
train_10207,Ω ∂ ∇ ∂ Ω ∫ ∇ Ξ ∂
train_10208,∇ Ω ∇ ∫ Ω ∫
train_10209,Ξ Ω Ω ∂ ∇ ∂ Φ Φ Ξ ∂
train_10210,∂ ∫ ∇ Φ ∫ ∂ ∫
train_10211,∇ ∫ Φ Ξ Ξ Ω Ω ∂
train_10212,Φ Ω Ω Φ Φ Ω ∇ Φ Ξ ∫
train_10213,Ξ ∂ Φ Φ Ω Φ ∫ ∇
train_10214,Ξ ∂ Ω Ω Φ ∇ Ω ∫ ∫ ∂ ∫
train_10215,∇ Ω Φ Ω ∇ Φ ∂ Ω
train_10216,∇ ∂ ∫ Φ Ω Ξ Φ
train_10217,∇ ∫ Ω Φ ∫ Ω ∂ Φ ∇ Ξ ∫ Ω
train_10218,∫ Φ ∇ ∇ ∇
train_10219,Φ Φ ∫ ∫ Ξ ∇ Ω ∂
train_10220,Φ ∂ Ξ ∇ Φ ∇ Ξ Ω Ω Ξ Φ ∫
train_10221,∇ Ξ ∂ ∂ Ξ ∂ ∂ Φ ∂
train_10222,Ξ ∫ ∫ ∇ Φ Ω ∇ ∂ ∇ ∇ Ξ Ω
train_10223,Φ Ω Ω ∫ Ω Φ
train_10224,∇ Ω Ω Ω Φ ∂ Ξ Ξ Φ Ξ Ω
train_10225,Φ Φ Ξ ∇ Ξ Ξ ∇ Φ Φ Φ
train_10226,Ξ Ξ ∇ Ω Φ ∫ Ξ Ξ ∂ Φ ∫
train_10227,Ξ ∇ ∇ Ξ ∂ ∫ ∇ Ω Ω Φ ∂ ∂ ∂
train_10228,Φ Φ ∫ ∫ ∇ ∫ Φ Φ ∫
train_10229,∇ ∇ ∂ ∂ Φ
train_10230,∂ ∫ Ξ Ξ Ω Ξ ∫ Ω Ξ Ω ∫
train_10231,∇ ∂ ∫ Φ Ω Ξ
train_10232,Φ ∫ ∇ ∇ Ξ Φ Φ Ω ∂ Ξ Φ Ω
train_10233,∇ Φ Ξ Ξ Ω Ξ Ω
train_10234,∇ ∫ Φ ∫ ∇ Φ Ξ Ω Ξ ∇ ∇ Ξ
train_10235,∫ ∂ Φ Ξ Φ Φ ∫ Φ ∂ ∫ ∇
train_10236,∫ ∇ Ξ Φ ∂ ∇ ∂ ∫
train_10237,Ξ Ω ∂ ∫ Ω
train_10238,∂ Φ ∇ Φ Ξ Ω ∂ Φ ∇ ∫ ∫ Φ ∫ ∇
train_10239,Ξ Ω Φ Φ ∂ Ξ ∫
train_10240,∫ Φ Ξ Φ Ω Ω
train_10241,Ξ ∫ ∫ Ω ∫ ∇ Ξ
train_10242,Φ Φ Φ ∇ Φ ∇ ∂ ∇ ∫ ∫ Φ Ω
train_10243,∂ ∇ Ω ∂ Ξ
train_10244,Φ ∫ Φ Φ ∇ ∇ Φ ∇ Ω Φ Ξ ∂ ∇
train_10245,∫ Φ ∫ Ω ∂ Ξ ∫ ∇ Ω ∫ ∫
train_10246,∫ Φ Ξ ∇ ∇ Φ Ξ ∫ Ω Ξ Ξ ∂ Ω
train_10247,∫ Φ Ω ∫ Ξ ∇ Ξ ∇ ∫ ∫ Ξ
train_10248,∫ ∂ Φ Φ ∂
train_10249,∂ Ω ∫ Φ Ω ∇ Ω ∇ Ω
train_10250,∇ Ξ Ξ ∇ Ω ∂ Ω Φ Φ Φ
train_10251,∫ ∫ Φ Φ ∫ Ξ Φ ∂ Ξ
train_10252,Ω ∫ Ω ∫ Ξ ∫ ∂ Ξ Ω Φ
train_10253,∂ Ξ Ξ ∂ Ω Ξ ∫ Ω Ξ ∂ Φ Φ ∇
train_10254,Ω Ξ ∫ ∇ Ξ ∇ ∫
train_10255,∂ Φ Ξ ∫ Ω ∂ Φ Ξ ∇ Ξ
train_10256,∫ Ω Ω ∂ ∂ Ξ ∇ Ξ Ξ Φ Ξ ∫
train_10257,∂ ∇ ∫ Ω ∂ ∇ Φ ∂
train_10258,∫ ∂ ∇ ∇ ∫ Ξ Ξ ∇ ∂ Φ Ξ ∇
train_10259,∂ Ξ Ξ Φ Ω ∫ Ξ ∫ ∂ ∂
train_10260,∇ ∫ ∇ Ξ ∫ Φ ∇ ∂
train_10261,Ω ∫ Ξ Φ Ξ ∫ ∫ ∫ Ω ∫
train_10262,∂ ∫ ∫ ∫ Ω
train_10263,Ω Ξ ∫ Ω ∂ ∇ Φ ∇
train_10264,∂ Φ ∂ ∫ ∫ ∂
train_10265,∫ Ξ ∫ ∫ Ω ∫ Φ Ω Φ
train_10266,∂ ∇ ∫ Ξ ∫ Ξ ∇ Ω Ξ
train_10267,∫ ∂ Φ ∇ Ω
train_10268,∫ ∫ Ω Ξ ∫ Φ ∂ Ω Ω Ω ∇ Ω ∇ Ω
train_10269,∫ ∫ Ξ Φ ∫ Ω ∂ Ω Φ ∇ Ω ∇
train_10270,∇ Ξ ∫ Φ ∫ Φ ∇ Ξ
train_10271,∫ ∫ ∂ Φ Ω Ω ∂ ∂
train_10272,Ξ ∇ Ξ ∂ ∇ Φ ∇ Ξ
train_10273,∫ ∫ Ω ∂ ∫ ∫ ∂ Ξ Φ ∫ Ξ Ω ∇ ∫
train_10274,Φ Ξ ∇ Ω Ξ ∂ ∫ ∂ ∫ ∇ Ω Ξ
train_10275,∇ Φ Ω ∇ Ξ Ξ Ω ∫ ∫ ∂ ∫
train_10276,∂ ∂ Φ Ξ Φ ∫ Ω ∂
train_10277,∇ Ξ Φ Ω Ξ ∂ ∂
train_10278,Φ Φ Φ Φ Ω Ξ Ξ Ω Ξ Ω ∇ Φ
train_10279,∇ ∫ ∫ Ω Φ
train_10280,Φ ∂ ∂ Φ Ω
train_10281,Ξ ∂ Φ Φ Ω ∂ ∂ ∫ Ω Ω Φ Ξ Ξ
train_10282,Φ ∫ Ξ Φ Φ Ξ ∂ ∫
train_10283,∫ ∇ Ξ Ω Φ ∂ ∫ Ξ ∂ Ξ ∫
train_10284,∫ Ω Φ Ω ∫ Ω ∇
train_10285,Ξ ∇ ∂ ∂ Φ Ω Ξ Φ Ω
train_10286,Φ ∂ ∂ ∇ Φ Ω Ξ Ω Ω ∫ Ξ ∫ ∫
train_10287,Ω ∇ Ξ ∂ Φ
train_10288,Φ ∂ ∫ Φ Ξ Ω Ω ∇ Φ
train_10289,Ξ ∇ Ξ ∇ Φ Ω Φ ∫ Ω Ξ ∇ Φ Ξ ∂
train_10290,Ω Ω Φ Ξ ∇ ∫ Φ Ω
train_10291,∂ ∇ Ξ ∂ ∂
train_10292,Φ ∇ ∂ Φ Ω ∫ ∫ Ω ∂ Ω Φ Φ Ω ∇
train_10293,Ξ Φ ∫ ∇ ∂ ∫ Ω ∇ ∫ ∫ ∂ Φ
train_10294,Φ ∂ ∇ Φ ∫ ∂ ∇ Φ Φ Φ ∫
train_10295,Ω ∂ ∇ Ξ Ω Φ ∇ ∂ ∂ ∂ ∫ ∇
train_10296,∇ Φ Φ Ξ ∫ ∇ ∇ Φ ∫ ∇
train_10297,Ω Φ Φ Ω ∫ Ω ∫
train_10298,Ξ ∇ ∫ Ξ ∂ Φ Ω ∂
train_10299,Ξ ∂ ∂ ∂ ∫ Ξ Φ Ω ∂ Ξ
train_10300,∇ ∇ Ω ∫ Ω ∇ ∂
train_10301,∫ ∂ ∫ ∂ Ω Φ ∇ Ξ Φ ∫ Ξ ∂ Ξ
train_10302,Ξ Φ Ξ Φ ∇ Ω Ω Ω Ξ ∇ ∂ ∂ ∫ Φ
train_10303,Ξ ∇ ∫ ∇ Φ Ξ ∇ ∫ ∫ ∂
train_10304,Ω Ω Ω ∂ Φ ∂
train_10305,Ξ ∇ ∂ Ξ ∇
train_10306,Ξ Φ ∂ Ξ ∫
train_10307,Ω ∫ ∂ Ω ∇ ∂ Φ ∫ Ω ∫ ∇
train_10308,Φ Ω Ξ Φ Ξ
train_10309,∇ ∇ ∇ Ξ ∂
train_10310,Ω ∇ Ω Ξ Ω Ξ ∇ Ω Φ ∇ ∂
train_10311,∂ ∂ Ω ∫ Ξ ∫ ∂
train_10312,∫ Ξ ∂ Ω Φ ∇ ∂ ∂ Ξ ∇
train_10313,Ω Ξ Ξ ∂ ∂ ∂ Ω Φ ∇ Φ ∇ ∂
train_10314,∇ ∂ Ξ ∇ Ω ∇ ∇ ∫ ∫ Ω ∇ ∇ ∇
train_10315,∂ Ξ ∂ ∫ Ω Ω ∫ Ξ ∫ ∇ ∫ ∫
train_10316,Φ ∂ ∂ Ω Ξ ∇ Ω
train_10317,∫ ∂ ∂ Ω Φ ∫ Ω
train_10318,Φ Φ Φ ∂ ∇ Ω ∇ Ξ ∇ ∇ Ξ ∂
train_10319,Ξ ∇ Ξ ∇ ∂
train_10320,∇ ∂ ∂ Ω ∇ ∫ Ω
train_10321,Φ Ω ∂ ∂ Ω ∂
train_10322,Φ Ξ ∫ Ξ Φ Ω Φ
train_10323,Φ Φ Ω ∂ Φ Φ Ξ Ω Ξ Ω
train_10324,Ξ Ξ ∇ Ξ ∫ ∫ Ξ
train_10325,Ξ ∂ ∇ ∇ Φ Φ ∂ Φ Ξ Ξ
train_10326,∇ Φ ∫ Ξ ∫ Ω
train_10327,∫ Ξ Φ Ξ Ξ ∂ ∇ Ω Ω Φ Ξ ∂ Φ Ξ
train_10328,∇ Ω Ξ Φ ∫ Ω ∂ Φ ∇ ∂
train_10329,∫ Ω ∇ Φ ∇ Φ ∇ ∇ ∇ ∇ ∂ ∫ ∇ Ξ
train_10330,∫ Ξ ∂ ∫ ∂ Ω ∫
train_10331,∂ Φ Ξ ∫ ∇ ∂ ∫ ∂ ∫ Ξ Ω Ξ
train_10332,∇ Ω ∇ ∇ ∇ Φ Ω Ξ Ω ∂ Φ
train_10333,Ω ∇ ∫ ∫ ∇ ∇ Ξ Ω Φ ∇ ∂ Φ Ξ
train_10334,Φ ∇ ∫ ∇ ∇ ∇ Ξ ∇ ∇ ∇ Ω
train_10335,∂ Ω Ξ ∫ Φ ∇ Φ Ξ
train_10336,∫ Φ Φ Ξ ∫ Ω Ξ ∫ Φ Ω
train_10337,∫ Φ Ξ Ξ Ω Ξ
train_10338,∂ ∂ ∂ Φ Ξ ∫ ∇ Φ
train_10339,∇ Ξ Ω Ξ ∂ ∫ Φ Ω Ξ ∫ Φ Ξ ∇ Ξ
train_10340,∇ ∫ Ξ ∫ ∇ ∫ ∇ Ξ ∂ ∫ ∂ ∇ ∂ ∫
train_10341,Φ ∫ Ξ ∇ ∫ Ξ Ξ Φ ∂ Ξ ∂ ∇
train_10342,Ω Φ Φ ∂ Ω Φ
train_10343,∫ Ξ ∂ ∫ ∫ ∇ ∂ ∫ ∂ ∂ ∫ ∂
train_10344,∂ ∇ Φ Ξ Ω
train_10345,∇ Ξ ∂ ∂ Ξ Ξ ∫ Ξ ∫ Φ ∫ ∇
train_10346,∫ ∇ Ξ Φ Ω ∇ Φ Φ Ω Φ Ω ∫
train_10347,∫ ∇ ∂ ∫ Ω Ω Φ
train_10348,∫ Ω ∇ ∇ ∇
train_10349,Φ ∇ ∂ ∫ Ω Ω Φ ∫ Φ ∫ ∂ ∫
train_10350,∫ Ω ∇ ∫ Φ Φ Ω Ω
train_10351,Ξ ∫ Ω Ξ Φ ∂ Φ ∂ ∫ ∇
train_10352,Ξ Ω Ω ∂ Φ ∫ Φ ∂ Ω ∂ ∫ Φ Φ
train_10353,Ω ∂ ∇ Ω Ξ ∂ Φ Φ Ω ∇ ∇ Φ Ξ
train_10354,Φ Ξ Ξ Ω Φ ∇ Φ ∫ Φ Ω ∇ ∂ ∇ ∇
train_10355,∂ ∂ ∂ Ω Ξ ∫ ∇ Φ ∇ Ω ∇ Ω ∫
train_10356,Φ Φ ∇ Φ Ξ Ξ ∇
train_10357,∂ Ω ∫ Φ Ω ∂ ∫ ∫ ∇ ∂ ∫ Φ ∇
train_10358,Ω Ω Φ ∫ Ξ ∇ ∂ Φ ∫ ∂ Ξ Ξ
train_10359,∂ ∇ Ω Φ Φ Ξ ∫ Ξ Ξ ∂ Ω ∂
train_10360,∇ Ξ Ξ ∇ Φ Ξ Ξ ∫ Ω
train_10361,Ξ ∫ ∇ Ω Ξ
train_10362,∂ ∂ ∇ ∫ ∇ ∇ ∂ Φ ∇ ∫
train_10363,Φ ∂ ∇ Φ Ξ ∫
train_10364,∂ Φ Ω ∫ ∫ ∇ Ξ ∇
train_10365,Ω ∂ ∂ Φ Ξ Φ ∂ ∇ ∂ Ω Ξ ∫ ∂
train_10366,∂ Ω ∫ ∇ ∇ Φ Ξ Ω ∂ Ξ ∇ Ξ Φ Ω
train_10367,∂ Φ ∂ Φ ∫ Φ ∫ ∂
train_10368,Φ ∇ Ω Ξ Ξ ∂ ∇ Ω
train_10369,∂ ∂ ∂ ∫ Φ ∫ ∫ ∂
train_10370,Ω Ω Ω ∇ ∂
train_10371,∇ ∇ ∫ ∫ Ω ∂ Ξ ∫
train_10372,Ω Ω ∫ ∇ ∂ Φ ∫ Ξ
train_10373,∇ Φ Φ Ω Φ ∫ Ω ∫ Φ ∇ ∇
train_10374,∇ Ω ∇ ∫ ∫ Ω ∂ ∇
train_10375,Ω Φ ∫ Ξ Φ
train_10376,Φ Ω Ξ ∇ ∂ ∂ ∂ Ω ∂ Φ
train_10377,Ξ Ξ Ξ Ω ∂
train_10378,Ξ ∂ Ω Ξ ∂ Φ ∂
train_10379,Ξ ∇ Φ ∂ Φ ∫ ∂
train_10380,∂ ∫ ∇ Ω ∫ ∂
train_10381,Ξ ∂ Φ ∂ ∂ Ω Ω
train_10382,Ξ Φ ∂ Φ Φ ∫ ∂ Ω
train_10383,∫ Ξ ∂ Ξ Ξ Ω Ξ
train_10384,∫ ∫ ∂ ∫ ∂ Ω ∇
train_10385,Ω Ξ ∫ Ω Ξ ∇ ∫ Ξ
train_10386,∫ ∇ Ω Ω ∇ Ξ Φ Ξ ∇ ∫ ∫ Φ ∂ ∇
train_10387,∫ Ξ ∇ Φ Ω
train_10388,∫ ∫ ∂ Φ ∂ ∫
train_10389,∂ ∂ ∂ ∂ Φ Ξ
train_10390,Ω Φ Ξ Ξ Φ
train_10391,Ω Φ ∫ Ω Ξ ∫ Ξ Φ ∫
train_10392,∫ ∇ Φ ∫ Ξ Ω
train_10393,Ξ Ξ Φ ∇ Φ ∇ Φ
train_10394,Φ Ω ∂ ∫ ∫
train_10395,Φ ∇ ∂ Φ Ω ∂ Ξ ∫ ∇ Ξ ∂
train_10396,∫ Ω Ξ ∇ Ω ∫ ∂ Ω ∂ ∫ ∂ ∇
train_10397,∇ ∇ ∇ ∇ Ξ
train_10398,Φ ∂ Ω ∂ ∫ Ξ Φ Ω Ω
train_10399,Ω ∫ Φ Ω Ω Ξ Ξ ∇ Ξ ∫ ∇
train_10400,Φ ∫ Ω ∂ Ω Ξ Ω ∂
train_10401,∇ ∫ ∫ ∫ Φ
train_10402,Ξ ∫ Φ ∂ Φ Φ Φ Ω ∂ ∇ ∫
train_10403,∂ Ξ Φ ∫ ∂ ∫ Ω ∫ Ω Φ ∇ ∫
train_10404,∂ ∇ Ω ∫ ∂ Ω ∇ ∇ ∂
train_10405,Φ ∇ Ω Φ Φ Ω Ξ
train_10406,Ξ Ω Ξ Ω Ω ∂ Ω
train_10407,Ω Ω Ω Ω ∇ Ξ Ξ
train_10408,∇ ∫ ∂ Ξ Φ Ξ
train_10409,∫ Ξ ∇ ∂ ∫ Ξ Φ ∫ Ξ ∫ ∂ ∇ Ω
train_10410,∇ Φ ∂ ∫ Ω ∂ ∂ ∇
train_10411,∇ ∂ ∫ ∇ Ω Ξ ∫
train_10412,∫ Ω ∂ ∇ ∇ ∂ ∂
train_10413,Ξ Ω ∫ Ξ ∂
train_10414,∂ ∂ Φ Φ ∂ ∇ Ξ ∫
train_10415,∇ ∂ Ω Ξ ∫ Ξ Ω ∂ Ξ Φ ∂ ∇ Ω ∫
train_10416,∂ ∂ ∫ ∇ Ξ ∫ Ξ ∇ Ω
train_10417,∇ Φ ∂ Ξ Φ ∇ Ξ Ω Ω ∇ Ω
train_10418,Ω ∂ ∂ Φ ∂ ∫
train_10419,Ξ Ω Φ ∫ Ω ∫ Φ
train_10420,∇ ∂ Ω Φ ∂ Φ
train_10421,∂ Ξ Ω Φ Ω ∫ Φ Ξ ∂ ∫ ∂ Ω
train_10422,Ω ∫ Ω ∫ ∂ Ω Ω
train_10423,Φ Ξ Ω ∇ ∫ ∇ ∫ Φ ∫ Ω ∂
train_10424,∫ Φ Φ Ξ Ξ
train_10425,∫ Ω Ω Ω Φ
train_10426,∇ Ξ ∂ ∂ Φ Ω ∇ ∂ Φ Φ Ξ ∇ Ω Ω
train_10427,Ω ∫ ∫ ∇ ∇ ∇ Φ
train_10428,∫ ∇ ∂ ∂ Ξ Ξ Φ ∇ Φ ∂ Ω
train_10429,Φ ∇ ∫ ∇ Ω Ω Ω ∇
train_10430,∫ ∂ Φ Ξ Ξ Φ Ω ∇ Φ ∂ ∂
train_10431,∫ Ω ∂ Ξ ∫ Ω Φ Ξ ∂ ∂ ∇ Ξ ∇
train_10432,∫ ∫ ∫ Ω Ω ∂ ∂
train_10433,Ω ∇ Ω Ω Ξ Φ ∂
train_10434,∂ Ω ∂ ∫ ∇ ∫ Ω
train_10435,∂ ∇ Ξ ∫ ∫ ∇ Φ Ξ Ξ Φ ∇
train_10436,Ω Ξ ∂ ∫ Φ ∂ Ξ ∇ ∇ Ω ∫
train_10437,Ξ Φ Ξ Ξ Ξ Ξ
train_10438,∇ Ω ∂ ∇ Ξ Φ Φ
train_10439,Ω ∂ Ω Ξ ∂ ∫ ∇ ∫ ∫ Ω
train_10440,Ω ∂ Ω ∫ ∇ Φ
train_10441,∇ Ξ Ω ∇ ∫ ∇ Φ ∫ Ω Ω ∂ ∫ Ξ
train_10442,Ω ∫ Ξ ∫ ∂ ∂ ∇ Ω ∫ Ω ∫ ∇
train_10443,∂ ∂ ∂ ∂ Ξ ∫ Ξ Φ Ξ ∫ Φ Ω ∇ Ξ
train_10444,Ξ Φ ∫ ∫ Φ
train_10445,∇ Ω ∫ Φ ∫ ∂ Ω ∂ ∫ ∫ Ω Ξ
train_10446,Ξ ∂ Ξ Ξ Ξ Ξ Ξ ∫
train_10447,Φ Ω Ω ∂ ∇ Ξ Ξ
train_10448,Ξ ∫ Ω Ω Ω Φ Ω
train_10449,∫ ∇ Ω ∂ ∫ Ω ∫ ∇ Ω Ξ
train_10450,∫ ∂ Ξ ∫ ∫ ∇
train_10451,Ξ ∇ ∂ ∫ ∂
train_10452,∫ Ω Φ Ω ∫ Φ Φ
train_10453,∫ Ω ∂ Φ ∂ Φ ∇ ∂
train_10454,Ω ∇ Ω Ω ∫ Ω
train_10455,∇ Φ ∂ Φ Ω Ω Ξ
train_10456,Ω Ξ Ξ Ξ Φ ∇ Φ ∇ Ω
train_10457,Φ ∫ ∫ ∂ Φ ∂ ∇ ∂
train_10458,Φ ∫ ∇ Ω ∇ ∫ ∇ ∫ ∫
train_10459,Ξ ∫ ∇ ∫ ∫ ∫
train_10460,Ω Ξ Ω ∫ Φ Ω ∫ ∂
train_10461,∇ ∫ ∂ ∂ Φ ∂ Ξ ∇ Φ Φ ∇
train_10462,∇ ∫ ∫ ∇ ∂ ∂
train_10463,Ω ∂ Ω ∫ ∂ Ω Φ ∫ ∂
train_10464,∇ Φ ∂ Φ ∇ ∇ ∫ ∇ Φ Φ Ξ ∇ Ξ ∇
train_10465,Ξ ∇ Φ Ω Ξ ∇ Ω Ξ ∂ Φ ∇ ∂ Φ
train_10466,Ξ ∫ Ξ ∫ Φ ∂
train_10467,∫ ∫ ∂ ∇ Ω
train_10468,Φ Φ ∇ ∇ ∇ ∇ Φ Ω Ξ ∇ ∫ Ξ ∂ ∇
train_10469,Ω Φ Φ Ξ ∫ Ξ Ω
train_10470,Φ ∂ Ξ ∂ ∇ Φ Ω ∫ ∫ Ξ ∫
train_10471,∂ ∫ ∂ ∂ ∂ Ξ ∂ ∇ ∫ ∫
train_10472,∫ Ω ∂ Ξ Ξ Ω Φ Ξ Ω ∇ Φ Ω ∂
train_10473,Ξ Ξ Ξ ∂ ∇ ∂
train_10474,∫ ∫ Ξ ∂ ∫
train_10475,∫ ∇ ∫ ∇ ∂ Ω ∂ ∫ Ξ ∂ Ξ
train_10476,Ω Ω ∇ Φ ∇ ∇ Φ ∇ ∂ Ω
train_10477,∫ Φ Φ Ξ Ω ∂ Ω Ω Ξ Ω Ξ Φ
train_10478,Φ ∇ Ξ ∂ Ξ Ω Ω Ξ ∫ ∇ Ω Ξ Φ
train_10479,∇ ∂ Φ ∫ ∫ Φ Φ ∇ Ω
train_10480,∇ ∇ Ξ Ξ ∂ ∫ ∫ Ξ
train_10481,∇ Ω ∂ Ω Ξ
train_10482,∫ ∂ Ξ ∂ ∇ ∇ Φ Ω Φ ∫
train_10483,Φ ∂ ∫ ∫ Φ
train_10484,Φ ∫ Ξ ∫ Ω ∂ ∫ ∇ ∇ Ω ∫ Φ Ξ
train_10485,Φ Ξ ∫ Ξ Ω Ξ ∇ ∫ ∫ Φ ∫ Ξ Φ ∇
train_10486,∇ Ξ ∂ Ω Ξ Φ Ω ∫ ∂ ∇ ∫ ∫
train_10487,Ω Ξ Ω Φ ∫ ∫ Φ Ω
train_10488,Ξ ∇ Ω Φ Ξ
train_10489,∂ Φ Ξ ∇ Φ Ω ∇ Φ ∇ ∫ Φ Ω ∇ Ξ
train_10490,Ξ Ξ Ξ Φ Ω ∂ ∇ Ξ ∂ ∇ Φ ∫ ∂
train_10491,∇ ∇ ∇ Φ Ξ ∇ ∂
train_10492,∫ ∇ ∫ Φ Ξ ∫ Ξ Ω ∂
train_10493,Φ ∇ Ω ∇ Ξ ∂ ∂ Ξ Ω ∫
train_10494,Ξ Ξ Ω ∇ ∇
train_10495,∫ ∫ Φ Ξ ∫ Ω ∇ ∫ ∫ ∫ Ω
train_10496,Ω Ω ∫ Ω Φ Φ
train_10497,∂ ∫ ∇ Φ ∇ Ω Ω ∂ Ω
train_10498,Φ ∇ Ω ∫ ∫ Ω
train_10499,∫ Ξ Ξ Φ ∂ ∫ Ξ Ω Ξ ∇ Φ ∫ Ω
train_10500,Ω ∇ Φ ∫ Φ ∂ Ξ ∫ ∂ Ξ Φ ∂ ∂ ∫
train_10501,Ω Ξ ∇ Ω Ξ Ω Ξ Ω Φ ∂ Ω
train_10502,Φ Ξ Ξ ∫ ∫ ∂
train_10503,Φ ∂ ∂ Ω Ω Φ Ξ
train_10504,∫ Φ ∂ Φ Ω ∫ ∫ Φ ∂
train_10505,Ω Φ ∫ Φ ∇ Φ Φ ∂ ∇ Ξ Ξ
train_10506,∂ Ξ ∂ Ξ ∫ ∫ ∂ ∂ ∇
train_10507,Φ ∂ Φ ∫ Ω ∂ ∇ ∫
train_10508,Ω Φ Ξ ∫ Ξ Φ
train_10509,∂ Ξ Ω ∇ ∂ Φ ∫ Ξ Φ
train_10510,∂ ∂ Ξ ∫ ∂ ∇ ∇ ∫ Ξ
train_10511,∫ ∇ ∂ Ξ ∂ ∇ ∫ ∫
train_10512,∇ ∇ ∂ Ξ Φ Ξ Φ Φ ∫ Φ Ω Ξ ∇ Ω
train_10513,∂ ∫ ∇ Ξ ∇ ∂ ∫ Ξ Ξ Ω Ω
train_10514,∫ Ξ Ω Φ Ω Φ ∇ Ξ Ω
train_10515,Ξ Φ ∇ ∂ Ω Φ Ω Ω
train_10516,Φ ∫ Ω ∫ ∫ Φ Ω Ξ
train_10517,Φ Ξ Ξ ∂ ∇ Ω Φ ∂ Ξ ∫
train_10518,Ξ Ω Ω ∇ Φ Φ ∂ Ω ∂ ∇ ∫
train_10519,Ω Φ Ω Ξ Φ ∂ Ξ Ω ∇ ∇ ∫ Ξ
train_10520,Ω ∇ Ω ∫ ∫ Ξ Φ Ω ∫ ∂ Ω Φ ∫ Ξ
train_10521,∇ ∂ ∂ ∇ ∇ ∂ ∇ Ξ Ξ Ξ Ξ ∂ ∇
train_10522,Ξ Ξ ∇ ∫ Ξ ∫
train_10523,Ξ Ξ Φ Φ Φ Φ Φ ∫
train_10524,Φ Φ Ξ Ξ ∇ ∫ Φ ∇ ∂ ∇ ∂ ∂ ∫ Ξ
train_10525,∫ ∇ Ξ ∇ ∇ ∇ ∇ ∂ Φ
train_10526,Ξ Ω ∫ Φ ∂ Ξ Ω ∂ ∂ ∫ Ω ∂ ∂
train_10527,∂ ∂ ∫ Ξ ∂ Φ Ξ ∇ Φ ∫ Ξ Ξ
train_10528,∇ Ω ∫ Ξ ∂ Φ Ξ
train_10529,Φ Ω ∇ Φ ∂ ∂ Φ Ω ∂
train_10530,Φ Ξ Ω ∫ ∫ ∫ Ξ ∫ Φ ∫ ∇ Ξ
train_10531,Ξ Φ Φ Ξ ∇ Ξ ∇ Ω Φ ∫ ∇
train_10532,Φ Φ Φ Φ ∂ ∂ ∇ Φ ∂ Φ ∫ Ω Ω ∫
train_10533,Ξ ∂ Ω Ξ ∇ Ξ ∂ Ξ ∂ ∂ ∂ ∇
train_10534,Φ ∫ Φ Φ Φ
train_10535,Ξ Ξ Ω ∫ ∇
train_10536,Φ Φ Ω ∫ ∫ ∂ Φ ∂ ∫ ∇ Ω
train_10537,∂ ∂ ∂ Ω Ω
train_10538,Ξ Ξ ∂ Ξ ∇ ∫ Ω ∂ ∇ Ω ∇
train_10539,∇ Φ ∫ Ξ ∂ Ξ ∫ Ω Ξ ∇
train_10540,∂ Ξ ∇ ∫ ∂ Ξ ∇ Ω Ω ∇
train_10541,∇ ∂ Ω Φ ∂ Ω ∇ Φ Ω ∂ Ω Ξ Ξ ∫
train_10542,∫ Ω ∇ ∇ ∫ ∫ Φ ∂ Φ ∫ ∂ ∇ Ω
train_10543,Ω ∂ Ω Ξ Φ ∇ ∫ ∂ Ω Ω ∫ Ω ∫
train_10544,∇ ∫ Ξ Φ ∇
train_10545,Ω Ξ Φ ∂ ∇ ∂ ∂ ∫ ∂ Ω ∂ Φ ∫
train_10546,Ξ ∫ Ω Ω Ξ Φ ∫ ∫ ∇ ∫
train_10547,Φ ∂ ∇ Ω Ω
train_10548,∂ Ξ ∇ Ξ Φ ∇ Φ
train_10549,Φ Ω Ω ∂ ∇ Ξ ∫ ∂
train_10550,Φ ∂ Ξ Ω ∂ Ω
train_10551,Ω Φ Φ Ξ ∂ ∇ ∫
train_10552,Φ ∂ ∂ ∇ Φ Φ Φ ∂ Ω ∫
train_10553,∫ ∂ ∫ Φ Ω Φ Φ ∂
train_10554,Φ Φ Ω Ξ ∇ ∫ Ξ Φ ∇ ∫ Ξ Φ Φ
train_10555,Ω ∂ ∫ ∫ ∇ Ω ∂ ∂
train_10556,Ω Φ Ω ∫ Φ ∂ Ω ∫ Φ ∇ ∂ Φ
train_10557,Φ ∂ Φ ∂ Φ ∂
train_10558,∂ Ω ∇ ∂ Φ Φ Φ Φ ∫ ∂ ∂ Ξ Ξ
train_10559,Ξ Ξ Ξ Φ ∫
train_10560,∫ ∫ Ξ ∂ Ω Ξ Ξ Φ ∇ ∫ ∫ ∂ ∫
train_10561,∇ Φ Φ Ξ ∂ ∂ ∂ Φ Φ Ω
train_10562,∫ ∇ Ξ Ξ ∂ Φ
train_10563,∂ ∫ Φ Ω Ξ ∫ Ξ ∫ ∫ ∇ ∇ Ξ Φ Φ
train_10564,∂ ∫ ∫ Ω ∫
train_10565,Ω Φ ∂ Ξ Ξ Φ ∇ ∫ ∇ ∇
train_10566,Φ ∇ Ω ∂ Φ ∂ ∇ ∂ ∂ ∂ ∫
train_10567,∇ ∫ Ξ Ω Ω ∫ ∫ ∇ ∂ Φ ∫ Ξ ∫ Ω
train_10568,Ξ Ξ ∇ Ξ ∇ ∫ ∂
train_10569,Φ Ω Ξ Ξ ∫ ∫ ∇ ∇ Φ
train_10570,∫ ∇ Φ Ξ ∫ ∂ Ξ ∇ Φ Ξ Ξ
train_10571,Φ ∇ Φ ∇ ∫ ∇ Ξ
train_10572,∂ ∇ ∂ ∇ ∫ Φ ∇ Φ ∫
train_10573,∇ Φ ∫ Ξ Ξ ∇ ∇ Ω Φ ∫
train_10574,∇ ∫ Ω Φ ∂ Ξ Ω Ξ ∂ Ξ ∂
train_10575,∫ ∂ ∇ Ξ Ξ Ω Ω ∂ ∫ ∂ Φ Φ ∂ Ω
train_10576,∂ ∇ ∫ ∂ ∇ Ξ
train_10577,Ξ ∇ ∂ Ξ Φ
train_10578,∇ ∇ ∫ ∫ Φ ∇ ∇
train_10579,∂ Φ Φ ∇ ∫ Ξ ∂
train_10580,∂ ∇ ∂ Ξ ∫ Φ Ω ∇ ∫ Ω Ξ
train_10581,Φ ∫ Ξ ∫ Ω ∇ ∇ Φ ∇ Ξ Φ ∂
train_10582,∫ Φ Ξ Ξ Ω Φ Ξ ∫ ∇ Ω Φ ∂ ∇ ∫
train_10583,∂ ∫ ∂ Ξ Φ Ω Φ Ξ ∇
train_10584,∇ Ξ Ω ∂ ∂
train_10585,∂ Ω ∇ Ξ Φ ∫ ∂ Ξ ∫ ∂
train_10586,∂ ∫ ∂ ∂ ∇ Ω Ω
train_10587,Φ Ω ∇ Φ ∇ Ω Ω Φ ∇ Ω Φ
train_10588,Ξ ∇ ∫ ∫ Φ Ξ ∇ Ξ Ω Φ
train_10589,Φ ∫ ∫ Ω Ω
train_10590,Φ Ξ Φ ∇ Ω Ξ Ω ∇ ∫ ∫ ∂
train_10591,Ξ ∫ ∇ ∇ ∫ ∫ Φ Φ Ξ ∇ ∫ Ω
train_10592,∂ Ξ Ω ∂ Φ ∫ ∇ Φ Ξ
train_10593,∫ Ω Ξ Φ Φ ∇ Φ Ξ ∇
train_10594,∫ ∫ Φ ∂ Ξ ∇ ∂ Ξ Ξ
train_10595,∇ Ω Φ Ω ∫ Ω ∫ Ω ∇ Ω Ξ
train_10596,∇ ∂ Ω Ω ∫ Ξ Φ
train_10597,Φ Ξ Ω ∫ Ξ ∫ Ξ ∫ Ω ∂ ∇ Φ Φ Φ
train_10598,Φ ∂ Ξ ∂ ∇ Ξ Ξ ∂ Ξ
train_10599,∂ ∇ Ξ ∂ ∂ Φ
train_10600,∂ ∂ Ω ∇ Ω ∇ Φ Ξ Ξ Φ ∇ ∂
train_10601,Φ ∂ Φ Φ Ω
train_10602,∫ Φ Ω Ω ∂ ∫ Ω Ω ∂ ∂
train_10603,Ξ Ξ ∂ ∂ ∫ Ω
train_10604,Ω Φ Ξ Ω ∂ Ω Ω ∂
train_10605,Φ Φ ∫ ∂ ∇ ∇ ∇ ∫ Φ
train_10606,∇ ∂ Ω ∂ Ξ Ω ∫ Φ Ξ Ω Φ
train_10607,Ξ Φ Ω Φ ∂
train_10608,Ω Ω ∇ ∫ ∂ Ω Ξ ∇ Φ
train_10609,Φ Ω ∂ Ω ∇ Ω Ξ Φ Ω ∂ ∫
train_10610,Ξ ∇ ∇ ∇ ∇ Ξ Φ Ξ ∫ ∂ Ξ Φ Ξ Ω
train_10611,Ω Ω Φ Φ ∫ Ω Ξ
train_10612,∫ Ξ ∫ Ξ Ω Ξ Φ Φ ∇ ∇ ∂
train_10613,∫ Ω ∂ ∇ Ξ
train_10614,Ω ∂ ∂ ∫ ∇ Ω
train_10615,∫ ∇ Ω ∇ ∂ Φ ∫ Ω ∂ Φ Ω ∂ Φ ∫
train_10616,∫ Ω Φ Φ Φ ∂ ∇ ∂ ∇ Φ
train_10617,∇ Φ Ω Φ Φ ∇ ∫ ∂ ∂ ∫
train_10618,∇ ∫ ∫ ∇ Ω Ω Ω
train_10619,∇ ∇ ∂ ∇ Ω ∫ Ξ Φ ∇ Ω Φ Ω ∂
train_10620,Φ Ω Φ Φ ∫ ∂ ∇
train_10621,Ξ ∂ Ω ∂ ∇ Ω
train_10622,Φ ∫ ∫ ∂ ∂ ∇ ∇ ∂ ∫
train_10623,Φ Ξ Ξ ∇ Ξ Ω ∫ ∂
train_10624,∇ Ξ Φ ∇ Ω ∂ Φ ∂ ∇ Ξ Ω
train_10625,Ω Ω Ω Ξ ∫ Φ
train_10626,Ω Φ Φ ∇ Φ
train_10627,∂ ∫ Ω ∂ ∂ ∇ Ω Φ ∂ ∫ ∫
train_10628,Ω Ω Ω Φ ∂ ∫ ∇ Φ ∂
train_10629,Φ Φ Ω Ω Ξ ∇ ∇ Ω ∇ ∂
train_10630,∇ Ω Φ Φ ∫ ∫ ∂ Ξ ∂ ∫ Ξ ∂ Φ
train_10631,Φ Ω Ω ∂ Ξ ∫ Φ ∇ Φ ∂
train_10632,∇ Ξ ∇ ∇ Ξ ∂ Φ Ξ Ξ ∫ ∫ ∇
train_10633,Ω Ω Ω ∇ Φ Ω ∫ Ω ∇ Ξ ∫ ∫ Ξ
train_10634,∇ Ω Φ Ξ ∫ Φ ∫ Ω Φ Ω ∇ ∂ Ω ∇
train_10635,∂ ∫ Φ Ω Ω
train_10636,Φ ∫ ∫ ∫ ∫ Ω ∂ ∇ Φ Φ Ξ ∫ ∫ Ξ
train_10637,Φ Ω Φ Φ ∂ ∂ Φ Ω ∇ ∇ ∂
train_10638,∇ Ξ ∂ Ω Ω Ξ Ξ ∂ Ξ ∫
train_10639,∇ Φ Ξ ∫ Ω ∫ ∇ Ξ Φ Ξ Ω Ω Φ Ω
train_10640,Ω ∇ ∫ ∫ ∇ ∇ Ξ ∂ Ω Ξ ∂ ∫ Φ
train_10641,Φ ∇ ∇ ∫ Ω ∫ Ω
train_10642,∇ ∫ ∫ ∂ ∫
train_10643,Ω Ω Ξ Ω ∫ Ω ∂
train_10644,Ξ ∂ Ξ ∇ ∂
train_10645,Ξ Ω ∇ ∂ ∇ Ω ∇ ∂ ∫ ∫ Ξ Ω ∫
train_10646,Φ Ξ Ξ Ξ Φ Ξ ∫ Φ Ξ Φ
train_10647,∂ Φ ∂ Φ ∇ Ω Ω Φ
train_10648,∫ Φ ∫ ∂ Ω ∂ Φ ∂ Φ Ξ
train_10649,Φ ∂ Ω ∇ Φ
train_10650,Ξ Ω Ξ ∂ Φ Ξ Ω ∇ ∇ Ω
train_10651,Ω Φ Ω Φ Ξ ∫ Ω ∂
train_10652,Ξ Ξ ∇ Φ ∇
train_10653,Ω ∂ ∇ Φ ∫ ∇ Ξ Ω Φ Ξ ∫ ∇ Ω Ω
train_10654,Φ Ξ Ω Ξ ∂ ∫ ∂ Ξ Φ Φ
train_10655,∂ Ω Ξ ∇ Φ ∂ Φ Φ Ω Φ Ω Ξ ∇ ∂
train_10656,∂ Ω Ω ∇ Φ ∫ ∂ ∇ Ω
train_10657,Ξ ∇ Ω ∇ Ξ ∫ Ξ Ξ Ξ ∇ Φ Ξ
train_10658,Ω Ξ Ξ ∫ Φ
train_10659,∂ ∫ Ξ Ω ∇ ∂ Ω Φ ∂ ∂ ∫ Ξ Ξ
train_10660,Φ ∂ ∇ ∇ Ω ∫ ∫ ∂ Ω Ξ Φ ∇
train_10661,Φ Ω ∫ ∫ ∂ Φ ∇ Ξ ∂ Φ ∇
train_10662,∫ Φ Φ ∇ Ω ∫
train_10663,∫ Ω Φ Ω ∂
train_10664,∂ ∂ Φ ∇ ∇
train_10665,∂ ∂ Ω ∂ ∂
train_10666,∇ Φ ∂ Ξ Ω Ω Ω Φ
train_10667,Φ Φ ∇ ∫ ∂ ∇ Ω Φ ∇ Ω ∂ ∫
train_10668,Ξ ∂ ∂ Ξ ∇
train_10669,Ξ Ξ ∇ Ξ ∇ Ω
train_10670,Ξ ∂ Ξ Ω Φ ∂ Ξ ∇ Ω ∇ Φ Ω
train_10671,∂ Φ ∇ ∫ Ω ∂ ∂ ∫ ∂ ∂ Φ ∇ ∂ Ξ
train_10672,Ω Ω ∂ Φ ∫ Ξ ∫ ∇ ∂ Φ ∂
train_10673,∫ ∫ ∂ Ω ∇ ∂ ∇
train_10674,∂ Φ Ω ∇ ∂ ∇ ∫ ∂
train_10675,Ω ∂ ∇ ∇ ∂
train_10676,∇ Ξ ∂ Φ Ω ∇ ∇ Ω Φ
train_10677,∂ ∫ ∫ Φ Ω Ξ Ω Ω ∇ ∫ ∇
train_10678,Φ Ξ Ω Ξ ∇
train_10679,Φ Ξ ∫ Ξ Ξ ∂ Ξ ∂ Φ
train_10680,∇ ∫ Φ ∫ ∫ ∂ Ω Ξ Ω
train_10681,∂ Ω Φ ∇ ∂ Φ Ω Ξ ∇ Ξ Ξ ∂ Ξ
train_10682,∇ Φ ∇ Ξ Ξ ∇ Ξ ∂ Ω ∇ ∇ ∇
train_10683,∂ Ω ∫ Ω Ω ∫ Ω Φ Φ Ω
train_10684,Ω Φ Φ ∇ Ξ Ξ ∫ Ξ Ω Ξ ∫ ∫
train_10685,∇ Ξ ∂ ∫ ∫ ∫ Ξ ∫ ∂ ∇ ∇ Ξ ∂
train_10686,∂ Ξ Φ Ω Ω Ξ ∫ ∂
train_10687,∫ Φ ∫ ∇ Φ ∇ ∫ Ξ Ξ ∫ ∫ ∇ Ω Φ
train_10688,∇ ∫ ∫ ∂ ∫ Ξ
train_10689,Φ ∂ ∫ ∫ ∫ ∫ ∫ ∫ ∫
train_10690,∫ ∂ ∫ Ξ ∇ ∂ Φ Ω Ξ
train_10691,Φ Ω Φ Ξ ∂ ∫ ∇ Ξ Φ ∫ ∫
train_10692,∫ Φ ∂ ∫ Ω ∇ ∂ Φ ∫
train_10693,Ω Φ ∫ Ξ Ξ Φ ∇
train_10694,∂ ∂ Φ ∇ Ω Ω ∫ ∫ ∫ ∫ ∂ Ω
train_10695,Φ Ξ ∇ ∫ ∫ Φ ∂ Φ ∇ ∇ ∇ ∇
train_10696,Ξ ∫ Φ ∂ ∂ Ω ∫
train_10697,∫ ∇ ∂ ∇ ∂ Φ ∫ ∫ Ξ Φ ∫ Φ
train_10698,∇ Φ Φ ∇ Ω Ω ∇ ∂ Φ Φ ∫ ∫
train_10699,∇ ∇ ∂ Ω ∫ ∇ ∇ ∫ ∇ ∂ Φ
train_10700,∂ Ω Ξ ∫ Ω Ω Ξ Φ ∂ Ξ Ω Φ Ω
train_10701,∫ Φ ∇ ∂ Ξ ∂ Ω ∫ Ω Φ ∂ ∇ Φ Ω
train_10702,∇ ∇ ∫ ∂ Φ
train_10703,Ω Ω ∫ ∇ ∂ Φ Ξ ∂
train_10704,∇ ∇ Φ ∇ ∂
train_10705,∫ ∇ Φ Ξ ∂ Ω ∂ ∫ Φ Ξ
train_10706,∫ Φ ∂ Ω ∫
train_10707,∂ ∂ ∂ ∇ Ξ ∫
train_10708,Ξ ∇ Φ ∫ Ω
train_10709,∂ Ω ∇ Ξ ∂ ∂ ∂ Ω ∇ Ξ Φ Ω ∂
train_10710,Ω ∇ ∫ ∂ Ξ ∇ Ξ ∂ ∂ Ξ
train_10711,∂ ∫ ∫ ∫ Ω ∇ Φ Ξ Φ ∫ ∂ ∂
train_10712,∇ Ω Ω ∫ Ω ∫ ∇ ∂ ∂ Φ Ξ Ω ∇ ∂
train_10713,∂ ∇ ∂ ∫ Ω Ω ∂ ∂ Ξ ∫ Φ ∂ Ω
train_10714,∫ Ω Ω Ω ∇ ∇
train_10715,∫ Ξ Ω ∫ ∇ ∫ ∇ ∫ ∇ ∂ ∫ ∂
train_10716,Φ ∇ Φ Φ Φ Ω Ω ∇ ∂ ∂ ∫
train_10717,∇ Φ Φ ∫ Ω ∫ Φ ∫ Φ Ξ ∫
train_10718,Ω Ω ∫ ∂ Ω
train_10719,Φ ∫ ∇ ∇ Ω Ω
train_10720,∇ Ω Φ Ω ∇ Ξ ∂
train_10721,∫ ∂ Ω Ω Φ
train_10722,Ω Φ ∂ Ω ∇ Ω ∫ Ξ ∇ Ω ∂ ∫
train_10723,∂ Ω Ω Φ Ω Ω ∫ ∫ ∫ Ω ∇ Ω Ω
train_10724,Ξ ∫ Ξ Ξ ∫ ∇ ∂ ∇ ∇ Ξ Ξ ∫ Φ ∂
train_10725,∫ ∇ ∇ Φ Ξ Ξ Φ Ξ Ξ Ξ
train_10726,Ω ∂ Ξ Φ Ω ∂ Ω ∇
train_10727,Ξ ∫ ∂ Ω Ω ∫ ∇ Ω
train_10728,∇ ∇ Ω Ξ ∫ ∇ ∇
train_10729,∂ Φ ∇ ∂ Φ Φ ∫ Ξ ∂ ∂
train_10730,Ω Ξ Ξ Ω ∫ ∂ Ω
train_10731,Ω ∂ Ω ∫ Ξ Ω Ξ
train_10732,Ω Ω ∇ Ω Ξ ∇ ∇ ∂ ∇ ∇
train_10733,∫ Ξ Ξ ∫ Φ ∫ Φ ∂ ∇ ∫ Ω
train_10734,Ξ Ξ Ω Φ ∫ Ω ∇ ∂ Ξ ∇
train_10735,∫ Ξ ∇ Ω ∇ ∇ Φ Ξ
train_10736,Φ Ω Φ Ω Φ Ω ∇ ∂ ∂ Φ Ξ Ω Ω
train_10737,∇ ∫ Ξ Ω ∫
train_10738,∂ ∇ Ξ ∫ Ξ
train_10739,∂ Φ ∂ ∫ ∂ ∇
train_10740,Φ Ξ ∂ Ω ∫ Φ ∇ ∇ ∂ Ξ ∫ ∂
train_10741,∂ ∇ ∇ ∇ ∂ ∂ ∇ ∫ ∇ Ξ ∫ Ξ Ξ Ω
train_10742,Φ Φ ∫ Ξ ∫ Ω Φ
train_10743,Ξ Ω ∇ Ξ Φ
train_10744,∫ ∫ ∂ ∂ ∇ Ω Ω Ω ∇ ∇
train_10745,∂ Φ ∇ ∂ Ω Ξ Ω Ξ ∇ Ω ∫ Φ
train_10746,Ω ∫ Ξ Ξ ∂ ∇
train_10747,Ω Φ Φ ∫ ∇ ∫ ∇ Ξ ∂ Ω Ξ
train_10748,∂ ∂ Ξ ∂ Ξ Ξ
train_10749,Φ Φ Ω Φ Ω Φ ∇ Ω Ξ Φ Ξ
train_10750,∇ Ξ Ξ Φ Ξ Φ
train_10751,∫ Ξ ∫ Ω Φ
train_10752,Ξ Ω Ω ∇ Ξ ∫
train_10753,∫ Ξ Φ ∇ Ξ Ω
train_10754,∂ ∂ ∫ ∂ ∇
train_10755,Ξ Φ ∇ ∫ Ω ∂ ∂ ∇ ∇ Ξ
train_10756,Ξ Φ Ω Ω ∇
train_10757,Ω ∇ ∫ ∇ ∫ Ω ∂ Ω ∂ Ξ Ξ ∇
train_10758,∇ ∇ Ω ∇ Ω
train_10759,Φ Ω ∇ Ξ Ξ ∂
train_10760,∂ Ξ ∇ Ξ Φ
train_10761,∇ Φ Φ ∇ Ξ Φ Φ ∂ Ω ∂ Φ ∇
train_10762,Ω Ω ∫ ∇ Ξ Φ ∂ ∂ Ω ∂
train_10763,Ω ∇ ∂ Ξ Φ Φ Ω Ξ Φ Ξ ∂ Ξ ∇ Ξ
train_10764,Φ Ξ ∫ ∇ Ω Ω
train_10765,Ω Φ Φ ∂ ∂ Φ Ω ∇ ∫ ∂ Ξ
train_10766,Ω Ω ∫ Φ Ω ∂ Ω Φ Ω ∫
train_10767,Φ Ω ∇ Ξ Ω Ξ ∂ Ω ∇
train_10768,Φ Ξ Φ ∇ Φ ∇ ∫
train_10769,∫ Ξ ∇ Ξ ∇ ∂ ∇
train_10770,Φ Ξ ∫ Ω ∫ Φ ∇ ∫ Ω ∂ Φ
train_10771,∂ Ξ ∂ ∇ Ξ Φ ∂ Ω Ω
train_10772,∂ Φ Ξ Ξ ∂ ∫
train_10773,Φ ∫ ∇ Φ ∫ ∫ Ξ Ξ Φ ∂ ∇ Ξ ∂
train_10774,Ω ∫ Ω Ξ Ω ∫
train_10775,∇ ∫ ∫ Ω Ω ∂
train_10776,Ξ ∫ ∇ Ξ ∇ Ξ ∂
train_10777,∫ Ξ ∫ Ω Φ Ξ Ω ∫
train_10778,Φ Φ Ω ∂ ∇ Φ
train_10779,∫ Ξ Φ Φ Ξ
train_10780,∇ Φ ∂ Φ Φ Ω ∂ ∫ Φ ∇
train_10781,Ω ∫ ∫ Φ ∂ ∇ ∂
train_10782,∫ Ω Ξ ∇ Ξ
train_10783,∫ ∂ Ξ Ω ∇ ∂ Φ
train_10784,∫ ∇ Φ ∇ ∫ Φ Φ Ξ
train_10785,Φ Ω ∫ Φ Φ ∫ ∂
train_10786,∇ Ω Ξ ∂ ∂ ∇ Φ Φ Ξ Φ
train_10787,∂ ∇ ∂ Φ Φ ∇ ∂ ∂ Ω Ω ∇
train_10788,Ω ∇ Φ Ξ Ξ ∇ Ξ Ω ∇
train_10789,Ξ ∂ ∫ Φ ∫ Ω ∂ Ξ Φ ∫ ∫ ∇ Φ
train_10790,∂ Ξ ∇ ∫ ∂ Ξ ∫ Φ Ξ Ω Ξ ∇ Ξ
train_10791,∂ ∇ ∇ ∫ ∫ Ω Φ Ξ
train_10792,∂ ∇ ∇ ∂ ∫ Ω Ξ ∂ Ξ Ω Ω Ξ ∂
train_10793,∇ Ω ∫ Ξ Ξ ∫ ∇ Φ ∂
train_10794,Ω Φ ∫ Φ ∫ ∇
train_10795,Φ ∇ Φ ∇ Ω Ω Ω
train_10796,Ω Φ Ω ∇ ∇ Ω Φ Ξ Ω Ξ Ω ∇
train_10797,∇ ∂ ∇ Φ Φ Ξ Φ ∇ Ξ Ω
train_10798,∫ ∫ ∫ ∫ Φ ∂ ∂ ∂ ∂ ∂ ∫
train_10799,∫ Φ ∂ ∂ ∂ ∇
train_10800,∂ Ω ∂ ∂ ∂ Ξ Φ Ω Ω
train_10801,∫ ∫ ∇ ∂ Ξ Ω Φ ∇ Ω Ξ
train_10802,∇ Ξ ∇ Ξ ∫
train_10803,Φ Φ ∂ Φ Φ ∂ ∫ Ω ∂ Ω Ω
train_10804,Ω ∫ ∫ ∇ Ξ Ω ∂ Φ Ξ Ω ∂ ∇
train_10805,Φ ∇ Φ ∇ ∫ ∫ Φ ∇ ∂ ∫ ∇ Ω
train_10806,Ω ∇ ∂ ∂ Ξ ∫ Ξ Ξ ∂
train_10807,Ω ∇ ∫ ∫ Ξ ∂ ∂ ∂ Ω ∇ Ω Ω Φ ∇
train_10808,∫ ∫ ∇ ∇ ∂ Ξ Ω Ω Ξ
train_10809,∂ Ξ Φ Ω Ω ∫ ∫
train_10810,Ξ Ξ ∫ ∫ Ω Φ ∇
train_10811,∫ ∫ Ω ∫ Φ ∂ ∂
train_10812,Ω Ξ Ω Ξ ∂ ∇
train_10813,Ω ∫ ∇ ∇ ∂ Φ ∂ Ω
train_10814,Φ Ω Ξ ∇ Ω
train_10815,∂ Φ Ω Ξ ∂ ∇
train_10816,∇ ∂ Φ ∫ Ω Φ ∇ Ω ∂ Ξ Φ
train_10817,Ω Φ ∫ Ξ ∇ ∫ Ω ∇ ∫ ∫ Ω ∂ Ξ
train_10818,∫ ∇ ∫ ∂ ∂ ∂ Ξ ∂ Ξ
train_10819,∇ ∂ Φ Ω ∇ ∂ ∂ ∇ Ξ Φ ∂
train_10820,Ω Ω Ω ∫ Φ
train_10821,Ω Ω ∂ Φ Φ ∫ Φ Φ Ω ∫ ∂ ∫ Ξ Ω
train_10822,Φ ∇ ∂ ∂ ∫ ∂ Ω ∫ ∇ ∇ ∂ Ξ Ω ∇
train_10823,Ω ∂ Ξ Ω ∇ ∂ Ξ Ω ∫ Φ ∇ ∂
train_10824,∇ Ξ ∫ ∂ Φ Φ ∇ ∇ ∫ ∂ Ω
train_10825,Ω ∇ Φ Ω Φ ∂ Ω ∂
train_10826,Ξ Ξ Φ Ω ∂ ∇ Ω
train_10827,Φ ∇ ∂ Ω ∂ ∂ Ω
train_10828,Φ ∇ ∂ ∂ Ξ Φ ∂ ∇ Φ ∇
train_10829,Φ Φ Ω ∇ Ξ Ω ∫ ∇ ∫ Ξ Ξ
train_10830,Ω ∂ Ξ Ξ Φ ∫ ∫ ∇ ∫ ∫
train_10831,∫ Ω ∇ Φ ∇ Φ Ξ ∫ ∂ Φ
train_10832,Φ Ω ∂ Ξ ∂ Ξ ∂ Ξ Ξ ∂ Ω Φ
train_10833,∇ Ξ Φ Ξ ∂ Ω Ξ Ξ Ω ∫ Ω ∇
train_10834,∫ ∇ Ξ Ξ ∇ Ξ ∫ Ω ∂
train_10835,∂ Ξ ∫ ∇ ∇
train_10836,Φ ∫ Ω Ω ∂ ∇ ∂ Ω
train_10837,∇ ∇ ∫ Φ Φ ∂ ∂ Ξ ∇ Φ ∇ ∫ ∫ Ξ
train_10838,Ω Ξ Φ Ω ∂ Φ ∫
train_10839,Φ Φ ∫ Ω ∇ Φ ∇ Ξ ∫
train_10840,Φ ∫ Φ Ξ Ξ ∂ ∫ Ξ ∇
train_10841,Φ ∫ Φ Φ ∂ Ξ
train_10842,Φ Ξ ∫ Ω ∂ ∫ Ω ∂
train_10843,Ω Ξ Ξ ∫ Ω Ξ ∂ Ξ Ξ ∇
train_10844,∂ ∇ ∂ ∂ Ω
train_10845,Φ ∫ ∫ ∇ ∫ ∫ Ω
train_10846,Ω ∫ Ω ∇ Ξ ∇ ∫ Φ Ω Φ Ξ
train_10847,∫ Ω Ξ ∂ Ξ Ω Ξ ∇ Φ Ξ Ω Ξ Φ Ξ
train_10848,∇ ∫ ∂ ∂ ∇
train_10849,Ξ Ω ∫ ∇ ∫ ∫ Ξ Ω ∂ Ω ∂ Ξ ∫
train_10850,Φ ∫ Φ Ξ ∫ Ξ Ω ∂ Φ Ω ∫
train_10851,Ξ Ω ∂ ∫ Ξ
train_10852,Ξ Φ ∂ Ξ ∂ ∂ Φ Φ
train_10853,Ξ ∂ Ω Ξ ∂ Ξ ∫ ∫ Φ ∂
train_10854,Ω ∂ Ξ ∇ ∂ ∂ ∫ ∂ ∫ Ξ Ξ Φ Ω ∫
train_10855,Ω ∂ ∫ ∫ ∫ Ξ
train_10856,Ξ Φ Φ ∫ Ω Φ ∫ Ω
train_10857,∂ ∫ Ω Ω Φ
train_10858,∇ Ω ∂ ∇ ∂ ∫ ∂ Ω Ω ∇ Φ Ω Ξ
train_10859,∂ ∇ ∫ ∫ ∇ ∫ ∇
train_10860,Φ ∂ Ξ Ξ Φ ∫ Φ ∂
train_10861,∂ ∂ Φ Ω ∫ ∂ Φ ∂ Ξ Φ Φ
train_10862,Ω ∂ Ξ Φ Ξ Ξ ∇ ∫ ∇ ∇ Φ ∫ ∇
train_10863,Ω ∂ Ξ Φ ∇ Ξ Φ Ξ Φ Φ ∫ ∇ Ξ Φ
train_10864,∂ Ξ Ω Φ Ξ Ξ
train_10865,Ξ ∂ ∫ Ω ∇ ∫ ∂ Φ
train_10866,∂ ∂ Ξ ∫ Ω Φ ∂ Ξ ∫
train_10867,Ω Ω Ξ Ξ ∂ Ξ
train_10868,Φ Ω ∇ Φ Φ Ξ Φ Ξ
train_10869,∂ ∂ Ω ∂ ∇ ∇ ∂
train_10870,Ξ Ξ ∂ ∇ ∂ ∇ Ξ ∫ Ω Ξ Ω Ξ ∫
train_10871,∇ ∂ ∫ ∫ Ξ Ω Φ Ω ∂ ∂
train_10872,∇ Ω ∂ Ξ Φ
train_10873,Ξ ∫ ∂ Ξ ∇ Ξ ∫ ∇ Ω
train_10874,∫ ∂ Φ Ξ Φ ∫ Φ ∫ Φ Φ Φ Ω Φ Φ
train_10875,Ω ∂ ∇ Ξ Φ ∫ ∇ Φ Ω
train_10876,∇ ∫ Ω Ω ∂ Ω Ξ Ξ ∂ Ξ Ξ ∂
train_10877,∫ Ξ ∇ ∫ Ω Ξ Ξ ∂ Φ Ω ∂ ∇ ∂
train_10878,∇ ∫ Ω Ω ∇ ∇ ∇ ∂ Ω ∂ ∫ ∂ ∇ ∫
train_10879,∫ ∂ ∫ Ω Ξ Ω ∫ Ω Φ Ξ Ξ Ω
train_10880,Ξ ∂ ∫ Ξ Φ ∂ ∂ Φ ∇ ∇ ∇ ∂ ∇
train_10881,Ω ∂ Ξ ∇ Ξ ∇ ∇ ∂
train_10882,Φ Φ ∫ ∫ Ω ∂ ∂ ∫ Φ ∇
train_10883,Ξ ∇ ∂ ∫ ∂ ∂ ∇ ∇
train_10884,Ω Ω Ω Φ Φ ∇ Φ Φ Ξ Ω Ω
train_10885,∂ Ω ∂ Φ Ω ∫ Φ Φ ∇
train_10886,∂ ∫ ∫ Φ ∫ ∂ ∫ Ω
train_10887,Ω ∇ Φ ∇ Ξ ∂ ∂ Ω Ξ Ω
train_10888,∫ ∫ Ω Ω Φ Ω Φ ∂ ∫ ∫ Ω Ω Φ
train_10889,∂ Ω ∇ ∇ ∇ Ω ∇
train_10890,Ξ Φ Φ ∫ ∂ Ξ Ξ
train_10891,Ω Ω Ω Φ ∇ ∇ ∫
train_10892,∇ ∫ ∂ Ξ Ξ
train_10893,∂ Ω Ξ Φ Φ Ω Ξ Φ ∇ ∫ Φ ∂
train_10894,∇ ∇ ∂ Φ Ω ∫ Ω
train_10895,Ω Φ Ω ∫ Ξ Ξ
train_10896,∫ Ξ Ω Φ ∇
train_10897,∫ Φ Ω ∂ Ω ∫ Ξ Φ
train_10898,∂ ∂ Ω Φ Ξ
train_10899,∫ Ξ Ξ ∇ ∫
train_10900,∇ Φ ∫ ∂ ∇ Ω ∇ ∇ Ξ Ξ Ξ
train_10901,∂ Φ ∫ ∂ ∇ ∂ ∇ Ω ∇ Ω Φ Ω
train_10902,∂ ∫ ∫ ∂ Ω Ξ Ξ ∫ Ω Φ ∂ ∫
train_10903,∫ ∂ ∇ Ω ∂ Ω ∂ Φ Ξ Ξ ∇
train_10904,∫ Ω Φ ∂ Φ ∫ Ξ ∂
train_10905,Ω ∇ Ω Ξ Φ Ω ∫ ∫ Ω ∇ ∇ ∇ Ξ
train_10906,Ξ Φ ∇ ∇ ∂ ∂
train_10907,Φ Φ Ω ∂ Ω
train_10908,∇ Ω Ξ Φ Φ
train_10909,Ω Φ ∇ Φ Φ ∇ Ξ ∫
train_10910,Ω Ω Ξ Φ Ξ ∂ ∫ ∫ Ω Φ ∂
train_10911,∇ Φ Φ ∇ Ξ Φ ∫ ∇ ∇
train_10912,Ω ∂ ∇ ∂ Ω
train_10913,∫ ∇ ∇ Ω ∫
train_10914,Ω Ξ Ξ ∇ ∫ Ξ Ξ ∫ Ω ∫ Ξ Ω ∇
train_10915,Ω Ω ∇ Ω ∇ ∂ ∫ ∇ Ξ ∂ Ω
train_10916,∂ ∇ ∇ Ξ Ω ∇
train_10917,∇ Ξ ∇ Ξ ∇ ∫ Φ Φ
train_10918,Ω ∇ ∇ Ξ Ω ∫ ∇
train_10919,∫ ∫ ∇ Ω ∇ Ω ∇ Ξ
train_10920,∇ ∫ ∇ ∫ ∫ Ω ∂ ∇
train_10921,∫ Φ ∇ ∂ ∇ Ξ Φ ∂ Ω ∇ ∫
train_10922,∫ Ξ ∇ ∫ Ω ∂ ∫ ∫ ∫ ∂ ∂
train_10923,Ξ ∇ Ω Ω Ω ∫ Φ ∇
train_10924,∂ ∂ Ξ Ω Ξ
train_10925,Ω Ω ∂ Ω Ξ Ξ ∂ ∂ ∫
train_10926,Ξ ∫ Ξ ∇ ∂ Φ ∂ ∇ Φ Ξ
train_10927,Ξ Ω Ξ Ω ∇
train_10928,Φ Ω Φ ∇ Ω Ω Ξ Ω
train_10929,∂ Ξ ∂ ∫ Ξ ∂ Ξ Φ ∫ ∫
train_10930,Ξ ∇ Ω ∂ ∫ ∇ Φ
train_10931,∂ Φ ∂ ∇ Ξ ∫ ∫ Ω Ω ∇
train_10932,Φ ∂ ∂ Φ ∂ Ξ ∂ Ξ ∂
train_10933,Ξ ∇ ∂ Φ Ξ ∇ ∫ ∫ Φ Ω
train_10934,∫ ∂ Ξ Ω ∂ Ω ∂ Ξ Ω Φ Ξ
train_10935,∂ Φ ∫ Ω ∇ Ω Φ
train_10936,Φ ∫ Ξ Ω Φ ∫ Φ ∇ Ω Φ ∫ Φ
train_10937,Ξ ∇ ∇ ∫ Ω Φ ∇
train_10938,Ξ Φ ∂ ∫ ∫
train_10939,∫ ∂ Ξ Ξ ∂ ∂ Ω Φ
train_10940,∇ Φ Ω Ω Ω ∂ Φ Φ Ξ Ω
train_10941,Φ Ξ ∇ ∇ Ω Ξ ∂ Φ Φ
train_10942,Ξ Ξ ∇ ∫ Φ Φ Ω Φ Φ Φ ∂ Ξ ∂ ∂
train_10943,∫ Φ Ξ ∫ ∂
train_10944,Ω Ω Ξ Φ Φ Φ ∇ ∂
train_10945,∫ ∂ Φ ∂ ∂ ∫ ∫ Φ Φ Ω
train_10946,∫ ∇ ∫ ∫ Ξ ∫ Ω Φ
train_10947,Ξ ∂ Φ ∫ Ξ ∂ Ω ∇ Ω ∇ ∇ Φ ∇
train_10948,∂ Ω Ξ ∫ Ξ Φ Ω
train_10949,Ω ∫ Ξ ∇ ∫ Φ ∇ Ξ
train_10950,Φ Ξ Ξ Ξ Ω Ω Φ
train_10951,Ξ Φ ∇ Φ ∂ Φ ∫ Ω ∂ ∇
train_10952,∫ Ξ ∂ ∇ ∇ ∂
train_10953,Ξ Ξ ∫ ∫ Ξ ∇ Ξ ∂ ∫ ∂ Ξ
train_10954,Ξ ∇ ∇ ∇ Φ ∫ ∂ ∂ ∇
train_10955,∂ ∂ Ω Ξ Φ ∂ ∫ ∂
train_10956,∂ ∇ Φ Ω Φ Φ ∂ ∇ ∇ Ξ Φ ∇ ∇ Ξ
train_10957,∫ ∇ Ω Φ ∂ Φ Φ ∂ ∂ ∫ Φ
train_10958,Φ ∫ ∇ Ξ ∫ ∫ Ξ ∇
train_10959,Φ ∫ ∫ ∫ Ξ Ω ∇ Φ ∫ Ξ Ω ∇ Ω
train_10960,∫ Φ Φ ∇ Ξ Ω Ω Φ Ω
train_10961,∂ Φ ∇ Φ ∫
train_10962,Φ ∂ Ξ ∫ Φ ∇ ∇ Ξ ∂ Φ
train_10963,Φ ∂ ∇ ∫ Ξ ∇ Ω Ξ
train_10964,Ω Ω ∂ ∂ Ω ∂ Ξ Ω ∇ ∇ ∫ ∫
train_10965,Ξ Ξ Φ ∫ ∇ ∂
train_10966,∇ Ξ Ω Ξ Ξ Φ ∇ ∂ ∂ ∫ Φ Ξ
train_10967,Φ ∇ Ξ Φ ∫ ∫ ∂ ∂ Ω ∫ Ω Ω Ω
train_10968,Φ ∇ Ξ ∇ ∂ Ω Ω ∫ ∂ Ω ∂ Φ ∂ Φ
train_10969,Ξ ∂ ∫ Φ ∂ ∇ ∂ Ω Ω Φ ∂ ∇
train_10970,Ω ∂ Ξ Ξ Ω Ω ∇ Ω Ω Ω Φ
train_10971,∫ ∂ Ξ Ω Ξ ∂ ∫ ∂ Ξ Ω Φ ∂
train_10972,∂ ∇ ∇ ∂ Ω ∂ Ξ Φ ∂ Φ Ω Ξ Ξ Ξ
train_10973,Ξ Ω ∫ ∇ Ω Ω Ω Ξ Φ ∫ Ξ
train_10974,∇ Ω ∇ Ξ ∇ ∫ Φ ∇ Ω ∫ ∇ Φ Ω
train_10975,Ω Ω ∂ Φ ∫ Ξ
train_10976,Ω ∇ Φ ∇ ∇ ∂ Φ Ξ Ξ Ω Ξ
train_10977,∇ ∇ Φ Φ Φ Φ ∂
train_10978,∫ Ξ Φ Ξ Φ ∫ ∫ Ω Ξ
train_10979,∂ Φ Ω Ξ Φ Φ Ξ
train_10980,∂ Φ Ω Ω ∫ Ω ∇ ∇ Ω ∂ Φ Ξ ∂
train_10981,∫ Φ ∇ ∂ ∂ Ξ ∇ Ξ ∫ Ξ ∫
train_10982,Ω ∇ Ω ∂ Φ ∇ ∇
train_10983,∫ Ξ ∫ Φ Ω
train_10984,Ω Ω ∫ Ξ Φ
train_10985,Ξ ∫ Ξ Φ Ξ Ξ
train_10986,Φ ∇ ∂ Φ ∂ ∇ ∇ Φ ∇
train_10987,∫ Ω Φ ∇ Φ ∂ ∇
train_10988,∂ ∇ Ω ∂ Ξ
train_10989,Ω Ω ∂ Φ Ω
train_10990,Ω Φ Φ ∂ ∫ ∫ ∫ ∫ ∫ ∂
train_10991,Ω ∂ Ξ Φ ∫
train_10992,∫ ∫ ∂ ∫ ∫ Ξ Ξ ∇ ∫
train_10993,∫ Ω Ξ Ω Ω Ξ
train_10994,Ω ∇ ∇ Ξ Ξ Φ ∇ Ω ∫ Ξ ∇ ∫ Φ
train_10995,∂ ∇ ∫ ∂ Ω ∂ ∂ ∫ Ξ ∫ Ω Ξ ∇
train_10996,Ξ Ω ∫ Ω ∫ ∫ Ξ ∫ ∫ Ξ Ω Φ Ω
train_10997,Ξ Ω ∂ Φ ∫ ∇ ∇ ∫ Ξ ∇ ∫ ∫ ∫ ∫
train_10998,Ω Ξ ∫ ∂ ∂ Φ Ξ
train_10999,Φ ∇ ∇ ∇ ∇ ∇ Ξ ∫ Ω ∂ ∇ Ξ Ω Φ
train_11000,∫ ∫ ∫ ∇ Φ
train_11001,Φ ∇ ∂ ∫ ∫ ∇
train_11002,Φ Φ Ξ Ξ ∂ ∇ Ξ Ξ
train_11003,∂ ∂ ∇ ∂ ∇ Ξ Ω Φ ∫ Φ Ω
train_11004,∫ ∂ ∇ Ξ ∫ Ω Φ ∇ Ω
train_11005,∇ Ω Ω Ξ Ξ Ω Φ ∫ ∫ ∫ Ξ Φ
train_11006,∇ ∇ Ξ Ω ∂ ∂ ∂
train_11007,∇ Ω Ξ Ξ Ω ∂ Ω ∫ ∇ ∇ ∂ ∫ ∇
train_11008,Ω ∫ Φ ∂ Φ Ξ Ξ ∂ Ω ∇ ∇ Ξ ∇
train_11009,Φ Ω ∂ Φ Ω Ω ∇ ∫ Φ ∫
train_11010,Φ ∫ Φ ∂ ∂ Ξ Φ ∇ Ω Ξ ∫
train_11011,∂ ∇ ∂ Φ Ξ ∇ Φ Φ Ω Ω Φ Φ Ω
train_11012,Ξ ∫ ∇ Φ ∫ ∇ ∫ ∇ Ω ∇ ∫
train_11013,∫ ∇ ∂ ∂ ∂ Ω Ω Ω Φ ∇ Ω Ξ
train_11014,Ξ Ω ∂ ∫ Ω ∂ Ω ∇ Ω ∇
train_11015,Ω ∫ ∇ Ξ ∫ Φ Ω Ω ∇ ∇ Ξ
train_11016,Φ Ξ Ω ∂ ∇ Φ Φ Ξ ∇
train_11017,Ξ ∂ Ω ∂ Ω ∫ ∇ Ω
train_11018,Ξ Ξ Ξ Φ ∇ Ξ ∫ ∇
train_11019,Ξ ∂ ∫ Φ Ξ ∇ ∫ Ξ Ω ∂ ∫
train_11020,∫ Ω Ξ Φ Φ Ξ Ξ
train_11021,Ξ Ω Ξ Ξ Φ Φ ∂ Ω
train_11022,Ω Φ Φ Ξ ∇ ∂ Ω Ξ Ω ∂ Ξ ∂ ∇
train_11023,Ξ ∇ Ξ Ξ ∫ Φ ∇ ∂ ∫ ∂ Ξ Φ Φ
train_11024,∫ ∂ Φ Φ Ω Φ ∂ Φ Φ ∫ Ω
train_11025,Φ ∇ Ω Ξ ∇
train_11026,∫ Ξ Ξ ∫ ∂ Ξ ∂ Ξ ∫ ∂
train_11027,Ω Ω Ω ∇ Ξ ∫ ∂ ∇
train_11028,∇ ∂ ∫ Ξ ∂ ∂ ∇ ∇ Ω Ω
train_11029,Ω Φ ∇ ∫ Ξ ∇ Ω Ω ∇ Φ
train_11030,∇ Ξ Φ ∂ ∇
train_11031,∇ Φ Ω Φ ∇
train_11032,∇ Ξ Ξ ∇ Ω ∇ ∇ Ω ∂ ∂ ∫
train_11033,Ω Φ ∂ ∂ Ω ∇ Φ Ω Ω
train_11034,Ω ∫ Ω ∫ Ω Ω Ω ∇
train_11035,∂ ∇ Ξ ∂ Φ Φ Ω Φ Ω ∇ ∫ Φ
train_11036,∫ ∂ ∂ Φ ∇ Ω ∇ ∂ Ξ
train_11037,Ω Ω ∇ ∫ Ξ ∇ Ξ ∇
train_11038,Φ Φ ∇ ∂ Φ
train_11039,∂ ∂ Ω ∇ Ξ
train_11040,Ξ Ξ Ω Ξ ∂ ∫ Ξ Φ Φ
train_11041,Ξ Ω Ξ Ω ∂ Ω Φ Φ Ξ Ω Φ ∂
train_11042,∫ Ξ ∇ Ω Ω ∫
train_11043,Ω Φ ∫ Ξ Φ ∂ ∇ ∫ ∇ Φ
train_11044,Φ Φ Ξ Φ Ξ
train_11045,∫ Ω ∂ Φ ∫ Φ Ξ ∇
train_11046,Ξ ∂ Ω ∇ ∫ Φ Ξ
train_11047,Φ ∫ Φ Φ ∂ Ξ Ω ∫
train_11048,Φ Φ Ξ Ξ ∂ Ξ Ω ∇ ∫ Ξ ∫ ∇ ∇ ∇
train_11049,∫ ∇ ∂ Φ Ω ∇ Ω ∇ Ξ
train_11050,∇ ∇ Ξ Ξ ∫ ∇
train_11051,Ω ∇ ∇ ∂ ∇ Ξ ∫
train_11052,Φ Ω Φ Ξ Φ Φ Ξ
train_11053,∇ ∫ ∂ ∂ ∫ Φ Φ ∂ Ω Ω
train_11054,∇ ∇ ∂ Ξ Ξ Ω Ξ ∇ Ω ∂ ∇ Φ
train_11055,Ξ Φ Ω Ξ Ω Ω ∇ ∂ Φ Ξ Ξ
train_11056,∇ ∫ Φ Φ Ξ ∇ ∂ ∇ ∇
train_11057,Ω ∇ ∫ Φ ∫ Φ Φ Ξ ∫ Ω Ξ ∇
train_11058,∇ Ξ Ω ∇ ∫ Φ Ω ∇ ∂ ∂
train_11059,Ω Ω Ω Ω Φ ∇ ∂ ∂ Ξ
train_11060,∇ Φ Ω ∫ ∫ Ω ∇
train_11061,Ξ ∂ ∇ Φ ∇ ∇ ∂ ∫ ∂ ∂ Ω
train_11062,Φ ∫ ∫ ∫ Φ ∫ ∂ Φ
train_11063,Ξ ∂ Φ Φ ∂ ∂
train_11064,Φ ∇ ∇ Ω Φ ∂ ∇ Φ Ω Ξ Ω ∇ Ω ∫
train_11065,Ξ Ξ ∇ ∂ ∂ ∫ Ω ∇ Φ
train_11066,∂ Φ ∫ Ξ ∂
train_11067,∫ ∫ Ξ ∂ ∫ ∫ Φ ∇ Ξ ∂
train_11068,Ξ ∇ ∇ Φ ∇
train_11069,Ξ Ω Ω ∫ Ω Ξ Φ Ξ Ξ Ω Ξ
train_11070,∇ ∫ Ω ∂ ∫ ∂
train_11071,Φ Φ Ω Ξ Φ Ω ∇ Φ Ξ ∂ Ω Ξ ∇
train_11072,∫ ∂ Ξ Ξ ∇ ∂
train_11073,∫ Φ ∫ Ξ ∂
train_11074,Ξ Φ Ξ ∂ ∂ ∂ ∫ Ω ∇ ∇ Ω
train_11075,∫ ∇ Ω ∂ Φ ∫ Ω ∫ ∫
train_11076,Φ Ω Φ ∇ ∫ Ω ∂ ∂ Φ ∫ ∇ ∂ Φ Ξ
train_11077,∫ Ξ ∇ Φ Φ ∫ ∇ ∫ Φ
train_11078,Φ ∇ Φ ∇ Φ ∇ Φ ∫ Ω ∇
train_11079,∂ Ω ∂ ∂ Φ ∫ ∂
train_11080,Φ Ξ Ω Φ Ω ∫
train_11081,∫ ∇ ∇ Ξ Ξ ∂ ∫ Φ Φ ∫ Ξ ∇ Ω
train_11082,Φ Φ ∫ Φ Φ Ξ Ω ∇ Φ Ξ ∇ ∂
train_11083,∂ ∇ Φ Ω ∂ Ξ ∇
train_11084,∫ Ω Φ Ξ ∫ Ξ Ξ ∂ Ξ ∫
train_11085,∇ Ξ Ξ Ω Ω ∇ Φ
train_11086,∂ ∂ ∂ Φ Φ ∂ Ξ Ξ ∇
train_11087,∫ ∫ ∇ ∫ ∂ ∂ ∂ Φ Φ ∂ Ω Ξ
train_11088,Ξ Ω ∇ ∂ ∫ Ω ∇ Ξ ∇ Ω Ω ∫
train_11089,Ω Φ ∫ Ξ Ω
train_11090,∂ ∫ Ξ Φ Φ ∇ ∫ ∂
train_11091,∇ ∂ ∇ ∫ ∇ ∂ ∫ Φ ∫ Ω
train_11092,∫ Φ ∫ Ξ Ξ Ω ∂ Ω ∫ Ω ∂ Ω
train_11093,∫ ∫ ∇ ∂ ∂ Ω Ω ∇ Ξ Φ Ω ∂ ∇ ∫
train_11094,Ω Ω ∇ Φ Ξ Ω Ξ ∇
train_11095,∂ Ξ ∫ Ω ∂ Ω Φ ∫ Ω Ξ
train_11096,Ω Ξ Ω ∇ ∂ Ω ∇ Ξ
train_11097,Ξ ∫ ∂ Φ Ξ
train_11098,∫ Φ ∫ ∇ ∫ Φ ∂
train_11099,Ξ Ω ∂ Ξ ∫ Ξ ∇ Φ Ω Ω ∂ ∫ ∫ Ξ
train_11100,∇ ∇ ∂ Φ ∫
train_11101,∂ Ξ Φ ∇ ∂ Ω
train_11102,∫ ∇ ∇ ∇ ∂ ∫ ∇ ∫ Ξ Φ ∇ Ξ
train_11103,∫ ∇ Ω Ξ Φ Ω Ω ∂ ∫ Ω
train_11104,∂ ∇ Ω Ξ ∂ ∫ Φ ∂ Φ Ξ ∂ ∂ ∫ Ξ
train_11105,∂ Φ ∂ ∫ Ξ ∇ Ω Ξ ∇ ∇ ∇ ∫ ∂ ∇
train_11106,Φ Φ ∂ Ω ∂ Ω Φ ∂
train_11107,Φ Ξ ∂ ∇ Ω ∇ ∇ ∫ ∂ Φ Ξ
train_11108,∂ Ξ ∂ ∫ ∇ ∫ Φ Ω Φ ∇ ∂
train_11109,Ω Ω ∂ Ω ∇
train_11110,∇ Ω ∫ ∇ Ω ∂ ∇ Φ ∫ Ω Ω Ω Ω
train_11111,∇ Ξ ∂ ∂ ∂
train_11112,∂ Φ Ξ Ξ Ω ∫ Ω Ξ ∂
train_11113,∫ Φ ∇ ∫ Φ Φ
train_11114,∫ ∂ ∫ Φ Ξ Φ ∂ ∂ ∂ ∂ ∇ Ω Ξ ∫
train_11115,Φ ∇ ∫ Ω ∇ ∂ Ω ∇ ∫
train_11116,Ω Ξ Ω ∂ ∇ ∂ ∂ Φ Φ ∇ Ω ∂
train_11117,∂ ∫ ∇ ∂ ∂ Φ
train_11118,Ω Ξ ∂ Ω ∂ ∇ ∇
train_11119,Ω ∇ Ω ∂ ∇
train_11120,Ξ ∫ ∂ ∫ ∂ ∂ ∂ ∇ ∂
train_11121,Φ Ω Φ Ω ∂ Ξ ∇ ∂
train_11122,∫ Ξ Ω ∫ ∂ ∇ Ξ Ω ∇ Ξ
train_11123,∂ ∇ ∫ ∂ Ω ∇ ∂ Ω ∇
train_11124,Ω Ξ ∇ Φ Ω ∇ ∫ Φ Ξ ∇ ∇ ∇ Φ
train_11125,Ω Ω Ξ ∇ Ξ ∫
train_11126,Ξ Ω ∫ Ξ Φ Ω Ω Ξ
train_11127,∂ Ξ ∇ Φ Φ
train_11128,∫ Ω ∂ ∫ ∂ Φ ∂ Ω ∫ ∂ ∫ Ξ
train_11129,Φ ∫ Ξ ∫ Φ ∇ Φ Ξ
train_11130,∫ ∇ Φ Ω Ω ∫ ∇ ∫ Ω
train_11131,Ω Ω ∇ Ξ Φ Ξ ∇ Ξ Φ Φ ∇ Ξ ∂ ∂
train_11132,Ξ Φ Φ Ξ Ω Φ ∂
train_11133,∇ Ξ Ω ∫ ∫ Ω Ω ∂
train_11134,Ξ ∂ Φ Ω Ξ ∇
train_11135,Ξ Ξ ∇ ∇ ∇ ∇ ∂ Ξ Φ
train_11136,Φ ∂ Φ Ξ Φ ∇ Φ ∂ ∂ Ξ ∫ ∇ Φ
train_11137,∫ ∫ Ξ ∇ ∫
train_11138,Ω ∇ ∂ ∂ Ω Φ ∫ ∂ Ξ
train_11139,Φ Ξ Ξ ∇ Ξ Ω ∂ ∫ ∇ Ξ
train_11140,∂ ∇ ∇ ∂ Ξ
train_11141,Ω ∫ Ω ∂ ∫ ∇ ∫ ∫ ∇
train_11142,∂ Φ Ω ∂ Ω Ω Ξ ∇ ∂
train_11143,Ω Ω ∫ ∂ ∂ ∫ Ω
train_11144,∇ Ξ Ω ∂ Φ Φ Φ Ξ Φ ∂
train_11145,∫ ∫ Φ ∫ ∂
train_11146,∫ ∫ ∂ Φ Φ Φ ∇ ∇ ∇ ∂ Ω ∫ ∂ ∇
train_11147,∇ Ω ∇ ∂ Φ Ξ Ω Ω Ω Ξ ∇ Φ Φ
train_11148,Ξ Ξ Φ ∂ ∫ ∇ ∂ ∂ ∂ Ω Φ Ω ∇ Ξ
train_11149,∂ Ξ ∫ ∇ Ξ ∇ Ξ Ξ Ω
train_11150,∂ Ω ∂ ∂ ∇ Ω ∫ Ξ Ξ ∂ Ω Φ Φ ∂
train_11151,∇ Ω ∫ Ξ Φ ∂ Ξ ∂ ∂ Ω Ξ Φ
train_11152,∫ ∇ ∂ Ω ∂ ∂ ∂
train_11153,Ω ∂ Ξ ∫ ∇ Ω Ξ ∫ Ξ
train_11154,Ω ∂ Ω ∇ ∇ ∂ Ξ Ω Ω ∇
train_11155,Ξ ∇ ∇ Ξ Ω ∂ Ξ Ω
train_11156,∂ Ξ ∂ ∂ ∇ ∇ Ξ ∇ Φ
train_11157,∫ Φ ∂ Ξ ∇ ∂ ∂ Ω ∂ Ξ Ω ∫
train_11158,Ξ Ω ∂ ∂ ∫ Φ ∇ Ξ Φ ∂ Ξ Ξ
train_11159,∂ ∫ ∂ ∫ ∂ Ξ Φ ∂ Ω Ω ∂ ∫ ∇ Φ
train_11160,∫ ∇ Ξ ∇ Ξ ∂ ∇ Ξ Φ ∫ ∫ ∂ ∫
train_11161,∂ ∫ Ξ Φ ∫ Ξ Ξ ∂ ∂ ∂ ∫ ∇ ∫
train_11162,∫ Ω Ω Ω Φ ∇ Ω
train_11163,∇ ∇ ∂ ∂ ∇ ∫ Ω Ω
train_11164,∫ Φ Ξ Φ Ξ Ω ∫ Ξ ∇ ∫ ∫ Φ Φ ∂
train_11165,∫ Ξ ∫ Φ Φ ∇ ∂ Φ ∫ Φ
train_11166,Ω Ω ∇ ∫ ∂ ∇ Ω ∂ Φ Ω ∫ Φ Φ ∫
train_11167,∫ ∂ ∫ ∫ Ξ
train_11168,Ω Ξ ∫ Ω Φ Φ Ω ∇ ∇ Φ ∫ ∂ ∇ ∫
train_11169,Ξ Ξ Ω Ξ Ξ ∂ ∂ ∫ ∇ ∂ ∫ ∂
train_11170,Ξ Ξ ∂ Ω Ξ ∂ ∫ Ω Φ ∂ Φ ∫
train_11171,Ξ Φ Φ Ξ Φ ∇ Ω ∂ ∇ ∫ Ω
train_11172,∇ Ξ ∇ ∂ ∇ Φ Ω ∫ ∂ ∇ ∂ Ξ ∇ Ξ
train_11173,Ω ∂ Φ ∂ ∇ ∂ Φ Φ ∇ Ω ∫ Ξ Ω Ξ
train_11174,∂ ∫ ∇ Ω Ω Φ ∇ ∇ Φ Ξ
train_11175,∂ ∇ Ξ Ξ ∇ ∇ ∂ Ξ ∇ Ξ Φ
train_11176,Ω ∇ Ω ∇ Ω
train_11177,∂ Ω Ω Ξ Φ
train_11178,Φ ∇ ∇ ∇ ∫ ∇ Ω Φ Ξ Φ
train_11179,∫ ∫ ∇ Ω Φ Φ Ω Ω ∫
train_11180,Φ ∫ Φ Φ Φ Ω Ω Φ ∂ ∫ ∫ ∫ ∫
train_11181,∇ Ξ Ξ Ξ ∇ ∇ Ω ∇ Ω Ξ ∫ ∇ ∂
train_11182,∂ ∂ ∂ ∇ ∇ ∫ ∫ Ξ Φ Ξ ∇ ∇
train_11183,Ξ ∂ Ξ ∇ ∇ ∫ ∇ Ξ Φ ∫ Ξ
train_11184,∇ ∇ Ω ∇ Ω Ξ ∂
train_11185,∂ ∂ ∇ Ω ∫ Φ Φ ∇ ∇ ∇ Φ Ξ Φ
train_11186,∂ Ω Ξ ∂ Ξ Φ ∂
train_11187,∫ ∂ Ω ∇ Ω Φ
train_11188,∫ ∂ Ω Ω ∫ ∇ Ξ Ω ∇ ∂ ∫ Φ ∫
train_11189,∂ ∇ Φ Φ ∇ ∇ Ξ Ξ ∇ Ω Ω
train_11190,Ω Φ Φ ∇ ∂ Ω Ξ
train_11191,∂ Ω ∇ ∫ Φ Ω ∇ ∇
train_11192,Ω Ω Ω ∫ ∇ Ξ ∇ Ω Ω ∂ Ξ Ξ
train_11193,Ξ ∂ ∇ Ξ ∫ ∫ ∫ ∫ Ω ∫ ∫ ∫ Ξ ∇
train_11194,Ξ ∫ Ξ ∂ ∫ ∂ Φ ∂ ∂ ∫ ∇ Ξ ∫
train_11195,∂ ∂ ∇ ∂ ∇ ∇ ∂ Ξ Φ Ω
train_11196,∫ ∫ ∂ ∫ ∫ ∂ Φ Ξ Ξ Φ Ξ Φ Ω
train_11197,∇ Ω Ω ∇ Ω ∫ Φ ∇ Ξ ∫ ∂
train_11198,Ξ Φ Φ Ξ ∂ Ω ∫ Φ ∫ Ξ Ξ
train_11199,∂ ∇ ∇ ∂ ∇ Ξ
train_11200,∫ ∂ Ω ∇ ∇ ∫ ∂
train_11201,∇ ∫ ∇ ∫ Ξ ∇ Ω Ω ∂ Ω ∇
train_11202,∇ Ξ ∇ ∫ Ξ Ω Ξ ∂
train_11203,Ξ ∇ Ω Φ ∂ ∇
train_11204,∫ Ξ Ξ Ξ Φ ∫ Φ ∇ ∫ ∂ Φ
train_11205,Ω Φ ∫ Φ ∫ Ω
train_11206,∫ Φ ∂ Φ ∂ Ω Φ ∂ Φ Ξ Ω ∇
train_11207,∇ Ξ ∂ ∫ ∫ Ω Ξ
train_11208,∂ Ξ ∇ Ω ∇ Ξ Ω ∂
train_11209,∫ ∇ ∇ Ω Ω Ω ∂ Ξ ∫ Φ Φ ∫ ∂
train_11210,∇ ∇ ∂ ∂ ∇ Ξ Ω ∫ ∇ ∂ ∫
train_11211,∇ ∫ Φ Ω ∂ Φ
train_11212,Ξ Ω Ω ∇ Ω
train_11213,∂ Ω ∫ ∇ ∂ ∫ Φ ∇
train_11214,∂ Ξ ∇ ∂ Ξ Φ ∇ Φ Ω ∇ Ω
train_11215,Φ ∂ ∂ ∂ ∂ ∂ ∇ ∫
train_11216,∇ ∂ Φ ∂ ∇ ∇ Ξ Ω Ω ∇ ∂ Ω ∫ ∫
train_11217,Φ Ω ∇ Ω Ω ∂ ∇ ∇ Ω ∫ Ω ∫ ∇
train_11218,∂ ∂ Ω Ω ∫ ∇ Φ Ω Ω ∫ ∫
train_11219,Φ ∂ Ξ Ξ Ω Ξ Ξ ∇ ∫ ∂ ∫ Ξ
train_11220,Ω Ξ Ω ∇ Ω ∇ Ξ ∂ ∂ Φ ∇ ∇ ∇
train_11221,Ξ ∂ ∂ ∇ Ξ ∇ ∇ ∇ Ω ∂
train_11222,∂ ∫ Φ Ξ ∂ ∇ Ω
train_11223,Φ ∫ ∫ ∂ ∇ ∇ Ξ ∫
train_11224,∇ Ω Ξ ∂ ∫
train_11225,∇ ∇ Ω ∇ ∂ ∫
train_11226,∇ ∫ Ξ Ω Φ Ω Ω ∫ ∇ Φ
train_11227,Φ ∇ ∂ Ω ∂ ∂
train_11228,∂ Ω Ω Ω Ξ Φ Ω Ξ Ω
train_11229,Φ Φ Ξ Φ Ξ Φ Ω Ω Ω Ω Φ
train_11230,∇ ∂ ∇ Φ ∫ Ω Φ
train_11231,Ξ ∫ Ξ Ω Φ Ξ ∇ Ω Ω
train_11232,Ξ ∂ ∇ Φ Φ Ω ∇ ∫ Ω Ξ Ω ∫ Ω
train_11233,∂ ∇ Ω Ω Φ ∇ Φ ∫ ∫
train_11234,∂ ∇ Ω Φ Ξ ∂ Ω ∫
train_11235,Φ Ξ ∂ ∂ ∂ ∫ ∂ ∇ ∫
train_11236,Φ ∇ Ω ∇ Ξ Ξ Φ Ω ∇
train_11237,Ξ Ω Φ Φ ∫ ∫ ∇ ∫ Φ Ξ ∂ Ω Ξ ∂
train_11238,∂ Φ Φ Φ Ω Ξ ∫ Ω ∫ ∂ ∂ Φ
train_11239,∫ ∫ ∫ Ω ∫ ∂ Ω ∫ ∂ Ξ ∫
train_11240,Ξ Ω ∇ Ω Ξ ∇ Ξ Ξ ∫ ∫
train_11241,∫ ∂ Φ Ω ∫ Ξ ∇ ∫
train_11242,∇ ∂ Ω ∇ Ω ∫ Ω Ω ∫ Ξ ∇ ∫ ∇ Ξ
train_11243,Φ Ω Ω Ω ∇ Ξ ∫ Ω ∫ ∇
train_11244,∂ Φ ∂ Φ Ω ∫ ∇ ∫ ∇ Ω
train_11245,Φ Ξ ∫ Φ Φ Ξ ∇ ∇ ∫ Ξ ∫ ∇ Φ
train_11246,Ω ∫ Φ ∫ ∫ Ω ∇ ∇ Ξ ∂ ∂ ∂
train_11247,∇ ∇ ∫ Ω Φ
train_11248,∂ ∇ Ξ Ξ ∇ Φ ∫ Ω Φ ∇ ∫ Φ
train_11249,Ω ∂ Φ ∂ Ξ Ω ∫ ∂ ∇
train_11250,Ξ ∫ ∇ Ξ ∂
train_11251,∫ ∇ Ω Φ Ξ ∇ ∫ ∇ ∇ ∇ ∇ Ω ∂
train_11252,∂ ∂ ∂ ∂ Ξ Ω Φ ∇ ∂ ∂ ∫ Ξ ∂ Ξ
train_11253,∂ ∇ ∂ ∫ Ω Ξ ∇ ∫ Ξ ∇ ∂ ∇
train_11254,∇ Ξ ∫ Ξ Φ ∂ ∇ ∫ Ξ ∫ ∇ Φ
train_11255,∂ Ω Ω ∫ ∇ Ξ Φ ∂ Φ ∫ Φ ∂
train_11256,∫ ∇ Ω ∇ Ω ∫ ∇ Φ ∂ Φ
train_11257,Ω ∂ Φ Φ ∫
train_11258,∇ ∇ Ω ∫ ∫ Φ ∇ Ξ ∂ Ξ Ξ Ω
train_11259,∂ ∇ ∇ Ω ∫ Ω
train_11260,Ω ∇ Ξ Ω ∇ Φ ∇ Φ ∫ Ξ
train_11261,Ξ ∫ Ω Φ ∇ ∇ ∫ Φ ∫
train_11262,Ξ ∇ Ξ Ξ Ξ Ω
train_11263,∂ ∂ ∇ ∫ ∇ Φ Φ Ω ∇ Ω Φ ∂ ∂
train_11264,∂ Ω ∫ Ω ∂ Ξ ∇ ∂ Ω ∇ Ω Ω ∂ Ξ
train_11265,Ω ∇ ∇ Φ ∂ ∇ Φ
train_11266,∂ ∇ ∫ Ω ∂ ∇ Ξ Ξ
train_11267,Ξ ∂ ∫ Ω Φ Ω ∇ Ξ ∫
train_11268,Ξ ∇ Ξ ∫ ∇ Ξ ∂ Ξ Ω Ξ Ω Ω Ω
train_11269,∫ ∇ Ω ∇ ∇ ∂ ∫
train_11270,∇ Φ ∂ Ξ Ω Ξ Ξ ∂ Ξ Ω ∫ Ω
train_11271,∫ ∂ ∂ Ω ∫
train_11272,Φ ∇ Ω ∇ Ξ ∫ ∇
train_11273,∂ Ξ Ω ∫ Ξ Ξ ∂ ∫ ∫ Φ ∇ Ξ ∫ Ω
train_11274,Φ ∇ ∂ ∂ Φ ∂ ∫ ∇ ∂
train_11275,Ω Ξ Ξ ∇ Ω
train_11276,Ω Ξ Φ ∫ ∇
train_11277,Ξ ∂ ∂ Φ ∇ Φ Ω ∂ ∇
train_11278,Ω Ω ∂ Ξ ∫
train_11279,∂ Ξ Ξ Φ ∫ ∫ Φ ∫ ∂ Φ Ξ Φ ∂
train_11280,∂ ∫ ∫ ∇ Ω Ω
train_11281,∫ ∇ ∫ ∂ Ω ∫
train_11282,Ξ Ξ Ξ ∫ Ω Ξ
train_11283,Ω Ξ ∇ ∇ ∂ Φ ∫ Ξ Ω Ξ Φ Ξ Φ Ω
train_11284,Ξ Φ Φ Ω Φ ∂
train_11285,∫ Φ ∫ Φ ∫ ∇ ∇ Ω ∂ Ξ Ω
train_11286,∂ Ω ∫ Ξ ∫ ∫
train_11287,∂ Φ ∫ ∇ ∂ Φ Ω ∂ Ξ ∂ Ω
train_11288,∫ ∇ Ω ∫ ∂ ∂ ∫ Φ Ω ∇ Ξ ∇ ∂
train_11289,Ω ∂ Φ Ω ∂ ∫ Ξ Ξ
train_11290,∂ ∫ Φ ∫ Ω ∇ Φ ∇ ∂ Φ Ω ∂ ∫
train_11291,Φ Φ ∂ Ω Ω Φ ∫ ∇ ∂ ∫ Ξ
train_11292,Ω ∂ Ω Ξ Φ Ξ Ω Ξ ∫ ∇ ∫
train_11293,Ω ∂ Φ ∂ Ξ Φ Φ ∇ Φ
train_11294,∫ Φ ∫ Φ ∫ Φ Ω Ξ Ξ Ω
train_11295,Ω ∇ ∂ ∫ ∂ ∇ ∫ Ξ Φ ∇ Φ ∇ ∫ ∂
train_11296,∂ Ξ Ω Ω ∂ ∫ Ξ ∫ Ξ
train_11297,∇ ∂ ∇ Ξ ∂ Ω Ξ Ξ ∇ Φ ∂ Ω Ω
train_11298,Ξ Φ Ω ∫ Ω ∂ Φ Ξ ∫ ∂ Ω Ξ Ξ
train_11299,Ω ∂ Φ ∇ ∫ Φ Ω
train_11300,∇ ∂ ∂ Ξ Ω ∂ Φ
train_11301,∂ Φ ∇ Ω Ω ∇ ∂ Ξ Ξ
train_11302,∇ ∇ Ξ ∇ Ξ ∫ Ξ Ξ
train_11303,Φ ∂ ∂ ∂ ∫ Φ Φ
train_11304,∂ ∇ Φ ∂ Φ ∂ Φ Φ Ξ ∇ ∂ Φ ∇
train_11305,Φ ∇ ∂ Ξ ∇ Φ ∂ Ξ Ω ∇
train_11306,Ω ∫ ∫ Φ ∫ ∇ ∫
train_11307,Ξ Ξ ∂ Ξ ∂ Φ Ω Ξ ∫
train_11308,Ξ Ξ Ξ Ω ∂ ∫ Φ ∇ ∂ ∫ Ξ ∂
train_11309,Ξ Ω Ω ∂ Ξ Ξ ∫
train_11310,∇ Ξ ∫ ∇ Ξ
train_11311,Ξ Ξ Ξ Ω Φ ∂ Φ Ω ∂ ∂
train_11312,∂ Ξ Ξ ∂ ∫ Φ ∫ Ω Ω
train_11313,∫ ∫ ∇ Ξ Ξ
train_11314,Φ ∂ Ω ∫ Ω ∫ ∇ Ω Φ ∇ ∇
train_11315,Ω Φ Φ Ω ∫ ∫ ∫ Φ Ω Φ
train_11316,∇ Ω ∂ Φ Φ ∫ ∂ Ξ Φ Ω Φ ∫ Ξ ∂
train_11317,∂ ∫ ∫ Ω ∂ Φ Ω
train_11318,Ω Ξ Ξ ∇ Ω
train_11319,∇ Ω ∇ ∇ ∂ Φ ∇ ∂ Φ
train_11320,∇ ∂ ∇ Ξ Ξ Ω Ξ Φ Ξ ∇ Ω ∂ ∂ ∇
train_11321,Ω Φ Ξ ∇ Ω Φ ∇ Φ Ω ∫ Ω ∫ Ξ Φ
train_11322,∫ ∇ Ξ Ω ∂ Ξ ∫ Ξ ∇ Ω Φ Ξ Ω
train_11323,Ξ ∫ ∂ Ω ∇
train_11324,∇ ∂ ∂ ∇ Φ ∫ ∫ ∂ ∂ ∂
train_11325,Ω ∇ Ξ Ω ∫ ∇ ∇ Φ Ξ ∇ Ω ∇ ∂ ∫
train_11326,Ω Ξ Ξ ∂ Ω Φ ∂ ∂ ∫ Ω
train_11327,Ω Ω Ξ ∇ Φ Ξ ∇ ∂ Ω ∇ Φ Φ
train_11328,∫ Φ Ξ Φ ∂ ∫ ∫ ∫ Ω
train_11329,Ξ Ω Φ Ω ∫ ∂
train_11330,Ξ ∇ ∇ Φ ∫ ∇ Ω ∫ ∇ Φ
train_11331,∫ Ξ ∫ ∫ ∂
train_11332,∫ ∇ Φ Φ ∇
train_11333,∫ Φ ∫ ∫ Φ
train_11334,∇ Ξ ∇ Φ Ξ Ξ ∫ ∇ ∇ Ξ ∂ Ξ Ω Φ
train_11335,∂ Φ ∫ Ω Φ Φ ∂ ∫ ∂ ∇ ∇
train_11336,∂ Ξ Ξ Φ ∇
train_11337,∂ Ξ ∇ ∂ ∂
train_11338,Ω ∂ ∇ ∫ ∫ Ω ∂ Ω
train_11339,∇ Φ Φ Ξ ∂ ∂ Ω Ξ Ω
train_11340,Ξ ∇ Ω ∂ Ξ Ξ ∫ ∫ ∂ Ω ∇
train_11341,Ω ∫ Ξ ∂ ∂ ∇ ∂ Ξ ∇ Ξ Ξ Ξ
train_11342,∂ ∇ Ξ Ω ∂
train_11343,Ω ∫ ∫ ∂ Ξ ∂ ∫ ∇ ∫ ∂ Ω Ω
train_11344,Ξ Ω ∂ ∫ ∫ ∂ Φ Ω Ξ ∫ ∇
train_11345,Φ ∇ Ω ∂ ∂ Φ Ξ ∇ Ξ Φ Φ ∇ ∂
train_11346,Ω ∇ Ω Ω Ω ∫ ∂ Ω ∫ Ω ∇ ∇ Φ
train_11347,Φ ∫ Ω ∫ Φ ∇ Φ Ξ Ω
train_11348,∫ Ω Φ ∂ Φ Ω
train_11349,Ξ Ω ∫ Φ Ξ ∫ Ω Ξ Ξ Ξ
train_11350,∂ Ω ∂ ∂ ∫ Φ ∂ Ξ ∂ ∫ ∇ ∂ Φ
train_11351,∂ Ξ Φ Φ Ξ ∂ ∫ ∂ Φ ∂
train_11352,Ω Φ Ξ Ξ Ξ Ω Φ Ω Φ ∂
train_11353,Φ Φ ∫ Ω ∇ Ξ Ω ∂ ∫ Φ
train_11354,∇ ∂ Φ Ξ Ω
train_11355,Ω Ξ ∫ ∂ ∫ ∫ ∫ ∇ Φ ∇ Ξ Ω ∇
train_11356,∇ Ξ ∫ ∫ Ξ ∂ ∇ Ω Ω ∂ Φ
train_11357,∇ Ξ ∂ ∂ Φ ∫ Ξ ∂ Ξ ∇ ∂
train_11358,Ξ ∫ Ω ∇ ∂ ∇ ∫ Φ ∂ Ξ Ω Ω ∂
train_11359,Ω Ω Φ ∇ Ω ∫ ∂
train_11360,Ξ Φ Ξ ∇ Ξ
train_11361,∂ Ω Ξ ∇ Ξ Ξ ∇ ∇ ∫ Ξ ∇
train_11362,∇ Ω ∇ Φ ∫ ∫
train_11363,Ω ∫ ∫ ∇ ∂ Ξ Φ ∂ ∂ Ξ ∇ ∇ ∫
train_11364,∂ ∇ ∫ ∇ ∇ ∇ Ω ∂ ∇ Ξ
train_11365,Ξ Φ ∫ Φ Ω Ω Ω Φ Φ ∫
train_11366,Ξ Ξ Ξ ∇ ∫ ∇ Ξ Ξ ∇ Φ ∇ ∇
train_11367,∇ Ω Φ ∇ Ξ Ξ Φ ∫ ∇ ∫ ∇ Ξ ∂ Ω
train_11368,Ω ∫ ∂ ∇ ∫ ∂ ∂ Ω Ξ ∫ Φ ∂
train_11369,∂ ∫ ∇ ∂ ∫ ∫ Ξ Ξ Ω
train_11370,Ξ ∫ ∇ Ω Ξ Ω Ω Φ Φ ∂ ∇
train_11371,Ω ∂ ∂ ∇ ∂ ∂ ∫ Ξ
train_11372,∫ Φ Ω Ω ∂ ∇ Φ Ξ ∇ ∫ ∂ Ω ∫ ∫
train_11373,Φ ∇ ∫ ∂ ∫ Ω ∫ ∫ ∫ ∫ ∫ ∫
train_11374,∂ Ξ ∂ Ω ∇ Ξ
train_11375,∫ Ξ ∂ Ξ ∂
train_11376,∂ ∇ ∂ Ξ Ξ
train_11377,Ξ ∂ Ω Ω Ω ∫
train_11378,Ξ ∫ ∂ Φ ∇ ∇ Ω ∫ ∫ Φ ∫ Ξ Ω
train_11379,Ξ ∫ ∇ ∫ ∫ Ξ ∇ ∂ Φ Ξ ∫ ∂ Ω
train_11380,Ω Φ ∇ ∇ Ξ ∇ ∫ ∫ Ξ Ω
train_11381,∇ Φ Ω Ω ∫ ∫ Φ ∇ ∂
train_11382,Φ Φ ∂ ∫ ∇ ∇ Ξ ∂ ∇ ∫ ∫ ∇ ∫
train_11383,∂ Ω Ξ ∂ ∂ ∇ ∂ ∫
train_11384,∫ ∂ ∇ ∇ Ω Ω ∇ Ξ ∇ Ξ
train_11385,∂ Ω ∫ Ω Ξ ∇ Ω Ξ ∂
train_11386,Φ Φ Ω Φ ∇ ∂ ∂ Ξ ∇ Ω
train_11387,∇ Ω ∂ Ω Φ
train_11388,∂ ∫ ∂ Ξ Φ
train_11389,∫ Ω Φ ∂ Ξ Φ Ω Ξ ∇ ∇ Ξ ∫
train_11390,Ξ Ξ Ξ ∇ ∇ ∂ ∫ ∇
train_11391,∫ ∇ Ω ∇ Ω Ω
train_11392,∂ ∂ Ξ Ω ∇ ∇
train_11393,Φ ∇ ∇ Φ ∂ ∇ Φ ∫ Φ
train_11394,∫ Ω ∂ ∇ Ξ Ξ ∂ Ω
train_11395,Ξ Ω Φ Ω ∂ Ξ Φ ∇ Φ ∇ Φ ∫ Φ
train_11396,∂ Φ Ξ ∫ Ω Φ
train_11397,Ξ ∫ ∫ ∂ ∂ ∇
train_11398,Ω ∇ ∇ ∇ Ξ ∂ Ξ Ξ ∂ Ξ ∫
train_11399,∂ ∫ Φ ∂ Ξ ∫ Φ Ξ ∇ Φ ∂ ∂
train_11400,Ω ∂ Φ ∂ ∂ Ξ Ω Ω
train_11401,Ω ∂ Ξ ∫ ∂ ∫ Ξ
train_11402,Ξ ∫ Ξ ∫ ∇ ∂
train_11403,∫ ∂ ∂ ∇ ∂ ∫
train_11404,∂ ∫ ∫ ∫ Ξ Ω ∫ ∫
train_11405,∇ ∫ ∇ ∇ ∂ ∫ Φ
train_11406,∇ Ω Φ ∂ ∇ Ω ∫ ∇ ∂ Φ ∇ ∫ Φ Φ
train_11407,Ξ Ω Φ Ω Ξ Ω ∫ ∇
train_11408,∫ ∫ Φ ∫ Ω ∫ ∂ ∇ Ω
train_11409,Ω Φ Ω Φ ∂ Ω ∇ Ω Ω Ω ∂ Ξ Φ
train_11410,∂ Ξ ∇ ∂ ∂ ∇ Ω ∇
train_11411,Ω ∂ Φ Φ Ξ ∂ Ω ∂ ∇ ∂
train_11412,Ξ ∂ ∇ Ξ ∂ Ω ∂ ∇ Φ Ω Φ ∇ Ω
train_11413,∫ ∂ Ω ∫ Ω ∂ Φ ∫ Ω
train_11414,∇ ∂ Ξ ∇ Ω Ω Φ ∫ Ω Φ
train_11415,∫ Φ ∂ ∫ ∫
train_11416,∫ Ω ∫ Ω ∂ Φ Ω Φ Ω
train_11417,Ω Φ Φ ∂ Ω
train_11418,Ω Ξ Ξ ∂ Ω Ω Ξ
train_11419,∇ Φ ∇ Ω Ξ Ω ∫
train_11420,∂ Φ Ω ∂ Ξ Ω Φ Φ ∫ ∫ ∇
train_11421,Ω Ξ ∂ Ω ∇ Ξ Φ ∫
train_11422,∫ ∂ ∇ Ξ ∂ ∫
train_11423,∇ ∂ ∫ Ω ∂ ∫ ∫ Ξ ∫ Φ
train_11424,∂ ∂ ∂ ∇ ∇ Ξ
train_11425,∂ ∂ ∂ Ξ ∇
train_11426,Φ Ω Ω Φ Φ Ω ∫ Φ ∇ Ξ ∂ Ξ
train_11427,Φ Φ Ω ∇ Ω Ω ∫ Ω ∂
train_11428,Ω Ξ ∇ Φ Φ ∫ ∫ Ξ Ω ∂ Ξ Ξ ∫
train_11429,∇ Φ ∂ ∫ ∂ ∇ Φ Ω ∂ ∫ ∂ ∇ ∇ Φ
train_11430,Φ Φ Φ ∇ ∫ Ξ ∫ Φ ∂ Φ
train_11431,∂ Φ ∇ ∇ Ξ Φ Φ ∇ ∫ ∫ Ξ ∫ ∂ Ξ
train_11432,∫ Ξ Ω ∫ Ξ Ξ ∫ Ξ
train_11433,∇ ∇ Ω ∇ Ξ
train_11434,∂ Ξ Ω Φ ∇ ∫
train_11435,Ω ∫ Ω ∂ Φ ∇ ∫ Φ Ξ ∫ ∫ ∂
train_11436,Ω Φ ∂ ∫ ∫ Ω Ω ∫ ∂ ∇ ∂ ∇ ∇
train_11437,Ω ∫ ∫ ∫ Ω ∇ Ω Φ ∂ ∫ ∂ ∂
train_11438,∫ ∇ ∇ Ω Ξ ∂ ∇ ∂ Ω
train_11439,∂ ∫ Φ ∇ Ξ Ξ Ξ ∫ Ω Φ Ω Φ
train_11440,Φ ∇ Ξ ∂ ∂ Φ Φ ∂ Ξ ∂ Ω ∫
train_11441,∇ Ω Φ ∇ Ξ ∇ Φ Ξ ∫ ∇ ∂ Ω Ω
train_11442,∇ Ω Φ Ω ∫ Ξ Φ ∇ Φ Φ ∫ ∂ ∇
train_11443,∇ ∫ ∇ ∇ ∫ Ω ∫
train_11444,Ω ∫ Ξ Ξ ∂ Φ ∂ ∫
train_11445,Φ Ω ∂ ∫ ∂ ∇ ∫ ∇ Φ Ξ ∫
train_11446,∫ ∂ Φ ∂ ∇ Φ Ξ Φ ∇ ∫ ∂
train_11447,Φ Ξ ∇ ∂ Ω Ω
train_11448,Ξ Ξ ∇ ∂ Φ Ξ ∂ Ξ Ξ ∇
train_11449,∂ Ξ Φ Ξ ∂ ∇ Ξ ∫ Ω
train_11450,∇ Ω ∇ Φ ∂ Ω Ω Ω Φ Ω ∇ ∂ Φ
train_11451,∇ ∫ Ξ ∫ ∫ ∇ Ξ ∫
train_11452,∫ Ξ ∇ ∇ Φ ∇ Φ ∫ Ω Ω Ω ∫
train_11453,∂ Φ Ξ Φ Ω ∫ ∇ Ω ∇
train_11454,∇ Φ ∇ ∂ ∂ Φ Ω ∂
train_11455,∫ ∇ ∂ Ξ Φ ∂ Φ Ξ ∫ Φ Ξ ∂ Ξ
train_11456,Ξ ∫ ∇ ∇ Ω ∫ Φ Ω ∫ Ω Ω ∇ ∂ ∫
train_11457,∂ Ξ Ξ ∫ Ξ ∇ Φ ∫ Ξ Ξ ∇ Ω ∂
train_11458,Ω Ω ∇ ∂ ∇ ∇
train_11459,∂ ∇ Φ Ξ ∂ Φ ∂ Ω ∂ ∫ ∇
train_11460,Φ Ξ Ω Ξ ∂
train_11461,Ω ∫ Ω ∇ Ω Φ Φ ∫
train_11462,Ξ Ω Ω ∫ ∫ ∂ ∂ Ω ∇ Φ ∂ Φ Ω Φ
train_11463,∂ Ξ Ω Ξ Ξ Ω ∂ ∫ ∫
train_11464,∇ Ω Ω Ξ Φ
train_11465,∇ ∫ ∫ Ξ ∇ Φ Φ Ξ Ξ Φ ∇ Ω
train_11466,∫ Ω ∇ ∫ ∂ ∫ Ξ Φ
train_11467,Ω Φ ∂ ∇ Φ ∫ ∂
train_11468,Ξ Φ Φ ∇ ∫ ∂ ∫ Ω ∂ Φ
train_11469,∂ ∫ ∇ ∂ Ξ ∫
train_11470,∂ ∇ Ξ Ξ ∇ Ω ∇ Φ ∫ ∇ Ξ ∫
train_11471,Ξ ∂ Ξ Φ Φ ∇ ∇ ∫ Φ Ω
train_11472,∂ Ω Φ ∂ ∇ ∫ Φ ∫ ∇ Ω ∫
train_11473,Φ Ω ∂ ∇ Ξ Ξ Φ
train_11474,∇ ∇ ∇ Ξ Ω ∫ Ξ ∇ ∇ Ω ∂ Φ
train_11475,Φ Ω Ξ ∇ ∫ Ω ∫ Ξ ∫ Ξ ∫ Ξ
train_11476,Ω Φ Ξ Φ ∫ Ξ ∫ ∇
train_11477,∫ Ξ ∂ Φ Φ
train_11478,Ξ Ξ Ξ Ω ∂ Φ Ξ Ω ∫ Ξ Φ ∇
train_11479,∂ ∂ Ω ∫ Φ ∂ ∂
train_11480,Φ Ξ ∫ Φ ∇ ∂ ∫ ∇ ∂ ∫ ∂
train_11481,∇ Ξ Ω ∂ Ξ ∂ ∫
train_11482,Ω Ξ ∂ ∇ Ξ Ω ∇ Φ ∇
train_11483,∇ ∫ Ξ ∫ Ξ ∂ Φ ∂
train_11484,Φ Ξ Φ ∫ Φ ∫ ∂ ∫ Ω Ξ ∇ Ξ ∇ Φ
train_11485,Ω Φ ∇ ∫ ∫ Ξ ∇ ∂ ∇ ∇
train_11486,∂ Ξ ∂ Ξ Ξ Φ ∇
train_11487,∂ Ω Φ Ω Ξ ∂ ∫ Ξ Φ ∂
train_11488,Ω Ξ ∇ ∫ Ω Ω Ω ∫ ∂ Ω Φ Ω Ω
train_11489,Ξ ∂ ∂ Φ Ξ ∫ ∇ Ξ ∫ ∂ Ω Ω ∂ Ω
train_11490,Φ Ω ∂ Φ ∇ Ξ ∇ Ω Ω Ξ Ω ∇ Ξ Φ
train_11491,∇ Φ ∫ Φ Ξ ∫ Ω Φ Ω Ξ Ω Φ ∂ Φ
train_11492,∫ Ξ ∫ Φ ∫
train_11493,∂ Φ Φ Φ Φ ∫ ∂ Φ Ξ Ω ∇
train_11494,∂ ∇ Ξ ∂ ∂ Ω
train_11495,∂ Φ ∫ ∂ Ω ∇ ∂ ∫ Φ ∇ ∂ ∂ Ξ
train_11496,∂ Ξ ∇ ∂ ∇ ∇
train_11497,Ω Ξ ∫ Ξ Ω ∫ Ξ Ω ∫ Ξ ∫
train_11498,Ξ ∫ ∂ ∇ Ξ Ω Ξ ∇ ∇ Φ Φ ∇ ∫
train_11499,Φ Φ ∂ Ξ Ω Φ Φ Ω ∫ Ξ
train_11500,Ξ Ω ∫ Ξ Φ Ξ Φ Ξ ∫ ∂ ∇ ∇ Ξ Ω
train_11501,Ξ ∫ Φ ∫ ∫ ∫ ∫ Ω Ω ∇ Ω
train_11502,∂ Φ Ξ ∇ Ξ Ξ Φ Ξ ∇
train_11503,Φ Ω Ω ∂ ∇
train_11504,∫ ∇ ∂ ∫ Φ ∫ Ω Ω Ξ Ω ∇ ∇ ∂ ∇
train_11505,∫ ∇ Φ Ξ Ω Φ ∇ ∂ ∂ Ω ∂ Ω
train_11506,Ξ Φ ∇ Φ Ω ∂ Φ ∇ Φ Ξ
train_11507,∫ ∂ Ξ ∫ Φ Φ
train_11508,∇ ∫ ∫ Ω Ξ Φ ∇ Φ Φ ∂
train_11509,∫ ∇ ∫ Ξ ∇ ∇
train_11510,∫ ∇ ∇ ∇ Ω Ξ Ω ∇ ∂ ∂ ∇
train_11511,Φ ∂ Φ ∂ ∇ ∂ ∫ ∫ ∇
train_11512,Ξ Ξ ∫ ∇ ∂
train_11513,∇ Φ Ξ ∇ ∂ Ξ
train_11514,∇ ∇ ∇ ∫ Ξ Ω ∫ Φ ∂ Φ Ω ∂ Ω ∂
train_11515,Ξ Ξ Φ Ξ ∂ ∇ ∫ Ω ∇ Φ Ω ∫ Ξ Ξ
train_11516,Φ ∂ ∫ ∂ Ξ Ω Ξ Ω ∇ Φ
train_11517,∫ ∫ Ξ Ω Φ Ξ Ξ ∫ ∫ Ω ∫
train_11518,∂ ∫ ∂ ∫ ∂ Ω Φ ∂ ∂ Ω ∇ ∇ Φ ∇
train_11519,∫ ∂ ∂ Ξ Φ Φ Ξ Ξ ∫ ∇ ∫
train_11520,Φ Φ Ξ Ω ∂ Φ Ξ ∇ ∇ ∂ ∫ Ω
train_11521,∫ ∇ ∫ Ω ∇
train_11522,Ω ∂ Ξ ∂ Φ ∇ Ξ Φ ∂ ∫ ∫ ∇ ∇ ∂
train_11523,Ξ Ω ∂ Ξ ∂ Ξ
train_11524,∇ ∂ Ξ Ω Ω ∫ Ξ ∂
train_11525,Ξ ∂ Ξ Ξ ∂ Ξ ∫ ∫
train_11526,Ω ∫ Ξ Ξ ∫ ∇ Ξ Ξ ∇ Φ
train_11527,Ω ∇ Φ Ω Φ Φ Ξ ∇ Ξ Ω Ξ ∇ Ξ Ω
train_11528,∂ Ω ∫ Ω Φ Ξ ∫ Ξ
train_11529,Ω Ω Φ ∂ Φ Ω ∫ ∇ ∂ ∂
train_11530,Ω ∂ ∂ Φ ∫ Ξ Φ ∇ ∫ Ξ ∇ Ξ ∇ ∇
train_11531,Ω Ω Φ Φ Ξ
train_11532,Ξ Φ ∂ ∫ ∇
train_11533,Ξ ∫ Ξ ∫ ∇ Ξ Ω ∇ ∫ ∂ Ξ Φ
train_11534,∫ ∫ Ξ Φ Φ ∫ ∇ ∇ Ω ∫ Φ ∇
train_11535,Ξ ∂ ∫ Ω Ξ ∇ Φ Ω Φ ∫ ∇ Φ
train_11536,∂ Ξ Φ Φ ∂ Ω Ω Φ Ω ∂
train_11537,Ω Ξ ∂ Ξ ∇ ∇ Ξ Φ ∇ Ω ∫ ∂ ∇ Ω
train_11538,∇ ∫ ∂ ∂ Ξ Ξ ∂ ∂
train_11539,Ξ ∫ Φ ∇ Ξ Ξ ∇ ∂ Ξ Ω Ξ Φ
train_11540,∫ Φ ∂ ∫ ∂ Ξ ∫
train_11541,∫ ∂ ∇ Φ ∫ Φ ∫
train_11542,Ξ Ξ ∫ ∂ Ξ Φ ∫ ∫ ∂ Φ Ω Ω
train_11543,∫ Φ Φ Ω ∫
train_11544,∂ ∇ Φ ∇ ∂ Ω ∇ Ξ Ξ Ω ∫
train_11545,Ξ ∫ ∇ Ω ∂ Φ ∫ ∫ ∫ ∇ Φ ∇
train_11546,Ξ ∇ Ξ ∂ Ω Φ ∂ Φ Ω
train_11547,Ω Φ Ω Φ Ω ∂ Ξ ∇
train_11548,∂ Ω ∂ Ξ Ξ Ω Φ Φ Φ ∂ ∂ ∫
train_11549,∫ Φ Ω Ω ∫ ∇ Ξ ∇ ∇ Φ Φ ∇ Φ Ξ
train_11550,∂ ∇ ∇ ∫ ∇
train_11551,∫ Ω Ω ∫ ∇ ∫ ∂ ∂ Ω
train_11552,Φ Φ Ξ ∂ ∂ ∫ Φ ∇ ∇ ∫
train_11553,Φ ∇ ∂ ∂ Φ ∫ Ω Ξ ∂ Ξ ∂
train_11554,∂ ∇ ∫ ∇ Ξ ∇ Ω ∫ Φ ∇ ∂ Ξ Ω
train_11555,∫ ∂ Φ ∇ Ξ ∂ ∫ ∫ Ω ∇ Φ
train_11556,∇ ∂ ∫ Φ Ξ ∫ Ω Φ
train_11557,Φ Ω ∫ ∫ Ω ∇
train_11558,∂ Φ Φ Ξ Ξ Φ
train_11559,Ω Ω ∫ Φ ∫ Φ Φ ∫ Ω Φ ∂ Ω Ω ∇
train_11560,Ξ ∫ ∂ ∂ Ω ∂ Ξ
train_11561,∂ ∇ ∂ ∇ ∇ Ω
train_11562,∂ Ω ∇ Ω ∫
train_11563,Ω ∂ ∫ ∇ Φ Φ ∇ Ξ
train_11564,Ξ ∇ ∫ ∇ ∫ Ω ∫ ∫ Φ ∇ Φ Ω ∫ Φ
train_11565,∇ ∇ ∇ Ξ Φ Ω ∇ ∇ ∂ Φ ∇ ∂ ∇ Ω
train_11566,Ξ ∂ ∇ Ω Ξ
train_11567,Ξ Ξ Φ ∇ ∂ Φ Φ Ξ Φ Ξ
train_11568,Ξ ∂ ∂ ∫ Φ ∇ Φ Ξ Ω
train_11569,Φ ∇ ∇ Ω ∫ ∇
train_11570,Ω Ω Φ ∇ Ξ Φ Ω Ξ ∇ ∂
train_11571,∇ Ω Ω ∫ Ξ ∂ Ξ Ξ Φ ∫ ∂
train_11572,Ω Ω Φ ∂ Φ Ω Ω Ξ Φ ∫ ∇ ∫ Ω
train_11573,Ξ ∂ ∂ ∂ Ξ Ω Ω Φ
train_11574,Φ ∫ ∫ Ξ Ξ ∇ ∫ ∂ ∂ Ω ∇ Ω
train_11575,Ξ Ω Ξ Ξ Ω ∂ Φ ∂ Ξ ∫ ∂
train_11576,Ξ ∂ Φ Ξ ∫ ∫ Ω Ω ∇ ∂ ∂ ∫ Φ
train_11577,∂ ∇ ∇ Φ ∇ ∂ ∇ ∫ Ω
train_11578,Ξ Φ ∂ ∇ Ξ ∫ ∫ Ξ ∂ ∂ ∫ Φ ∂ ∂
train_11579,Φ Φ ∫ Φ Ω Ω
train_11580,∇ ∂ ∫ Ξ ∇ ∂ ∂ ∇ ∇ ∇ Φ ∂ ∫
train_11581,Ω ∂ Ω Ω ∇ Ω
train_11582,Ξ Ξ ∂ Ω ∂ ∫ ∫ Ω ∂ ∫
train_11583,∫ ∇ Ξ ∫ ∇ Ξ ∫ ∇ Φ Ω ∫ ∇ Φ Ξ
train_11584,∂ Ω ∂ ∂ Φ
train_11585,∇ Ξ ∂ ∂ Φ Ω Ω ∇ ∫ ∂ Ω
train_11586,Ω Ξ Ξ ∫ Φ ∇ ∫ Φ Ξ ∇
train_11587,Φ Ω Ξ ∫ Ξ Ω
train_11588,Ω Φ ∇ ∇ ∇ ∂ ∇ ∇ Ξ ∫ Ξ Ω ∇ ∇
train_11589,∇ Φ ∫ Ξ ∇ ∫ ∂ ∫ Ξ
train_11590,∂ Ξ Φ ∂ ∂ ∂ ∂ Φ ∂ ∫ ∫ Ω
train_11591,Φ Ω ∫ Φ ∫ Ξ ∂ Ξ Φ
train_11592,Ξ Ξ Ω Ξ Ξ Φ Ξ Ξ ∇ Ξ Ξ
train_11593,∇ Ω Ω ∂ Ω Φ ∫ Ξ Ω Φ
train_11594,∇ ∇ Φ Ξ Ξ ∇ Ω
train_11595,Ω ∂ Ω Ω Ξ Φ Ξ Ξ ∇ ∫ ∫ Ξ
train_11596,Ω ∫ Ξ ∫ Ξ ∂
train_11597,Φ Φ Ω Ξ ∇ ∂ ∇ Ω Ξ ∇ ∫
train_11598,Ξ ∇ ∂ ∂ Ω Ω Ξ ∫ ∇ ∂ Φ Φ ∇
train_11599,Φ Ξ Ξ Ω Ω Ξ Ω
train_11600,Φ ∇ ∂ ∫ Ξ Ξ ∂ ∫ Ω Φ ∫ ∂
train_11601,Ω ∇ ∂ Φ ∇ ∇ Φ ∫ ∂ ∂ ∂ ∫ Ω
train_11602,Ξ ∂ ∂ Φ ∇ ∇
train_11603,Ω Ξ ∇ Ξ Ω ∇ Ω ∫ ∂ ∇ ∂ Φ ∫
train_11604,∫ Ω ∇ Ξ Ω Ξ ∂ Ω ∂
train_11605,Φ Ω ∂ Ω Ω ∫ Ω
train_11606,Ξ ∂ Φ ∫ ∇ Ξ Ξ ∇ Ξ
train_11607,Φ ∫ Ξ ∂ Ω ∂
train_11608,∂ Φ Φ ∇ Ω ∫ ∫
train_11609,Ξ Φ ∂ Ω ∇ ∇
train_11610,Ξ ∂ ∇ Ξ Ξ Φ ∫
train_11611,∂ Ξ ∇ Ω ∂ Ξ ∇ ∇
train_11612,Ω Ω Φ Φ Ξ Ω Ω Ω ∫ Ξ ∫ ∇
train_11613,∫ ∫ ∇ Ω ∇ Ω ∇
train_11614,Φ ∂ ∇ Ξ Ξ Φ ∫ Ω Φ ∇ Ξ Φ ∫
train_11615,∂ Φ ∫ ∫ Ω ∫ ∫ ∇ Ω ∫ Φ ∫
train_11616,Ω Φ Φ ∫ Ξ Ξ ∂ Ξ ∫ Φ ∫ ∫
train_11617,∫ Φ ∂ Ω Ω ∂ ∂ Φ Ω
train_11618,Ξ ∂ ∇ Ξ Ω Ω ∫ Ξ Ξ ∂
train_11619,∫ ∂ Φ ∇ ∂ ∂ Ω Φ Ω
train_11620,Ξ ∫ ∂ Ξ ∫ Φ ∇ ∂ Ω ∂ Ω
train_11621,Ω Ξ Φ Ω Ξ ∂ ∂ ∫ Ξ ∇
train_11622,∫ Ω ∫ ∇ ∫ Φ ∂ ∫ Ξ Ω ∇ Ω Ξ
train_11623,Ω Ω Ξ Ξ ∫ Φ ∫ Ξ ∇
train_11624,∇ Ω Φ ∂ ∇ ∫ ∫ ∇ Ξ
train_11625,∫ Ω Ω ∫ Ω Ω Φ ∫ ∇ ∇
train_11626,Ω ∇ Φ Ξ Ξ ∫ ∂ Ξ Φ Ω
train_11627,∇ Ω ∂ Φ Ω ∂ Ω Ξ ∇ Φ Φ ∇ Φ
train_11628,∇ ∫ Ξ ∫ Ξ
train_11629,Ξ Ξ Ω ∂ Ω Φ
train_11630,Ω ∂ ∂ ∇ ∂ Ξ ∂ Ω Ξ Ξ Ω
train_11631,Ω Ω ∇ Ω Φ Ξ ∇ ∂ Ξ Ξ ∂ Ω Ω
train_11632,∂ Ξ ∫ Ξ Φ ∇ ∫ ∂
train_11633,∂ Ξ Φ Ω Ξ
train_11634,∂ ∂ Ω ∇ Ω ∇ Φ ∫
train_11635,Ω Φ Ξ ∇ ∇ Ω Ω ∂ ∇ Φ
train_11636,∇ Ω Ξ ∂ ∫ ∫ Φ ∫ Φ ∂ ∂
train_11637,Ω ∫ Φ Φ ∇ ∫ Ξ Ξ ∂
train_11638,∂ Ξ Ξ Ξ Ξ
train_11639,∂ ∇ Φ Ξ Ξ ∂ Ξ ∂ Ξ ∂ ∂ Ω
train_11640,Ω ∇ Ξ ∂ Ω ∇ Ξ Ξ ∂ Φ
train_11641,∫ ∂ ∇ Ξ ∇ Φ Φ ∫ Φ Φ Ξ Ξ ∇ Ω
train_11642,Φ ∫ Ξ Ξ Φ ∫ Φ Ω Φ ∂ Φ ∫ ∇
train_11643,∫ ∇ Ξ ∫ ∫ ∫ Ω Φ ∫
train_11644,∫ Φ Ω ∫ Ξ Ω ∫ ∂
train_11645,∫ ∇ ∇ Φ ∇ Ξ ∇ Φ Ξ ∇
train_11646,∇ ∂ ∫ ∇ Ω Ω ∂ ∇ ∫ Ξ Φ ∂
train_11647,∂ ∂ Ξ Ξ ∫ ∇ Ξ Ω
train_11648,Ω ∂ Φ Ω ∂ Ω ∫ ∫ Ξ Φ
train_11649,Ξ ∇ Ω ∂ Φ ∇ ∇ Φ ∫ Φ ∇ Φ Φ
train_11650,∂ ∂ ∫ Ω ∫ ∇ ∇ Φ ∫ ∂ ∫ ∂ Φ ∫
train_11651,∇ ∂ Ξ ∂ Φ Ω Φ
train_11652,∫ Φ ∇ ∇ ∇ Ξ
train_11653,∂ ∫ Ω ∇ Ξ ∫ ∂ ∇ ∂ ∂ Ξ Ω Φ
train_11654,Ξ ∇ Φ Φ ∫ ∇ Ξ Φ ∫ Ω Φ ∂ ∫ Ω
train_11655,∫ ∂ ∂ ∂ Φ ∂ ∇ Ω
train_11656,∇ Ξ Ω Ξ Φ ∫ ∂ Φ
train_11657,∫ Ξ Ξ ∫ Ω ∂
train_11658,∫ ∂ ∇ ∇ Ω ∇ Φ Φ ∂ ∂ ∂
train_11659,Ω Ω ∂ Ω Φ Φ Ξ Ξ Φ ∇ Ω ∇
train_11660,Φ Ξ ∂ Ξ ∂ Φ Ξ Ξ Φ ∫ Ω
train_11661,∂ ∫ ∂ Ω Φ Ω Ω ∫ Ξ ∇ ∫ ∂
train_11662,∫ ∫ Φ ∇ Ω Φ ∇ Ω Ω
train_11663,Ξ ∫ Φ Ω Ω ∇ ∫ ∂ Ω ∫ ∇ ∫ ∂
train_11664,∫ ∇ Ω Ξ Φ ∇ ∇ Ω ∇ ∂ ∫ ∇
train_11665,∫ Ω Ω Φ ∂ Ω ∫ Ξ Ω Ω ∇ Φ ∇
train_11666,∇ Ω Ω ∂ ∂ ∫ ∫
train_11667,∇ ∇ Ξ ∇ Φ ∫ ∇ ∫ ∇ ∫ Φ ∫
train_11668,Φ ∫ ∂ Φ Ω ∫
train_11669,Ω Ω Ω ∫ ∫ ∂ Ξ ∂ Ξ Ω ∇ ∂ Φ
train_11670,∂ ∫ Φ Ξ Φ ∂
train_11671,Ξ ∇ ∇ ∇ Φ Ω Φ ∫ ∂ Ξ
train_11672,Φ Φ ∂ Ω ∫ ∇ Φ Φ ∂ Φ
train_11673,∫ Φ ∫ ∇ ∫ Ξ Ξ ∫ Ω ∇ ∇ ∂ ∇ ∇
train_11674,Ξ Ξ Φ Ξ ∇ ∂ ∫ Ξ Ξ ∂ Ξ ∂ Ω Φ
train_11675,Ω Ξ Ω Ω Φ Ξ Φ ∫ Φ ∇ Ω ∇ ∇
train_11676,∇ ∇ Φ ∂ Ω ∫
train_11677,Φ ∂ ∇ ∂ ∇ Ω Ω Φ ∫
train_11678,∂ ∂ Ξ Φ ∫ Φ ∇ Ξ Ω ∫ Ξ Φ
train_11679,Φ ∫ ∇ ∂ Ξ ∫ Ω ∇ Ω ∂ Ξ
train_11680,Ω Ξ ∂ Φ ∫ ∇ Φ Ξ ∂ Ω ∫ ∫ ∂
train_11681,∫ ∂ Ω Φ ∫ Ξ Ω ∇ ∂ Ω Ω Φ ∂ ∇
train_11682,Φ ∂ Ω ∂ ∫ Ξ Φ ∇ ∫ Ξ Ω
train_11683,∇ ∂ Ξ ∫ Ω
train_11684,Φ ∂ ∂ ∫ ∂ ∂ ∇ ∇
train_11685,∂ Ω ∫ Φ Φ
train_11686,Ω Ξ Ω Ω ∇ Φ ∇
train_11687,∇ ∂ Ξ ∂ ∇ Ω Ξ
train_11688,∫ ∫ Ω Ω ∫ ∇ ∫
train_11689,Φ ∇ Φ Ξ Ω Ξ ∇
train_11690,Ω Ω Ξ ∫ Ξ Φ Φ Ξ ∇ ∂ ∇ ∂ ∇ Ω
train_11691,Ω Ξ ∂ Φ ∂ Φ ∇ ∇ Ξ Ξ
train_11692,∫ Φ Φ ∂ Φ ∂ Φ Ω Φ Ω
train_11693,Ξ ∇ ∂ Ω Φ ∇ Ξ ∇ ∂ Φ
train_11694,Ω ∇ Ω ∇ Ω ∫ Ξ Ω
train_11695,Φ ∫ ∫ Ξ Ω Ξ ∇
train_11696,∇ ∂ Ξ Ξ Ξ
train_11697,∂ Ω Ξ ∫ Φ ∇ ∇ Φ Ω Ω Ξ ∫ Ω
train_11698,∂ Φ Φ ∇ Φ ∂ Ω ∂ Ξ ∂ Ω Ω ∂ Ω
train_11699,∇ Φ Ω Ξ ∇ Φ Ξ Ξ Ω
train_11700,Φ ∫ ∂ Ω Φ ∫ ∇ ∂ ∫
train_11701,∂ Φ ∫ Ω ∇ ∫ Φ Ξ
train_11702,Φ Φ Ω Ξ Ω Ω Φ Φ ∂ Ξ Ω ∇ ∫ ∫
train_11703,Ξ ∫ ∫ ∇ ∫ ∇ ∂ Ξ Ξ Φ Ξ
train_11704,∂ Ξ ∫ Ω ∂ ∇ Φ
train_11705,Ω ∂ Ω ∇ ∫
train_11706,∂ Ξ Φ ∂ ∇ ∂ ∇ Ξ Φ Ξ Ω
train_11707,Φ Ω Ξ Ω Ξ Φ ∇ ∂ ∂ ∫
train_11708,Φ Ξ Ξ Φ Ξ ∂ ∂ ∂ Ξ ∇ Ξ Φ
train_11709,∫ ∂ Ω ∫ Φ ∇ Ξ Φ ∇ ∂ Φ Φ
train_11710,Ξ Ξ ∇ ∇ Ω ∫ Φ Ω ∫ ∫ ∫ ∇
train_11711,∫ Ξ Ω ∫ ∇ Φ Φ Ξ Φ Ξ Ξ Ω
train_11712,∫ ∇ ∫ Φ Φ Ξ ∂
train_11713,∫ Ξ ∂ ∫ ∂ ∇ ∫ ∂ Ξ ∫ Ω
train_11714,∂ ∫ Ξ ∇ ∇ ∫ Φ ∂ Φ Φ ∫ ∫
train_11715,∇ Ξ Φ Ξ ∫ ∇ Φ Φ
train_11716,Ω ∂ ∫ ∂ Ω
train_11717,Ω ∇ ∇ Φ Φ Ξ Φ ∇ Φ Φ Φ ∂
train_11718,∇ ∫ ∂ ∫ Φ Φ Ξ ∂ ∇ Φ ∫ ∇ ∂ Ω
train_11719,∂ Φ ∫ ∫ Ξ Ω ∇ ∫ ∇ ∫ ∫ ∇ Φ
train_11720,∂ ∇ Ξ ∂ ∇ Ω Ω
train_11721,∇ ∂ ∫ ∇ ∇ Ω ∫ ∂ ∫ ∂ ∫ Ξ ∇
train_11722,∫ ∇ Φ ∫ Ω
train_11723,∫ Ω ∇ ∇ Ω Ω ∫ Φ Ω ∫ ∂
train_11724,∂ ∇ Ω Ξ ∂ ∂
train_11725,Ω ∫ ∫ ∂ ∂
train_11726,∫ ∂ Φ ∂ ∫ ∫ ∫ Ξ
train_11727,∇ ∂ Ξ Ω Ξ Φ Φ Ξ ∂
train_11728,Ξ Φ ∫ ∫ ∇
train_11729,∂ ∇ ∂ Ξ Ξ Ξ Φ ∂ Ξ Φ Ω
train_11730,∫ ∇ Φ Ξ ∂ ∫ ∂ Φ Ξ ∫ ∂
train_11731,∂ ∇ Ω Ξ ∇ Φ Φ ∂ ∫ ∇ ∫ Ξ Ω Φ
train_11732,Φ Ξ ∂ Ξ ∫ ∇ ∇ ∇ ∇ ∇
train_11733,∇ ∫ Ξ Ω Ξ Ξ ∇ Φ ∇ Φ
train_11734,∇ ∇ Ξ ∇ Ω ∇ ∂ Ξ Ω ∇
train_11735,Ω Ω ∇ ∫ Φ ∂ Ξ Ω Ξ Φ ∂ ∂ ∫ Φ
train_11736,∂ ∫ ∫ ∂ ∫ Ξ Ω ∫ Ξ Ω ∂ ∂
train_11737,∫ Ξ ∇ ∇ ∂ Ω ∇ Ω Ω Ξ Ξ ∫
train_11738,∇ Φ ∇ Ξ ∫ Ξ
train_11739,∫ Ξ ∫ Ξ ∫ Ω
train_11740,∂ ∇ Ξ Ω Φ ∫ Ξ Ω Ξ ∫ Ξ Φ ∫
train_11741,Φ ∫ Ξ Φ Φ Ξ Ω Φ Ξ Ξ ∇ ∫
train_11742,∂ Ω Ω Φ Φ ∫ Ξ Ω Ω ∂ Ξ
train_11743,Ω ∂ Ξ ∫ ∫ ∂ Φ Ξ ∂ Φ Ω
train_11744,∇ ∫ Φ ∂ ∂ Ξ Φ
train_11745,∂ ∫ ∂ Ξ ∂ Ω ∇ Φ ∫ ∇ Φ ∇
train_11746,∇ ∫ ∂ ∇ Ω
train_11747,∇ Φ ∫ ∫ ∂
train_11748,Ξ Ω ∫ Φ ∇ ∂ Ξ Ω Ξ Φ
train_11749,∂ ∂ ∫ Φ Φ ∇
train_11750,∂ ∇ ∂ Ξ ∫ Ξ ∫ ∇ Ω Φ
train_11751,Φ ∫ Φ ∇ ∂ ∫ ∫ Φ Φ Ξ Φ ∂ Ξ
train_11752,∂ Ω ∫ Φ Φ Ξ ∂ ∂ ∫
train_11753,Φ Ω Ξ Ξ ∫ Φ ∂ ∇ Ξ ∫ Ω ∇ ∫ ∫
train_11754,∂ Ξ Ω ∂ ∂
train_11755,∂ Φ ∇ ∇ Ξ ∂ Φ Φ Ξ Ξ ∂
train_11756,Φ Ω Φ ∫ ∫ ∂
train_11757,Ω Ω ∇ Φ Ω ∫ Ω Ξ
train_11758,Ω ∇ ∫ ∇ Ω ∇ ∂ ∂
train_11759,∫ Ω Ω Ξ ∂ Ω Ω ∫ ∇ ∫ Φ Φ Ξ
train_11760,Ξ ∫ Φ ∇ Ω
train_11761,Ω ∇ ∫ ∫ ∫ ∫ ∫ ∂
train_11762,Ξ Ω Ω ∂ ∫ ∫ ∫ Ω ∇ ∫ Ξ ∂
train_11763,∫ Ξ ∫ ∫ Ξ ∫ ∇ Φ ∫ Ξ ∂ ∇ ∂
train_11764,Ω ∇ Φ ∫ ∂ ∫ Ω ∫
train_11765,∂ Ω Ω Ω Ξ ∇ Φ Φ Ω ∇ ∂ ∇ Ω Φ
train_11766,Ω ∫ Ω Φ ∫ Ξ ∫ Φ ∫ Ξ ∇ Ξ Ω Φ
train_11767,∇ ∫ Φ Φ Ξ Ω ∇ ∇ Ω ∇ ∫ ∫ Ω
train_11768,Ω ∇ Φ ∂ ∇
train_11769,Ξ Φ ∫ ∫ ∂ Ξ Ξ Ω Ω ∫ ∫ Ω ∫ Ξ
train_11770,∫ ∇ Φ Ω ∫ ∇ ∇ ∇ ∫
train_11771,Φ Φ ∂ ∂ ∫ ∇ Φ ∂ ∂
train_11772,Ξ Φ ∂ ∫ Φ ∂ ∫ Ω
train_11773,Φ ∇ ∇ Ξ Φ ∫ ∂ Ξ ∇ ∇ ∫
train_11774,∇ ∫ Ξ Φ Ξ Ξ ∫ Ξ ∇ Ξ
train_11775,Φ Φ Ξ ∫ Ξ Ω ∫ ∇ Ξ ∇ ∫ Ξ
train_11776,∫ Φ ∫ ∫ Ω ∂ Ω ∂ Ξ Φ ∫ ∂ Φ Ω
train_11777,Φ ∇ ∫ ∇ Ξ ∂ Ξ Ω ∂ ∫ ∫ ∇ ∇
train_11778,∫ Ω ∫ Ω Φ ∂ ∂ Ξ Ω Φ
train_11779,Φ ∫ Ξ ∫ Φ Ξ
train_11780,∫ Ξ ∫ ∫ Ξ Ξ Φ Ω ∂ ∇ ∫ Ω ∂
train_11781,∇ ∫ Ω Φ Φ
train_11782,∂ ∇ Ξ Φ ∂ ∫ ∇ Φ
train_11783,∫ Ω Φ ∫ ∂ ∂ ∂ Φ Ω
train_11784,Ω ∂ ∂ Φ ∫ Ξ ∇ ∫ ∂
train_11785,Φ ∫ ∇ ∫ ∂ Ω
train_11786,∇ ∂ Ω Ξ ∫ Ξ Φ
train_11787,∂ Ω Ω ∫ ∂ ∫ Ω Φ
train_11788,∫ Ω Ω Φ Ω Ω ∂ Ω
train_11789,∇ ∫ Ω Φ Φ ∂ ∇
train_11790,Ω ∂ ∫ Ω ∫
train_11791,Ξ ∫ ∂ Ω Φ Ξ Ω ∇ ∇ Ξ ∫ Ξ ∇
train_11792,∫ Ω ∫ Ω ∇ Ξ Φ Ξ Ω Φ
train_11793,Φ ∇ Ω ∂ Ω Ξ Ω ∇ Ξ
train_11794,∫ Φ ∇ ∫ Ξ ∫ ∂
train_11795,∇ Φ Ξ Ω Ω Ω Ξ ∇ Ξ ∫ ∫ Ω Φ
train_11796,Φ Φ Φ Ξ ∫ Ξ Ω Φ Ξ ∇ Ω
train_11797,Ω Ω Ξ ∂ ∂ Ξ ∂ ∂
train_11798,Φ Ω Ω ∇ ∫ Φ Ξ Φ ∫ ∫ ∫ ∫ Ξ
train_11799,∂ ∫ Ω Ξ Φ ∫ Ξ Ω ∇ Φ Ξ
train_11800,∇ ∇ Ξ ∫ ∇ ∫ Φ Φ
train_11801,Φ Ω Φ Ξ Ξ
train_11802,Ω ∇ ∂ Ξ Ω ∫ Ξ ∂ Ξ Φ ∫ ∫ ∇
train_11803,Φ ∇ ∇ Ξ Ω Ξ Ω ∫ ∂ ∇ ∫
train_11804,∫ ∫ Ω ∂ Ω ∂ Ω ∂ ∫ ∫ ∇
train_11805,∫ ∇ ∂ ∂ Ω ∫ ∂ Φ Ω Ξ Ξ ∂ Φ
train_11806,∂ Ξ Φ Ξ ∫ Ξ ∇ ∫ ∇ ∫
train_11807,∂ Ξ Φ ∫ Ω
train_11808,Φ Ξ ∇ ∇ Ξ ∇ Ξ
train_11809,Ω Ξ Ξ ∇ ∂ ∫ Φ Φ
train_11810,Ξ Ω Ω ∂ Φ
train_11811,∂ ∇ ∇ Ξ Ω Φ Ξ
train_11812,Φ ∫ Φ Ω ∇
train_11813,∂ ∂ Φ Φ ∫ ∂ Ξ Ω Ξ Ξ
train_11814,Φ ∫ Ω Φ ∫ ∂ Ω
train_11815,Φ ∫ Ω Ω Φ
train_11816,Ω ∂ Ξ ∂ ∇ Φ ∫ ∇ ∫
train_11817,∇ ∫ ∫ Φ Ω ∂ Ω
train_11818,∇ ∫ Ω Φ ∫ ∂ ∂ ∂ ∫ Φ Φ Ξ
train_11819,Φ Ξ Ω ∫ Ξ Φ
train_11820,∫ Ξ Φ Φ Ξ ∇ Ω
train_11821,Φ Φ ∫ Φ Ω Ξ ∂
train_11822,Ξ ∫ Ω ∫ Φ ∂ ∂ Φ Φ
train_11823,∫ Ξ Ξ Ξ ∇ Φ Ω Ω Ξ Φ ∂
train_11824,∇ ∫ ∇ ∇ Ω ∇ ∇ Ω ∂ Ω Ξ
train_11825,Ξ Ξ Φ Ω Φ Ξ ∫ ∫ Ω Φ Ω ∇ Ω
train_11826,∇ Ω Ξ Φ Ξ Ξ Ω
train_11827,∇ Φ Ξ Ω Φ ∫ Φ ∇ Ξ Φ Φ Ξ Ξ ∫
train_11828,Ξ ∫ Ξ Φ Ξ ∫
train_11829,∇ ∂ Ω Φ Ω Φ Ω Ξ Ξ ∫ Φ ∇ ∇
train_11830,Φ ∫ Φ ∇ Φ Ξ ∫ ∇
train_11831,Ω ∫ ∇ Φ ∫ Ω Ω ∇
train_11832,Ξ Φ Ξ ∇ Ξ Ξ
train_11833,Ξ Φ Ω ∇ Ξ Ω ∇ ∇ Ω Ω ∫ ∇ ∇ ∇
train_11834,∫ Ω ∇ Φ Φ ∂ Ξ ∇ ∇ ∇ ∇ ∫
train_11835,Ω ∂ ∇ ∇ ∂ ∇ ∇ ∇ Ξ ∫ Φ Ξ ∇ Φ
train_11836,Ξ Ξ Φ Ω Φ ∂ ∇
train_11837,Ξ ∂ Ω ∂ Ω Φ ∇ Φ ∫ ∂ Φ ∫ Φ ∂
train_11838,∫ Φ ∇ ∂ Φ ∫ Ξ Ξ ∇ Φ ∇
train_11839,Ω ∫ ∫ ∫ Φ ∂ Φ ∇ Ω
train_11840,∇ Φ Ω Ω Ω Ω Φ ∫ ∇ Ω ∂ Ω ∫
train_11841,∇ Φ Ξ Ξ Ξ ∂ ∫
train_11842,Ω Ω Ξ Ω Ω Ξ ∂ ∂ Φ ∇ ∫ ∂ Ω
train_11843,∫ ∫ ∂ Ξ ∫
train_11844,Φ ∫ Ω Ξ ∂ Ω ∇ Ω
train_11845,Ξ Φ ∂ ∂ ∇ Ξ ∂ ∫ ∫
train_11846,∫ ∇ Φ ∇ Φ ∫ ∇ ∂ ∇
train_11847,Φ ∂ ∇ Ξ ∇ Φ Ξ Φ ∫ ∂ ∂ ∫ Φ
train_11848,Φ Ω ∫ Ω Φ Φ ∇ ∂ Ω
train_11849,∇ ∇ ∂ ∂ ∫ Φ ∂ Ξ Φ Φ Ξ ∇ ∂
train_11850,Φ ∂ Ω Ω ∇
train_11851,Ξ Ω ∫ Ξ Ξ Φ Ξ Ξ Ω ∇ Ξ Φ ∇ Φ
train_11852,Φ ∇ Φ Ω ∫ ∇ Ω Ω ∂
train_11853,∇ ∫ ∇ Φ ∇ ∂ ∂ Φ ∇ ∫ ∇ Ξ
train_11854,∫ ∇ ∇ Ξ Φ ∇ ∇ ∫ ∇ Ω ∇ ∂
train_11855,Ξ ∂ Ω Ω ∫ ∂ Ω ∫
train_11856,Φ Φ Ξ ∇ ∫ Φ Φ Ξ ∂ ∂ ∫ Ξ ∫ ∇
train_11857,∂ ∂ ∇ Ω Ξ ∂ ∂ Φ ∫ ∫ Ω
train_11858,Φ ∇ ∇ Ω Φ ∂ Ξ ∂ Φ ∫ ∂
train_11859,∂ Φ ∇ ∇ ∫ Φ Ω
train_11860,∇ ∂ Ξ ∫ Φ ∫ ∫ ∂ ∇ ∇
train_11861,∂ Φ ∂ Ξ ∂ Ξ Ω ∂ ∇ ∂ ∫ Φ ∂
train_11862,Ξ Φ ∇ Φ Φ Φ Ω
train_11863,∫ Ω ∇ Ξ Ω Ω Ω Φ ∫
train_11864,∂ Ξ Φ ∂ Ω ∇ ∫ ∂ ∫
train_11865,Ξ Ξ ∇ ∂ ∇ Φ ∫ ∇ ∫ Ξ ∇ ∇ Ω
train_11866,Ξ ∂ Ξ ∇ Ω ∫ ∂ ∇ Ξ
train_11867,∫ Ξ Ω ∂ Ω Φ
train_11868,Ξ ∫ Ω ∂ Φ ∇
train_11869,Ξ ∂ ∇ Ω Φ ∇ ∇
train_11870,Ξ ∂ ∂ Φ ∇ Φ Ξ ∫ ∫ ∂ ∫
train_11871,Ω ∂ ∫ Φ ∂ Φ ∫ Φ Φ ∂ ∇ Ω
train_11872,Ξ Ω ∂ Ω ∇ Ω
train_11873,Ξ ∂ Ξ ∫ ∇ ∂ ∫ ∇ ∇ Ω Φ Φ Ω Φ
train_11874,Ω Ω ∇ ∂ ∂ Φ Φ Ω ∫ ∫
train_11875,Ω Ω Ξ ∫ ∫ Ξ Ω Ω ∂ ∂ ∫ ∇
train_11876,Ξ Φ Ξ Ξ Ω Φ Ξ Ω ∂ Ω ∇ ∇
train_11877,Ω ∫ Φ Ω Ξ ∫ ∂ ∇ ∫ Φ
train_11878,∇ Ω Ω ∂ Ξ ∫
train_11879,∇ ∇ ∂ ∇ Φ ∫
train_11880,Ξ Φ Φ Φ ∇ ∫ ∫ Ξ Ω Ω ∇
train_11881,∂ Φ Φ Ω Ξ ∫ Φ ∇ ∇ Ω
train_11882,Ω Φ Ω Ω Ξ ∫ ∂ Φ
train_11883,Φ ∂ Ξ ∇ Ξ ∇ Φ Ξ ∫ ∫ ∫ ∫ Φ
train_11884,∇ ∇ ∇ ∫ ∂ ∂ ∫ ∂ Ω ∂
train_11885,Ω Ω Ω ∫ ∂ Φ Φ ∇ ∇
train_11886,Ω Ω ∫ ∫ ∇ Φ ∫
train_11887,Ω ∂ Φ ∇ Ξ Φ Ξ ∫ Ω
train_11888,Φ Ω ∫ ∇ ∇
train_11889,Ω ∫ ∫ Ω Φ ∇ Ξ Ξ ∫ ∂ Ξ
train_11890,∇ Ω ∫ Ω Φ ∂ ∫ ∫ ∫ ∫ Ω
train_11891,Φ ∂ ∫ Φ ∇ Ω Ω Φ Φ ∇ ∇ Φ ∇
train_11892,∫ ∂ Φ ∂ Ω Φ ∂ ∇ ∇ Ξ ∂ Ξ ∇ Ξ
train_11893,Ω ∂ Φ ∇ Φ ∂
train_11894,Φ ∇ ∫ ∂ Ω ∂ Ω ∇ Ω ∫
train_11895,∇ ∇ ∫ ∂ ∫
train_11896,Ω Φ ∇ Φ ∂ Ω Ω ∂ ∂ Ξ Φ ∇ Ξ Ω
train_11897,Ω Φ Ξ Ω Φ ∇ ∇ ∂ ∂ Φ ∫ ∇
train_11898,∂ ∇ Ω ∂ Φ Ξ ∂ Φ ∇ Ξ ∫ ∫
train_11899,Ω ∂ Φ ∫ ∇ Ω Φ
train_11900,Ω ∫ ∇ Φ ∫ ∂
train_11901,Φ ∂ ∇ ∇ ∫ Φ ∇ Φ
train_11902,∇ Φ Ω Ξ ∇ Ω Φ ∂ Φ
train_11903,Ω ∇ Φ ∂ ∫ Ω Ω ∫ ∫
train_11904,Ω Φ ∇ ∇ Φ ∫ Ω Ω Ω ∫ ∂ Φ ∇
train_11905,∇ ∫ Ω Φ Ω Φ ∇ ∇
train_11906,Ω ∇ Φ Ξ ∂ Φ ∫ ∂
train_11907,Ω Ξ Ω ∇ Φ ∇ ∫ ∇ ∫ Ω ∫ Φ ∂
train_11908,Ξ Ξ Ω Φ Φ ∇ ∫ ∫ ∂
train_11909,∇ ∂ Φ Ξ ∂
train_11910,∫ Φ ∂ ∫ ∂ ∇ Φ ∂ ∂ ∫ ∫
train_11911,∇ ∂ ∂ Ξ ∫ Φ ∂ ∂
train_11912,Ω Φ ∫ Φ Φ Ξ ∫ ∇
train_11913,Ω Ω ∇ ∂ Ω Ξ ∇ ∇
train_11914,Φ ∫ ∇ ∇ Ξ Φ
train_11915,∂ Ξ ∇ Ξ ∫ ∂ ∇ Ω ∇ Ξ ∫ ∂ ∂ Ω
train_11916,∫ ∂ ∇ ∇ ∂ ∇ Ξ
train_11917,∂ ∇ Φ Φ Φ ∇ ∂ Ξ
train_11918,∇ ∇ Ξ ∫ Φ Φ ∫ ∇ Ξ ∂
train_11919,Φ ∂ Φ Ω ∫ ∇ ∂ ∇ ∫ Φ ∇ ∫ ∫ ∂
train_11920,∂ Φ ∇ Ξ ∇ ∫ Ξ ∂ Φ ∂ ∫ Ξ ∫
train_11921,Ξ ∂ ∂ Ω Ω ∇ ∇ Ω ∇
train_11922,Ω Φ ∂ Ω ∫ Ξ
train_11923,∇ Ω ∫ ∇ Φ Ω Ω Ξ ∫ Ξ ∫ ∇ Φ ∫
train_11924,∂ Ω ∇ ∂ ∫ ∫ Ω Ξ ∇ Φ
train_11925,∇ Ω ∂ ∂ Ξ Ω Ξ Ξ ∇ Ξ ∇ Ω
train_11926,∂ ∂ Ω Ω Ξ ∇ ∫ ∫ ∂ ∫ Ω Φ ∇ Ξ
train_11927,Ξ ∂ Φ Ξ ∂ ∂ Ω ∇ ∇
train_11928,∂ ∫ Ω Ω Ω ∫ ∇ Ω ∇ ∇
train_11929,∂ ∇ ∫ ∇ Φ
train_11930,Φ Ω Ω ∇ Ξ Ω ∇ Φ Ω Φ
train_11931,Φ ∂ Ω ∇ ∇
train_11932,∫ ∂ Ω ∂ Φ Ξ ∂ ∫ Φ Ξ
train_11933,∂ Ξ Φ Ω Ω ∫ ∇ Ξ ∇ Ω Φ Φ ∫ ∫
train_11934,∫ Φ ∫ Φ Ξ ∇ ∇ Ω
train_11935,Ξ ∇ ∂ Ω Φ ∂
train_11936,Ξ Ω Φ ∂ Ξ Ω Φ ∫
train_11937,Ω ∫ Φ ∫ Ξ ∇ ∇ ∇ Ξ ∂ ∇ Ω
train_11938,Ω ∫ Ξ Ω ∂ ∇ Ξ Ξ ∂
train_11939,∫ Ω Ω Ω Ω ∫ Φ Ξ Φ Φ Φ Ξ
train_11940,Φ Ξ ∇ ∫ Φ ∇ ∇ Ξ
train_11941,∫ Φ ∂ Ω ∫ Φ
train_11942,Ξ Ξ ∫ Φ Φ Φ ∫
train_11943,∇ ∇ ∂ ∫ Φ Φ ∇
train_11944,∂ ∇ ∫ Ξ ∇ Ξ ∂
train_11945,∇ ∂ Φ ∂ Φ Φ ∇ Ξ Φ Ξ
train_11946,∇ ∂ Φ Ω ∇ Ω
train_11947,∂ ∫ ∂ ∇ ∇ ∂ ∇ Ξ
train_11948,Ξ ∇ Ω ∂ ∇ Ξ ∇ ∇
train_11949,Ξ Φ Ξ ∫ ∂
train_11950,Ξ Ω ∇ ∇ Ω ∫
train_11951,Ω Ξ Φ Ω ∂ Ω ∇ Ξ ∇
train_11952,∇ ∂ Φ Ξ ∂ Φ Ξ ∇ Ξ Ω Ξ
train_11953,∂ Ω ∇ Ξ ∫ Ω Φ
train_11954,∂ ∂ ∫ Ξ Ω ∂ ∫
train_11955,Φ Φ ∫ Ξ ∇ ∇
train_11956,∇ ∂ ∇ ∫ Ξ Ξ Ω ∫
train_11957,∇ ∇ Φ Ξ Φ
train_11958,∂ Ξ Ξ Ξ ∫ ∂
train_11959,∫ Ξ ∂ Ω Φ Φ ∇ Ω ∇ Ξ ∫ ∇
train_11960,Ξ Ξ Φ Ω Ξ ∂ Φ ∫
train_11961,∇ Ξ ∂ ∇ ∫ ∫ ∂
train_11962,∇ Φ ∇ ∂ ∇
train_11963,∇ ∇ Φ ∂ ∂ ∫ ∂ ∂
train_11964,Φ ∇ Ξ Ξ Ω Ξ Ξ Ω Ξ ∂ Ω
train_11965,∇ ∫ ∫ ∇ Φ ∫ ∇ Ω ∇ Ξ
train_11966,∇ Φ ∇ ∫ ∫ ∇ Ω ∇ ∫ ∫ ∂ Ξ ∫ ∇
train_11967,Φ ∇ ∂ ∫ Ω Ω ∇ ∫
train_11968,Ω Ω Φ ∂ Ω
train_11969,∂ ∂ Ω ∫ ∫ ∫ Ξ ∇ ∇ ∂
train_11970,∂ ∂ ∇ Ω Ω ∂ Ξ ∇ ∇ Φ ∇ ∫ Ω
train_11971,Φ ∇ Φ ∂ ∫ ∫ Ω Ω ∫
train_11972,Ξ Ξ Ω ∂ ∫ ∇ ∇ Ξ Ξ ∫ Ξ ∂
train_11973,Φ Ω Φ ∂ ∂ Ω ∂ ∇ ∂ ∇
train_11974,Ξ Ω ∇ ∇ ∫ ∂ ∇ Φ ∫ Ξ Ω Φ
train_11975,∫ ∂ Φ ∇ ∇ ∂ ∇ Φ ∂ ∂ Φ ∇ Ω
train_11976,Ξ Ξ ∇ ∂ Ξ Φ ∫
train_11977,∫ ∇ ∫ Φ ∂ ∇ ∇ ∫ ∇ ∂ ∂ ∂
train_11978,∂ ∫ Φ Φ ∫ ∇ ∂ ∂
train_11979,∇ ∫ Φ ∇ Φ Ξ Ω Φ Φ Ξ ∫ ∇
train_11980,Ω ∫ ∂ Ω Ξ Ξ Φ Ω Ω Φ ∫ Ξ ∇ ∇
train_11981,∂ Ξ Ξ ∂ Ω ∫ ∇ Ξ ∂ Ω
train_11982,∂ Ω ∂ ∇ ∇ Ω
train_11983,Ξ Ω ∫ ∫ Ξ Ω
train_11984,∇ ∂ Ω Φ ∂ ∂ Ξ ∫ Φ Ξ ∇ Ξ ∂
train_11985,Ω ∂ ∂ Ω Φ Ω Ξ ∫ ∇ ∂
train_11986,Φ Ω Φ Ξ ∇ Φ ∂ Ω
train_11987,∇ ∇ ∇ ∂ Ω Ξ Ω Φ Ω Ξ ∇ Φ Φ
train_11988,∂ ∂ Φ Φ ∇
train_11989,∫ Φ ∫ ∫ Ω Φ ∇ ∇
train_11990,∫ Ω Φ ∫ Φ Ω Ξ ∇ ∂
train_11991,Φ Ξ ∂ ∫ ∇
train_11992,∫ ∫ Φ Ξ ∫
train_11993,∇ Ξ Ξ ∫ ∇ Φ ∇ ∫ Φ
train_11994,∂ ∇ Ω ∫ Ω Ω ∫ Ξ
train_11995,Ξ ∫ ∂ ∂ Ω Ω ∂ Ω ∇ Ω
train_11996,∫ Φ Φ ∂ ∂ ∫ Ξ Φ Ξ Ω ∂
train_11997,∇ ∂ ∫ ∇ ∫
train_11998,Ξ ∫ Ξ Ω Φ ∂ ∫ ∫ ∇
train_11999,∇ Ξ ∂ ∇ Ξ Ξ
